offset_seconds,timestamp_utc,author,message,comic,sentiment
0.0,2026-09-29T05:10:51+00:00,@CarlCramer88,Here we go again. ,between_sets,0.0
174.9,2026-09-29T05:13:45.854000+00:00,@moneymagic6119,let's gooooo,between_sets,0.0
293.1,2026-09-29T05:15:44.073000+00:00,@McMisfit,said hi,between_sets,0.0
316.5,2026-09-29T05:16:07.479000+00:00,@moneymagic6119,let's get this party started,between_sets,0.0
327.6,2026-09-29T05:16:18.633000+00:00,@TheFonz545,omg it's willy smellson,between_sets,0.0
356.1,2026-09-29T05:16:47.145000+00:00,@leapea4,said hi,between_sets,0.0
381.8,2026-09-29T05:17:12.795000+00:00,@McMisfit,,between_sets,0.0
410.6,2026-09-29T05:17:41.594000+00:00,@MiniMe-x7q,I EAT A VEGAN DIET I EAT VEGANS ,between_sets,0.0
436.5,2026-09-29T05:18:07.477000+00:00,@TheFonz545,Jimbo sucks,between_sets,0.0
439.9,2026-09-29T05:18:10.949000+00:00,@CarlCramer88,I can’t wait to laugh my ass off like I do every Monday night…,between_sets,0.0
455.2,2026-09-29T05:18:26.213000+00:00,@moneymagic6119,Jimbo gone this week ,between_sets,0.0
456.6,2026-09-29T05:18:27.642000+00:00,@McMisfit,toight,between_sets,0.0
461.5,2026-09-29T05:18:32.482000+00:00,@HanzSygnal,haven't emotionally recovered Jimbo and Mr E beef,between_sets,0.0
468.4,2026-09-29T05:18:39.365000+00:00,@joshuabutterwick3156,Carl you must spend alot of time infront of the mirror,between_sets,0.0
474.9,2026-09-29T05:18:45.928000+00:00,@Gloobus.q,We’re back in purgatory ,between_sets,0.0
481.6,2026-09-29T05:18:52.599000+00:00,@johncalle8547,What is the beef?,between_sets,0.0
487.6,2026-09-29T05:18:58.555000+00:00,@CarlCramer88,"Idk what that means, but I’ll say yes ",between_sets,1.0
495.8,2026-09-29T05:19:06.833000+00:00,@moneymagic6119,they were arguing last time at the end lol,between_sets,1.0
514.5,2026-09-29T05:19:25.508000+00:00,@CarlCramer88,Really^ about what lol,between_sets,1.0
535.3,2026-09-29T05:19:46.273000+00:00,@moneymagic6119,I forgot but mystery was pissed and came at jimbo,between_sets,0.0
543.4,2026-09-29T05:19:54.367000+00:00,@rocjames1,hellos ,between_sets,0.0
544.3,2026-09-29T05:19:55.293000+00:00,@CarlCramer88,I missed last Monday night. ,between_sets,0.0
574.3,2026-09-29T05:20:25.275000+00:00,@rocjames1,the chair ,between_sets,0.0
581.5,2026-09-29T05:20:32.463000+00:00,@alisonwayland6057,hello ,between_sets,0.0
582.5,2026-09-29T05:20:33.525000+00:00,@joshuabutterwick3156,Chino smokes cigarettes while reading the Bible,between_sets,0.0
598.0,2026-09-29T05:20:48.955000+00:00,@CarlCramer88,The chair always wins ,between_sets,0.0
619.7,2026-09-29T05:21:10.746000+00:00,@alisonwayland6057,could you get a tad closer please?,between_sets,0.0
641.0,2026-09-29T05:21:32.017000+00:00,@rocjames1,chair champion ,between_sets,0.0
666.7,2026-09-29T05:21:57.699000+00:00,@moneymagic6119,chino stole my grandma shirt,between_sets,0.0
690.5,2026-09-29T05:22:21.499000+00:00,@CarlCramer88,The chair needs emotional support. That’s why I am here. And for the comments ,between_sets,0.0
705.5,2026-09-29T05:22:36.477000+00:00,@joshuabutterwick3156,Chino makes dogs uncomfortable when they see him they back pedal,between_sets,0.0
714.1,2026-09-29T05:22:45.133000+00:00,@CarlCramer88,Was S.D.L in here last Monday?,between_sets,0.0
715.2,2026-09-29T05:22:46.248000+00:00,@moneymagic6119,I already said they need to let the chair close 2.5 minutes would be great,between_sets,0.0
728.3,2026-09-29T05:22:59.260000+00:00,@albannach7943,here we are again waiting to watch Jimbo deetroy his career again.,between_sets,0.0
728.7,2026-09-29T05:22:59.676000+00:00,@CarlCramer88,Lol^,between_sets,1.0
739.9,2026-09-29T05:23:10.902000+00:00,@alisonwayland6057,"Carl, are you Chair's emmotional support human",between_sets,0.0
747.9,2026-09-29T05:23:18.925000+00:00,@rocjames1,got that chair connection,between_sets,0.0
749.4,2026-09-29T05:23:20.388000+00:00,@CarlCramer88,Yes mam,between_sets,1.0
757.8,2026-09-29T05:23:28.769000+00:00,@TommyTheJarvis,I always chant “Jimbo! Jimbo!” IRL when he goes on ,between_sets,0.0
772.2,2026-09-29T05:23:43.238000+00:00,@Neuro.Goyim.711,Dr. Sniffin Griffin ,between_sets,0.0
772.8,2026-09-29T05:23:43.815000+00:00,@alisonwayland6057,"nice, nice ",between_sets,0.0
775.9,2026-09-29T05:23:46.871000+00:00,@albannach7943,"Alison, prmose me you are going up",between_sets,0.0
794.0,2026-09-29T05:24:04.954000+00:00,@CarlCramer88,I’m going up ,between_sets,0.0
808.7,2026-09-29T05:24:19.707000+00:00,@McMisfit,awesome weight loss,between_sets,0.0
808.9,2026-09-29T05:24:19.876000+00:00,@Gloobus.q,Must have lost 65lbs of funny as well,between_sets,1.0
814.3,2026-09-29T05:24:25.338000+00:00,@albannach7943,carl!!!!,between_sets,0.0
820.3,2026-09-29T05:24:31.332000+00:00,@TommyTheJarvis,"Oh, I was assuming he was British and lost money",between_sets,0.0
820.4,2026-09-29T05:24:31.416000+00:00,@user-xr6lt7ed2p,said hi,between_sets,0.0
825.7,2026-09-29T05:24:36.653000+00:00,@moneymagic6119,chinozemoic,between_sets,0.0
829.2,2026-09-29T05:24:40.241000+00:00,@rocjames1,that shirt  was white must mix the other colors,between_sets,0.0
831.0,2026-09-29T05:24:42.017000+00:00,@CarlCramer88,7943!,between_sets,0.0
832.7,2026-09-29T05:24:43.743000+00:00,@user-xr6lt7ed2p,Just smoke crack,between_sets,0.0
839.1,2026-09-29T05:24:50.076000+00:00,@Neuro.Goyim.711,Richard Simmons ,between_sets,0.0
846.3,2026-09-29T05:24:57.333000+00:00,@albannach7943,wait Chino is polynesian!!!,between_sets,0.0
846.9,2026-09-29T05:24:57.893000+00:00,@Gloobus.q,Topical p90x,between_sets,0.0
854.2,2026-09-29T05:25:05.156000+00:00,@D.M.ggww21,Would have worked if the joke ended with Hair Loss,between_sets,0.0
855.8,2026-09-29T05:25:06.767000+00:00,@moneymagic6119,chino is Chinese,between_sets,0.0
858.1,2026-09-29T05:25:09.062000+00:00,@McMisfit,chase chickens,between_sets,0.0
858.4,2026-09-29T05:25:09.434000+00:00,@alisonwayland6057,he stopped giving people piggies back rides. that's how he lost the weight,between_sets,0.0
870.3,2026-09-29T05:25:21.340000+00:00,@albannach7943,man its called Utah Football bro.,between_sets,0.0
876.1,2026-09-29T05:25:27.146000+00:00,@CarlCramer88,Take adderal and do cocaine for 3 months. You’ll weight will be right where you want it to be,between_sets,0.0
892.2,2026-09-29T05:25:43.226000+00:00,@rocjames1,Love Hawaiian barbecue chicken.,between_sets,1.0
898.4,2026-09-29T05:25:49.403000+00:00,@albannach7943,all the polynesians are ripped out in Utah,between_sets,0.0
919.2,2026-09-29T05:26:10.180000+00:00,@CarlCramer88,"Well, Hawaii doesn’t have comedians so I guess we gotta find something we like over there on the island",between_sets,0.0
930.9,2026-09-29T05:26:21.886000+00:00,@albannach7943,get your bitt to Kahuku..they will get you in shape.,between_sets,0.0
947.2,2026-09-29T05:26:38.218000+00:00,@albannach7943,Kahuku Red Raiders!!,between_sets,0.0
952.8,2026-09-29T05:26:43.795000+00:00,@Neuro.Goyim.711,Cardio Chase Chicken ,between_sets,0.0
959.6,2026-09-29T05:26:50.595000+00:00,@D.M.ggww21,Like a lose wait go Catholic Church . Up down Knee back up . . We give you cracker if you make it,between_sets,0.0
972.7,2026-09-29T05:27:03.699000+00:00,@albannach7943,he needs to speak in pidgin more.,"Mr (auto-detected, please verify)",0.0
974.4,2026-09-29T05:27:05.387000+00:00,@D.M.ggww21,,"Mr (auto-detected, please verify)",0.0
983.1,2026-09-29T05:27:14.132000+00:00,@EricNelson1236,is that the rakishi theme?,"Mr (auto-detected, please verify)",0.0
987.9,2026-09-29T05:27:18.890000+00:00,@HanzSygnal,last bit was solid,"Mr (auto-detected, please verify)",0.0
993.6,2026-09-29T05:27:24.611000+00:00,@rocjames1,day 40 roll over play dead,"Mr (auto-detected, please verify)",0.0
1000.8,2026-09-29T05:27:31.805000+00:00,@albannach7943,oh f,"Mr (auto-detected, please verify)",0.0
1003.2,2026-09-29T05:27:34.175000+00:00,@joshuabutterwick3156,when Chino gets hungry Enough he starts talking in his own language,"Mr (auto-detected, please verify)",0.0
1013.9,2026-09-29T05:27:44.900000+00:00,@CarlCramer88,Is that what he said?,"Mr (auto-detected, please verify)",0.0
1034.2,2026-09-29T05:28:05.235000+00:00,@McMisfit,"hey mystery, can i buy some weed","Mr (auto-detected, please verify)",0.0
1044.0,2026-09-29T05:28:14.974000+00:00,@Conrad2311,We hate your mental illness ,"Mr (auto-detected, please verify)",0.0
1044.2,2026-09-29T05:28:15.179000+00:00,@albannach7943,homeless model?,"Mr (auto-detected, please verify)",0.0
1055.3,2026-09-29T05:28:26.281000+00:00,@D.M.ggww21,Sorry . Learning my Cali . Accent. ,"Mr (auto-detected, please verify)",0.0
1058.5,2026-09-29T05:28:29.549000+00:00,@TommyTheJarvis,We didn’t even mention what he was wearing…,"Mr (auto-detected, please verify)",0.0
1061.4,2026-09-29T05:28:32.383000+00:00,@johncalle8547,Why it says corky,"Mr (auto-detected, please verify)",0.0
1064.2,2026-09-29T05:28:35.241000+00:00,@HanzSygnal,Mr E hate tour strikes again,"Mr (auto-detected, please verify)",0.0
1065.9,2026-09-29T05:28:36.884000+00:00,@albannach7943,he isbwearing dirty macdonalds worker today,"Mr (auto-detected, please verify)",0.0
1079.3,2026-09-29T05:28:50.260000+00:00,@rocjames1,that shirt matches my shower curtain,"Mr (auto-detected, please verify)",0.0
1080.5,2026-09-29T05:28:51.475000+00:00,@NoSpeedLimit_00,what happen to his ear?,"Mr (auto-detected, please verify)",0.0
1080.6,2026-09-29T05:28:51.579000+00:00,@albannach7943,put corky on!,"Mr (auto-detected, please verify)",0.0
1084.7,2026-09-29T05:28:55.665000+00:00,@Gloobus.q,Who will Mr e scream at tonight ,"Mr (auto-detected, please verify)",0.0
1093.0,2026-09-29T05:29:04.013000+00:00,@albannach7943,nope.,"Mr (auto-detected, please verify)",0.0
1098.1,2026-09-29T05:29:09.090000+00:00,@D.M.ggww21,Haven’t get kicked out yet but I’m working on it,"Mr (auto-detected, please verify)",0.0
1102.7,2026-09-29T05:29:13.667000+00:00,@CarlCramer88,"I don’t know what happened to his ear, but I know what I’m bout to do to my ears here in a minute","Mr (auto-detected, please verify)",0.0
1113.8,2026-09-29T05:29:24.771000+00:00,@Neuro.Goyim.711,Dude whets my vape…,"Mr (auto-detected, please verify)",0.0
1115.0,2026-09-29T05:29:25.991000+00:00,@MichaelBrogans-q3e,drink the sauce already,"Mr (auto-detected, please verify)",0.0
1129.3,2026-09-29T05:29:40.313000+00:00,@Conrad2311,He has whatever dumpster Danny has ,"Mr (auto-detected, please verify)",0.0
1133.8,2026-09-29T05:29:44.782000+00:00,@albannach7943,the buikd up is in insane...the punchline will be great!!,"Mr (auto-detected, please verify)",0.0
1135.8,2026-09-29T05:29:46.826000+00:00,@TommyTheJarvis,More like Mr. Angr-E amirite ,"Mr (auto-detected, please verify)",0.0
1140.5,2026-09-29T05:29:51.509000+00:00,@z28diablo,SOB ate Corky,"Mr (auto-detected, please verify)",0.0
1147.5,2026-09-29T05:29:58.493000+00:00,@rocjames1,The guy is ruining the reputation of the chair.,"Mr (auto-detected, please verify)",0.0
1149.8,2026-09-29T05:30:00.775000+00:00,@albannach7943,temu seth rogan,"Mr (auto-detected, please verify)",0.0
1168.7,2026-09-29T05:30:19.748000+00:00,@albannach7943,is he wearing 2 shirts,"Mr (auto-detected, please verify)",0.0
1175.8,2026-09-29T05:30:26.809000+00:00,@Conrad2311,K start the comedy ,"Mr (auto-detected, please verify)",0.0
1180.1,2026-09-29T05:30:31.072000+00:00,@D.M.ggww21, dude bought everything at a store in Lahaina. This what locals look like,"Mr (auto-detected, please verify)",0.0
1185.1,2026-09-29T05:30:36.102000+00:00,@Gloobus.q,Just another homeless man in the street. Not a crossing guard,"Mr (auto-detected, please verify)",0.0
1189.9,2026-09-29T05:30:40.864000+00:00,@HanzSygnal,Dumpster Danny is the highlight of my week,"Mr (auto-detected, please verify)",0.0
1191.7,2026-09-29T05:30:42.651000+00:00,@moneymagic6119,smells like piss n vinegar,"Mr (auto-detected, please verify)",0.0
1193.5,2026-09-29T05:30:44.490000+00:00,@albannach7943,where is corky???,"Mr (auto-detected, please verify)",0.0
1195.0,2026-09-29T05:30:45.987000+00:00,@z28diablo,Is it true Mister E attacked Jimbo after the show last week and he's hospitalized?,"Mr (auto-detected, please verify)",0.0
1200.4,2026-09-29T05:30:51.423000+00:00,@albannach7943,sit down!!!,"Mr (auto-detected, please verify)",0.0
1208.2,2026-09-29T05:30:59.208000+00:00,@NoSpeedLimit_00,aight next,"Mr (auto-detected, please verify)",0.0
1208.4,2026-09-29T05:30:59.431000+00:00,@Conrad2311,Just piss ,"Mr (auto-detected, please verify)",0.0
1214.4,2026-09-29T05:31:05.385000+00:00,@user-xr6lt7ed2p,this guy smokes weed,"Mr (auto-detected, please verify)",0.0
1224.2,2026-09-29T05:31:15.179000+00:00,@moneymagic6119,he smokes vinegar,"Mr (auto-detected, please verify)",0.0
1237.2,2026-09-29T05:31:28.180000+00:00,@b-da-b,Boo this man. Boooooooooo,"Mr (auto-detected, please verify)",-1.0
1245.8,2026-09-29T05:31:36.813000+00:00,@CarlCramer88,He smokes Mr. Nice guy,"Mr (auto-detected, please verify)",0.0
1245.8,2026-09-29T05:31:36.842000+00:00,@albannach7943,he smokes homeless guys,"Mr (auto-detected, please verify)",0.0
1246.9,2026-09-29T05:31:37.891000+00:00,@alisonwayland6057,"well, he's not angry this week. that's good","Mr (auto-detected, please verify)",0.0
1248.9,2026-09-29T05:31:39.885000+00:00,@johncalle8547,You telling me this guy TRIED smoking weed,"Mr (auto-detected, please verify)",0.0
1253.2,2026-09-29T05:31:44.238000+00:00,@moneymagic6119,nvm definitely shoots it,"Mr (auto-detected, please verify)",0.0
1255.1,2026-09-29T05:31:46.092000+00:00,@MichaelBrogans-q3e,so he just uses his 5 minutes as a free therapy session?,"Mr (auto-detected, please verify)",0.0
1259.1,2026-09-29T05:31:50.097000+00:00,@EricNelson1236,smokes k2,"Mr (auto-detected, please verify)",0.0
1259.6,2026-09-29T05:31:50.611000+00:00,@joshuabutterwick3156,this guy sleeps with his head in the microwave,"Mr (auto-detected, please verify)",0.0
1260.2,2026-09-29T05:31:51.235000+00:00,@rocjames1,looks like the happy birthday helium balloons you can buy at at Dollar Tree.,"Mr (auto-detected, please verify)",0.0
1271.0,2026-09-29T05:32:01.975000+00:00,@user-xr6lt7ed2p,salvia,"Chino (auto-detected, please verify)",0.0
1271.6,2026-09-29T05:32:02.578000+00:00,@D.M.ggww21,Smoking weed. . And thought I want to do standup,"Chino (auto-detected, please verify)",0.0
1274.2,2026-09-29T05:32:05.177000+00:00,@CarlCramer88,He’s gonna leave here tonight thinking he killed it,"Chino (auto-detected, please verify)",1.0
1278.3,2026-09-29T05:32:09.269000+00:00,@Neuro.Goyim.711,Up your Microdose ,"Chino (auto-detected, please verify)",0.0
1287.5,2026-09-29T05:32:18.509000+00:00,@b-da-b,Brutal,"Chino (auto-detected, please verify)",0.0
1295.9,2026-09-29T05:32:26.934000+00:00,@D.M.ggww21, Ouch. . Thanks for no laughs,"Chino (auto-detected, please verify)",0.0
1297.5,2026-09-29T05:32:28.537000+00:00,@Gloobus.q,Mr unfunn-e,"Chino (auto-detected, please verify)",0.0
1298.4,2026-09-29T05:32:29.390000+00:00,@albannach7943,mr e. what was the punchline.,"Chino (auto-detected, please verify)",0.0
1300.2,2026-09-29T05:32:31.174000+00:00,@D.M.ggww21,,"Chino (auto-detected, please verify)",0.0
1302.9,2026-09-29T05:32:33.945000+00:00,@MexiHoney17,What did I miss? ,"Chino (auto-detected, please verify)",0.0
1307.6,2026-09-29T05:32:38.599000+00:00,@CarlCramer88,lol @D.M,"Chino (auto-detected, please verify)",1.0
1316.5,2026-09-29T05:32:47.543000+00:00,@NoSpeedLimit_00,her?,"Chino (auto-detected, please verify)",0.0
1319.5,2026-09-29T05:32:50.472000+00:00,@joshuabutterwick3156,did he just say queerly???lol,"Chino (auto-detected, please verify)",0.0
1326.4,2026-09-29T05:32:57.440000+00:00,@albannach7943,CORKY¡!!!!!!!!¡,"Chino (auto-detected, please verify)",0.0
1331.9,2026-09-29T05:33:02.903000+00:00,@MexiHoney17,Oh I remember her ,"Chino (auto-detected, please verify)",0.0
1341.7,2026-09-29T05:33:12.651000+00:00,@Gloobus.q,Dressed like a screen door,"Chino (auto-detected, please verify)",0.0
1341.7,2026-09-29T05:33:12.696000+00:00,@NoSpeedLimit_00,oh jeez ,"Chino (auto-detected, please verify)",0.0
1343.2,2026-09-29T05:33:14.241000+00:00,@albannach7943,we need corky merch,"Chino (auto-detected, please verify)",0.0
1348.1,2026-09-29T05:33:19.085000+00:00,@TommyTheJarvis,This is who you guys have been asking for  ,"Chino (auto-detected, please verify)",0.0
1353.3,2026-09-29T05:33:24.267000+00:00,@CarlCramer88,"Are the barmaids hot? If so, turn the camera off of her and to them. Please and thanks ","Chino (auto-detected, please verify)",0.0
1354.0,2026-09-29T05:33:24.979000+00:00,@joshuabutterwick3156,if I wore that shirt I'd kick my own ass,"Chino (auto-detected, please verify)",0.0
1354.0,2026-09-29T05:33:25.008000+00:00,@MexiHoney17,People are too sensitive for my type of jokes,"Chino (auto-detected, please verify)",0.0
1356.0,2026-09-29T05:33:26.987000+00:00,@EricNelson1236,needs to hug it out with Jimbo that's why,"Chino (auto-detected, please verify)",0.0
1356.9,2026-09-29T05:33:27.862000+00:00,@McMisfit,"""special"" cup cake?","Chino (auto-detected, please verify)",0.0
1360.9,2026-09-29T05:33:31.904000+00:00,@rocjames1,,"Chino (auto-detected, please verify)",0.0
1362.4,2026-09-29T05:33:33.373000+00:00,@Neuro.Goyim.711,$2 one Cup ,"Chino (auto-detected, please verify)",0.0
1362.8,2026-09-29T05:33:33.790000+00:00,@moneymagic6119,corky's cakes,"Chino (auto-detected, please verify)",0.0
1366.1,2026-09-29T05:33:37.140000+00:00,@albannach7943,lol,"Chino (auto-detected, please verify)",1.0
1367.9,2026-09-29T05:33:38.933000+00:00,@D.M.ggww21,Nope . Not how that starts I would roast the o the three. Then . Start my jokes,"Chino (auto-detected, please verify)",0.0
1377.9,2026-09-29T05:33:48.902000+00:00,@Conrad2311,Haha wow ,"Chino (auto-detected, please verify)",1.0
1381.3,2026-09-29T05:33:52.296000+00:00,@albannach7943,corky has cake,"Chino (auto-detected, please verify)",0.0
1382.2,2026-09-29T05:33:53.167000+00:00,@MexiHoney17,DM,"Chino (auto-detected, please verify)",0.0
1385.1,2026-09-29T05:33:56.075000+00:00,@rocjames1,she looks like a cookie cutter,"Chino (auto-detected, please verify)",0.0
1393.2,2026-09-29T05:34:04.194000+00:00,@user-xr6lt7ed2p,she's trying,"Chino (auto-detected, please verify)",0.0
1395.2,2026-09-29T05:34:06.220000+00:00,@CarlCramer88,I bet there’s so much cottage cheese built up between her…,"Chino (auto-detected, please verify)",0.0
1402.5,2026-09-29T05:34:13.540000+00:00,@b-da-b,Hug it out with Jimbo? wtf happened? I didn’t know he was upset or whatever,"Chino (auto-detected, please verify)",0.0
1412.7,2026-09-29T05:34:23.734000+00:00,@TommyTheJarvis,I said it last time but I love imagining that she’s looking at blank paper ,"Chino (auto-detected, please verify)",1.0
1413.8,2026-09-29T05:34:24.812000+00:00,@Neuro.Goyim.711,Solid Quest joke ,"Chino (auto-detected, please verify)",0.0
1431.6,2026-09-29T05:34:42.551000+00:00,@D.M.ggww21,One Had no hair. One had no hope and one had no jokes,"Chino (auto-detected, please verify)",0.0
1432.9,2026-09-29T05:34:43.900000+00:00,@MexiHoney17,Tommy ,"Chino (auto-detected, please verify)",0.0
1443.8,2026-09-29T05:34:54.781000+00:00,@McMisfit,she on the happy juice,"Chino (auto-detected, please verify)",0.0
1451.6,2026-09-29T05:35:02.617000+00:00,@MexiHoney17,Gotta love those Snapple jokes ,"Chino (auto-detected, please verify)",1.0
1452.8,2026-09-29T05:35:03.837000+00:00,@albannach7943,Scammers spell bad on purpose. its to filter out people who are too smart.,"Chino (auto-detected, please verify)",-1.0
1455.6,2026-09-29T05:35:06.648000+00:00,@MexiHoney17,,"Chino (auto-detected, please verify)",0.0
1456.5,2026-09-29T05:35:07.481000+00:00,@rocjames1,that dress is tripping,"Chino (auto-detected, please verify)",0.0
1480.9,2026-09-29T05:35:31.883000+00:00,@albannach7943,corky is a babe!!,"Chino (auto-detected, please verify)",0.0
1483.5,2026-09-29T05:35:34.517000+00:00,@MexiHoney17,,"Chino (auto-detected, please verify)",0.0
1484.5,2026-09-29T05:35:35.477000+00:00,@Conrad2311,She has a laugh like Gary Busey ,"Chino (auto-detected, please verify)",0.0
1493.7,2026-09-29T05:35:44.670000+00:00,@MexiHoney17,Are racist jokes allowed on stage?,"Chino (auto-detected, please verify)",0.0
1502.1,2026-09-29T05:35:53.096000+00:00,@albannach7943,lol,"Chino (auto-detected, please verify)",1.0
1503.7,2026-09-29T05:35:54.681000+00:00,@MexiHoney17, Conrad haha hella raspy ,"Chino (auto-detected, please verify)",1.0
1507.4,2026-09-29T05:35:58.356000+00:00,@albannach7943,that was funny,"Chino (auto-detected, please verify)",1.0
1519.8,2026-09-29T05:36:10.763000+00:00,@D.M.ggww21, Don’t laugh at your own jokes . Just move on,"Chino (auto-detected, please verify)",0.0
1527.1,2026-09-29T05:36:18.139000+00:00,@TheLittleBirdtardFarm,I just pissed out of my ass hard ,"Chino (auto-detected, please verify)",0.0
1528.5,2026-09-29T05:36:19.454000+00:00,@albannach7943,these are her good jokes,"Chino (auto-detected, please verify)",0.0
1532.0,2026-09-29T05:36:23.016000+00:00,@alisonwayland6057,cute dress,"Chino (auto-detected, please verify)",0.0
1532.4,2026-09-29T05:36:23.396000+00:00,@Conrad2311,Smokes blunts and cigs ,"Chino (auto-detected, please verify)",0.0
1543.9,2026-09-29T05:36:34.861000+00:00,@NoSpeedLimit_00,i think she needs an inhaler,"Chino (auto-detected, please verify)",0.0
1547.0,2026-09-29T05:36:38.032000+00:00,@MexiHoney17,Gotta love that wheeze ,"Chino (auto-detected, please verify)",1.0
1559.8,2026-09-29T05:36:50.844000+00:00,@albannach7943,she has never dated a guy,"Chino (auto-detected, please verify)",0.0
1560.0,2026-09-29T05:36:50.973000+00:00,@joshuabutterwick3156,she reached for the table cloth as well,"Chino (auto-detected, please verify)",0.0
1565.1,2026-09-29T05:36:56.115000+00:00,@CarlCramer88,She def has sleep apnea ,"Chino (auto-detected, please verify)",0.0
1566.7,2026-09-29T05:36:57.669000+00:00,@TommyTheJarvis,She laughs like a ufo engine hum ,"Chino (auto-detected, please verify)",0.0
1576.6,2026-09-29T05:37:07.596000+00:00,@rocjames1,she needs earrings to match her personality.,"Chino (auto-detected, please verify)",0.0
1580.7,2026-09-29T05:37:11.662000+00:00,@moneymagic6119,it's the porky corky laugh,"Chino (auto-detected, please verify)",0.0
1584.6,2026-09-29T05:37:15.591000+00:00,@MexiHoney17,It’s her laugh for me ,"Chino (auto-detected, please verify)",0.0
1590.5,2026-09-29T05:37:21.512000+00:00,@alisonwayland6057,it's pretty windy over there,"Chino (auto-detected, please verify)",0.0
1596.7,2026-09-29T05:37:27.658000+00:00,@user-xr6lt7ed2p,smoke another one,"Chino (auto-detected, please verify)",0.0
1611.0,2026-09-29T05:37:41.978000+00:00,@albannach7943,if you are high..corcky is blowing your mind,"Chino (auto-detected, please verify)",0.0
1619.5,2026-09-29T05:37:50.490000+00:00,@joshuabutterwick3156,I'm waiting for the punch lines,"Chino (auto-detected, please verify)",0.0
1626.3,2026-09-29T05:37:57.269000+00:00,@albannach7943,whybdoes she have two glasses,"Chino (auto-detected, please verify)",0.0
1636.9,2026-09-29T05:38:07.937000+00:00,@user-xr6lt7ed2p,she needs another pair of glasses,"Chino (auto-detected, please verify)",0.0
1643.5,2026-09-29T05:38:14.475000+00:00,@McMisfit,good set corky,"Chino (auto-detected, please verify)",0.0
1643.7,2026-09-29T05:38:14.674000+00:00,@alisonwayland6057,don't sell off Chair. THEY ARE NOT FOR SALE,"Chino (auto-detected, please verify)",0.0
1646.7,2026-09-29T05:38:17.685000+00:00,@CarlCramer88,She printed these jokes of some lame ass internet site I bet ,"Chino (auto-detected, please verify)",-1.0
1652.1,2026-09-29T05:38:23.129000+00:00,@rocjames1,she could be the patient in the game call operation,"Chino (auto-detected, please verify)",0.0
1652.7,2026-09-29T05:38:23.749000+00:00,@MexiHoney17,Did she Ask Jeeves ,"Chino (auto-detected, please verify)",0.0
1653.3,2026-09-29T05:38:24.309000+00:00,@TommyTheJarvis,She uses the top pair to trick hawks into thinking she’s watching ,"Chino (auto-detected, please verify)",0.0
1657.8,2026-09-29T05:38:28.750000+00:00,@Neuro.Goyim.711,,"Chino (auto-detected, please verify)",0.0
1658.0,2026-09-29T05:38:29.003000+00:00,@user-xr6lt7ed2p,those last ones were kinda funny,"Chino (auto-detected, please verify)",1.0
1673.5,2026-09-29T05:38:44.466000+00:00,@Hackofalltrades-mh5fq,,"Chino (auto-detected, please verify)",0.0
1682.8,2026-09-29T05:38:53.810000+00:00,@MexiHoney17,Where is this located at? ,"Chino (auto-detected, please verify)",0.0
1685.2,2026-09-29T05:38:56.199000+00:00,@CarlCramer88,Porky Gardener… nice try ,"Chino (auto-detected, please verify)",0.0
1685.6,2026-09-29T05:38:56.578000+00:00,@McMisfit,happy ending?,"Chino (auto-detected, please verify)",0.0
1690.9,2026-09-29T05:39:01.933000+00:00,@rocjames1,thats a keeper,"Chino (auto-detected, please verify)",0.0
1692.0,2026-09-29T05:39:03.047000+00:00,@user-xr6lt7ed2p,Hawaii,"Chino (auto-detected, please verify)",0.0
1694.9,2026-09-29T05:39:05.904000+00:00,@Conrad2311,Maui I think ,"Chino (auto-detected, please verify)",0.0
1696.1,2026-09-29T05:39:07.114000+00:00,@CarlCramer88,Maui. Hawaii ,"Chino (auto-detected, please verify)",0.0
1699.8,2026-09-29T05:39:10.823000+00:00,@TommyTheJarvis,She at least had jokes which is more than many comedians there can say ,"Miss Emily (auto-detected, please verify)",0.0
1703.6,2026-09-29T05:39:14.625000+00:00,@D.M.ggww21,Shopping now Days . . I have to bring my own Bags. . But if I forget. . You take your stuff out . . Like you stole it,"Miss Emily (auto-detected, please verify)",0.0
1710.3,2026-09-29T05:39:21.303000+00:00,@alisonwayland6057,shot just got real... a glasses change,"Miss Emily (auto-detected, please verify)",0.0
1710.7,2026-09-29T05:39:21.680000+00:00,@albannach7943,yep..corky looks like she can cook,"Miss Emily (auto-detected, please verify)",0.0
1711.7,2026-09-29T05:39:22.651000+00:00,@MexiHoney17,Too far from California ,"Miss Emily (auto-detected, please verify)",0.0
1727.6,2026-09-29T05:39:38.575000+00:00,@CarlCramer88,30k miles to far ,"Miss Emily (auto-detected, please verify)",0.0
1727.9,2026-09-29T05:39:38.916000+00:00,@EricNelson1236,i.o.u,"Miss Emily (auto-detected, please verify)",0.0
1737.6,2026-09-29T05:39:48.628000+00:00,@Gloobus.q,Some call her semi truck,"Miss Emily (auto-detected, please verify)",0.0
1743.1,2026-09-29T05:39:54.086000+00:00,@CarlCramer88,This is Porky sister?,"Miss Emily (auto-detected, please verify)",0.0
1748.2,2026-09-29T05:39:59.196000+00:00,@NoSpeedLimit_00,is he related to the last person?,"Miss Emily (auto-detected, please verify)",0.0
1749.2,2026-09-29T05:40:00.192000+00:00,@user-xr6lt7ed2p,lol,"Miss Emily (auto-detected, please verify)",1.0
1750.4,2026-09-29T05:40:01.423000+00:00,@albannach7943,ph shit she thinks she is not as funny as corky????,"Miss Emily (auto-detected, please verify)",1.0
1752.2,2026-09-29T05:40:03.238000+00:00,@alisonwayland6057,she also does weddings and funerals,"Miss Emily (auto-detected, please verify)",0.0
1752.5,2026-09-29T05:40:03.538000+00:00,@NoSpeedLimit_00,she,"Miss Emily (auto-detected, please verify)",0.0
1757.2,2026-09-29T05:40:08.155000+00:00,@MexiHoney17,Why do they have paper with them? Are they not naturally funny? ,"Miss Emily (auto-detected, please verify)",1.0
1757.9,2026-09-29T05:40:08.947000+00:00,@rocjames1,Maybe that mystery meet,"Miss Emily (auto-detected, please verify)",0.0
1761.1,2026-09-29T05:40:12.098000+00:00,@HanzSygnal,Fried Green Potatoes,"Miss Emily (auto-detected, please verify)",0.0
1772.6,2026-09-29T05:40:23.631000+00:00,@moneymagic6119,roast beef,"Miss Emily (auto-detected, please verify)",0.0
1774.7,2026-09-29T05:40:25.653000+00:00,@MexiHoney17,LMAO  ^^^,"Miss Emily (auto-detected, please verify)",1.0
1776.7,2026-09-29T05:40:27.720000+00:00,@joshuabutterwick3156,I'd need sooooo much meth and alcohol go be seen with Corky,"Miss Emily (auto-detected, please verify)",0.0
1778.5,2026-09-29T05:40:29.456000+00:00,@albannach7943,L,"Miss Emily (auto-detected, please verify)",0.0
1780.5,2026-09-29T05:40:31.507000+00:00,@CarlCramer88,She looks like she smells like dirt dish water ,"Miss Emily (auto-detected, please verify)",0.0
1781.1,2026-09-29T05:40:32.132000+00:00,@rocjames1,How does you change half? It's so fast,"Miss Emily (auto-detected, please verify)",0.0
1782.6,2026-09-29T05:40:33.583000+00:00,@McMisfit,semi funny,"Miss Emily (auto-detected, please verify)",1.0
1787.6,2026-09-29T05:40:38.613000+00:00,@Neuro.Goyim.711,Hey Aileen—Luigi the Cornell 7,"Miss Emily (auto-detected, please verify)",0.0
1788.6,2026-09-29T05:40:39.647000+00:00,@Conrad2311,Is this a meeting?,"Miss Emily (auto-detected, please verify)",0.0
1791.1,2026-09-29T05:40:42.136000+00:00,@albannach7943,loving herself???,"Miss Emily (auto-detected, please verify)",0.0
1795.8,2026-09-29T05:40:46.813000+00:00,@MichaelBrogans-q3e,the dress doubles as a tablecloth,"Miss Emily (auto-detected, please verify)",0.0
1805.0,2026-09-29T05:40:56.011000+00:00,@NoSpeedLimit_00,the croutons are gone but not the salad,"Miss Emily (auto-detected, please verify)",0.0
1808.7,2026-09-29T05:40:59.709000+00:00,@alisonwayland6057,ok here we go with trauma dumping,"Miss Emily (auto-detected, please verify)",0.0
1817.4,2026-09-29T05:41:08.352000+00:00,@MexiHoney17,She means cats ,"Miss Emily (auto-detected, please verify)",0.0
1818.6,2026-09-29T05:41:09.551000+00:00,@rocjames1,have bed sheets that match her outfit,"Miss Emily (auto-detected, please verify)",0.0
1821.5,2026-09-29T05:41:12.541000+00:00,@joshuabutterwick3156,Corky has a wicker basket under that table cloth,"Miss Emily (auto-detected, please verify)",0.0
1821.8,2026-09-29T05:41:12.752000+00:00,@z28diablo,Where is Jimbo and where tf is the chair??,"Miss Emily (auto-detected, please verify)",0.0
1849.9,2026-09-29T05:41:40.875000+00:00,@McMisfit,we do suck,"Miss Emily (auto-detected, please verify)",0.0
1853.5,2026-09-29T05:41:44.525000+00:00,@rocjames1,Can somebody please pass the catch up?,"Miss Emily (auto-detected, please verify)",0.0
1853.8,2026-09-29T05:41:44.797000+00:00,@CarlCramer88,I bet her hair smells like a pack of cigs,"Miss Emily (auto-detected, please verify)",0.0
1854.1,2026-09-29T05:41:45.148000+00:00,@Conrad2311,BOOOOOOOOOOOOOOO,"Miss Emily (auto-detected, please verify)",0.0
1857.6,2026-09-29T05:41:48.633000+00:00,@albannach7943,smelina has a punch line,"Miss Emily (auto-detected, please verify)",0.0
1862.9,2026-09-29T05:41:53.897000+00:00,@moneymagic6119,Jimbo gone ,"Miss Emily (auto-detected, please verify)",0.0
1866.0,2026-09-29T05:41:56.952000+00:00,@MexiHoney17,Will she survive Kill Tony? ,"Miss Emily (auto-detected, please verify)",0.0
1866.7,2026-09-29T05:41:57.732000+00:00,@NoSpeedLimit_00,why her outfit look like a hospital gound?,"Miss Emily (auto-detected, please verify)",0.0
1869.9,2026-09-29T05:42:00.889000+00:00,@albannach7943,drop the punch line!,"Miss Emily (auto-detected, please verify)",0.0
1873.8,2026-09-29T05:42:04.818000+00:00,@CarlCramer88,When jimbo coming back?,"Miss Emily (auto-detected, please verify)",0.0
1878.2,2026-09-29T05:42:09.174000+00:00,@TommyTheJarvis,That got dark ,"Miss Emily (auto-detected, please verify)",0.0
1881.5,2026-09-29T05:42:12.473000+00:00,@CarlCramer88,Tell him to get over the BS,"Miss Emily (auto-detected, please verify)",0.0
1882.0,2026-09-29T05:42:12.963000+00:00,@albannach7943,wHOOOOAAAA!!!! WTF????,"Miss Emily (auto-detected, please verify)",0.0
1887.7,2026-09-29T05:42:18.746000+00:00,@lunahe1,Crap !,"Miss Emily (auto-detected, please verify)",0.0
1889.3,2026-09-29T05:42:20.349000+00:00,@McMisfit,okay,"Miss Emily (auto-detected, please verify)",0.0
1892.1,2026-09-29T05:42:23.119000+00:00,@D.M.ggww21,Walmart needs to change the . Walkout I bring my own highlighter,"Miss Emily (auto-detected, please verify)",0.0
1894.8,2026-09-29T05:42:25.776000+00:00,@johncalle8547,wtf,"Miss Emily (auto-detected, please verify)",0.0
1897.9,2026-09-29T05:42:28.906000+00:00,@albannach7943,ban her her! Epstein,"Miss Emily (auto-detected, please verify)",0.0
1898.0,2026-09-29T05:42:28.993000+00:00,@HanzSygnal,Semele sounds like a pharmaceutical,"Miss Emily (auto-detected, please verify)",0.0
1900.7,2026-09-29T05:42:31.668000+00:00,@rocjames1,Chris Foley's sister.,"Miss Emily (auto-detected, please verify)",0.0
1901.4,2026-09-29T05:42:32.437000+00:00,@alisonwayland6057,"Now that we have a break in this portion of the show, don't forget to like and subscibe!!!","Miss Emily (auto-detected, please verify)",0.0
1908.1,2026-09-29T05:42:39.075000+00:00,@albannach7943,stop Epstein enabler,"Miss Emily (auto-detected, please verify)",0.0
1910.7,2026-09-29T05:42:41.666000+00:00,@user-xr6lt7ed2p,lol,"Miss Emily (auto-detected, please verify)",1.0
1919.0,2026-09-29T05:42:50.024000+00:00,@Gloobus.q,Chris farleys sister,"Miss Emily (auto-detected, please verify)",0.0
1926.6,2026-09-29T05:42:57.626000+00:00,@CarlCramer88,She doesn’t get laid. This is the problem ,"Miss Emily (auto-detected, please verify)",0.0
1928.6,2026-09-29T05:42:59.606000+00:00,@moneymagic6119,def got nuts,"Miss Emily (auto-detected, please verify)",0.0
1935.0,2026-09-29T05:43:05.959000+00:00,@MexiHoney17,Not the vulgar jokes,"Miss Emily (auto-detected, please verify)",0.0
1937.8,2026-09-29T05:43:08.783000+00:00,@albannach7943,wait she has nits? not surprised.,"Miss Emily (auto-detected, please verify)",0.0
1941.6,2026-09-29T05:43:12.603000+00:00,@alisonwayland6057,ALL HAIL CHAIR!!!!,"Miss Emily (auto-detected, please verify)",0.0
1945.5,2026-09-29T05:43:16.482000+00:00,@rocjames1,Down by the river,"Miss Emily (auto-detected, please verify)",0.0
1952.2,2026-09-29T05:43:23.221000+00:00,@albannach7943,eww..Chair!!!!!!,"Miss Emily (auto-detected, please verify)",0.0
1956.7,2026-09-29T05:43:27.663000+00:00,@McMisfit,eewww,"Dove (auto-detected, please verify)",0.0
1956.9,2026-09-29T05:43:27.862000+00:00,@D.M.ggww21,I stole 300 lbs of chicken. The highlighter 2.00,"Dove (auto-detected, please verify)",0.0
1959.4,2026-09-29T05:43:30.408000+00:00,@Hackofalltrades-mh5fq,whaaast??!,"Dove (auto-detected, please verify)",0.0
1960.1,2026-09-29T05:43:31.095000+00:00,@albannach7943,ewwwwwwwwwww!!!!!!,"Dove (auto-detected, please verify)",0.0
1961.3,2026-09-29T05:43:32.274000+00:00,@NoSpeedLimit_00,,"Dove (auto-detected, please verify)",0.0
1964.1,2026-09-29T05:43:35.053000+00:00,@user-xr6lt7ed2p,she's actually ok. have you tried her nuts?,"Dove (auto-detected, please verify)",0.0
1964.7,2026-09-29T05:43:35.721000+00:00,@MexiHoney17,Tasteful jokes incoming ,"Dove (auto-detected, please verify)",0.0
1966.0,2026-09-29T05:43:36.998000+00:00,@EricNelson1236,a sexorsism in bed,"Dove (auto-detected, please verify)",0.0
1971.5,2026-09-29T05:43:42.459000+00:00,@D.M.ggww21,,"Dove (auto-detected, please verify)",0.0
1972.2,2026-09-29T05:43:43.164000+00:00,@Drifta032,Chair has class ,"Dove (auto-detected, please verify)",0.0
1972.7,2026-09-29T05:43:43.743000+00:00,@joshuabutterwick3156,oh fuck it's a church service,"Dove (auto-detected, please verify)",0.0
1976.4,2026-09-29T05:43:47.357000+00:00,@alisonwayland6057,I see Chair sitting patiently in the background,"Dove (auto-detected, please verify)",0.0
1976.4,2026-09-29T05:43:47.359000+00:00,@albannach7943,,"Dove (auto-detected, please verify)",0.0
1981.5,2026-09-29T05:43:52.516000+00:00,@Conrad2311,BOOOOOOOO,"Dove (auto-detected, please verify)",0.0
1989.3,2026-09-29T05:44:00.310000+00:00,@moneymagic6119,chair just winked at me,"Dove (auto-detected, please verify)",0.0
1989.5,2026-09-29T05:44:00.527000+00:00,@MexiHoney17,"Give it up for the 2 cat ladies , everybody ","Dove (auto-detected, please verify)",0.0
1991.4,2026-09-29T05:44:02.369000+00:00,@HanzSygnal,watching the every week might be the worst or best decision I've ever made,"Dove (auto-detected, please verify)",-1.0
1994.5,2026-09-29T05:44:05.450000+00:00,@albannach7943,focus in the chairs and not her balls or wet,"Dove (auto-detected, please verify)",0.0
1995.1,2026-09-29T05:44:06.103000+00:00,@CarlCramer88,The chair is just as embarrassed as we are ,"Dove (auto-detected, please verify)",0.0
2004.8,2026-09-29T05:44:15.765000+00:00,@joshuabutterwick3156,she's in the poopy stage?,"Dove (auto-detected, please verify)",0.0
2011.6,2026-09-29T05:44:22.623000+00:00,@alisonwayland6057,"Chair, don't worry. you'll get your shot","Dove (auto-detected, please verify)",0.0
2014.2,2026-09-29T05:44:25.167000+00:00,@EricNelson1236,ladys nuts man,"Dove (auto-detected, please verify)",0.0
2019.1,2026-09-29T05:44:30.078000+00:00,@TommyTheJarvis,2nd Hand Embarrassment Simulator ,"Dove (auto-detected, please verify)",0.0
2021.7,2026-09-29T05:44:32.694000+00:00,@albannach7943,run chair..run and be free,"Dove (auto-detected, please verify)",0.0
2023.8,2026-09-29T05:44:34.846000+00:00,@MichaelBrogans-q3e,so all the comedians are just selling food?,"Dove (auto-detected, please verify)",0.0
2029.6,2026-09-29T05:44:40.628000+00:00,@albannach7943,lol tommy,"Dove (auto-detected, please verify)",1.0
2030.9,2026-09-29T05:44:41.868000+00:00,@rocjames1,must be the mystery meat,"Dove (auto-detected, please verify)",0.0
2031.1,2026-09-29T05:44:42.084000+00:00,@Conrad2311,It’s crazy senior night ,"Dove (auto-detected, please verify)",0.0
2034.9,2026-09-29T05:44:45.944000+00:00,@user-xr6lt7ed2p,selling boiled peanuts as a comedy bit is actually good marketing,"Dove (auto-detected, please verify)",0.0
2041.4,2026-09-29T05:44:52.424000+00:00,@joshuabutterwick3156,hHa hahamichael,"Dove (auto-detected, please verify)",1.0
2054.9,2026-09-29T05:45:05.927000+00:00,@D.M.ggww21,Walmart . Make me CEO. I only charge 1 billion dollars,"Dove (auto-detected, please verify)",0.0
2060.8,2026-09-29T05:45:11.765000+00:00,@alisonwayland6057,all the comedians are at home,"Dove (auto-detected, please verify)",0.0
2064.0,2026-09-29T05:45:15.043000+00:00,@joshuabutterwick3156,somebody fucked her????,"Dove (auto-detected, please verify)",0.0
2065.2,2026-09-29T05:45:16.196000+00:00,@rocjames1,no tea bags dawn,"Dove (auto-detected, please verify)",0.0
2067.1,2026-09-29T05:45:18.089000+00:00,@MontyShy,Man buuuuuuuns,"Dove (auto-detected, please verify)",0.0
2077.1,2026-09-29T05:45:28.072000+00:00,@leedlelee-l2d,It’s because you guys aren’t funny hope that helps,"Dove (auto-detected, please verify)",1.0
2083.3,2026-09-29T05:45:34.302000+00:00,@MontyShy,Bring out man buuuuuns ,"Dove (auto-detected, please verify)",0.0
2090.4,2026-09-29T05:45:41.352000+00:00,@EricNelson1236,sauce them nuts,"Dove (auto-detected, please verify)",0.0
2092.9,2026-09-29T05:45:43.877000+00:00,@user-xr6lt7ed2p,I'd buy summa deez nuts,"Dove (auto-detected, please verify)",0.0
2096.3,2026-09-29T05:45:47.270000+00:00,@albannach7943,Chino!! put a link to your hot sauce so we can biy them,"Dove (auto-detected, please verify)",0.0
2097.8,2026-09-29T05:45:48.756000+00:00,@alisonwayland6057,I'm allergic,"Dove (auto-detected, please verify)",0.0
2103.0,2026-09-29T05:45:53.986000+00:00,@albannach7943,hes forty????,"Dove (auto-detected, please verify)",0.0
2107.1,2026-09-29T05:45:58.069000+00:00,@albannach7943,damn,"Dove (auto-detected, please verify)",0.0
2116.6,2026-09-29T05:46:07.624000+00:00,@NoSpeedLimit_00,i thought he was 60,"Dove (auto-detected, please verify)",0.0
2118.3,2026-09-29T05:46:09.332000+00:00,@McMisfit,"which day, mines the 5th","Dove (auto-detected, please verify)",0.0
2120.6,2026-09-29T05:46:11.557000+00:00,@rocjames1,Mystery meat tastes better,"Dove (auto-detected, please verify)",0.0
2121.2,2026-09-29T05:46:12.221000+00:00,@CarlCramer88,Rough life chino. Daaaayum,"Dove (auto-detected, please verify)",0.0
2131.3,2026-09-29T05:46:22.316000+00:00,@Hackofalltrades-mh5fq,Jimbo I summon thee,"Dove (auto-detected, please verify)",0.0
2132.0,2026-09-29T05:46:23.030000+00:00,@joshuabutterwick3156,alison elergic to what?,"Dove (auto-detected, please verify)",0.0
2134.8,2026-09-29T05:46:25.778000+00:00,@moneymagic6119,Semele is going to Strip for chino bday ,"Dove (auto-detected, please verify)",0.0
2139.5,2026-09-29T05:46:30.474000+00:00,@alisonwayland6057,nuts,"Dove (auto-detected, please verify)",0.0
2147.2,2026-09-29T05:46:38.178000+00:00,@CarlCramer88,Is jimbo done for good or he coming back ,"Dove (auto-detected, please verify)",0.0
2148.5,2026-09-29T05:46:39.451000+00:00,@user-xr6lt7ed2p,boffa deez,"Dove (auto-detected, please verify)",0.0
2150.5,2026-09-29T05:46:41.466000+00:00,@MexiHoney17,Dad jokes incoming ,"Dove (auto-detected, please verify)",0.0
2152.6,2026-09-29T05:46:43.641000+00:00,@D.M.ggww21,I talk Shit.hahaha,"Dove (auto-detected, please verify)",0.0
2157.3,2026-09-29T05:46:48.340000+00:00,@rocjames1,again,"Dove (auto-detected, please verify)",0.0
2162.2,2026-09-29T05:46:53.185000+00:00,@moneymagic6119,Mr E kicked out Jimbo for good,"Dove (auto-detected, please verify)",0.0
2179.8,2026-09-29T05:47:10.814000+00:00,@McMisfit,him,"Dove (auto-detected, please verify)",0.0
2182.0,2026-09-29T05:47:13.042000+00:00,@user-xr6lt7ed2p,did she run someone else over and get away with it?,"Dove (auto-detected, please verify)",0.0
2183.9,2026-09-29T05:47:14.948000+00:00,@rocjames1,can I borrow your ebike.,"Dove (auto-detected, please verify)",0.0
2186.3,2026-09-29T05:47:17.306000+00:00,@CarlCramer88,Looks like a tour guide for a amazon jungle trip ,"Dove (auto-detected, please verify)",0.0
2187.6,2026-09-29T05:47:18.634000+00:00,@EricNelson1236,with the croc huntahs colors,"Dove (auto-detected, please verify)",0.0
2188.0,2026-09-29T05:47:18.961000+00:00,@alisonwayland6057,40!!!!,"Dove (auto-detected, please verify)",0.0
2193.2,2026-09-29T05:47:24.248000+00:00,@D.M.ggww21,Don’t say um. ,"Dove (auto-detected, please verify)",0.0
2195.1,2026-09-29T05:47:26.147000+00:00,@NoSpeedLimit_00,ha,"Dove (auto-detected, please verify)",0.0
2196.5,2026-09-29T05:47:27.471000+00:00,@moneymagic6119,lol jk I think he'll be back next week,"Dove (auto-detected, please verify)",1.0
2207.2,2026-09-29T05:47:38.212000+00:00,@CarlCramer88,Jimbo for good? No way really?,"Dove (auto-detected, please verify)",0.0
2215.4,2026-09-29T05:47:46.426000+00:00,@CarlCramer88,Ok damn ,"Dove (auto-detected, please verify)",0.0
2219.7,2026-09-29T05:47:50.661000+00:00,@CarlCramer88,Had me worried ,"Dove (auto-detected, please verify)",0.0
2231.7,2026-09-29T05:48:02.694000+00:00,@CarlCramer88,That’s the best joke of the night @Money,"Dove (auto-detected, please verify)",0.0
2233.9,2026-09-29T05:48:04.895000+00:00,@Hackofalltrades-mh5fq,Yeah Mr E took care of him last week,"Dove (auto-detected, please verify)",0.0
2234.3,2026-09-29T05:48:05.278000+00:00,@moneymagic6119,he said he was going on vacation or something,"Dove (auto-detected, please verify)",0.0
2235.3,2026-09-29T05:48:06.312000+00:00,@alisonwayland6057,ok Morgan don't dissapoint,"Dove (auto-detected, please verify)",0.0
2238.5,2026-09-29T05:48:09.502000+00:00,@MontyShy,I love this set ,"Dove (auto-detected, please verify)",1.0
2239.5,2026-09-29T05:48:10.494000+00:00,@leedlelee-l2d,knew this set would be cracked out,"Dove (auto-detected, please verify)",0.0
2247.2,2026-09-29T05:48:18.228000+00:00,@D.M.ggww21,What?,"Dove (auto-detected, please verify)",0.0
2253.2,2026-09-29T05:48:24.233000+00:00,@McMisfit,hehe,"Dove (auto-detected, please verify)",0.0
2255.5,2026-09-29T05:48:26.478000+00:00,@MichaelBrogans-q3e,Holy shit Caitlin Jenner segue leads to this,"Dove (auto-detected, please verify)",0.0
2261.0,2026-09-29T05:48:32.044000+00:00,@MontyShy,It was the coffee,"Dove (auto-detected, please verify)",0.0
2264.1,2026-09-29T05:48:35.053000+00:00,@rocjames1,no ironing board,"Dove (auto-detected, please verify)",0.0
2269.8,2026-09-29T05:48:40.808000+00:00,@TommyTheJarvis,"Yeah we know you had a few cups of “coffee” bud, we can tell ","Dove (auto-detected, please verify)",0.0
2271.1,2026-09-29T05:48:42.075000+00:00,@D.M.ggww21, Talk about who cut your hair,"Dove (auto-detected, please verify)",0.0
2281.3,2026-09-29T05:48:52.342000+00:00,@MexiHoney17,Love the camera angles ,"Dove (auto-detected, please verify)",1.0
2285.8,2026-09-29T05:48:56.840000+00:00,@Neuro.Goyim.711,"You Drag Jenner in secret, don’t you? ","Dove (auto-detected, please verify)",0.0
2293.2,2026-09-29T05:49:04.248000+00:00,@D.M.ggww21, . That’s a story ,"Dove (auto-detected, please verify)",0.0
2302.0,2026-09-29T05:49:12.984000+00:00,@MexiHoney17,Green tea! ,"Dove (auto-detected, please verify)",0.0
2309.2,2026-09-29T05:49:20.196000+00:00,@MexiHoney17,Anal beads,"Dove (auto-detected, please verify)",0.0
2311.1,2026-09-29T05:49:22.055000+00:00,@leedlelee-l2d,"How do these people have notes full of the least funny shit ever, that’s talent ","Dove (auto-detected, please verify)",1.0
2311.3,2026-09-29T05:49:22.284000+00:00,@user-xr6lt7ed2p,carefully,"Dove (auto-detected, please verify)",0.0
2311.4,2026-09-29T05:49:22.366000+00:00,@Conrad2311,Enough about the coffee ,"Dove (auto-detected, please verify)",0.0
2316.3,2026-09-29T05:49:27.339000+00:00,@MontyShy,Riffing off a coffe comment and got his first laugh lol,"Dove (auto-detected, please verify)",1.0
2318.4,2026-09-29T05:49:29.434000+00:00,@TommyTheJarvis,Ok the coffee joke has me on his side now ,"Dove (auto-detected, please verify)",0.0
2331.5,2026-09-29T05:49:42.473000+00:00,@rocjames1,cross between Robert de Niro. and Woody harrison,"Dove (auto-detected, please verify)",0.0
2332.3,2026-09-29T05:49:43.299000+00:00,@Drifta032,Was kinda funny ,"Dove (auto-detected, please verify)",1.0
2334.7,2026-09-29T05:49:45.683000+00:00,@HanzSygnal,looks windy outside,"Dove (auto-detected, please verify)",0.0
2339.6,2026-09-29T05:49:50.572000+00:00,@D.M.ggww21,You should know your jokes. . Don’t look at your phone,"Dove (auto-detected, please verify)",0.0
2348.4,2026-09-29T05:49:59.447000+00:00,@MichaelBrogans-q3e,when he says kinda funny he means not at all funny,"Dove (auto-detected, please verify)",1.0
2358.0,2026-09-29T05:50:08.968000+00:00,@CarlCramer88,Lol^,"Dove (auto-detected, please verify)",1.0
2367.8,2026-09-29T05:50:18.827000+00:00,@leedlelee-l2d,Imagine brainstorming for hours and this is what you come up with ,"Dove (auto-detected, please verify)",0.0
2368.1,2026-09-29T05:50:19.126000+00:00,@KimmyJimmel69,This is ruff,"Dove (auto-detected, please verify)",0.0
2372.2,2026-09-29T05:50:23.185000+00:00,@MexiHoney17,A natural comedian is either awkwardly shy or overly confident ,"Dove (auto-detected, please verify)",0.0
2379.6,2026-09-29T05:50:30.601000+00:00,@EricNelson1236,cross between this,"Dove (auto-detected, please verify)",0.0
2380.5,2026-09-29T05:50:31.464000+00:00,@Neuro.Goyim.711,Did she punch you in the face? ,"Dove (auto-detected, please verify)",0.0
2381.2,2026-09-29T05:50:32.217000+00:00,@TommyTheJarvis,He’s just got candy crush pulled up on his phone up there ,"Dove (auto-detected, please verify)",0.0
2383.7,2026-09-29T05:50:34.747000+00:00,@Conrad2311,They’re open mic comics don’t expect professionalism ,"Dove (auto-detected, please verify)",0.0
2384.4,2026-09-29T05:50:35.439000+00:00,@rocjames1,the new rainman,"Dove (auto-detected, please verify)",0.0
2404.3,2026-09-29T05:50:55.295000+00:00,@CarlCramer88,"Don’t they rehearse this in front of their friends or a family member? If one of my friends rehearse this in front of me, I would tell them they fucking suck.","Dove (auto-detected, please verify)",0.0
2408.9,2026-09-29T05:50:59.876000+00:00,@KimmyJimmel69,Yikes,"Dove (auto-detected, please verify)",-1.0
2413.7,2026-09-29T05:51:04.738000+00:00,@McMisfit,do it,"Dove (auto-detected, please verify)",0.0
2417.1,2026-09-29T05:51:08.141000+00:00,@MontyShy,It’s like a Joe Biden speech ,"Dove (auto-detected, please verify)",0.0
2427.9,2026-09-29T05:51:18.921000+00:00,@rocjames1,it's free,"Dove (auto-detected, please verify)",0.0
2429.5,2026-09-29T05:51:20.456000+00:00,@IAmCrunk,lol court appointed wtf,"Dove (auto-detected, please verify)",1.0
2435.4,2026-09-29T05:51:26.371000+00:00,@EricNelson1236,"it's too nice here doc""","Dove (auto-detected, please verify)",0.0
2435.5,2026-09-29T05:51:26.493000+00:00,@Drifta032,The therapist said go to the comedy show Morgan ,"Dove (auto-detected, please verify)",0.0
2438.4,2026-09-29T05:51:29.425000+00:00,@MexiHoney17,,"Dove (auto-detected, please verify)",0.0
2439.7,2026-09-29T05:51:30.716000+00:00,@Ballsmcgee117,Scott Pilgrim type shii,"Dove (auto-detected, please verify)",0.0
2441.4,2026-09-29T05:51:32.387000+00:00,@allisonnicole55,,"Dove (auto-detected, please verify)",0.0
2448.3,2026-09-29T05:51:39.271000+00:00,@Hackofalltrades-mh5fq,,"Dove (auto-detected, please verify)",0.0
2453.0,2026-09-29T05:51:43.998000+00:00,@Neuro.Goyim.711,She’s repelling you on purpose ,"Dove (auto-detected, please verify)",0.0
2457.4,2026-09-29T05:51:48.407000+00:00,@CarlCramer88, ,"Dove (auto-detected, please verify)",0.0
2467.1,2026-09-29T05:51:58.106000+00:00,@TANE-D-80,Wooo!,"Dove (auto-detected, please verify)",0.0
2471.4,2026-09-29T05:52:02.406000+00:00,@D.M.ggww21,Make shit up. Make jokes . My hairdresser sent me here said you . Good . I fix. You look good . ,"Dove (auto-detected, please verify)",0.0
2471.6,2026-09-29T05:52:02.577000+00:00,@moneymagic6119,damn how many Allison's are in the chat ,"Dove (auto-detected, please verify)",0.0
2481.0,2026-09-29T05:52:12.048000+00:00,@MexiHoney17,,"Dove (auto-detected, please verify)",0.0
2487.1,2026-09-29T05:52:18.095000+00:00,@SumitB2010,pink tshirt did the job already ,"Dove (auto-detected, please verify)",0.0
2492.2,2026-09-29T05:52:23.156000+00:00,@TANE-D-80,Yay,"Dove (auto-detected, please verify)",0.0
2500.1,2026-09-29T05:52:31.101000+00:00,@rocjames1,"call the suicide prevention line, and they put me on, hold. No respect.","Dove (auto-detected, please verify)",0.0
2505.6,2026-09-29T05:52:36.587000+00:00,@CarlCramer88,This guy again. Stay home just one Monday night guy. Jeez ,"Dove (auto-detected, please verify)",0.0
2514.6,2026-09-29T05:52:45.588000+00:00,@McMisfit,sup dude,"Dove (auto-detected, please verify)",0.0
2516.3,2026-09-29T05:52:47.283000+00:00,@EricNelson1236,sing the song Alison hell,"Dove (auto-detected, please verify)",0.0
2529.3,2026-09-29T05:53:00.282000+00:00,@moneymagic6119,it's the same line up every week ,"Dove (auto-detected, please verify)",0.0
2537.9,2026-09-29T05:53:08.852000+00:00,@CarlCramer88,Lol^ right ,"Dove (auto-detected, please verify)",1.0
2540.2,2026-09-29T05:53:11.202000+00:00,@MexiHoney17,Will he survive Kill Tony?!,"Dove (auto-detected, please verify)",0.0
2541.6,2026-09-29T05:53:12.615000+00:00,@D.M.ggww21,Jokes. . So my hair dresser approves of my hair,"Dove (auto-detected, please verify)",0.0
2548.2,2026-09-29T05:53:19.165000+00:00,@CarlCramer88,The real comedians stay away from this place ,"Dove (auto-detected, please verify)",0.0
2549.0,2026-09-29T05:53:19.976000+00:00,@mixups-h7d,change the story,"Dove (auto-detected, please verify)",0.0
2552.5,2026-09-29T05:53:23.521000+00:00,@jpppez,geez man,"Dove (auto-detected, please verify)",0.0
2555.4,2026-09-29T05:53:26.441000+00:00,@leedlelee-l2d,Things that didn’t happen for 100,"Dove (auto-detected, please verify)",0.0
2559.8,2026-09-29T05:53:30.774000+00:00,@MontyShy,He’s great ,"Dove (auto-detected, please verify)",0.0
2562.0,2026-09-29T05:53:32.993000+00:00,@MexiHoney17,Circumcised ,"Dove (auto-detected, please verify)",0.0
2564.5,2026-09-29T05:53:35.467000+00:00,@robertwzell4078,I'm pretty sure the AA meeting next door lets out right before this show starts....,"Dove (auto-detected, please verify)",0.0
2568.1,2026-09-29T05:53:39.069000+00:00,@Ballsmcgee117,cap,"Dove (auto-detected, please verify)",0.0
2569.2,2026-09-29T05:53:40.233000+00:00,@honestly4real,booooo,"Dove (auto-detected, please verify)",0.0
2570.1,2026-09-29T05:53:41.134000+00:00,@moneymagic6119,tons of potential though I only watch this and kill tony,"Dove (auto-detected, please verify)",0.0
2577.0,2026-09-29T05:53:48.012000+00:00,@EricNelson1236,she liked the samples,"Dove (auto-detected, please verify)",0.0
2578.2,2026-09-29T05:53:49.250000+00:00,@MexiHoney17,Robert ,"Dove (auto-detected, please verify)",0.0
2579.4,2026-09-29T05:53:50.436000+00:00,@Crazysteve3000,You suck!,"Dove (auto-detected, please verify)",0.0
2587.5,2026-09-29T05:53:58.500000+00:00,@IAmCrunk,Tough crowd,"Dove (auto-detected, please verify)",0.0
2588.3,2026-09-29T05:53:59.301000+00:00,@CarlCramer88,He’s sexually frustrated ,"Dove (auto-detected, please verify)",0.0
2601.3,2026-09-29T05:54:12.338000+00:00,@SumitB2010,is ahe still holding or she let go,"Dove (auto-detected, please verify)",0.0
2602.8,2026-09-29T05:54:13.793000+00:00,@Hackofalltrades-mh5fq,rock bottom !!!,"Dove (auto-detected, please verify)",0.0
2607.9,2026-09-29T05:54:18.932000+00:00,@moneymagic6119,100 in the chat make sure to like!,"Dove (auto-detected, please verify)",0.0
2611.4,2026-09-29T05:54:22.387000+00:00,@jpppez,living proof conversion therapy doesn’t work,"Dove (auto-detected, please verify)",0.0
2616.7,2026-09-29T05:54:27.738000+00:00,@rocjames1,must be inside joke a hawaiian thing.,"Dove (auto-detected, please verify)",0.0
2617.0,2026-09-29T05:54:28.027000+00:00,@MontyShy,I think it’s all been a lie actually ,"Dove (auto-detected, please verify)",0.0
2619.9,2026-09-29T05:54:30.894000+00:00,@D.M.ggww21,This ain’t gonna be funny. . He already talked . Stupid shit,"Dove (auto-detected, please verify)",1.0
2633.7,2026-09-29T05:54:44.672000+00:00,@EricNelson1236,you can't beat the costco milfs,"Dove (auto-detected, please verify)",0.0
2634.8,2026-09-29T05:54:45.828000+00:00,@Neuro.Goyim.711,I’ve heard this 5 times — old material ,"Dove (auto-detected, please verify)",0.0
2637.0,2026-09-29T05:54:48.041000+00:00,@MexiHoney17,"Maui people aren’t funny, but funny looking ","Dove (auto-detected, please verify)",1.0
2644.5,2026-09-29T05:54:55.511000+00:00,@McMisfit,rock bottom!,"Dove (auto-detected, please verify)",0.0
2646.9,2026-09-29T05:54:57.897000+00:00,@CarlCramer88,Lol^,"Dove (auto-detected, please verify)",1.0
2652.8,2026-09-29T05:55:03.812000+00:00,@leedlelee-l2d,Big fish small pond syndrome ,"Dove (auto-detected, please verify)",0.0
2657.8,2026-09-29T05:55:08.824000+00:00,@CarlCramer88,Rock bottom is a good song ,"Dove (auto-detected, please verify)",0.0
2677.4,2026-09-29T05:55:28.447000+00:00,@rocjames1,more like bottom of a rock,"Dove (auto-detected, please verify)",0.0
2677.7,2026-09-29T05:55:28.698000+00:00,@McMisfit,rock bottom!,"Dove (auto-detected, please verify)",0.0
2686.0,2026-09-29T05:55:36.980000+00:00,@D.M.ggww21,Arooohhhaaa . I got flown here,"Dove (auto-detected, please verify)",0.0
2689.2,2026-09-29T05:55:40.188000+00:00,@CarlCramer88,Out the camera on the barmaids. I bet they are hot,"Dove (auto-detected, please verify)",0.0
2697.2,2026-09-29T05:55:48.245000+00:00,@EricNelson1236,the rocks rock bottom,"Dove (auto-detected, please verify)",0.0
2700.4,2026-09-29T05:55:51.401000+00:00,@TommyTheJarvis,I bet he’s not gonna be the billionaires…rock bottom!!,"Dove (auto-detected, please verify)",0.0
2703.7,2026-09-29T05:55:54.694000+00:00,@MontyShy,Still lies,"Dove (auto-detected, please verify)",0.0
2706.8,2026-09-29T05:55:57.762000+00:00,@leedlelee-l2d,His biggest accomplishment,"Dove (auto-detected, please verify)",0.0
2707.2,2026-09-29T05:55:58.237000+00:00,@jpppez,You look like you run weird,"Dove (auto-detected, please verify)",0.0
2714.5,2026-09-29T05:56:05.461000+00:00,@alisonwayland6057,ren fest must be a treat with him,"Dove (auto-detected, please verify)",0.0
2739.9,2026-09-29T05:56:30.909000+00:00,@Hackofalltrades-mh5fq,Bock Rottom !,"Dove (auto-detected, please verify)",0.0
2741.8,2026-09-29T05:56:32.820000+00:00,@CarlCramer88,When he shits he doesn’t wipe his ass I bet ,"Dove (auto-detected, please verify)",0.0
2748.0,2026-09-29T05:56:38.985000+00:00,@rocjames1,crawl under a bottom of a rock,"Dove (auto-detected, please verify)",0.0
2760.0,2026-09-29T05:56:50.972000+00:00,@STR8Fightah4LIFE,He doesn’t let shit bother him ,"Dove (auto-detected, please verify)",0.0
2768.0,2026-09-29T05:56:58.968000+00:00,@CarlCramer88,Lol^,"Dove (auto-detected, please verify)",1.0
2771.0,2026-09-29T05:57:01.991000+00:00,@D.M.ggww21,Makena . I was Born Maui before Billionaires,"Dove (auto-detected, please verify)",0.0
2774.8,2026-09-29T05:57:05.768000+00:00,@SumitB2010,jokes are also so rock bottom ,"Dove (auto-detected, please verify)",0.0
2778.0,2026-09-29T05:57:08.968000+00:00,@MexiHoney17,I rather masturbate than continue to watch this ,"Dove (auto-detected, please verify)",0.0
2782.3,2026-09-29T05:57:13.287000+00:00,@EricNelson1236,lol that Grand theft auto cash,"Dove (auto-detected, please verify)",1.0
2783.0,2026-09-29T05:57:13.965000+00:00,@HODFOURTWENTY,juze only get pushed by other juze he's just as about as funny as that billionaire jerry seinfeld huh guys,"Dove (auto-detected, please verify)",1.0
2789.3,2026-09-29T05:57:20.281000+00:00,@copycatyt4840,do I have to laugh?,"Dove (auto-detected, please verify)",0.0
2792.6,2026-09-29T05:57:23.561000+00:00,@CarlCramer88,Haha he works at little ceasers ,"Dove (auto-detected, please verify)",1.0
2795.3,2026-09-29T05:57:26.329000+00:00,@HanzSygnal,Abillionaire Airfart,"Dove (auto-detected, please verify)",0.0
2797.4,2026-09-29T05:57:28.370000+00:00,@CarlCramer88,Makes sense ,"Dove (auto-detected, please verify)",0.0
2799.8,2026-09-29T05:57:30.759000+00:00,@HODFOURTWENTY,He's probably cousins with h three h three,"Dove (auto-detected, please verify)",0.0
2802.0,2026-09-29T05:57:32.965000+00:00,@Hackofalltrades-mh5fq,Shame Nelson,"Dove (auto-detected, please verify)",0.0
2806.3,2026-09-29T05:57:37.321000+00:00,@moneymagic6119,it's usually the other guy with long hair after him,"Dove (auto-detected, please verify)",0.0
2809.1,2026-09-29T05:57:40.132000+00:00,@HODFOURTWENTY,Look at him juE,"Dove (auto-detected, please verify)",0.0
2810.4,2026-09-29T05:57:41.433000+00:00,@D.M.ggww21,Boooooo,"Dove (auto-detected, please verify)",0.0
2811.7,2026-09-29T05:57:42.742000+00:00,@leedlelee-l2d,Shame Nelson ,"Dove (auto-detected, please verify)",0.0
2816.7,2026-09-29T05:57:47.736000+00:00,@HODFOURTWENTY,You guys are done,"Dove (auto-detected, please verify)",0.0
2818.1,2026-09-29T05:57:49.099000+00:00,@D.M.ggww21, Sucks,"Dove (auto-detected, please verify)",0.0
2822.4,2026-09-29T05:57:53.384000+00:00,@CarlCramer88,Yea the skateboarder looking goofball ,"Dove (auto-detected, please verify)",0.0
2827.9,2026-09-29T05:57:58.866000+00:00,@STR8Fightah4LIFE,Cosmo Kramer ,"Dove (auto-detected, please verify)",0.0
2833.3,2026-09-29T05:58:04.270000+00:00,@D.M.ggww21,Had not one Joke,"Dove (auto-detected, please verify)",0.0
2839.3,2026-09-29T05:58:10.261000+00:00,@STR8Fightah4LIFE,My last name is Kramer,"Dove (auto-detected, please verify)",0.0
2842.3,2026-09-29T05:58:13.279000+00:00,@CarlCramer88,The chair! ,"Dove (auto-detected, please verify)",0.0
2844.9,2026-09-29T05:58:15.856000+00:00,@912Driven,,"Dove (auto-detected, please verify)",0.0
2847.8,2026-09-29T05:58:18.825000+00:00,@moneymagic6119,W CHAIR ,"Dove (auto-detected, please verify)",0.0
2853.2,2026-09-29T05:58:24.158000+00:00,@moneymagic6119,W ALISON,"Dove (auto-detected, please verify)",0.0
2853.3,2026-09-29T05:58:24.309000+00:00,@Hackofalltrades-mh5fq,Ai Allison??,"Dove (auto-detected, please verify)",0.0
2858.2,2026-09-29T05:58:29.214000+00:00,@allisonnicole55,Beautiful!  ,"Dove (auto-detected, please verify)",0.0
2858.5,2026-09-29T05:58:29.476000+00:00,@rocjames1,time to crawl under a rock bottom,"Dove (auto-detected, please verify)",0.0
2865.0,2026-09-29T05:58:35.997000+00:00,@moneymagic6119,looks handmade,"Dove (auto-detected, please verify)",0.0
2867.0,2026-09-29T05:58:38.017000+00:00,@Ricks_Sticks9,This guy getting mad dog shit next week,"Dove (auto-detected, please verify)",0.0
2869.8,2026-09-29T05:58:40.787000+00:00,@CarlCramer88,She paid respects to the chair! Mad props ,"Dove (auto-detected, please verify)",0.0
2871.7,2026-09-29T05:58:42.660000+00:00,@EricNelson1236,that'll do,"Dove (auto-detected, please verify)",0.0
2878.2,2026-09-29T05:58:49.205000+00:00,@patrickHenry2-d9b,I didn’t laugh ,"Dove (auto-detected, please verify)",0.0
2890.3,2026-09-29T05:59:01.271000+00:00,@OhSchrumpf,Door dash presents ,"Dove (auto-detected, please verify)",0.0
2891.3,2026-09-29T05:59:02.283000+00:00,@CarlCramer88,Yea. The long haired weirdo ,"Dove (auto-detected, please verify)",0.0
2894.6,2026-09-29T05:59:05.649000+00:00,@moneymagic6119,ahh yes see here he is,"Dove (auto-detected, please verify)",1.0
2894.7,2026-09-29T05:59:05.702000+00:00,@D.M.ggww21,White people have no jokes. ,"Dove (auto-detected, please verify)",0.0
2897.1,2026-09-29T05:59:08.113000+00:00,@leedlelee-l2d,Y’all have weeks to come up with something better it’s crazy ,"Dove (auto-detected, please verify)",0.0
2899.9,2026-09-29T05:59:10.910000+00:00,@patrickHenry2-d9b,Shits not funny I’m out ,"Dove (auto-detected, please verify)",-1.0
2911.9,2026-09-29T05:59:22.852000+00:00,@D.M.ggww21,I’m not racist. ,"Dove (auto-detected, please verify)",0.0
2913.2,2026-09-29T05:59:24.170000+00:00,@EricNelson1236,when you tried to look at max paynes 2s face,"Dove (auto-detected, please verify)",0.0
2913.3,2026-09-29T05:59:24.291000+00:00,@Neuro.Goyim.711,Peter Pan ,"Dove (auto-detected, please verify)",0.0
2916.0,2026-09-29T05:59:26.972000+00:00,@OhSchrumpf,Their Dish washer has jokes,"Dove (auto-detected, please verify)",0.0
2916.7,2026-09-29T05:59:27.722000+00:00,@Hackofalltrades-mh5fq,"Lol ""doordash presents""","Dove (auto-detected, please verify)",1.0
2918.7,2026-09-29T05:59:29.674000+00:00,@Sereous313,cant even roast himself properly,"Dove (auto-detected, please verify)",0.0
2924.9,2026-09-29T05:59:35.941000+00:00,@alisonwayland6057,awwwwww,"Dove (auto-detected, please verify)",0.0
2931.2,2026-09-29T05:59:42.162000+00:00,@OhSchrumpf,Gay Gallagher ,"Dove (auto-detected, please verify)",0.0
2933.3,2026-09-29T05:59:44.317000+00:00,@rocjames1,where's bowrinkel,"Dove (auto-detected, please verify)",0.0
2936.3,2026-09-29T05:59:47.282000+00:00,@legendarystuff,sit down bud,"Dove (auto-detected, please verify)",0.0
2937.5,2026-09-29T05:59:48.477000+00:00,@Koba-v-c1h,you was on Grindr stop lieing,"Dove (auto-detected, please verify)",0.0
2938.1,2026-09-29T05:59:49.091000+00:00,@Ricks_Sticks9,This is awkward ,"Dove (auto-detected, please verify)",0.0
2947.4,2026-09-29T05:59:58.378000+00:00,@CarlCramer88,Is that his wallet in his front pocket ,"Dove (auto-detected, please verify)",0.0
2950.8,2026-09-29T06:00:01.796000+00:00,@SumitB2010,This guy has period after each word,"Dove (auto-detected, please verify)",0.0
2952.6,2026-09-29T06:00:03.578000+00:00,@moneymagic6119,nice artwork Alison!,"Dove (auto-detected, please verify)",0.0
2958.4,2026-09-29T06:00:09.431000+00:00,@rocjames1,chair stand strong,"Dove (auto-detected, please verify)",0.0
2965.6,2026-09-29T06:00:16.612000+00:00,@moneymagic6119,yes I did see him on grindr,"Dove (auto-detected, please verify)",1.0
2966.7,2026-09-29T06:00:17.705000+00:00,@CarlCramer88,Chair always stands strong. ,"Dove (auto-detected, please verify)",0.0
2972.6,2026-09-29T06:00:23.601000+00:00,@CarlCramer88,Nerves of steel,"Dove (auto-detected, please verify)",0.0
2973.3,2026-09-29T06:00:24.349000+00:00,@Koba-v-c1h,I want a beat your ass to some good old Spanish music ,"Dove (auto-detected, please verify)",0.0
2975.3,2026-09-29T06:00:26.270000+00:00,@OhSchrumpf,Alright hit the button RedBan,"Dove (auto-detected, please verify)",0.0
2979.5,2026-09-29T06:00:30.514000+00:00,@Sereous313,Kid Rock doint stand up now is wild.,"Dove (auto-detected, please verify)",0.0
2986.0,2026-09-29T06:00:37.019000+00:00,@jpppez,Humiliation ritual,"Dove (auto-detected, please verify)",0.0
2990.6,2026-09-29T06:00:41.638000+00:00,@moneymagic6119,I'd love to have you on the secret show,"Dove (auto-detected, please verify)",1.0
2994.3,2026-09-29T06:00:45.284000+00:00,@OhSchrumpf,Alright I want my Nickelback,"Dove (auto-detected, please verify)",0.0
2994.4,2026-09-29T06:00:45.437000+00:00,@Sereous313,Ball wit the Ball,"Dove (auto-detected, please verify)",0.0
2995.4,2026-09-29T06:00:46.449000+00:00,@McMisfit,how many did you suck,"Dove (auto-detected, please verify)",0.0
2997.6,2026-09-29T06:00:48.579000+00:00,@calmclam3457,Wooooo,"Dove (auto-detected, please verify)",0.0
2998.5,2026-09-29T06:00:49.526000+00:00,@BrianKirk-wi6kd,The chair is the only thing keeping this channel alive,"Dove (auto-detected, please verify)",0.0
2998.7,2026-09-29T06:00:49.679000+00:00,@CarlCramer88,You have to be drinking being at this shit show ,"Dove (auto-detected, please verify)",0.0
3005.6,2026-09-29T06:00:56.618000+00:00,@rocjames1,carrot  top bottom,"Dove (auto-detected, please verify)",0.0
3006.1,2026-09-29T06:00:57.125000+00:00,@MichaelBrogans-q3e,nothing he wanted but he followed thru anyway,"Dove (auto-detected, please verify)",0.0
3016.2,2026-09-29T06:01:07.202000+00:00,@leedlelee-l2d,Poop jokes are a cop out,"Dove (auto-detected, please verify)",0.0
3017.7,2026-09-29T06:01:08.656000+00:00,@OhSchrumpf,"Hipsters these days , I am I wrong chat","Dove (auto-detected, please verify)",0.0
3020.4,2026-09-29T06:01:11.375000+00:00,@WeekendWingman,"I added to my Snapchat ""Will do 300 pound chicks if I have to""","Dove (auto-detected, please verify)",0.0
3040.2,2026-09-29T06:01:31.203000+00:00,@OhSchrumpf,He was born on bedai,"Dove (auto-detected, please verify)",0.0
3045.5,2026-09-29T06:01:36.470000+00:00,@RickyEllis-p1x,said hi,"Dove (auto-detected, please verify)",0.0
3046.2,2026-09-29T06:01:37.247000+00:00,@moneymagic6119,I drink out the bidet it's fresh,"Dove (auto-detected, please verify)",0.0
3051.1,2026-09-29T06:01:42.111000+00:00,@CarlCramer88,He’s still on MySpace ,"Dove (auto-detected, please verify)",0.0
3055.1,2026-09-29T06:01:46.057000+00:00,@D.M.ggww21,It’s like me moving to the moon but I’m allergic to cheese. And it’s a one way trip,"Dove (auto-detected, please verify)",0.0
3058.5,2026-09-29T06:01:49.508000+00:00,@cybershitler,When does the comedy start??,"Dove (auto-detected, please verify)",0.0
3059.7,2026-09-29T06:01:50.718000+00:00,@OhSchrumpf,His mom pooped on his neck huh,"Dove (auto-detected, please verify)",0.0
3066.2,2026-09-29T06:01:57.233000+00:00,@ludwigd100,,"Dove (auto-detected, please verify)",0.0
3067.9,2026-09-29T06:01:58.861000+00:00,@rocjames1,He was conceived on drugs.,"Dove (auto-detected, please verify)",0.0
3071.4,2026-09-29T06:02:02.416000+00:00,@leedlelee-l2d,Product of incest ,"Dove (auto-detected, please verify)",0.0
3078.5,2026-09-29T06:02:09.456000+00:00,@moneymagic6119,he was born in the woods,"Dove (auto-detected, please verify)",0.0
3088.7,2026-09-29T06:02:19.668000+00:00,@OhSchrumpf,The dishes are backing up Jackson,"Dove (auto-detected, please verify)",0.0
3088.8,2026-09-29T06:02:19.839000+00:00,@Drifta032,Yeah he smokes way to much weed ffs ,"Dove (auto-detected, please verify)",0.0
3090.2,2026-09-29T06:02:21.197000+00:00,@MichaelBrogans-q3e,the Gorton's Fisherman is casually hanging out in the background,"Dove (auto-detected, please verify)",0.0
3101.7,2026-09-29T06:02:32.678000+00:00,@SumitB2010,looks like a guitar artist was asked to crack jokes instead of playing a guitar ,"Dove (auto-detected, please verify)",0.0
3103.4,2026-09-29T06:02:34.432000+00:00,@leedlelee-l2d,This is more than marijuana ,"Dove (auto-detected, please verify)",0.0
3107.0,2026-09-29T06:02:37.979000+00:00,@calmclam3457,I just got that fish joke,"Dove (auto-detected, please verify)",0.0
3107.5,2026-09-29T06:02:38.463000+00:00,@CarlCramer88,Someone cut the cord to the mic ,"Dove (auto-detected, please verify)",0.0
3115.9,2026-09-29T06:02:46.907000+00:00,@WeekendWingman,His mom should have swallowed him,"Dove (auto-detected, please verify)",0.0
3118.8,2026-09-29T06:02:49.759000+00:00,@OhSchrumpf,Dont smoke bath salts chat,"Dove (auto-detected, please verify)",0.0
3125.3,2026-09-29T06:02:56.325000+00:00,@ludwigd100,,"Dove (auto-detected, please verify)",0.0
3128.1,2026-09-29T06:02:59.104000+00:00,@moneymagic6119,don't do drugs,"Dove (auto-detected, please verify)",0.0
3128.6,2026-09-29T06:02:59.578000+00:00,@HoundOfEire,Jay cartwright,"Dove (auto-detected, please verify)",0.0
3131.1,2026-09-29T06:03:02.132000+00:00,@Neuro.Goyim.711,Looping in a K Hole ,"Dove (auto-detected, please verify)",0.0
3135.6,2026-09-29T06:03:06.603000+00:00,@Ballsmcgee117,spiderman excuse,"Dove (auto-detected, please verify)",0.0
3136.9,2026-09-29T06:03:07.869000+00:00,@OhSchrumpf,Anyone else gooning right now ?,"Dove (auto-detected, please verify)",0.0
3148.9,2026-09-29T06:03:19.921000+00:00,@Sereous313,this guy spent time writing this stuff,"Dove (auto-detected, please verify)",0.0
3153.9,2026-09-29T06:03:24.945000+00:00,@OhSchrumpf,Thank god,"Dove (auto-detected, please verify)",0.0
3156.7,2026-09-29T06:03:27.702000+00:00,@EricNelson1236,I'm jacksonig off,"Dove (auto-detected, please verify)",0.0
3157.4,2026-09-29T06:03:28.401000+00:00,@cybershitler,MISSON ACCOMPLISHED,"Dove (auto-detected, please verify)",0.0
3157.5,2026-09-29T06:03:28.485000+00:00,@moneymagic6119,W 300 LIVE ,"Dove (auto-detected, please verify)",0.0
3157.9,2026-09-29T06:03:28.896000+00:00,@CarlCramer88,"Well, you ain’t getting pussy you always talk about jerking off","Dove (auto-detected, please verify)",0.0
3158.6,2026-09-29T06:03:29.636000+00:00,@Hackofalltrades-mh5fq,,"Dove (auto-detected, please verify)",0.0
3162.8,2026-09-29T06:03:33.811000+00:00,@OhSchrumpf,Him ????,"Dove (auto-detected, please verify)",0.0
3170.9,2026-09-29T06:03:41.923000+00:00,@leedlelee-l2d,Brain dead ppl think normal stories are groundbreaking and hilarious ,"Dove (auto-detected, please verify)",1.0
3173.9,2026-09-29T06:03:44.889000+00:00,@MichaelBrogans-q3e,glad he can remember his j-sessions,"Dove (auto-detected, please verify)",0.0
3174.3,2026-09-29T06:03:45.267000+00:00,@SumitB2010,Pepe Jullienne Onzima ,"Dove (auto-detected, please verify)",0.0
3180.6,2026-09-29T06:03:51.578000+00:00,@OhSchrumpf,Yes Chico,"Dove (auto-detected, please verify)",1.0
3186.4,2026-09-29T06:03:57.431000+00:00,@EricNelson1236,eh eh ?,"Dove (auto-detected, please verify)",0.0
3193.5,2026-09-29T06:04:04.534000+00:00,@OhSchrumpf,Chino Red Ban,"Dove (auto-detected, please verify)",0.0
3194.7,2026-09-29T06:04:05.654000+00:00,@moneymagic6119,I smoke weed,"Dove (auto-detected, please verify)",0.0
3194.8,2026-09-29T06:04:05.815000+00:00,@honestly4real,"where is this, so I never end up there","Dove (auto-detected, please verify)",0.0
3201.2,2026-09-29T06:04:12.208000+00:00,@Sereous313,brolooks like a Buddha statue,"Dove (auto-detected, please verify)",0.0
3212.9,2026-09-29T06:04:23.867000+00:00,@CarlCramer88,Muai Hawaii ,"Dove (auto-detected, please verify)",0.0
3214.0,2026-09-29T06:04:25.010000+00:00,@D.M.ggww21,I’m confused . Cause all my friends . Didn’t smoke weed . We rode Dirt Bikes,"Dove (auto-detected, please verify)",0.0
3218.4,2026-09-29T06:04:29.433000+00:00,@Drifta032,Puff puff pass ,"Dove (auto-detected, please verify)",0.0
3219.3,2026-09-29T06:04:30.284000+00:00,@SumitB2010,mista shoul i call mista,"Dove (auto-detected, please verify)",0.0
3221.5,2026-09-29T06:04:32.490000+00:00,@WeekendWingman,This guy found a cure to baldness. He bought 4 brand new tires for the car,"Dove (auto-detected, please verify)",0.0
3226.5,2026-09-29T06:04:37.471000+00:00,@rocjames1,bet he smells like teen spirit,"Dove (auto-detected, please verify)",0.0
3231.2,2026-09-29T06:04:42.188000+00:00,@calmclam3457,"This is therapy stand up; tell me more, how did that make you feel?","Dove (auto-detected, please verify)",0.0
3231.5,2026-09-29T06:04:42.516000+00:00,@OhSchrumpf,If Budha and RedBan had a butt baby,"Dove (auto-detected, please verify)",0.0
3251.7,2026-09-29T06:05:02.673000+00:00,@eyobgirma5987,lol,"Dove (auto-detected, please verify)",1.0
3255.5,2026-09-29T06:05:06.486000+00:00,@OhSchrumpf,Joe Dirt ????,"Dove (auto-detected, please verify)",0.0
3262.8,2026-09-29T06:05:13.750000+00:00,@Robin-yg5tq,please be funny,"Dove (auto-detected, please verify)",1.0
3272.4,2026-09-29T06:05:23.422000+00:00,@Ballsmcgee117,got dang you got a date boy,"Dove (auto-detected, please verify)",0.0
3272.9,2026-09-29T06:05:23.858000+00:00,@moneymagic6119,Joel Dirt,"Dove (auto-detected, please verify)",0.0
3274.6,2026-09-29T06:05:25.601000+00:00,@McMisfit,he wins,"Dove (auto-detected, please verify)",0.0
3275.0,2026-09-29T06:05:26.003000+00:00,@Direfulchicken,I have hope ,"Dove (auto-detected, please verify)",0.0
3277.2,2026-09-29T06:05:28.186000+00:00,@OhSchrumpf,250 feet Joel !!!!,"Dove (auto-detected, please verify)",0.0
3283.8,2026-09-29T06:05:34.782000+00:00,@rocjames1,so much for the munchies,"Dove (auto-detected, please verify)",0.0
3284.0,2026-09-29T06:05:34.983000+00:00,@Direfulchicken,Oh nvm ,"Dove (auto-detected, please verify)",0.0
3292.4,2026-09-29T06:05:43.388000+00:00,@leedlelee-l2d,This guy drops acid to have realizations I had at 6 years old,"Dove (auto-detected, please verify)",0.0
3303.3,2026-09-29T06:05:54.332000+00:00,@patrickglaser1560,aw yeah my favorite chat,"Dove (auto-detected, please verify)",0.0
3311.4,2026-09-29T06:06:02.422000+00:00,@TANE-D-80,Woooo!,"Dove (auto-detected, please verify)",0.0
3316.9,2026-09-29T06:06:07.864000+00:00,@McMisfit,suss dude,"Dove (auto-detected, please verify)",0.0
3319.4,2026-09-29T06:06:10.421000+00:00,@OhSchrumpf,Hawaii's #1 Ice dealer,"Dove (auto-detected, please verify)",0.0
3321.4,2026-09-29T06:06:12.410000+00:00,@BrianKirk-wi6kd,He’s always got a hairbrush in his pocket,"Dove (auto-detected, please verify)",0.0
3323.1,2026-09-29T06:06:14.075000+00:00,@Robin-yg5tq,,"my daughter (auto-detected, please verify)",0.0
3324.9,2026-09-29T06:06:15.882000+00:00,@CarlCramer88,Simp,"my daughter (auto-detected, please verify)",0.0
3325.6,2026-09-29T06:06:16.558000+00:00,@twrukradio,what ,"my daughter (auto-detected, please verify)",0.0
3330.3,2026-09-29T06:06:21.296000+00:00,@NedNeedlepoint,Dude sucks! Comedy ain’t your shit ,"my daughter (auto-detected, please verify)",0.0
3330.5,2026-09-29T06:06:21.545000+00:00,@Sereous313,This guy deff leads a religious cult,"my daughter (auto-detected, please verify)",0.0
3334.5,2026-09-29T06:06:25.527000+00:00,@Conrad2311,He’s the beast stuck mid transformation ,"my daughter (auto-detected, please verify)",-1.0
3337.8,2026-09-29T06:06:28.843000+00:00,@leedlelee-l2d,Groundbreaking,"my daughter (auto-detected, please verify)",0.0
3339.4,2026-09-29T06:06:30.445000+00:00,@twrukradio,reading from phone?,"my daughter (auto-detected, please verify)",0.0
3339.8,2026-09-29T06:06:30.788000+00:00,@WeekendWingman,I don't watch porn. I just pause it on the good parts.,"my daughter (auto-detected, please verify)",0.0
3340.8,2026-09-29T06:06:31.763000+00:00,@Direfulchicken,Damn trash ,"my daughter (auto-detected, please verify)",-1.0
3340.9,2026-09-29T06:06:31.938000+00:00,@D.M.ggww21,What? WTF. Not funny,"my daughter (auto-detected, please verify)",-1.0
3342.4,2026-09-29T06:06:33.448000+00:00,@DeronJohnson70,Joel says what ?,"my daughter (auto-detected, please verify)",0.0
3343.0,2026-09-29T06:06:34.024000+00:00,@Gwaustino98,Bro always remembers his conditioner ,"my daughter (auto-detected, please verify)",0.0
3346.3,2026-09-29T06:06:37.336000+00:00,@TheFonz545,Jimbo sucks,"my daughter (auto-detected, please verify)",0.0
3348.7,2026-09-29T06:06:39.664000+00:00,@NedNeedlepoint,Don’t quit your day job!,"my daughter (auto-detected, please verify)",0.0
3352.3,2026-09-29T06:06:43.334000+00:00,@patrickglaser1560,Hey drunk hecklers! nice crowd tonight,"my daughter (auto-detected, please verify)",0.0
3355.7,2026-09-29T06:06:46.736000+00:00,@OhSchrumpf,Joel Break Bad Hawkins,"my daughter (auto-detected, please verify)",-1.0
3369.5,2026-09-29T06:07:00.462000+00:00,@ludwigd100,,"my daughter (auto-detected, please verify)",0.0
3370.0,2026-09-29T06:07:00.996000+00:00,@SumitB2010,your jokes are comfortably numb pink floyd ,"my daughter (auto-detected, please verify)",0.0
3374.7,2026-09-29T06:07:05.742000+00:00,@EricNelson1236,joe diertay,"my daughter (auto-detected, please verify)",0.0
3375.0,2026-09-29T06:07:05.982000+00:00,@Robin-yg5tq,,"my daughter (auto-detected, please verify)",0.0
3375.9,2026-09-29T06:07:06.928000+00:00,@Gwaustino98,Genius,"my daughter (auto-detected, please verify)",0.0
3378.5,2026-09-29T06:07:09.490000+00:00,@OhSchrumpf,You Let it go !,"my daughter (auto-detected, please verify)",0.0
3382.5,2026-09-29T06:07:13.483000+00:00,@jpppez,Nagasaki,"my daughter (auto-detected, please verify)",0.0
3383.4,2026-09-29T06:07:14.427000+00:00,@Direfulchicken,Damn ,"my daughter (auto-detected, please verify)",0.0
3384.8,2026-09-29T06:07:15.806000+00:00,@legendarystuff,that's it I had enough ,"my daughter (auto-detected, please verify)",0.0
3386.4,2026-09-29T06:07:17.409000+00:00,@zombiejerm4447,,"my daughter (auto-detected, please verify)",0.0
3388.2,2026-09-29T06:07:19.228000+00:00,@twrukradio,bro stop please,"my daughter (auto-detected, please verify)",0.0
3392.6,2026-09-29T06:07:23.607000+00:00,@patrickglaser1560,hes got farah Fawcett hair,"my daughter (auto-detected, please verify)",0.0
3393.5,2026-09-29T06:07:24.495000+00:00,@Sereous313,bro just admitted he dont like pussy,"my daughter (auto-detected, please verify)",0.0
3393.6,2026-09-29T06:07:24.579000+00:00,@OhSchrumpf,Pervert !!! ,"my daughter (auto-detected, please verify)",0.0
3395.3,2026-09-29T06:07:26.321000+00:00,@D.M.ggww21,Gong. Get him off,"my daughter (auto-detected, please verify)",0.0
3401.4,2026-09-29T06:07:32.361000+00:00,@Robin-yg5tq,wtf,"my daughter (auto-detected, please verify)",0.0
3403.6,2026-09-29T06:07:34.628000+00:00,@john_dillermand,HAHAHAHA ANIMALS,"my daughter (auto-detected, please verify)",1.0
3410.4,2026-09-29T06:07:41.412000+00:00,@DeronJohnson70, ,"my daughter (auto-detected, please verify)",0.0
3412.7,2026-09-29T06:07:43.683000+00:00,@ludwigd100,,"my daughter (auto-detected, please verify)",0.0
3413.1,2026-09-29T06:07:44.085000+00:00,@FriedCalamariii,This guys humor is horribly white ,"my daughter (auto-detected, please verify)",0.0
3413.7,2026-09-29T06:07:44.703000+00:00,@McMisfit,we ate an adopted goat,"my daughter (auto-detected, please verify)",1.0
3414.9,2026-09-29T06:07:45.914000+00:00,@rocjames1,"Fara, faucet. transsexuals","my daughter (auto-detected, please verify)",0.0
3415.1,2026-09-29T06:07:46.083000+00:00,@patrickglaser1560,you dont?,"my daughter (auto-detected, please verify)",0.0
3416.4,2026-09-29T06:07:47.400000+00:00,@ONWARD24seven,howdy,"my daughter (auto-detected, please verify)",0.0
3418.9,2026-09-29T06:07:49.923000+00:00,@legendarystuff,,"my daughter (auto-detected, please verify)",0.0
3419.0,2026-09-29T06:07:50.031000+00:00,@Robin-yg5tq,,"my daughter (auto-detected, please verify)",0.0
3424.3,2026-09-29T06:07:55.298000+00:00,@NedNeedlepoint,You fucking suckkkkkkkkkkk ,"my daughter (auto-detected, please verify)",0.0
3425.0,2026-09-29T06:07:55.964000+00:00,@Robin-yg5tq,,"my daughter (auto-detected, please verify)",0.0
3429.7,2026-09-29T06:08:00.651000+00:00,@ludwigd100,,"my daughter (auto-detected, please verify)",0.0
3429.9,2026-09-29T06:08:00.930000+00:00,@moneymagic6119,Lord Farquad,"my daughter (auto-detected, please verify)",0.0
3430.5,2026-09-29T06:08:01.524000+00:00,@OhSchrumpf,250ft means 250 ft Joel,"my daughter (auto-detected, please verify)",0.0
3436.8,2026-09-29T06:08:07.816000+00:00,@zombiejerm4447,,"my daughter (auto-detected, please verify)",0.0
3438.9,2026-09-29T06:08:09.858000+00:00,@Conrad2311,Not bad ,"my daughter (auto-detected, please verify)",1.0
3440.0,2026-09-29T06:08:11.044000+00:00,@DeronJohnson70,Mount and dew me ,"my daughter (auto-detected, please verify)",0.0
3442.5,2026-09-29T06:08:13.470000+00:00,@patrickglaser1560,nice one schrumpf,"my daughter (auto-detected, please verify)",0.0
3443.4,2026-09-29T06:08:14.443000+00:00,@WeekendWingman,I didn't realize how naturally funny I am. These guys just try to be funny,"my daughter (auto-detected, please verify)",1.0
3444.1,2026-09-29T06:08:15.059000+00:00,@dorianGrey888kay,"is Using his Phone, ta git thru THIS?","my daughter (auto-detected, please verify)",0.0
3444.8,2026-09-29T06:08:15.834000+00:00,@twrukradio,he cannot find the barbers willing to attempt to tame him so he grows mullets on top of each other,"my daughter (auto-detected, please verify)",0.0
3448.9,2026-09-29T06:08:19.866000+00:00,@Robin-yg5tq,everybody in the chat hates you,"my daughter (auto-detected, please verify)",0.0
3452.1,2026-09-29T06:08:23.057000+00:00,@D.M.ggww21, It’s Bad,"my daughter (auto-detected, please verify)",-1.0
3452.5,2026-09-29T06:08:23.510000+00:00,@johnanthandoe1144,Get a load of,"my daughter (auto-detected, please verify)",0.0
3455.3,2026-09-29T06:08:26.305000+00:00,@jpppez,Is in fact not a keeper,"my daughter (auto-detected, please verify)",0.0
3457.0,2026-09-29T06:08:28.017000+00:00,@OhSchrumpf,Deep diving on dudes,"my daughter (auto-detected, please verify)",0.0
3457.2,2026-09-29T06:08:28.154000+00:00,@Direfulchicken,Each joke “alright let’s see” ,"my daughter (auto-detected, please verify)",0.0
3462.4,2026-09-29T06:08:33.424000+00:00,@Sereous313,whos in charge of the lighting?,"my daughter (auto-detected, please verify)",0.0
3468.2,2026-09-29T06:08:39.243000+00:00,@Conrad2311,That’s Devito ,"my daughter (auto-detected, please verify)",0.0
3472.5,2026-09-29T06:08:43.497000+00:00,@SumitB2010,The guy stole his hairs from a barbie doll special edition ,"my daughter (auto-detected, please verify)",0.0
3475.7,2026-09-29T06:08:46.721000+00:00,@patrickglaser1560,"i wouldn't go that far, he entertains me via the chat","my daughter (auto-detected, please verify)",0.0
3476.5,2026-09-29T06:08:47.492000+00:00,@EricNelson1236,ben stiller couldnt hide that gonzo,"my daughter (auto-detected, please verify)",0.0
3480.1,2026-09-29T06:08:51.125000+00:00,@RationalMorality,Not funny,"my daughter (auto-detected, please verify)",-1.0
3490.8,2026-09-29T06:09:01.802000+00:00,@OhSchrumpf,Alright gay redban hit the button,"my daughter (auto-detected, please verify)",0.0
3491.4,2026-09-29T06:09:02.411000+00:00,@legendarystuff,not funny,"my daughter (auto-detected, please verify)",-1.0
3492.4,2026-09-29T06:09:03.396000+00:00,@Robin-yg5tq,,"my daughter (auto-detected, please verify)",0.0
3494.0,2026-09-29T06:09:05.041000+00:00,@anthonymays1427,lol,"my daughter (auto-detected, please verify)",1.0
3495.6,2026-09-29T06:09:06.629000+00:00,@DeronJohnson70,How short is he ?,"my daughter (auto-detected, please verify)",0.0
3497.8,2026-09-29T06:09:08.765000+00:00,@D.M.ggww21, And .Tom Cruz is a superstar. .,"my daughter (auto-detected, please verify)",0.0
3502.3,2026-09-29T06:09:13.344000+00:00,@NedNeedlepoint,How do we get him off the stage???,"my daughter (auto-detected, please verify)",0.0
3504.1,2026-09-29T06:09:15.072000+00:00,@CarlCramer88,Where is Pat O’Neill when you need him,"my daughter (auto-detected, please verify)",0.0
3504.4,2026-09-29T06:09:15.356000+00:00,@leedlelee-l2d,Boo you stink,"my daughter (auto-detected, please verify)",-1.0
3506.2,2026-09-29T06:09:17.174000+00:00,@moneymagic6119,corkyyyy,"my daughter (auto-detected, please verify)",0.0
3506.7,2026-09-29T06:09:17.746000+00:00,@Robin-yg5tq,,"my daughter (auto-detected, please verify)",0.0
3507.4,2026-09-29T06:09:18.385000+00:00,@patrickglaser1560,Schrumpf that's just redban,"my daughter (auto-detected, please verify)",0.0
3516.4,2026-09-29T06:09:27.404000+00:00,@RationalMorality,Low IQ jokes,"my daughter (auto-detected, please verify)",0.0
3516.4,2026-09-29T06:09:27.416000+00:00,@anthonymays1427,He's funny,"my daughter (auto-detected, please verify)",1.0
3518.5,2026-09-29T06:09:29.504000+00:00,@twrukradio,this is the first act i saw and i need him to stop,"my daughter (auto-detected, please verify)",0.0
3518.9,2026-09-29T06:09:29.899000+00:00,@moneymagic6119,SOLD OUT,"my daughter (auto-detected, please verify)",0.0
3522.8,2026-09-29T06:09:33.812000+00:00,@Robin-yg5tq,,"my daughter (auto-detected, please verify)",0.0
3524.9,2026-09-29T06:09:35.938000+00:00,@legendarystuff,throw a tomato at him,"my daughter (auto-detected, please verify)",0.0
3526.3,2026-09-29T06:09:37.292000+00:00,@ONWARD24seven,corky cakes,"my daughter (auto-detected, please verify)",0.0
3530.7,2026-09-29T06:09:41.680000+00:00,@Gwaustino98,HEH,"my daughter (auto-detected, please verify)",0.0
3534.4,2026-09-29T06:09:45.405000+00:00,@Robin-yg5tq,,"my daughter (auto-detected, please verify)",0.0
3538.8,2026-09-29T06:09:49.784000+00:00,@SumitB2010,where are the seven dwarfs snow white ??,"my daughter (auto-detected, please verify)",0.0
3541.6,2026-09-29T06:09:52.562000+00:00,@OhSchrumpf,"Oh my god what a loser , hes eating the dogs and hes eating the cats what a loser ","my daughter (auto-detected, please verify)",0.0
3543.6,2026-09-29T06:09:54.610000+00:00,@CarlCramer88,"I would say throw some dildos at him, but he’ll probably start sucking them","my daughter (auto-detected, please verify)",0.0
3546.1,2026-09-29T06:09:57.098000+00:00,@D.M.ggww21,Nothing he said is Funny. At all,"my daughter (auto-detected, please verify)",1.0
3547.1,2026-09-29T06:09:58.071000+00:00,@johnanthandoe1144,Somebody call in a bomb threat for christs sake ,"my daughter (auto-detected, please verify)",-1.0
3548.0,2026-09-29T06:09:59.018000+00:00,@Sereous313,this guy was the inspiration for the morning after pill,"my daughter (auto-detected, please verify)",0.0
3550.1,2026-09-29T06:10:01.069000+00:00,@RationalMorality,Cupcakes hahaha,"my daughter (auto-detected, please verify)",1.0
3556.3,2026-09-29T06:10:07.267000+00:00,@jpppez,Next,"my daughter (auto-detected, please verify)",0.0
3562.9,2026-09-29T06:10:13.898000+00:00,@rocjames1,has a profile of a hacksaw,"my daughter (auto-detected, please verify)",0.0
3564.6,2026-09-29T06:10:15.552000+00:00,@DeronJohnson70,,"my daughter (auto-detected, please verify)",0.0
3570.3,2026-09-29T06:10:21.263000+00:00,@Robin-yg5tq,bored,"my daughter (auto-detected, please verify)",0.0
3570.7,2026-09-29T06:10:21.706000+00:00,@MathewRidenour,or suck,"my daughter (auto-detected, please verify)",0.0
3571.2,2026-09-29T06:10:22.242000+00:00,@patrickglaser1560,throw a poi roll at him,"my daughter (auto-detected, please verify)",0.0
3572.1,2026-09-29T06:10:23.139000+00:00,@ludwigd100,,"my daughter (auto-detected, please verify)",0.0
3573.5,2026-09-29T06:10:24.542000+00:00,@OhSchrumpf,Get off the stage pervert,"my daughter (auto-detected, please verify)",0.0
3576.1,2026-09-29T06:10:27.108000+00:00,@Ballsmcgee117,Reefer cakes?,"my daughter (auto-detected, please verify)",0.0
3585.6,2026-09-29T06:10:36.595000+00:00,@ludwigd100,,"my daughter (auto-detected, please verify)",0.0
3587.7,2026-09-29T06:10:38.688000+00:00,@patrickglaser1560,hes lowkey the plug,"my daughter (auto-detected, please verify)",0.0
3588.2,2026-09-29T06:10:39.244000+00:00,@RationalMorality,Boooooo,"my daughter (auto-detected, please verify)",0.0
3589.1,2026-09-29T06:10:40.051000+00:00,@zombiejerm4447,who told this guy he is funny??,"my daughter (auto-detected, please verify)",1.0
3592.0,2026-09-29T06:10:43.003000+00:00,@MathewRidenour,I got a cupcake for you,"my daughter (auto-detected, please verify)",0.0
3592.4,2026-09-29T06:10:43.446000+00:00,@alanvictory777,THIS LADY WORKING THE STREET CORNER. ,"my daughter (auto-detected, please verify)",0.0
3593.6,2026-09-29T06:10:44.552000+00:00,@Robin-yg5tq,nice cocaine joke hahahaha you are the coolest,"my daughter (auto-detected, please verify)",1.0
3595.7,2026-09-29T06:10:46.681000+00:00,@Sereous313,Cup Cakes is another name for titties,"my daughter (auto-detected, please verify)",0.0
3595.7,2026-09-29T06:10:46.707000+00:00,@DeronJohnson70, ,"my daughter (auto-detected, please verify)",0.0
3595.8,2026-09-29T06:10:46.761000+00:00,@Hackofalltrades-mh5fq,,"my daughter (auto-detected, please verify)",0.0
3596.3,2026-09-29T06:10:47.324000+00:00,@NedNeedlepoint,Stop clapping you liars! ,"my daughter (auto-detected, please verify)",0.0
3599.4,2026-09-29T06:10:50.449000+00:00,@MichaelBrogans-q3e,dude seems desperate for coke,"my daughter (auto-detected, please verify)",0.0
3601.0,2026-09-29T06:10:52.012000+00:00,@rfajardo99,Wow that was terrible ,"my daughter (auto-detected, please verify)",-1.0
3602.2,2026-09-29T06:10:53.172000+00:00,@legendarystuff,this guy should be allowed on stage for 1 minute max,"my daughter (auto-detected, please verify)",0.0
3607.5,2026-09-29T06:10:58.547000+00:00,@MartyMcFly777,   boo ,"my daughter (auto-detected, please verify)",-1.0
3608.1,2026-09-29T06:10:59.080000+00:00,@SumitB2010,continues exploring nature,"my daughter (auto-detected, please verify)",0.0
3612.8,2026-09-29T06:11:03.842000+00:00,@EricNelson1236,thought it was gonna be a gat,"my daughter (auto-detected, please verify)",0.0
3618.5,2026-09-29T06:11:09.457000+00:00,@leedlelee-l2d,I mean it’s pretty obvious this crowd is selling coke,"my daughter (auto-detected, please verify)",0.0
3619.0,2026-09-29T06:11:09.990000+00:00,@McMisfit,hahaha,"my daughter (auto-detected, please verify)",1.0
3621.6,2026-09-29T06:11:12.626000+00:00,@MathewRidenour,nobody's buying,"my daughter (auto-detected, please verify)",0.0
3622.9,2026-09-29T06:11:13.908000+00:00,@D.M.ggww21,His Hair . Decided . That’s the best looking he’s gonna get. . It’s a natural choice,"my daughter (auto-detected, please verify)",0.0
3623.8,2026-09-29T06:11:14.779000+00:00,@DeronJohnson70,Clapped because it’s over,"my daughter (auto-detected, please verify)",0.0
3628.8,2026-09-29T06:11:19.757000+00:00,@Tom_Space,when does the comedy start ?,"my daughter (auto-detected, please verify)",0.0
3630.3,2026-09-29T06:11:21.301000+00:00,@OhSchrumpf,Tell em RedBan,"my daughter (auto-detected, please verify)",0.0
3633.7,2026-09-29T06:11:24.663000+00:00,@cybershitler,I'll take 10 with spit,"my daughter (auto-detected, please verify)",0.0
3637.2,2026-09-29T06:11:28.175000+00:00,@MartyMcFly777,get This female wrestler out of here,"my daughter (auto-detected, please verify)",0.0
3644.4,2026-09-29T06:11:35.401000+00:00,@Robin-yg5tq,when come the comedians?,"my daughter (auto-detected, please verify)",0.0
3644.9,2026-09-29T06:11:35.908000+00:00,@D.M.ggww21,That’s Funny,"my daughter (auto-detected, please verify)",1.0
3647.8,2026-09-29T06:11:38.811000+00:00,@McMisfit,made with her own yeast.,"my daughter (auto-detected, please verify)",0.0
3649.3,2026-09-29T06:11:40.323000+00:00,@MartyMcFly777,Dave bautistas mom lol,"my daughter (auto-detected, please verify)",1.0
3651.0,2026-09-29T06:11:42.006000+00:00,@Sereous313,Mc has putple laces in his shoes lol,"my daughter (auto-detected, please verify)",1.0
3652.1,2026-09-29T06:11:43.053000+00:00,@legendarystuff,worst show in us history,"my daughter (auto-detected, please verify)",-1.0
3655.3,2026-09-29T06:11:46.314000+00:00,@MathewRidenour,eww,"my daughter (auto-detected, please verify)",0.0
3663.1,2026-09-29T06:11:54.148000+00:00,@freedom3594,Gotta throw up a bunch of airballs when you’re learning to shoot a jumper.,"my daughter (auto-detected, please verify)",0.0
3669.8,2026-09-29T06:12:00.810000+00:00,@MartyMcFly777,this show is why they kill Tony lol,"my daughter (auto-detected, please verify)",1.0
3670.2,2026-09-29T06:12:01.187000+00:00,@Gwaustino98,Prop comic?,"my daughter (auto-detected, please verify)",0.0
3673.1,2026-09-29T06:12:04.140000+00:00,@patrickglaser1560,hes got props????,"my daughter (auto-detected, please verify)",0.0
3673.9,2026-09-29T06:12:04.926000+00:00,@CarlCramer88,Looks like his mom kicked them out of the house,"my daughter (auto-detected, please verify)",0.0
3675.8,2026-09-29T06:12:06.761000+00:00,@EricNelson1236,run,"my daughter (auto-detected, please verify)",0.0
3679.3,2026-09-29T06:12:10.275000+00:00,@DeronJohnson70,FOLKS !!!!,"my daughter (auto-detected, please verify)",0.0
3680.9,2026-09-29T06:12:11.852000+00:00,@legendarystuff,check the suitcase for body,"my daughter (auto-detected, please verify)",0.0
3681.2,2026-09-29T06:12:12.180000+00:00,@Hackofalltrades-mh5fq,prop comic,"my daughter (auto-detected, please verify)",0.0
3681.2,2026-09-29T06:12:12.210000+00:00,@CarlCramer88,Him*,"my daughter (auto-detected, please verify)",0.0
3682.6,2026-09-29T06:12:13.577000+00:00,@MathewRidenour,he is ready to leave and fast,"my daughter (auto-detected, please verify)",0.0
3685.3,2026-09-29T06:12:16.280000+00:00,@jpppez,Oh my god it’s a dead body,"my daughter (auto-detected, please verify)",0.0
3685.8,2026-09-29T06:12:16.809000+00:00,@RationalMorality,Oh man another loser,"my daughter (auto-detected, please verify)",0.0
3686.3,2026-09-29T06:12:17.261000+00:00,@moneymagic6119,kill corky,"my daughter (auto-detected, please verify)",0.0
3686.9,2026-09-29T06:12:17.906000+00:00,@OhSchrumpf,"This guys got luggage , I am I right Portland ????","my daughter (auto-detected, please verify)",0.0
3688.3,2026-09-29T06:12:19.348000+00:00,@alisonwayland6057,hey Chino. I sent another version over of my art a few days ago so check the email.,"my daughter (auto-detected, please verify)",0.0
3689.2,2026-09-29T06:12:20.239000+00:00,@patrickglaser1560,a smol body,"my daughter (auto-detected, please verify)",0.0
3690.4,2026-09-29T06:12:21.404000+00:00,@Neuro.Goyim.711,In honor of carrot  top ,"my daughter (auto-detected, please verify)",0.0
3693.0,2026-09-29T06:12:24.032000+00:00,@MichaelBrogans-q3e,he called himself a comedian. first joke,"my daughter (auto-detected, please verify)",0.0
3695.7,2026-09-29T06:12:26.657000+00:00,@Tom_Space,Is it funny yet ?,"my daughter (auto-detected, please verify)",1.0
3696.3,2026-09-29T06:12:27.269000+00:00,@rocjames1,Ted Danson temu knock off,"my daughter (auto-detected, please verify)",0.0
3698.4,2026-09-29T06:12:29.402000+00:00,@MartyMcFly777,whoa a talking sausage,"my daughter (auto-detected, please verify)",0.0
3701.4,2026-09-29T06:12:32.424000+00:00,@Sereous313,How dare he abuse the chair like that,"my daughter (auto-detected, please verify)",0.0
3704.4,2026-09-29T06:12:35.366000+00:00,@legendarystuff,body in suitcase,"my daughter (auto-detected, please verify)",0.0
3705.5,2026-09-29T06:12:36.519000+00:00,@Robin-yg5tq,not funny yet,"my daughter (auto-detected, please verify)",-1.0
3706.6,2026-09-29T06:12:37.551000+00:00,@McMisfit,stick your hand up her ass like a ventriloquist,"my daughter (auto-detected, please verify)",0.0
3713.1,2026-09-29T06:12:44.131000+00:00,@patrickglaser1560,carrot top when he was jacked?,"my daughter (auto-detected, please verify)",0.0
3714.4,2026-09-29T06:12:45.409000+00:00,@RationalMorality,Props,"my daughter (auto-detected, please verify)",0.0
3714.8,2026-09-29T06:12:45.819000+00:00,@OhSchrumpf,Whos the hotty ?,"my daughter (auto-detected, please verify)",0.0
3715.1,2026-09-29T06:12:46.088000+00:00,@DeronJohnson70,He’s now carrot bottom ,"my daughter (auto-detected, please verify)",0.0
3715.8,2026-09-29T06:12:46.787000+00:00,@Drifta032,Chair has a nice rear end ,"my daughter (auto-detected, please verify)",0.0
3719.7,2026-09-29T06:12:50.747000+00:00,@bucknutty952,Anne Frank couldn't finish her diary because she had concentration problems.,"my daughter (auto-detected, please verify)",0.0
3722.4,2026-09-29T06:12:53.396000+00:00,@MathewRidenour,low hanging fruit,"my daughter (auto-detected, please verify)",0.0
3722.8,2026-09-29T06:12:53.842000+00:00,@patrickglaser1560,bahaha,"my daughter (auto-detected, please verify)",0.0
3724.9,2026-09-29T06:12:55.939000+00:00,@moneymagic6119,,"my daughter (auto-detected, please verify)",0.0
3731.2,2026-09-29T06:13:02.174000+00:00,@eswizzy5,poor Courtney,"my daughter (auto-detected, please verify)",0.0
3731.5,2026-09-29T06:13:02.536000+00:00,@CarlCramer88,"Using carrot top to get laughs, I’d be pissed if I was carrot top","my daughter (auto-detected, please verify)",0.0
3731.8,2026-09-29T06:13:02.814000+00:00,@denniskillian8714,hi,"my daughter (auto-detected, please verify)",0.0
3732.9,2026-09-29T06:13:03.855000+00:00,@Robin-yg5tq,,"my daughter (auto-detected, please verify)",0.0
3734.6,2026-09-29T06:13:05.599000+00:00,@Sereous313,lady in the chess board looking like a southern taco belle,"my daughter (auto-detected, please verify)",0.0
3738.5,2026-09-29T06:13:09.458000+00:00,@OhSchrumpf,"She looks down , da ta da","my daughter (auto-detected, please verify)",0.0
3739.8,2026-09-29T06:13:10.798000+00:00,@mixups-h7d,drugs are bad mmmkay,"my daughter (auto-detected, please verify)",-1.0
3742.5,2026-09-29T06:13:13.483000+00:00,@RationalMorality,Still not funny,"my daughter (auto-detected, please verify)",-1.0
3742.9,2026-09-29T06:13:13.944000+00:00,@patrickglaser1560, ,"my daughter (auto-detected, please verify)",0.0
3745.7,2026-09-29T06:13:16.719000+00:00,@EricNelson1236,Kathy griffith ?such a kidder,"my daughter (auto-detected, please verify)",0.0
3751.4,2026-09-29T06:13:22.424000+00:00,@legendarystuff,this guy needs to be investigated,"my daughter (auto-detected, please verify)",0.0
3751.8,2026-09-29T06:13:22.759000+00:00,@leedlelee-l2d,,"my daughter (auto-detected, please verify)",0.0
3753.5,2026-09-29T06:13:24.499000+00:00,@eswizzy5,yea wtf is this lmao,"my daughter (auto-detected, please verify)",1.0
3754.2,2026-09-29T06:13:25.217000+00:00,@Gwaustino98,Wow,"my daughter (auto-detected, please verify)",0.0
3755.2,2026-09-29T06:13:26.160000+00:00,@rocjames1,cheers from Ted Danson,"my daughter (auto-detected, please verify)",0.0
3762.7,2026-09-29T06:13:33.685000+00:00,@eswizzy5,,"my daughter (auto-detected, please verify)",0.0
3764.3,2026-09-29T06:13:35.252000+00:00,@Gwaustino98,Wow,"my daughter (auto-detected, please verify)",0.0
3766.8,2026-09-29T06:13:37.825000+00:00,@guitarishhh,gay,"my daughter (auto-detected, please verify)",0.0
3767.5,2026-09-29T06:13:38.477000+00:00,@patrickglaser1560,is that woman being held against her will?,"my daughter (auto-detected, please verify)",0.0
3768.6,2026-09-29T06:13:39.568000+00:00,@OhSchrumpf,Thats a flesh light chat,"my daughter (auto-detected, please verify)",0.0
3768.9,2026-09-29T06:13:39.876000+00:00,@CarlCramer88,Talking about just biting another comedian style holy shit,"my daughter (auto-detected, please verify)",0.0
3769.9,2026-09-29T06:13:40.942000+00:00,@TheMothomas,Wide angle!,"my daughter (auto-detected, please verify)",0.0
3771.3,2026-09-29T06:13:42.332000+00:00,@eswizzy5,boooo,"my daughter (auto-detected, please verify)",0.0
3771.7,2026-09-29T06:13:42.678000+00:00,@Hackofalltrades-mh5fq,huh?,"my daughter (auto-detected, please verify)",0.0
3773.3,2026-09-29T06:13:44.312000+00:00,@RationalMorality,,"my daughter (auto-detected, please verify)",0.0
3781.9,2026-09-29T06:13:52.870000+00:00,@ludwigd100,,"my daughter (auto-detected, please verify)",0.0
3783.0,2026-09-29T06:13:54.007000+00:00,@moneymagic6119,,"my daughter (auto-detected, please verify)",0.0
3786.2,2026-09-29T06:13:57.194000+00:00,@patrickglaser1560,hes into weird shit,"my daughter (auto-detected, please verify)",0.0
3789.7,2026-09-29T06:14:00.700000+00:00,@leedlelee-l2d,He advocates for deepfake porn without limitations btw,"my daughter (auto-detected, please verify)",0.0
3791.6,2026-09-29T06:14:02.611000+00:00,@RationalMorality,,"my daughter (auto-detected, please verify)",0.0
3793.4,2026-09-29T06:14:04.430000+00:00,@OhSchrumpf,What a loser very unpatriotic,"my daughter (auto-detected, please verify)",0.0
3795.8,2026-09-29T06:14:06.787000+00:00,@honestly4real,this is Bad with a capital B,"my daughter (auto-detected, please verify)",-1.0
3795.8,2026-09-29T06:14:06.848000+00:00,@eswizzy5,OH BROTHER THIS GUYS STIIINKS!!!,"my daughter (auto-detected, please verify)",0.0
3799.0,2026-09-29T06:14:10.006000+00:00,@DeronJohnson70,,"my daughter (auto-detected, please verify)",0.0
3799.1,2026-09-29T06:14:10.101000+00:00,@TheMothomas,Lube,"my daughter (auto-detected, please verify)",0.0
3800.6,2026-09-29T06:14:11.633000+00:00,@guitarishhh,carrot top is dead after watching this. thanks bro,"my daughter (auto-detected, please verify)",0.0
3801.3,2026-09-29T06:14:12.282000+00:00,@MathewRidenour,he gave you permission,"my daughter (auto-detected, please verify)",0.0
3803.2,2026-09-29T06:14:14.194000+00:00,@rocjames1,someone crack the door please,"my daughter (auto-detected, please verify)",0.0
3807.2,2026-09-29T06:14:18.151000+00:00,@patrickglaser1560,what,"my daughter (auto-detected, please verify)",0.0
3807.3,2026-09-29T06:14:18.289000+00:00,@OhSchrumpf,Corky likes grill cheeses huh chat,"my daughter (auto-detected, please verify)",0.0
3810.7,2026-09-29T06:14:21.688000+00:00,@moneymagic6119,,"my daughter (auto-detected, please verify)",0.0
3811.2,2026-09-29T06:14:22.181000+00:00,@Conrad2311,This is great ,"my daughter (auto-detected, please verify)",0.0
3814.6,2026-09-29T06:14:25.610000+00:00,@DeronJohnson70,,"my daughter (auto-detected, please verify)",0.0
3820.2,2026-09-29T06:14:31.244000+00:00,@eswizzy5,,"my daughter (auto-detected, please verify)",0.0
3820.5,2026-09-29T06:14:31.484000+00:00,@RationalMorality,,"my daughter (auto-detected, please verify)",0.0
3826.0,2026-09-29T06:14:37.045000+00:00,@ludwigd100,,"my daughter (auto-detected, please verify)",0.0
3827.5,2026-09-29T06:14:38.498000+00:00,@eswizzy5,,"my daughter (auto-detected, please verify)",0.0
3832.9,2026-09-29T06:14:43.917000+00:00,@MathewRidenour,tell a joke,"my daughter (auto-detected, please verify)",0.0
3833.3,2026-09-29T06:14:44.312000+00:00,@Sereous313,this is terrible,"my daughter (auto-detected, please verify)",-1.0
3834.1,2026-09-29T06:14:45.139000+00:00,@RationalMorality,,"my daughter (auto-detected, please verify)",0.0
3835.3,2026-09-29T06:14:46.309000+00:00,@McMisfit,lame but funny set,"my daughter (auto-detected, please verify)",0.0
3836.7,2026-09-29T06:14:47.708000+00:00,@leedlelee-l2d,,"my daughter (auto-detected, please verify)",0.0
3836.9,2026-09-29T06:14:47.865000+00:00,@MartyMcFly777,give my hedge trimmers back chomo,"my daughter (auto-detected, please verify)",0.0
3839.0,2026-09-29T06:14:50.008000+00:00,@OhSchrumpf,Get em outta there red ban,"my daughter (auto-detected, please verify)",0.0
3848.1,2026-09-29T06:14:59.146000+00:00,@RationalMorality,Booo this man,"my daughter (auto-detected, please verify)",-1.0
3851.2,2026-09-29T06:15:02.222000+00:00,@TheMothomas,Tie 5,"my daughter (auto-detected, please verify)",0.0
3852.2,2026-09-29T06:15:03.205000+00:00,@Gwaustino98,,"my daughter (auto-detected, please verify)",0.0
3853.3,2026-09-29T06:15:04.278000+00:00,@eswizzy5,the drugs better be good,"my daughter (auto-detected, please verify)",0.0
3853.7,2026-09-29T06:15:04.741000+00:00,@MathewRidenour,what joke,"my daughter (auto-detected, please verify)",0.0
3858.0,2026-09-29T06:15:09.028000+00:00,@eswizzy5,BOOOOO,"my daughter (auto-detected, please verify)",0.0
3859.2,2026-09-29T06:15:10.188000+00:00,@leedlelee-l2d,Men used to go to war ,"my daughter (auto-detected, please verify)",0.0
3861.1,2026-09-29T06:15:12.091000+00:00,@MartyMcFly777,he sells kids for hustle,"my daughter (auto-detected, please verify)",0.0
3863.3,2026-09-29T06:15:14.266000+00:00,@moneymagic6119,Cool now stuff corky in the suitcase,"my daughter (auto-detected, please verify)",0.0
3863.3,2026-09-29T06:15:14.314000+00:00,@OhSchrumpf,Alright RedBan next,"my daughter (auto-detected, please verify)",0.0
3864.7,2026-09-29T06:15:15.678000+00:00,@rocjames1,corny top,"my daughter (auto-detected, please verify)",0.0
3873.0,2026-09-29T06:15:23.982000+00:00,@keirancollier8836,trash,"my daughter (auto-detected, please verify)",-1.0
3873.3,2026-09-29T06:15:24.270000+00:00,@patrickglaser1560,leedlelee its coming,"my daughter (auto-detected, please verify)",0.0
3883.5,2026-09-29T06:15:34.493000+00:00,@ludwigd100,,"my daughter (auto-detected, please verify)",0.0
3886.0,2026-09-29T06:15:37.017000+00:00,@eswizzy5,.....,"my daughter (auto-detected, please verify)",0.0
3886.7,2026-09-29T06:15:37.720000+00:00,@MathewRidenour,save some for later,"my daughter (auto-detected, please verify)",0.0
3887.1,2026-09-29T06:15:38.065000+00:00,@Neuro.Goyim.711,Are You Not Entertained ,"my daughter (auto-detected, please verify)",0.0
3888.9,2026-09-29T06:15:39.936000+00:00,@rocjames1,you suck,"my daughter (auto-detected, please verify)",0.0
3889.7,2026-09-29T06:15:40.736000+00:00,@eswizzy5,,"my daughter (auto-detected, please verify)",0.0
3895.0,2026-09-29T06:15:45.977000+00:00,@eswizzy5,,"my daughter (auto-detected, please verify)",0.0
3901.3,2026-09-29T06:15:52.339000+00:00,@OhSchrumpf,Dont do it corkster,"my daughter (auto-detected, please verify)",0.0
3903.9,2026-09-29T06:15:54.859000+00:00,@MathewRidenour,weeners,"my daughter (auto-detected, please verify)",0.0
3906.9,2026-09-29T06:15:57.895000+00:00,@Gwaustino98,Did they find these guys at a bus station?,"my daughter (auto-detected, please verify)",0.0
3910.3,2026-09-29T06:16:01.281000+00:00,@patrickglaser1560,whoa,"my daughter (auto-detected, please verify)",0.0
3911.8,2026-09-29T06:16:02.827000+00:00,@ludwigd100,,"my daughter (auto-detected, please verify)",0.0
3913.6,2026-09-29T06:16:04.631000+00:00,@johnanthandoe1144,Hahaha,"my daughter (auto-detected, please verify)",1.0
3914.5,2026-09-29T06:16:05.514000+00:00,@McMisfit,too far dude,"my daughter (auto-detected, please verify)",0.0
3916.5,2026-09-29T06:16:07.503000+00:00,@RationalMorality,Ban this guy from the premises,"my daughter (auto-detected, please verify)",0.0
3916.6,2026-09-29T06:16:07.563000+00:00,@rocjames1,your screwed,"my daughter (auto-detected, please verify)",0.0
3917.3,2026-09-29T06:16:08.256000+00:00,@patrickglaser1560,call cps,"my daughter (auto-detected, please verify)",0.0
3917.4,2026-09-29T06:16:08.356000+00:00,@OhSchrumpf,Pervert !! ,"my daughter (auto-detected, please verify)",0.0
3918.9,2026-09-29T06:16:09.916000+00:00,@eswizzy5,Kay I'm out,"my daughter (auto-detected, please verify)",0.0
3921.1,2026-09-29T06:16:12.053000+00:00,@Robin-yg5tq,rofl,"my daughter (auto-detected, please verify)",0.0
3921.2,2026-09-29T06:16:12.181000+00:00,@moneymagic6119,BRUHH,"my daughter (auto-detected, please verify)",0.0
3922.4,2026-09-29T06:16:13.434000+00:00,@honestly4real,do they have any actual comedians,"my daughter (auto-detected, please verify)",0.0
3924.8,2026-09-29T06:16:15.759000+00:00,@leedlelee-l2d,This crowd is full of people that peaked in 3rd grade ,"my daughter (auto-detected, please verify)",0.0
3924.9,2026-09-29T06:16:15.909000+00:00,@bbhansenauthor,how is this entertaining? fool,"my daughter (auto-detected, please verify)",0.0
3928.6,2026-09-29T06:16:19.587000+00:00,@Ballsmcgee117,Carrot top will get his vengeance,"my lovely assistant (auto-detected, please verify)",0.0
3929.6,2026-09-29T06:16:20.617000+00:00,@legendarystuff,with minors he said,"my lovely assistant (auto-detected, please verify)",0.0
3930.5,2026-09-29T06:16:21.499000+00:00,@patrickglaser1560,i need an adult,"my lovely assistant (auto-detected, please verify)",0.0
3931.5,2026-09-29T06:16:22.493000+00:00,@OhSchrumpf,250ft pervert,"my lovely assistant (auto-detected, please verify)",0.0
3933.2,2026-09-29T06:16:24.155000+00:00,@Sereous313,bro gives himself handjobs using a barbie doll.,"my lovely assistant (auto-detected, please verify)",0.0
3935.4,2026-09-29T06:16:26.449000+00:00,@eswizzy5,let's get outta here guys,"my lovely assistant (auto-detected, please verify)",0.0
3938.4,2026-09-29T06:16:29.371000+00:00,@ludwigd100,,"my lovely assistant (auto-detected, please verify)",0.0
3939.2,2026-09-29T06:16:30.199000+00:00,@OhSchrumpf,Gay carrot top,"my lovely assistant (auto-detected, please verify)",0.0
3941.7,2026-09-29T06:16:32.686000+00:00,@moneymagic6119,CARROT TOP CANCELLED,"my lovely assistant (auto-detected, please verify)",0.0
3941.8,2026-09-29T06:16:32.835000+00:00,@RationalMorality,REFUND,"my lovely assistant (auto-detected, please verify)",0.0
3944.4,2026-09-29T06:16:35.445000+00:00,@Neuro.Goyim.711,Solid ,"my lovely assistant (auto-detected, please verify)",0.0
3948.0,2026-09-29T06:16:38.997000+00:00,@Robin-yg5tq,not the worst,"my lovely assistant (auto-detected, please verify)",-1.0
3949.8,2026-09-29T06:16:40.822000+00:00,@LorraineTH829,This is horrible ,"my lovely assistant (auto-detected, please verify)",0.0
3950.2,2026-09-29T06:16:41.238000+00:00,@patrickglaser1560,this was a god damned horror shla,"my lovely assistant (auto-detected, please verify)",0.0
3955.8,2026-09-29T06:16:46.778000+00:00,@leedlelee-l2d,Like I said he advocates for deepfake porn without limitations. Fucking weirdo,"my lovely assistant (auto-detected, please verify)",0.0
3956.0,2026-09-29T06:16:47.049000+00:00,@legendarystuff,he should be investigated after the show,"my lovely assistant (auto-detected, please verify)",0.0
3956.2,2026-09-29T06:16:47.167000+00:00,@CarlCramer88,How the hell are you just gonna buy another comedian style?,"my lovely assistant (auto-detected, please verify)",0.0
3960.8,2026-09-29T06:16:51.789000+00:00,@MathewRidenour,she should shove those props up your ass,"my lovely assistant (auto-detected, please verify)",0.0
3961.0,2026-09-29T06:16:52.020000+00:00,@Gwaustino98,"Much like a car crash, I can’t look away","my lovely assistant (auto-detected, please verify)",0.0
3961.6,2026-09-29T06:16:52.638000+00:00,@DeronJohnson70,Corky ,"my lovely assistant (auto-detected, please verify)",0.0
3962.5,2026-09-29T06:16:53.497000+00:00,@rocjames1,you blow,"my lovely assistant (auto-detected, please verify)",0.0
3963.0,2026-09-29T06:16:54.006000+00:00,@CarlCramer88,Bite ,"my lovely assistant (auto-detected, please verify)",0.0
3964.7,2026-09-29T06:16:55.676000+00:00,@patrickglaser1560,too early for Halloween,"my lovely assistant (auto-detected, please verify)",0.0
3966.0,2026-09-29T06:16:56.966000+00:00,@D.M.ggww21,Wooh poke fun at one of the best comedians,"my lovely assistant (auto-detected, please verify)",0.0
3969.9,2026-09-29T06:17:00.923000+00:00,@Robin-yg5tq,,"my lovely assistant (auto-detected, please verify)",0.0
3975.0,2026-09-29T06:17:05.999000+00:00,@Hackofalltrades-mh5fq,prop puns,"my lovely assistant (auto-detected, please verify)",0.0
3984.6,2026-09-29T06:17:15.562000+00:00,@OhSchrumpf,Carrot top rules,"my lovely assistant (auto-detected, please verify)",0.0
3986.0,2026-09-29T06:17:17.002000+00:00,@Tggddjkhvv00,,"my lovely assistant (auto-detected, please verify)",0.0
3992.6,2026-09-29T06:17:23.575000+00:00,@RationalMorality,Props are gay,"my lovely assistant (auto-detected, please verify)",0.0
4002.0,2026-09-29T06:17:33.001000+00:00,@OhSchrumpf,Where does he live the dollar store ? ,"my lovely assistant (auto-detected, please verify)",0.0
4005.5,2026-09-29T06:17:36.541000+00:00,@MathewRidenour,"new prop, your nuts","my lovely assistant (auto-detected, please verify)",0.0
4008.2,2026-09-29T06:17:39.168000+00:00,@LorraineTH829,Carrot top is horrible ,"my lovely assistant (auto-detected, please verify)",0.0
4017.0,2026-09-29T06:17:48.015000+00:00,@rocjames1,thats tRump hand,"my lovely assistant (auto-detected, please verify)",0.0
4027.1,2026-09-29T06:17:58.120000+00:00,@Mountainbilly801,Carrot Top is great,"my lovely assistant (auto-detected, please verify)",0.0
4029.2,2026-09-29T06:18:00.237000+00:00,@patrickglaser1560,tough act to follow,"my lovely assistant (auto-detected, please verify)",0.0
4031.1,2026-09-29T06:18:02.104000+00:00,@Robin-yg5tq,ohno,"my lovely assistant (auto-detected, please verify)",0.0
4040.0,2026-09-29T06:18:10.958000+00:00,@LorraineTH829,Yes I’m a surfer  ,"my lovely assistant (auto-detected, please verify)",1.0
4040.0,2026-09-29T06:18:10.967000+00:00,@Robin-yg5tq,,"my lovely assistant (auto-detected, please verify)",0.0
4041.9,2026-09-29T06:18:12.892000+00:00,@OhSchrumpf,Harland Williams is crashing out,"my lovely assistant (auto-detected, please verify)",0.0
4042.4,2026-09-29T06:18:13.360000+00:00,@DeronJohnson70,,"my lovely assistant (auto-detected, please verify)",0.0
4049.4,2026-09-29T06:18:20.380000+00:00,@legendarystuff,look at this old man,"my lovely assistant (auto-detected, please verify)",0.0
4051.5,2026-09-29T06:18:22.532000+00:00,@Hackofalltrades-mh5fq,we heard alright,"my lovely assistant (auto-detected, please verify)",0.0
4059.3,2026-09-29T06:18:30.291000+00:00,@CarlCramer88,Damn Nickel bag goes for $15 in Hawaii,"my lovely assistant (auto-detected, please verify)",0.0
4060.5,2026-09-29T06:18:31.538000+00:00,@Mountainbilly801,"@rocjames1 Your mom wants you to come upstairs, your Pop-Tarts are getting cold.","my lovely assistant (auto-detected, please verify)",0.0
4060.6,2026-09-29T06:18:31.615000+00:00,@D.M.ggww21,Lorraine . You know carrotTop ,"my lovely assistant (auto-detected, please verify)",0.0
4062.2,2026-09-29T06:18:33.193000+00:00,@rocjames1,winner winner pervert dinner,"my lovely assistant (auto-detected, please verify)",0.0
4062.2,2026-09-29T06:18:33.227000+00:00,@MathewRidenour,"hang ten, on your sack","my lovely assistant (auto-detected, please verify)",0.0
4068.3,2026-09-29T06:18:39.267000+00:00,@RationalMorality,Beach boys are like 60 years ago,"my lovely assistant (auto-detected, please verify)",0.0
4068.8,2026-09-29T06:18:39.755000+00:00,@OhSchrumpf,Vagina,"my lovely assistant (auto-detected, please verify)",0.0
4070.6,2026-09-29T06:18:41.608000+00:00,@Robin-yg5tq,dont quit your dayjob,"my lovely assistant (auto-detected, please verify)",0.0
4073.6,2026-09-29T06:18:44.571000+00:00,@Sereous313,talking about the beach boys like they just came out.,"my lovely assistant (auto-detected, please verify)",0.0
4075.2,2026-09-29T06:18:46.237000+00:00,@patrickglaser1560,Hawaii taxes the haoles,"my lovely assistant (auto-detected, please verify)",0.0
4079.5,2026-09-29T06:18:50.528000+00:00,@MathewRidenour,WTF,"my lovely assistant (auto-detected, please verify)",0.0
4081.8,2026-09-29T06:18:52.794000+00:00,@LorraineTH829, ,"my lovely assistant (auto-detected, please verify)",0.0
4086.2,2026-09-29T06:18:57.243000+00:00,@RationalMorality,This guy is senile,"my lovely assistant (auto-detected, please verify)",0.0
4086.3,2026-09-29T06:18:57.316000+00:00,@Gwaustino98,This guy is just ranting?,"my lovely assistant (auto-detected, please verify)",0.0
4087.0,2026-09-29T06:18:58.014000+00:00,@McMisfit,sharks,"my lovely assistant (auto-detected, please verify)",0.0
4090.0,2026-09-29T06:19:01.042000+00:00,@LorraineTH829, ,"my lovely assistant (auto-detected, please verify)",0.0
4091.2,2026-09-29T06:19:02.213000+00:00,@johnanthandoe1144,Haha oxegyn nice ,"my lovely assistant (auto-detected, please verify)",1.0
4098.1,2026-09-29T06:19:09.143000+00:00,@OhSchrumpf,Oh man Portlands comedian's are wack ,"my lovely assistant (auto-detected, please verify)",0.0
4099.2,2026-09-29T06:19:10.202000+00:00,@ludwigd100,,"my lovely assistant (auto-detected, please verify)",0.0
4099.8,2026-09-29T06:19:10.776000+00:00,@DeronJohnson70,Get pitted dude,"my lovely assistant (auto-detected, please verify)",0.0
4103.4,2026-09-29T06:19:14.409000+00:00,@patrickglaser1560,Ya brian wilson... whoever he is,"my lovely assistant (auto-detected, please verify)",0.0
4106.9,2026-09-29T06:19:17.915000+00:00,@Robin-yg5tq,,"my lovely assistant (auto-detected, please verify)",0.0
4110.8,2026-09-29T06:19:21.767000+00:00,@MathewRidenour,he forgot he was divorced,"my lovely assistant (auto-detected, please verify)",0.0
4112.6,2026-09-29T06:19:23.602000+00:00,@ludwigd100,,"my lovely assistant (auto-detected, please verify)",0.0
4112.7,2026-09-29T06:19:23.691000+00:00,@RationalMorality,Portland SUCKS,"my lovely assistant (auto-detected, please verify)",0.0
4116.3,2026-09-29T06:19:27.284000+00:00,@legendarystuff,he's nervous,"my lovely assistant (auto-detected, please verify)",0.0
4116.6,2026-09-29T06:19:27.650000+00:00,@LorraineTH829,,"my lovely assistant (auto-detected, please verify)",0.0
4119.6,2026-09-29T06:19:30.606000+00:00,@Sereous313,Beo looks like a mega church pastor on a drunken sabbatical.,"my lovely assistant (auto-detected, please verify)",0.0
4123.4,2026-09-29T06:19:34.398000+00:00,@ftsdwtbal,he was married lol never forget the timeline,"my lovely assistant (auto-detected, please verify)",1.0
4123.8,2026-09-29T06:19:34.847000+00:00,@jpppez,2 years away from needing a dog,"my lovely assistant (auto-detected, please verify)",0.0
4130.4,2026-09-29T06:19:41.380000+00:00,@CarlCramer88,His wife sends him here for a couple hours every Monday so she could get some real sex at the house,"my lovely assistant (auto-detected, please verify)",0.0
4135.2,2026-09-29T06:19:46.246000+00:00,@ludwigd100,come home DAD,"my lovely assistant (auto-detected, please verify)",0.0
4138.3,2026-09-29T06:19:49.257000+00:00,@Gwaustino98,Oh wow,"my lovely assistant (auto-detected, please verify)",0.0
4143.9,2026-09-29T06:19:54.928000+00:00,@patrickglaser1560,were waiting for it too amirite chat?,"my lovely assistant (auto-detected, please verify)",0.0
4148.7,2026-09-29T06:19:59.680000+00:00,@OhSchrumpf,2 years away from a good set ,"my lovely assistant (auto-detected, please verify)",0.0
4150.0,2026-09-29T06:20:00.973000+00:00,@Robin-yg5tq,not funny,"my lovely assistant (auto-detected, please verify)",-1.0
4153.6,2026-09-29T06:20:04.616000+00:00,@TheMothomas,I’m just sayin,"my lovely assistant (auto-detected, please verify)",0.0
4162.5,2026-09-29T06:20:13.517000+00:00,@patrickglaser1560,knowm sayin,"my lovely assistant (auto-detected, please verify)",0.0
4165.5,2026-09-29T06:20:16.453000+00:00,@MathewRidenour,Harland wants his haircut back,"my lovely assistant (auto-detected, please verify)",0.0
4165.6,2026-09-29T06:20:16.645000+00:00,@OhSchrumpf,Say these nuts,"my lovely assistant (auto-detected, please verify)",0.0
4169.9,2026-09-29T06:20:20.876000+00:00,@rocjames1,he works at a meth lab,"my lovely assistant (auto-detected, please verify)",0.0
4176.2,2026-09-29T06:20:27.245000+00:00,@RationalMorality,,"my lovely assistant (auto-detected, please verify)",0.0
4177.9,2026-09-29T06:20:28.884000+00:00,@patrickglaser1560,Getting kinda? hes there,"my lovely assistant (auto-detected, please verify)",0.0
4178.6,2026-09-29T06:20:29.563000+00:00,@LorraineTH829,His dog laughed so he became a comedian ,"my lovely assistant (auto-detected, please verify)",0.0
4182.8,2026-09-29T06:20:33.836000+00:00,@OhSchrumpf,Gayyyyy,"my lovely assistant (auto-detected, please verify)",0.0
4185.9,2026-09-29T06:20:36.944000+00:00,@Robin-yg5tq,who keeps inviting this dude,"my lovely assistant (auto-detected, please verify)",0.0
4186.4,2026-09-29T06:20:37.366000+00:00,@DeronJohnson70,He’s plowing right through at least,"my lovely assistant (auto-detected, please verify)",0.0
4187.5,2026-09-29T06:20:38.508000+00:00,@McMisfit,nasty,"my lovely assistant (auto-detected, please verify)",0.0
4189.1,2026-09-29T06:20:40.060000+00:00,@TheMothomas,Dearg Lottery ,"my lovely assistant (auto-detected, please verify)",0.0
4194.5,2026-09-29T06:20:45.505000+00:00,@Gwaustino98,Bros daughter is cooked,"my lovely assistant (auto-detected, please verify)",0.0
4198.1,2026-09-29T06:20:49.057000+00:00,@RationalMorality,He's just ranting,"my lovely assistant (auto-detected, please verify)",0.0
4199.0,2026-09-29T06:20:49.980000+00:00,@patrickglaser1560,boomer alert ,"my lovely assistant (auto-detected, please verify)",0.0
4201.0,2026-09-29T06:20:51.992000+00:00,@OhSchrumpf,Inherrit dez nuts,"my lovely assistant (auto-detected, please verify)",0.0
4205.6,2026-09-29T06:20:56.561000+00:00,@CarlCramer88,Is your daughter hot?,"my lovely assistant (auto-detected, please verify)",0.0
4214.0,2026-09-29T06:21:04.987000+00:00,@legendarystuff,I don't understand anything he's saying,"my lovely assistant (auto-detected, please verify)",0.0
4216.7,2026-09-29T06:21:07.673000+00:00,@rocjames1,should stay as a door man,"my lovely assistant (auto-detected, please verify)",0.0
4226.0,2026-09-29T06:21:16.965000+00:00,@angelozicarelli541,there are actually a lot of people living with their parents in this economy,"my lovely assistant (auto-detected, please verify)",0.0
4227.6,2026-09-29T06:21:18.552000+00:00,@moneymagic6119,Grandpa off his meds,"my lovely assistant (auto-detected, please verify)",0.0
4228.3,2026-09-29T06:21:19.310000+00:00,@Robin-yg5tq,dont quit your job for this,"my lovely assistant (auto-detected, please verify)",0.0
4230.9,2026-09-29T06:21:21.948000+00:00,@LorraineTH829,Either do I ,"my lovely assistant (auto-detected, please verify)",0.0
4233.8,2026-09-29T06:21:24.849000+00:00,@patrickglaser1560,he took acid back in the day,"my lovely assistant (auto-detected, please verify)",0.0
4234.5,2026-09-29T06:21:25.475000+00:00,@OhSchrumpf,Anyone speak Boomer crashout ?,"my lovely assistant (auto-detected, please verify)",0.0
4235.2,2026-09-29T06:21:26.208000+00:00,@ludwigd100,drugs,"my lovely assistant (auto-detected, please verify)",0.0
4238.1,2026-09-29T06:21:29.139000+00:00,@Mountainbilly801,@patrickglaser1560 Snowflake alert,"my lovely assistant (auto-detected, please verify)",0.0
4252.2,2026-09-29T06:21:43.184000+00:00,@johnanthandoe1144,He was not talking about interviews ,"my lovely assistant (auto-detected, please verify)",0.0
4256.4,2026-09-29T06:21:47.357000+00:00,@DeronJohnson70,Mitch McConnell moment ,"my lovely assistant (auto-detected, please verify)",0.0
4258.5,2026-09-29T06:21:49.460000+00:00,@Gwaustino98,He’s been dipping his hand in the pill jars,"my lovely assistant (auto-detected, please verify)",0.0
4258.6,2026-09-29T06:21:49.617000+00:00,@OhSchrumpf,Mountainbilly is in utah,"my lovely assistant (auto-detected, please verify)",0.0
4260.8,2026-09-29T06:21:51.755000+00:00,@ludwigd100,,"my lovely assistant (auto-detected, please verify)",0.0
4262.8,2026-09-29T06:21:53.775000+00:00,@LorraineTH829,I see him dead 8n 5 years ,"my lovely assistant (auto-detected, please verify)",0.0
4264.1,2026-09-29T06:21:55.146000+00:00,@CarlCramer88,You suck I’m just saying,"my lovely assistant (auto-detected, please verify)",0.0
4268.1,2026-09-29T06:21:59.088000+00:00,@rocjames1,He finally got the restrainting order.,"my lovely assistant (auto-detected, please verify)",0.0
4270.2,2026-09-29T06:22:01.151000+00:00,@Robin-yg5tq,story time again ,"my lovely assistant (auto-detected, please verify)",0.0
4270.6,2026-09-29T06:22:01.620000+00:00,@patrickglaser1560,I am very based and more of a hill billy than you mountain,"my lovely assistant (auto-detected, please verify)",1.0
4270.9,2026-09-29T06:22:01.927000+00:00,@MichaelBrogans-q3e,dude has done some extensive product sampling,"my lovely assistant (auto-detected, please verify)",0.0
4272.5,2026-09-29T06:22:03.536000+00:00,@MathewRidenour,ADHD,"my lovely assistant (auto-detected, please verify)",0.0
4274.5,2026-09-29T06:22:05.507000+00:00,@McMisfit,should i mix Oxy and Vallium and Amitriptyline,"my lovely assistant (auto-detected, please verify)",0.0
4274.6,2026-09-29T06:22:05.584000+00:00,@moneymagic6119,yes he's dying,"my lovely assistant (auto-detected, please verify)",1.0
4275.4,2026-09-29T06:22:06.422000+00:00,@Ballsmcgee117,a real life wizard,"my lovely assistant (auto-detected, please verify)",0.0
4277.3,2026-09-29T06:22:08.319000+00:00,@LorraineTH829,,"my lovely assistant (auto-detected, please verify)",0.0
4282.6,2026-09-29T06:22:13.582000+00:00,@Robin-yg5tq,story time with grandpa ,"my lovely assistant (auto-detected, please verify)",0.0
4285.4,2026-09-29T06:22:16.396000+00:00,@OhSchrumpf,"You suck , you Jackass","my lovely assistant (auto-detected, please verify)",0.0
4287.2,2026-09-29T06:22:18.158000+00:00,@Robin-yg5tq,,"my lovely assistant (auto-detected, please verify)",0.0
4288.1,2026-09-29T06:22:19.137000+00:00,@DeronJohnson70,,"my lovely assistant (auto-detected, please verify)",0.0
4293.7,2026-09-29T06:22:24.666000+00:00,@RationalMorality,He's still high on the acid he took in the 70s,"my lovely assistant (auto-detected, please verify)",0.0
4295.2,2026-09-29T06:22:26.188000+00:00,@Drifta032,Make some speed then if your tired ,"my lovely assistant (auto-detected, please verify)",0.0
4299.0,2026-09-29T06:22:29.991000+00:00,@moneymagic6119,love u Grandpa rick,"my lovely assistant (auto-detected, please verify)",1.0
4299.1,2026-09-29T06:22:30.093000+00:00,@MountainTiger001,Cubbies will win ,"my lovely assistant (auto-detected, please verify)",0.0
4301.7,2026-09-29T06:22:32.693000+00:00,@Hackofalltrades-mh5fq,...,"my lovely assistant (auto-detected, please verify)",0.0
4307.9,2026-09-29T06:22:38.950000+00:00,@Media_Hits_Maxxer,part of the problem,"my lovely assistant (auto-detected, please verify)",0.0
4308.7,2026-09-29T06:22:39.689000+00:00,@rocjames1,mean while back at the chair,"my lovely assistant (auto-detected, please verify)",0.0
4308.9,2026-09-29T06:22:39.856000+00:00,@MathewRidenour,where is the comedy,"my lovely assistant (auto-detected, please verify)",0.0
4310.8,2026-09-29T06:22:41.795000+00:00,@ludwigd100,,"my lovely assistant (auto-detected, please verify)",0.0
4319.3,2026-09-29T06:22:50.281000+00:00,@OhSchrumpf,Redban no,"my buddy Bash (auto-detected, please verify)",0.0
4319.5,2026-09-29T06:22:50.489000+00:00,@johnanthandoe1144,Haha the guy in the back wooing after a horrible set ,"my buddy Bash (auto-detected, please verify)",1.0
4323.1,2026-09-29T06:22:54.076000+00:00,@Robin-yg5tq,worst ever,"my buddy Bash (auto-detected, please verify)",-1.0
4323.7,2026-09-29T06:22:54.738000+00:00,@legendarystuff,my brain was twisting and turning listening to old man,"my buddy Bash (auto-detected, please verify)",0.0
4334.6,2026-09-29T06:23:05.576000+00:00,@DeronJohnson70,Woooooooooh,"my buddy Bash (auto-detected, please verify)",0.0
4334.7,2026-09-29T06:23:05.721000+00:00,@ftsdwtbal,Definitely monday comedy lol,"my buddy Bash (auto-detected, please verify)",1.0
4357.6,2026-09-29T06:23:28.621000+00:00,@CarlCramer88,Is this the suicide bomber?,"my buddy Bash (auto-detected, please verify)",-1.0
4359.0,2026-09-29T06:23:29.984000+00:00,@MathewRidenour,right off the bat,"my buddy Bash (auto-detected, please verify)",0.0
4361.3,2026-09-29T06:23:32.300000+00:00,@OhSchrumpf,Can I get 10 on pump 6 ?,"my buddy Bash (auto-detected, please verify)",0.0
4368.4,2026-09-29T06:23:39.387000+00:00,@patrickglaser1560,call tom homan!,"my buddy Bash (auto-detected, please verify)",0.0
4369.1,2026-09-29T06:23:40.113000+00:00,@RationalMorality,Someone call ICE,"my buddy Bash (auto-detected, please verify)",0.0
4374.1,2026-09-29T06:23:45.123000+00:00,@jpppez,who the fuck let this guy hit,"my buddy Bash (auto-detected, please verify)",0.0
4375.3,2026-09-29T06:23:46.306000+00:00,@D.M.ggww21,Mispelt ,"my buddy Bash (auto-detected, please verify)",0.0
4375.7,2026-09-29T06:23:46.739000+00:00,@Sereous313,looks like a middle eastern Adam Sandler,"my buddy Bash (auto-detected, please verify)",0.0
4378.7,2026-09-29T06:23:49.724000+00:00,@Media_Hits_Maxxer,gay,"my buddy Bash (auto-detected, please verify)",0.0
4382.2,2026-09-29T06:23:53.237000+00:00,@DeronJohnson70,Not this again. We know we know u had a kid,"my buddy Bash (auto-detected, please verify)",0.0
4383.1,2026-09-29T06:23:54.149000+00:00,@johnanthandoe1144,Lol ,"my buddy Bash (auto-detected, please verify)",1.0
4383.4,2026-09-29T06:23:54.390000+00:00,@LorraineTH829, ,"my buddy Bash (auto-detected, please verify)",0.0
4386.3,2026-09-29T06:23:57.288000+00:00,@McMisfit,aloha snackbar,"my buddy Bash (auto-detected, please verify)",0.0
4389.0,2026-09-29T06:24:00.011000+00:00,@Robin-yg5tq,Adam sandals,"my buddy Bash (auto-detected, please verify)",0.0
4397.3,2026-09-29T06:24:08.349000+00:00,@OhSchrumpf,Muslim Tony Hingcliff,"my buddy Bash (auto-detected, please verify)",0.0
4401.1,2026-09-29T06:24:12.140000+00:00,@rocjames1,he talking about his nuts being together,"my buddy Bash (auto-detected, please verify)",0.0
4405.6,2026-09-29T06:24:16.592000+00:00,@Gwaustino98,Boom that’s it,"my buddy Bash (auto-detected, please verify)",0.0
4417.2,2026-09-29T06:24:28.174000+00:00,@jpppez,BasharUnfunny,"my buddy Bash (auto-detected, please verify)",0.0
4418.4,2026-09-29T06:24:29.397000+00:00,@leedlelee-l2d,Only one here that doesn’t look like he’s on crack,"my buddy Bash (auto-detected, please verify)",0.0
4419.3,2026-09-29T06:24:30.337000+00:00,@MichaelBrogans-q3e,"sorry about Saddam, bro","my buddy Bash (auto-detected, please verify)",0.0
4426.0,2026-09-29T06:24:37.003000+00:00,@OhSchrumpf,Send him to Austin 2-3 years and forget,"my buddy Bash (auto-detected, please verify)",0.0
4429.0,2026-09-29T06:24:40.019000+00:00,@Alkemystikal-c7r,wearing sandals is half the point of living on Maui,"my buddy Bash (auto-detected, please verify)",0.0
4434.5,2026-09-29T06:24:45.489000+00:00,@Media_Hits_Maxxer,lgbtq myslum,"my buddy Bash (auto-detected, please verify)",0.0
4435.6,2026-09-29T06:24:46.570000+00:00,@moneymagic6119,Bashar Ahkbar,"my buddy Bash (auto-detected, please verify)",0.0
4443.6,2026-09-29T06:24:54.597000+00:00,@CarlCramer88,"Well, I’m glad you’re renting scooters and not airplanes","my buddy Bash (auto-detected, please verify)",0.0
4455.6,2026-09-29T06:25:06.587000+00:00,@rocjames1,gomer pile if he's 6 8,"my buddy Bash (auto-detected, please verify)",0.0
4456.8,2026-09-29T06:25:07.797000+00:00,@OhSchrumpf,"Israel called , you bombed ","my buddy Bash (auto-detected, please verify)",-1.0
4461.4,2026-09-29T06:25:12.360000+00:00,@moneymagic6119,carl are you really going up,"my buddy Bash (auto-detected, please verify)",0.0
4469.4,2026-09-29T06:25:20.433000+00:00,@ludwigd100,,"my buddy Bash (auto-detected, please verify)",0.0
4469.8,2026-09-29T06:25:20.762000+00:00,@jpppez,Vasectomy on groupon ,"yourself (auto-detected, please verify)",0.0
4470.2,2026-09-29T06:25:21.218000+00:00,@LorraineTH829,Not funny ,"yourself (auto-detected, please verify)",-1.0
4473.6,2026-09-29T06:25:24.649000+00:00,@CarlCramer88,All da way,"yourself (auto-detected, please verify)",0.0
4481.1,2026-09-29T06:25:32.067000+00:00,@dokterk,@CarlCramer88 Ooph! lol,"yourself (auto-detected, please verify)",1.0
4483.0,2026-09-29T06:25:33.958000+00:00,@patrickglaser1560,it's funny because its true,"yourself (auto-detected, please verify)",1.0
4483.3,2026-09-29T06:25:34.331000+00:00,@D.M.ggww21,Muslim. . In Hawaii. LOL don’t know Muslims. At allHahaha.,"yourself (auto-detected, please verify)",1.0
4486.8,2026-09-29T06:25:37.776000+00:00,@Robin-yg5tq,,"yourself (auto-detected, please verify)",0.0
4502.5,2026-09-29T06:25:53.477000+00:00,@McMisfit,lmfao,"yourself (auto-detected, please verify)",1.0
4502.7,2026-09-29T06:25:53.720000+00:00,@ludwigd100,hung low,"yourself (auto-detected, please verify)",0.0
4508.5,2026-09-29T06:25:59.509000+00:00,@leapea4,,"yourself (auto-detected, please verify)",0.0
4509.1,2026-09-29T06:26:00.064000+00:00,@OhSchrumpf,Show bobs,"yourself (auto-detected, please verify)",0.0
4516.0,2026-09-29T06:26:06.966000+00:00,@OhSchrumpf,Poonjob,"yourself (auto-detected, please verify)",0.0
4525.1,2026-09-29T06:26:16.099000+00:00,@rocjames1,Listen for the clicking sound,"yourself (auto-detected, please verify)",0.0
4531.0,2026-09-29T06:26:21.956000+00:00,@RationalMorality,,"yourself (auto-detected, please verify)",0.0
4541.3,2026-09-29T06:26:32.299000+00:00,@TheMothomas,He’s a translator from the war yall don’t even know. Good dude,"yourself (auto-detected, please verify)",0.0
4546.5,2026-09-29T06:26:37.537000+00:00,@OhSchrumpf,Your bombing again Kareem,"yourself (auto-detected, please verify)",-1.0
4551.6,2026-09-29T06:26:42.592000+00:00,@DeronJohnson70,Alah snackbar ,"yourself (auto-detected, please verify)",0.0
4558.1,2026-09-29T06:26:49.062000+00:00,@RationalMorality,This guy looks like he's gonna bomb,"yourself (auto-detected, please verify)",-1.0
4566.4,2026-09-29T06:26:57.418000+00:00,@patrickglaser1560,were not sorry for it,"yourself (auto-detected, please verify)",0.0
4567.9,2026-09-29T06:26:58.907000+00:00,@jpppez,LGPTSD,"yourself (auto-detected, please verify)",0.0
4569.0,2026-09-29T06:27:00.010000+00:00,@ludwigd100,hmmmm,"yourself (auto-detected, please verify)",0.0
4574.4,2026-09-29T06:27:05.404000+00:00,@leedlelee-l2d,He has potential ,"yourself (auto-detected, please verify)",0.0
4585.2,2026-09-29T06:27:16.184000+00:00,@CarlCramer88,No we’re actually happy,"yourself (auto-detected, please verify)",0.0
4586.7,2026-09-29T06:27:17.698000+00:00,@ludwigd100,,"yourself (auto-detected, please verify)",0.0
4587.9,2026-09-29T06:27:18.894000+00:00,@OhSchrumpf,His set needs some freedom ,"yourself (auto-detected, please verify)",0.0
4588.1,2026-09-29T06:27:19.051000+00:00,@LorraineTH829,Zzzz,"yourself (auto-detected, please verify)",0.0
4594.8,2026-09-29T06:27:25.846000+00:00,@rocjames1,he work at 1 of only 2 gas station ,"yourself (auto-detected, please verify)",0.0
4603.2,2026-09-29T06:27:34.230000+00:00,@moneymagic6119,oh hell nah ,"yourself (auto-detected, please verify)",0.0
4610.9,2026-09-29T06:27:41.877000+00:00,@Ballsmcgee117,yeah zohan,"yourself (auto-detected, please verify)",0.0
4611.3,2026-09-29T06:27:42.341000+00:00,@ludwigd100,,"yourself (auto-detected, please verify)",0.0
4612.3,2026-09-29T06:27:43.333000+00:00,@OhSchrumpf,,"yourself (auto-detected, please verify)",0.0
4613.9,2026-09-29T06:27:44.923000+00:00,@CarlCramer88,He’s an aircraft school now he’s learning how to fly airplanes,"yourself (auto-detected, please verify)",0.0
4614.1,2026-09-29T06:27:45.070000+00:00,@LorraineTH829,Go back to 711 ,"yourself (auto-detected, please verify)",0.0
4619.3,2026-09-29T06:27:50.344000+00:00,@johnanthandoe1144,It’s about to be a brawl ,"yourself (auto-detected, please verify)",0.0
4619.8,2026-09-29T06:27:50.760000+00:00,@D.M.ggww21,IraqiAmerican. . Is that a thing,"yourself (auto-detected, please verify)",0.0
4621.7,2026-09-29T06:27:52.702000+00:00,@McMisfit,good one bashar,"yourself (auto-detected, please verify)",0.0
4623.4,2026-09-29T06:27:54.430000+00:00,@EricNelson1236,they want to get carrot topped,"yourself (auto-detected, please verify)",0.0
4623.6,2026-09-29T06:27:54.586000+00:00,@moneymagic6119,CHAIR,"yourself (auto-detected, please verify)",0.0
4628.5,2026-09-29T06:27:59.463000+00:00,@St4rbltz,"he did pretty good, but a word of advice stop saying ok so much","yourself (auto-detected, please verify)",0.0
4646.0,2026-09-29T06:28:17.021000+00:00,@OhSchrumpf,Let me go Redban,"Ed (auto-detected, please verify)",0.0
4646.3,2026-09-29T06:28:17.285000+00:00,@rocjames1,love the sands,"Ed (auto-detected, please verify)",1.0
4664.9,2026-09-29T06:28:35.915000+00:00,@tswion,Sup Skylerrrrr,"Ed (auto-detected, please verify)",0.0
4672.5,2026-09-29T06:28:43.517000+00:00,@patrickglaser1560,rocjames is a khajiit,"Ed (auto-detected, please verify)",0.0
4678.5,2026-09-29T06:28:49.532000+00:00,@D.M.ggww21, I don’t care I’m funnier than all these fools. . ,"Ed (auto-detected, please verify)",0.0
4692.5,2026-09-29T06:29:03.475000+00:00,@RationalMorality,,"Ed (auto-detected, please verify)",0.0
4695.1,2026-09-29T06:29:06.114000+00:00,@moneymagic6119,why does it still say Bashar ,"Ed (auto-detected, please verify)",0.0
4704.4,2026-09-29T06:29:15.435000+00:00,@jackcarr3361,Oh that’s what it means. ,"Ed (auto-detected, please verify)",0.0
4707.3,2026-09-29T06:29:18.323000+00:00,@CarlCramer88,Listen here you don’t wanna be calling the chat about your dumbasses. We are way more qualified to be up there on stage and you guys.,"Ed (auto-detected, please verify)",0.0
4708.6,2026-09-29T06:29:19.629000+00:00,@rocjames1,He controls the hormuz,"Ed (auto-detected, please verify)",0.0
4712.0,2026-09-29T06:29:22.951000+00:00,@OhSchrumpf,Zip it surfer dude,"Ed (auto-detected, please verify)",0.0
4719.9,2026-09-29T06:29:30.858000+00:00,@patrickglaser1560,but hes not str8,"Ed (auto-detected, please verify)",0.0
4722.5,2026-09-29T06:29:33.477000+00:00,@LorraineTH829, ,"Ed (auto-detected, please verify)",0.0
4724.0,2026-09-29T06:29:35.042000+00:00,@DeronJohnson70,No dumbass ,"Ed (auto-detected, please verify)",0.0
4730.5,2026-09-29T06:29:41.526000+00:00,@Neuro.Goyim.711,Dennis Rodman Vibez ,"Ed (auto-detected, please verify)",0.0
4731.8,2026-09-29T06:29:42.759000+00:00,@Sereous313,Jamie Fox done fell the fuck off,"Ed (auto-detected, please verify)",0.0
4735.0,2026-09-29T06:29:45.976000+00:00,@St4rbltz,"I knew what blasian meant, call us dumbasses?? BOY BYE","Ed (auto-detected, please verify)",0.0
4738.6,2026-09-29T06:29:49.608000+00:00,@OhSchrumpf,Id do him,"Ed (auto-detected, please verify)",0.0
4739.1,2026-09-29T06:29:50.109000+00:00,@leedlelee-l2d,You right carl ,"Ed (auto-detected, please verify)",0.0
4743.4,2026-09-29T06:29:54.424000+00:00,@ludwigd100,,"Ed (auto-detected, please verify)",0.0
4750.7,2026-09-29T06:30:01.651000+00:00,@CarlCramer88,,"Ed (auto-detected, please verify)",0.0
4757.1,2026-09-29T06:30:08.117000+00:00,@TheMothomas,Edd Da dredd!,"Ed (auto-detected, please verify)",0.0
4766.5,2026-09-29T06:30:17.476000+00:00,@patrickglaser1560,enhanced screening candidate right here,"Ed (auto-detected, please verify)",0.0
4777.5,2026-09-29T06:30:28.499000+00:00,@EricNelson1236,I am blind you know,"Ed (auto-detected, please verify)",0.0
4777.6,2026-09-29T06:30:28.637000+00:00,@leedlelee-l2d,Haha I smoke weed haha I do what everyone else in the bar does ,"Ed (auto-detected, please verify)",1.0
4780.7,2026-09-29T06:30:31.743000+00:00,@St4rbltz,dres head cowboy..riding a horse down lake shore drive in Chicago,"Ed (auto-detected, please verify)",0.0
4784.2,2026-09-29T06:30:35.172000+00:00,@ludwigd100,☻ damn blood,"Ed (auto-detected, please verify)",0.0
4784.2,2026-09-29T06:30:35.194000+00:00,@RationalMorality,DEI comic,"Ed (auto-detected, please verify)",0.0
4790.8,2026-09-29T06:30:41.760000+00:00,@patrickglaser1560,step out of line sir,"Ed (auto-detected, please verify)",0.0
4790.9,2026-09-29T06:30:41.902000+00:00,@OhSchrumpf,Ladies and gentlemen Bruno Mars,"Ed (auto-detected, please verify)",0.0
4801.0,2026-09-29T06:30:52.049000+00:00,@MichaelBrogans-q3e,WHITE PEOPLE. Am I right?,"Ed (auto-detected, please verify)",0.0
4809.1,2026-09-29T06:31:00.114000+00:00,@TheMothomas,Hamaican hair week. He’s dreading it,"Ed (auto-detected, please verify)",0.0
4812.3,2026-09-29T06:31:03.328000+00:00,@CarlCramer88,"Take another eight weeks off, please","Ed (auto-detected, please verify)",0.0
4813.4,2026-09-29T06:31:04.444000+00:00,@ludwigd100,,"Ed (auto-detected, please verify)",0.0
4816.9,2026-09-29T06:31:07.922000+00:00,@OhSchrumpf,Look at those losers ,"Ed (auto-detected, please verify)",0.0
4819.5,2026-09-29T06:31:10.520000+00:00,@jackcarr3361,Looks like someone who would skimboard. Whatever that means.,"Ed (auto-detected, please verify)",0.0
4826.8,2026-09-29T06:31:17.792000+00:00,@St4rbltz,"let's see, hmmmm, yeah, just like the last guy saying ok constantly, can't just smoothly go into the next joke","Ed (auto-detected, please verify)",0.0
4835.0,2026-09-29T06:31:25.996000+00:00,@CarlCramer88,lol @schrumph,"Ed (auto-detected, please verify)",1.0
4844.0,2026-09-29T06:31:34.991000+00:00,@OhSchrumpf,Fake news what a loser,"Ed (auto-detected, please verify)",0.0
4850.5,2026-09-29T06:31:41.520000+00:00,@rocjames1,El bino bob marley,"Ed (auto-detected, please verify)",0.0
4855.1,2026-09-29T06:31:46.055000+00:00,@ludwigd100,☻ that's someone boy,"Ed (auto-detected, please verify)",0.0
4855.4,2026-09-29T06:31:46.420000+00:00,@CarlCramer88,I said you know I’ve never heard of skim boarding before and I don’t wanna know what it is,"Ed (auto-detected, please verify)",0.0
4861.1,2026-09-29T06:31:52.051000+00:00,@tswion,Waiting for the tight 5,"Ed (auto-detected, please verify)",0.0
4872.4,2026-09-29T06:32:03.422000+00:00,@ludwigd100,,"Ed (auto-detected, please verify)",0.0
4877.0,2026-09-29T06:32:07.962000+00:00,@DeronJohnson70,Shiiii happens ,"Ed (auto-detected, please verify)",0.0
4877.0,2026-09-29T06:32:08.042000+00:00,@St4rbltz,"what is this, elementary school yard jokes","Ed (auto-detected, please verify)",0.0
4877.8,2026-09-29T06:32:08.849000+00:00,@OhSchrumpf,Gayyyyy,"Ed (auto-detected, please verify)",0.0
4886.0,2026-09-29T06:32:16.952000+00:00,@MichaelBrogans-q3e,he was only gone for 8 weeks but we wished it was forever,"Ed (auto-detected, please verify)",0.0
4886.2,2026-09-29T06:32:17.184000+00:00,@JakeMc413,his mom told him he was funny....,"Ed (auto-detected, please verify)",1.0
4897.3,2026-09-29T06:32:28.304000+00:00,@rocjames1,look like Sammy Davis Jr,"Ed (auto-detected, please verify)",0.0
4906.9,2026-09-29T06:32:37.920000+00:00,@RationalMorality,,"Ed (auto-detected, please verify)",0.0
4910.6,2026-09-29T06:32:41.571000+00:00,@leedlelee-l2d,Is this comedy or yap sesh,"Ed (auto-detected, please verify)",0.0
4913.0,2026-09-29T06:32:43.992000+00:00,@TheMothomas,He’s a Teacher. So summers off,"Ed (auto-detected, please verify)",0.0
4916.5,2026-09-29T06:32:47.493000+00:00,@EricNelson1236,"the one that had her period,still finished the bloody race though","Ed (auto-detected, please verify)",0.0
4917.1,2026-09-29T06:32:48.123000+00:00,@ludwigd100,candy man,"Ed (auto-detected, please verify)",0.0
4921.9,2026-09-29T06:32:52.925000+00:00,@CarlCramer88,I work around the Amish every day. They’ll put up a house in a couple hours.,"Ed (auto-detected, please verify)",0.0
4924.5,2026-09-29T06:32:55.522000+00:00,@CaptaInCav3man,Cattleprod this guy throw him out the back and tell the cops he got hit by a car ,"Ed (auto-detected, please verify)",0.0
4929.4,2026-09-29T06:33:00.403000+00:00,@GarfieldArbuckle-ks3xf,This isn’t great ,"Ed (auto-detected, please verify)",0.0
4940.4,2026-09-29T06:33:11.391000+00:00,@D.M.ggww21,This guy.,"Ed (auto-detected, please verify)",0.0
4943.2,2026-09-29T06:33:14.158000+00:00,@RationalMorality,Booooo,"Ed (auto-detected, please verify)",0.0
4948.7,2026-09-29T06:33:19.688000+00:00,@St4rbltz,Amish and the word mf don't go In the same sentence,"Ed (auto-detected, please verify)",0.0
4959.8,2026-09-29T06:33:30.784000+00:00,@JakeMc413,what? original Amish?,"Ed (auto-detected, please verify)",0.0
4961.0,2026-09-29T06:33:32.033000+00:00,@OhSchrumpf,Boooo,"Ed (auto-detected, please verify)",0.0
4962.2,2026-09-29T06:33:33.214000+00:00,@patrickglaser1560,Amish wouldn't fly to Hawaii,"Ed (auto-detected, please verify)",0.0
4964.0,2026-09-29T06:33:35.013000+00:00,@GarfieldArbuckle-ks3xf,Who cares about Amish people bro ,"Ed (auto-detected, please verify)",0.0
4966.4,2026-09-29T06:33:37.422000+00:00,@DeronJohnson70,Big fan of the menonites ,"Ed (auto-detected, please verify)",0.0
4968.6,2026-09-29T06:33:39.609000+00:00,@TheMothomas,Don’t fuk with Amish,"Ed (auto-detected, please verify)",0.0
4970.5,2026-09-29T06:33:41.467000+00:00,@D.M.ggww21,Dam funny,"Ed (auto-detected, please verify)",1.0
4971.5,2026-09-29T06:33:42.516000+00:00,@EricNelson1236,my black Amish son,"Ed (auto-detected, please verify)",0.0
4972.8,2026-09-29T06:33:43.761000+00:00,@rocjames1,skin flute,"Ed (auto-detected, please verify)",0.0
4976.9,2026-09-29T06:33:47.905000+00:00,@St4rbltz,"cussing more now, guess he's cool","Ed (auto-detected, please verify)",0.0
4984.4,2026-09-29T06:33:55.408000+00:00,@CarlCramer88,It’s called a chili bowl haircut,"Ed (auto-detected, please verify)",0.0
4984.6,2026-09-29T06:33:55.568000+00:00,@patrickglaser1560,go back to Pennsylvania,"Ed (auto-detected, please verify)",0.0
4990.7,2026-09-29T06:34:01.665000+00:00,@OhSchrumpf,Your two dads got mullets,"Ed (auto-detected, please verify)",0.0
4990.8,2026-09-29T06:34:01.811000+00:00,@RationalMorality,Wack,"Ed (auto-detected, please verify)",0.0
4993.2,2026-09-29T06:34:04.228000+00:00,@MichaelBrogans-q3e,"Amish could potentially canoe to Hawaii, tho","Ed (auto-detected, please verify)",0.0
4994.8,2026-09-29T06:34:05.820000+00:00,@JakeMc413,thank God,"Ed (auto-detected, please verify)",0.0
4999.2,2026-09-29T06:34:10.216000+00:00,@GarfieldArbuckle-ks3xf,Laugh it off little bro ,"Ed (auto-detected, please verify)",0.0
4999.7,2026-09-29T06:34:10.711000+00:00,@rocjames1,Rodman kid,"Ed (auto-detected, please verify)",0.0
5002.8,2026-09-29T06:34:13.823000+00:00,@St4rbltz,I dread Ed,"Ed (auto-detected, please verify)",0.0
5010.4,2026-09-29T06:34:21.353000+00:00,@OhSchrumpf,Thanks a lot red ban,"Ed (auto-detected, please verify)",0.0
5011.0,2026-09-29T06:34:22.012000+00:00,@GarfieldArbuckle-ks3xf,He gonna cry in the car ,"Ed (auto-detected, please verify)",0.0
5013.4,2026-09-29T06:34:24.361000+00:00,@CaptaInCav3man,Purgatory for unfunny comedians ,"Ed (auto-detected, please verify)",0.0
5020.3,2026-09-29T06:34:31.295000+00:00,@johnanthandoe1144,Let’s move it along ,"Ed (auto-detected, please verify)",0.0
5023.2,2026-09-29T06:34:34.155000+00:00,@ludwigd100,,"MISS SASHA (auto-detected, please verify)",0.0
5023.7,2026-09-29T06:34:34.733000+00:00,@D.M.ggww21,Great set,"MISS SASHA (auto-detected, please verify)",0.0
5026.1,2026-09-29T06:34:37.142000+00:00,@robertwzell4078,Do these people get paid with suspicious little baggies to get up there and NOT tell jokes?,"MISS SASHA (auto-detected, please verify)",0.0
5032.9,2026-09-29T06:34:43.889000+00:00,@St4rbltz,exactly move on,"MISS SASHA (auto-detected, please verify)",0.0
5040.0,2026-09-29T06:34:50.986000+00:00,@JakeMc413,mixed boy tries to be racist,"MISS SASHA (auto-detected, please verify)",0.0
5041.3,2026-09-29T06:34:52.345000+00:00,@leedlelee-l2d,Oh noooooooo,"MISS SASHA (auto-detected, please verify)",0.0
5047.1,2026-09-29T06:34:58.093000+00:00,@CaptaInCav3man,Captain Spaulding looking host ,"MISS SASHA (auto-detected, please verify)",0.0
5054.0,2026-09-29T06:35:05.012000+00:00,@RationalMorality,Chicks,"MISS SASHA (auto-detected, please verify)",0.0
5058.3,2026-09-29T06:35:09.281000+00:00,@OhSchrumpf,Dude looks like a lady ,"MISS SASHA (auto-detected, please verify)",0.0
5062.3,2026-09-29T06:35:13.318000+00:00,@DeronJohnson70,Wooooooo,"MISS SASHA (auto-detected, please verify)",0.0
5063.0,2026-09-29T06:35:13.982000+00:00,@EricNelson1236,sniffs the mic,"MISS SASHA (auto-detected, please verify)",0.0
5063.7,2026-09-29T06:35:14.725000+00:00,@patrickglaser1560,shes crazy... she has potential,"MISS SASHA (auto-detected, please verify)",0.0
5065.7,2026-09-29T06:35:16.735000+00:00,@moneymagic6119,I'd smash,"MISS SASHA (auto-detected, please verify)",0.0
5073.0,2026-09-29T06:35:24.029000+00:00,@OhSchrumpf,Zip it Marsha,"MISS SASHA (auto-detected, please verify)",0.0
5074.8,2026-09-29T06:35:25.813000+00:00,@Ballsmcgee117,not again,"MISS SASHA (auto-detected, please verify)",0.0
5077.3,2026-09-29T06:35:28.271000+00:00,@CarlCramer88,The crowd is going at it. They’re not even paying attention.,"MISS SASHA (auto-detected, please verify)",0.0
5078.1,2026-09-29T06:35:29.061000+00:00,@JakeMc413,nice hair,"MISS SASHA (auto-detected, please verify)",0.0
5081.6,2026-09-29T06:35:32.577000+00:00,@robertwzell4078,take off your top!!!,"MISS SASHA (auto-detected, please verify)",0.0
5085.6,2026-09-29T06:35:36.604000+00:00,@patrickglaser1560,shes losing the crowd,"MISS SASHA (auto-detected, please verify)",0.0
5085.7,2026-09-29T06:35:36.682000+00:00,@leedlelee-l2d,Ughhhhhhhh no one gives a shit,"MISS SASHA (auto-detected, please verify)",0.0
5090.1,2026-09-29T06:35:41.096000+00:00,@ludwigd100,,"MISS SASHA (auto-detected, please verify)",0.0
5096.6,2026-09-29T06:35:47.575000+00:00,@RationalMorality,What is she complaining about?,"MISS SASHA (auto-detected, please verify)",0.0
5098.8,2026-09-29T06:35:49.816000+00:00,@moneymagic6119,does the curtain match the drapes?,"MISS SASHA (auto-detected, please verify)",0.0
5100.7,2026-09-29T06:35:51.703000+00:00,@JakeMc413,too many knots happening,"MISS SASHA (auto-detected, please verify)",0.0
5102.1,2026-09-29T06:35:53.104000+00:00,@CarlCramer88,"If I was sitting in the crowd, I would turn my chair the other way","MISS SASHA (auto-detected, please verify)",0.0
5105.5,2026-09-29T06:35:56.509000+00:00,@OhSchrumpf,How many meds you think shes on chat??,"MISS SASHA (auto-detected, please verify)",0.0
5113.8,2026-09-29T06:36:04.777000+00:00,@patrickglaser1560,yes,"MISS SASHA (auto-detected, please verify)",1.0
5115.5,2026-09-29T06:36:06.463000+00:00,@CaptaInCav3man,I’d throw tomatoes ,"MISS SASHA (auto-detected, please verify)",0.0
5119.6,2026-09-29T06:36:10.613000+00:00,@OhSchrumpf,Nice skirt bro,"MISS SASHA (auto-detected, please verify)",0.0
5120.4,2026-09-29T06:36:11.350000+00:00,@ludwigd100,,"MISS SASHA (auto-detected, please verify)",0.0
5131.0,2026-09-29T06:36:21.952000+00:00,@JakeMc413,wouldn't waste tomatoes,"MISS SASHA (auto-detected, please verify)",0.0
5131.7,2026-09-29T06:36:22.652000+00:00,@rocjames1,horse pulling the chair,"MISS SASHA (auto-detected, please verify)",0.0
5137.4,2026-09-29T06:36:28.393000+00:00,@OhSchrumpf,Okay cave woman,"MISS SASHA (auto-detected, please verify)",0.0
5143.7,2026-09-29T06:36:34.675000+00:00,@moneymagic6119,Jesus can the crowd be any louder,"MISS SASHA (auto-detected, please verify)",0.0
5145.5,2026-09-29T06:36:36.547000+00:00,@johnanthandoe1144,Zulu or something? Haha,"MISS SASHA (auto-detected, please verify)",1.0
5148.5,2026-09-29T06:36:39.460000+00:00,@TheMothomas,Just wait for it,"MISS SASHA (auto-detected, please verify)",0.0
5153.5,2026-09-29T06:36:44.486000+00:00,@EricNelson1236,when my sis lies through her teeth,"MISS SASHA (auto-detected, please verify)",0.0
5153.8,2026-09-29T06:36:44.821000+00:00,@OhSchrumpf,Zulu dez nuts b word,"MISS SASHA (auto-detected, please verify)",0.0
5153.9,2026-09-29T06:36:44.943000+00:00,@RationalMorality,She's on that post partum strong stuff,"MISS SASHA (auto-detected, please verify)",0.0
5155.4,2026-09-29T06:36:46.381000+00:00,@leedlelee-l2d,"This is what you tell your friends at brunch, not to a crowd on a stage ","MISS SASHA (auto-detected, please verify)",0.0
5159.2,2026-09-29T06:36:50.151000+00:00,@CarlCramer88,The crowd don’t give a fuck about her. She must be one of those Karen’s.,"MISS SASHA (auto-detected, please verify)",0.0
5164.7,2026-09-29T06:36:55.666000+00:00,@patrickglaser1560,i think i figured it out... shes an improv actress,"MISS SASHA (auto-detected, please verify)",0.0
5165.2,2026-09-29T06:36:56.188000+00:00,@rocjames1,yellow means slow down,"MISS SASHA (auto-detected, please verify)",0.0
5167.0,2026-09-29T06:36:57.975000+00:00,@McMisfit,same jk as last time,"MISS SASHA (auto-detected, please verify)",0.0
5171.4,2026-09-29T06:37:02.391000+00:00,@CaptaInCav3man,Somebody put a dildo in her already ,"MISS SASHA (auto-detected, please verify)",0.0
5176.0,2026-09-29T06:37:06.999000+00:00,@patrickglaser1560,shes intentionally bombing,"MISS SASHA (auto-detected, please verify)",-1.0
5177.3,2026-09-29T06:37:08.311000+00:00,@jackcarr3361,He’s one of those Dutch Zulu ,"MISS SASHA (auto-detected, please verify)",0.0
5179.5,2026-09-29T06:37:10.524000+00:00,@DeronJohnson70,Vandersloot ,"MISS SASHA (auto-detected, please verify)",0.0
5184.1,2026-09-29T06:37:15.055000+00:00,@moneymagic6119,she needs a new haircut,"MISS SASHA (auto-detected, please verify)",0.0
5194.6,2026-09-29T06:37:25.556000+00:00,@OhSchrumpf,Tnis guy stinks,"MISS SASHA (auto-detected, please verify)",0.0
5195.1,2026-09-29T06:37:26.084000+00:00,@JakeMc413,is this a long story?,"MISS SASHA (auto-detected, please verify)",0.0
5201.1,2026-09-29T06:37:32.070000+00:00,@johnanthandoe1144,Hell yeah ,"MISS SASHA (auto-detected, please verify)",0.0
5203.7,2026-09-29T06:37:34.661000+00:00,@RationalMorality,What is she mumbling about?,"MISS SASHA (auto-detected, please verify)",0.0
5205.9,2026-09-29T06:37:36.871000+00:00,@patrickglaser1560,no it's no story,"MISS SASHA (auto-detected, please verify)",0.0
5213.0,2026-09-29T06:37:43.967000+00:00,@CarlCramer88,This is supposed to be comedy lady not your life story,"MISS SASHA (auto-detected, please verify)",0.0
5215.9,2026-09-29T06:37:46.869000+00:00,@robertwzell4078,Take off your shirt and use it to cover those knees,"MISS SASHA (auto-detected, please verify)",0.0
5225.7,2026-09-29T06:37:56.700000+00:00,@EricNelson1236,to africa,"MISS SASHA (auto-detected, please verify)",0.0
5226.5,2026-09-29T06:37:57.480000+00:00,@rocjames1,gene wilder wife WTF,"MISS SASHA (auto-detected, please verify)",0.0
5231.6,2026-09-29T06:38:02.575000+00:00,@alisonwayland6057,For the love of ChatGPT get fresh new material!!!,"MISS SASHA (auto-detected, please verify)",1.0
5232.2,2026-09-29T06:38:03.248000+00:00,@CaptaInCav3man,She’s like a captcha shit always buggin ,"MISS SASHA (auto-detected, please verify)",0.0
5233.2,2026-09-29T06:38:04.186000+00:00,@patrickglaser1560,she's doing a bit to troll the crowd,"MISS SASHA (auto-detected, please verify)",0.0
5234.9,2026-09-29T06:38:05.923000+00:00,@DeronJohnson70,And then…,"MISS SASHA (auto-detected, please verify)",0.0
5237.9,2026-09-29T06:38:08.918000+00:00,@OhSchrumpf,Whats this guys deal,"MISS SASHA (auto-detected, please verify)",0.0
5246.4,2026-09-29T06:38:17.429000+00:00,@JakeMc413,Coke is a powerful drug,"MISS SASHA (auto-detected, please verify)",0.0
5246.5,2026-09-29T06:38:17.501000+00:00,@leedlelee-l2d,Conciseness is a skill you don’t possess ,"MISS SASHA (auto-detected, please verify)",0.0
5257.1,2026-09-29T06:38:28.130000+00:00,@moneymagic6119,she just talks about guys all the time ,"MISS SASHA (auto-detected, please verify)",0.0
5263.2,2026-09-29T06:38:34.222000+00:00,@Hackofalltrades-mh5fq,Rock to head Anesthesiologist,"MISS SASHA (auto-detected, please verify)",0.0
5264.3,2026-09-29T06:38:35.293000+00:00,@McMisfit,it's the only thing in her life worth talking about,"MISS SASHA (auto-detected, please verify)",0.0
5266.9,2026-09-29T06:38:37.926000+00:00,@RationalMorality,This venue should be shut down and fined,"MISS SASHA (auto-detected, please verify)",0.0
5270.9,2026-09-29T06:38:41.945000+00:00,@johnanthandoe1144,Yikes ,"MISS SASHA (auto-detected, please verify)",-1.0
5278.3,2026-09-29T06:38:49.339000+00:00,@alisonwayland6057,repeating 1 set each week is a horrible drug,"MISS SASHA (auto-detected, please verify)",0.0
5279.3,2026-09-29T06:38:50.261000+00:00,@CaptaInCav3man,Y’all give it up for Cat lady ,"MISS SASHA (auto-detected, please verify)",0.0
5285.1,2026-09-29T06:38:56.141000+00:00,@EricNelson1236,black btw,"MISS SASHA (auto-detected, please verify)",0.0
5286.4,2026-09-29T06:38:57.362000+00:00,@CarlCramer88,You know she’s never getting laid. It’s been forever.,"MISS SASHA (auto-detected, please verify)",0.0
5288.3,2026-09-29T06:38:59.310000+00:00,@Ballsmcgee117,and then what happened?,"MISS SASHA (auto-detected, please verify)",0.0
5288.7,2026-09-29T06:38:59.712000+00:00,@JakeMc413,go back somewhere,"MISS SASHA (auto-detected, please verify)",0.0
5292.6,2026-09-29T06:39:03.599000+00:00,@jackcarr3361,No idea what she just said ,"MISS SASHA (auto-detected, please verify)",0.0
5294.6,2026-09-29T06:39:05.608000+00:00,@rocjames1,bear foot in pregnant? 2 months,"MISS SASHA (auto-detected, please verify)",0.0
5296.1,2026-09-29T06:39:07.097000+00:00,@DeronJohnson70,,"MISS SASHA (auto-detected, please verify)",0.0
5296.5,2026-09-29T06:39:07.519000+00:00,@OhSchrumpf,Wow this lady is good ,"MISS SASHA (auto-detected, please verify)",0.0
5303.1,2026-09-29T06:39:14.138000+00:00,@JakeMc413,1 time at bandcamp,"MISS SASHA (auto-detected, please verify)",0.0
5310.2,2026-09-29T06:39:21.208000+00:00,@OhSchrumpf,Good job b word,"MISS SASHA (auto-detected, please verify)",0.0
5317.4,2026-09-29T06:39:28.362000+00:00,@patrickglaser1560,one hundred percent shes laughing at the crowd,"MISS SASHA (auto-detected, please verify)",0.0
5317.6,2026-09-29T06:39:28.576000+00:00,@CaptaInCav3man,I remember my first joke ,"MISS SASHA (auto-detected, please verify)",0.0
5319.3,2026-09-29T06:39:30.267000+00:00,@johnanthandoe1144,Not really ,"MISS SASHA (auto-detected, please verify)",0.0
5323.2,2026-09-29T06:39:34.235000+00:00,@DeronJohnson70,Yessssss,"MISS SASHA (auto-detected, please verify)",0.0
5326.6,2026-09-29T06:39:37.645000+00:00,@McMisfit,new story next time please,"MISS SASHA (auto-detected, please verify)",0.0
5335.3,2026-09-29T06:39:46.276000+00:00,@MichaelBrogans-q3e,she thinks she's too good to get pushed off a cliff. what a diva,"MISS SASHA (auto-detected, please verify)",0.0
5336.1,2026-09-29T06:39:47.070000+00:00,@MexiHoney17,What did I miss???,"MISS SASHA (auto-detected, please verify)",0.0
5341.7,2026-09-29T06:39:52.660000+00:00,@OhSchrumpf,Thanks a lot gat redban,"MISS SASHA (auto-detected, please verify)",0.0
5348.5,2026-09-29T06:39:59.474000+00:00,@CarlCramer88,Nothing mexi ,"MISS SASHA (auto-detected, please verify)",0.0
5354.4,2026-09-29T06:40:05.448000+00:00,@CarlCramer88,Second hand embarrassment ,"MISS SASHA (auto-detected, please verify)",0.0
5354.9,2026-09-29T06:40:05.857000+00:00,@MexiHoney17,,"MISS SASHA (auto-detected, please verify)",0.0
5359.5,2026-09-29T06:40:10.542000+00:00,@rocjames1,"she sits down, that's one lucky chair","MISS SASHA (auto-detected, please verify)",0.0
5364.4,2026-09-29T06:40:15.430000+00:00,@OhSchrumpf,Zip it Dr Drew,"MISS SASHA (auto-detected, please verify)",0.0
5372.0,2026-09-29T06:40:22.973000+00:00,@JakeMc413,is that Father McDougal?,"MISS SASHA (auto-detected, please verify)",0.0
5375.2,2026-09-29T06:40:26.247000+00:00,@CarlCramer88,Dr Drew lol,"MISS SASHA (auto-detected, please verify)",1.0
5383.7,2026-09-29T06:40:34.674000+00:00,@patrickglaser1560,he does have that look,"MISS SASHA (auto-detected, please verify)",0.0
5384.4,2026-09-29T06:40:35.393000+00:00,@Hackofalltrades-mh5fq,lol ^,"MISS SASHA (auto-detected, please verify)",1.0
5389.9,2026-09-29T06:40:40.945000+00:00,@MexiHoney17,Damn grandpa got some nice arms ,"MISS SASHA (auto-detected, please verify)",0.0
5395.2,2026-09-29T06:40:46.152000+00:00,@CaptaInCav3man,Looking like a member of Heavens Gate ,"MISS SASHA (auto-detected, please verify)",0.0
5402.0,2026-09-29T06:40:53.030000+00:00,@patrickglaser1560,its the beard,"MISS SASHA (auto-detected, please verify)",0.0
5404.3,2026-09-29T06:40:55.293000+00:00,@CarlCramer88,He looks like he has internet crimes on his record ,"MISS SASHA (auto-detected, please verify)",0.0
5413.3,2026-09-29T06:41:04.309000+00:00,@OhSchrumpf,Stop your jokes,"MISS SASHA (auto-detected, please verify)",0.0
5418.8,2026-09-29T06:41:09.836000+00:00,@JakeMc413,all he's missing is the white collar,"MISS SASHA (auto-detected, please verify)",0.0
5422.5,2026-09-29T06:41:13.489000+00:00,@EricNelson1236,let me get the kfc colonel,"MISS SASHA (auto-detected, please verify)",0.0
5425.4,2026-09-29T06:41:16.439000+00:00,@patrickglaser1560,troof,"MISS SASHA (auto-detected, please verify)",0.0
5429.9,2026-09-29T06:41:20.901000+00:00,@moneymagic6119,dirty dan,"MISS SASHA (auto-detected, please verify)",0.0
5438.2,2026-09-29T06:41:29.222000+00:00,@rocjames1,I'm glad she got the 2 pics instead of the 1,"MISS SASHA (auto-detected, please verify)",0.0
5445.1,2026-09-29T06:41:36.139000+00:00,@MexiHoney17,,"MISS SASHA (auto-detected, please verify)",0.0
5445.2,2026-09-29T06:41:36.155000+00:00,@CaptaInCav3man,Jim jones would of totally convinced him ,"MISS SASHA (auto-detected, please verify)",0.0
5445.4,2026-09-29T06:41:36.447000+00:00,@TheMothomas,That dan so punny,"MISS SASHA (auto-detected, please verify)",0.0
5448.1,2026-09-29T06:41:39.122000+00:00,@patrickglaser1560,boos from the crowd,"MISS SASHA (auto-detected, please verify)",0.0
5451.0,2026-09-29T06:41:42.020000+00:00,@CarlCramer88,You’re behind @rocjsmes,"MISS SASHA (auto-detected, please verify)",0.0
5464.9,2026-09-29T06:41:55.850000+00:00,@RationalMorality,put the cat lady back on,"MISS SASHA (auto-detected, please verify)",0.0
5476.6,2026-09-29T06:42:07.564000+00:00,@CarlCramer88,It’s porky ,"MISS SASHA (auto-detected, please verify)",0.0
5484.3,2026-09-29T06:42:15.255000+00:00,@DeronJohnson70,Got any props ??,"MISS SASHA (auto-detected, please verify)",0.0
5484.7,2026-09-29T06:42:15.675000+00:00,@CarlCramer88,  ,"MISS SASHA (auto-detected, please verify)",0.0
5489.8,2026-09-29T06:42:20.777000+00:00,@patrickglaser1560,audhd,"MISS SASHA (auto-detected, please verify)",0.0
5491.2,2026-09-29T06:42:22.245000+00:00,@moneymagic6119,would y'all eat corky cupcake?,"MISS SASHA (auto-detected, please verify)",0.0
5494.9,2026-09-29T06:42:25.866000+00:00,@rocjames1,braille is swell,"MISS SASHA (auto-detected, please verify)",0.0
5499.0,2026-09-29T06:42:30.039000+00:00,@moneymagic6119,,"MISS SASHA (auto-detected, please verify)",0.0
5499.0,2026-09-29T06:42:30.040000+00:00,@Jon-q7i1g,Is this Earl Skakel?,"MISS SASHA (auto-detected, please verify)",0.0
5503.3,2026-09-29T06:42:34.272000+00:00,@Hackofalltrades-mh5fq,Corkies Corky cupcakes,"MISS SASHA (auto-detected, please verify)",0.0
5509.4,2026-09-29T06:42:40.431000+00:00,@St4rbltz,"he's good, finally!","MISS SASHA (auto-detected, please verify)",0.0
5514.1,2026-09-29T06:42:45.106000+00:00,@patrickglaser1560,hes gonna buy those guys a drink after,"MISS SASHA (auto-detected, please verify)",0.0
5516.4,2026-09-29T06:42:47.360000+00:00,@moneymagic6119,Porky Corky Cupcakes,"MISS SASHA (auto-detected, please verify)",0.0
5516.4,2026-09-29T06:42:47.447000+00:00,@johnanthandoe1144,This man is for the birds ,"MISS SASHA (auto-detected, please verify)",0.0
5520.3,2026-09-29T06:42:51.266000+00:00,@OhSchrumpf,Corky got cake chat lol,"MISS SASHA (auto-detected, please verify)",1.0
5526.6,2026-09-29T06:42:57.615000+00:00,@JakeMc413,he's shocked there's audience reactions,"MISS SASHA (auto-detected, please verify)",0.0
5538.3,2026-09-29T06:43:09.255000+00:00,@Jon-q7i1g,What's the difference between a tomato and a Chicopee I would not let a tomato on my face,"MISS SASHA (auto-detected, please verify)",0.0
5539.6,2026-09-29T06:43:10.640000+00:00,@patrickglaser1560,Lowblow,"MISS SASHA (auto-detected, please verify)",0.0
5539.7,2026-09-29T06:43:10.729000+00:00,@OhSchrumpf,Savant dez nutz,"MISS SASHA (auto-detected, please verify)",0.0
5540.5,2026-09-29T06:43:11.476000+00:00,@CarlCramer88,Lol^,"MISS SASHA (auto-detected, please verify)",1.0
5541.2,2026-09-29T06:43:12.174000+00:00,@MichaelBrogans-q3e,everybody needs a diagnosis to feel special these days,"MISS SASHA (auto-detected, please verify)",0.0
5543.8,2026-09-29T06:43:14.808000+00:00,@moneymagic6119,corky caked up,"MISS SASHA (auto-detected, please verify)",0.0
5545.2,2026-09-29T06:43:16.176000+00:00,@TheMothomas,Working out,"MISS SASHA (auto-detected, please verify)",0.0
5550.7,2026-09-29T06:43:21.707000+00:00,@EricNelson1236,use the scalpel,"MISS SASHA (auto-detected, please verify)",0.0
5552.2,2026-09-29T06:43:23.185000+00:00,@CarlCramer88,First time ever getting heckled. He loves it ,"MISS SASHA (auto-detected, please verify)",0.0
5555.1,2026-09-29T06:43:26.130000+00:00,@DeronJohnson70,,"MISS SASHA (auto-detected, please verify)",0.0
5555.4,2026-09-29T06:43:26.425000+00:00,@patrickglaser1560,oh oh ozempic,"MISS SASHA (auto-detected, please verify)",0.0
5557.8,2026-09-29T06:43:28.789000+00:00,@rocjames1,that the haven gates guy,"MISS SASHA (auto-detected, please verify)",0.0
5561.0,2026-09-29T06:43:31.970000+00:00,@OhSchrumpf,Corky gone wild,"MISS SASHA (auto-detected, please verify)",0.0
5568.9,2026-09-29T06:43:39.911000+00:00,@johnanthandoe1144,Shows going off the rails ,"MISS SASHA (auto-detected, please verify)",0.0
5569.8,2026-09-29T06:43:40.847000+00:00,@JakeMc413,uhoh gay shit,"MISS SASHA (auto-detected, please verify)",0.0
5570.1,2026-09-29T06:43:41.073000+00:00,@moneymagic6119,LMAO,"MISS SASHA (auto-detected, please verify)",1.0
5578.4,2026-09-29T06:43:49.431000+00:00,@j-hay46,those hecklers are annoying,"MISS SASHA (auto-detected, please verify)",0.0
5588.5,2026-09-29T06:43:59.490000+00:00,@MichaelBrogans-q3e,this gay guy got a wife?,"MISS SASHA (auto-detected, please verify)",0.0
5592.1,2026-09-29T06:44:03.091000+00:00,@moneymagic6119,crowd drunk asff,"MISS SASHA (auto-detected, please verify)",0.0
5592.2,2026-09-29T06:44:03.222000+00:00,@RationalMorality,,"MISS SASHA (auto-detected, please verify)",0.0
5601.5,2026-09-29T06:44:12.486000+00:00,@Jon-q7i1g,He better get out of there pretty rough crowd. They're too drunk to appreciate him.,"MISS SASHA (auto-detected, please verify)",0.0
5603.7,2026-09-29T06:44:14.684000+00:00,@OhSchrumpf,Corky is a baddie I am i right Portland ?,"MISS SASHA (auto-detected, please verify)",0.0
5608.3,2026-09-29T06:44:19.288000+00:00,@johnanthandoe1144,Wooooo!,"MISS SASHA (auto-detected, please verify)",0.0
5608.7,2026-09-29T06:44:19.655000+00:00,@CarlCramer88,I bet your daughters are embarrassed,"MISS SASHA (auto-detected, please verify)",0.0
5624.0,2026-09-29T06:44:34.957000+00:00,@EricNelson1236,ladies n gentlemen of the jureh,"MISS SASHA (auto-detected, please verify)",0.0
5624.7,2026-09-29T06:44:35.704000+00:00,@j-hay46,yep just a bunch of drunks who think they're funny,"MISS SASHA (auto-detected, please verify)",1.0
5625.4,2026-09-29T06:44:36.445000+00:00,@Hackofalltrades-mh5fq,Eat what???,"MISS SASHA (auto-detected, please verify)",0.0
5627.9,2026-09-29T06:44:38.862000+00:00,@patrickglaser1560,He's scary,"MISS SASHA (auto-detected, please verify)",0.0
5637.0,2026-09-29T06:44:47.951000+00:00,@TheMothomas,99 % of all Dans are Not the Man!,"MISS SASHA (auto-detected, please verify)",0.0
5639.7,2026-09-29T06:44:50.664000+00:00,@DeronJohnson70,Shadow ban,"MISS SASHA (auto-detected, please verify)",0.0
5639.7,2026-09-29T06:44:50.699000+00:00,@Soura3121,eat acid,"MISS SASHA (auto-detected, please verify)",0.0
5643.1,2026-09-29T06:44:54.104000+00:00,@CaptaInCav3man,Can you feel the tension in the air right now I know I do ,"MISS SASHA (auto-detected, please verify)",0.0
5643.3,2026-09-29T06:44:54.334000+00:00,@RationalMorality,oh man,"MISS SASHA (auto-detected, please verify)",0.0
5646.6,2026-09-29T06:44:57.590000+00:00,@rocjames1,the chair starts to smoke again,"MISS SASHA (auto-detected, please verify)",0.0
5647.2,2026-09-29T06:44:58.224000+00:00,@Ballsmcgee117,prescribed to lizzo,"MISS SASHA (auto-detected, please verify)",0.0
5659.1,2026-09-29T06:45:10.054000+00:00,@OhSchrumpf,Ok Red Ban hit the button,"MISS SASHA (auto-detected, please verify)",0.0
5660.1,2026-09-29T06:45:11.112000+00:00,@JakeMc413,$100 bet he is registered,"MISS SASHA (auto-detected, please verify)",0.0
5660.2,2026-09-29T06:45:11.158000+00:00,@DragonflySquad41,hi,"MISS SASHA (auto-detected, please verify)",0.0
5660.8,2026-09-29T06:45:11.769000+00:00,@edwardwelland,no one's listening,"MISS SASHA (auto-detected, please verify)",0.0
5665.3,2026-09-29T06:45:16.314000+00:00,@johnanthandoe1144,"Hell yeah, titties ","MISS SASHA (auto-detected, please verify)",0.0
5667.0,2026-09-29T06:45:17.997000+00:00,@TheMothomas,Dating strippers any out there?,"MISS SASHA (auto-detected, please verify)",0.0
5672.0,2026-09-29T06:45:23.025000+00:00,@ChrisHansen1231,Bro never dated strippers ,"MISS SASHA (auto-detected, please verify)",0.0
5686.0,2026-09-29T06:45:37.028000+00:00,@johnanthandoe1144,Is this guy really running the light? ,"MISS SASHA (auto-detected, please verify)",0.0
5686.4,2026-09-29T06:45:37.431000+00:00,@CaptaInCav3man,They need a fire extinguisher ,"MISS SASHA (auto-detected, please verify)",1.0
5688.6,2026-09-29T06:45:39.582000+00:00,@CarlCramer88,"Hell, I’m not even listening","MISS SASHA (auto-detected, please verify)",0.0
5695.6,2026-09-29T06:45:46.588000+00:00,@Hackofalltrades-mh5fq,huh???,"MISS SASHA (auto-detected, please verify)",0.0
5696.3,2026-09-29T06:45:47.266000+00:00,@TANE-D-80,toerag,"MISS SASHA (auto-detected, please verify)",0.0
5699.1,2026-09-29T06:45:50.099000+00:00,@DragonflySquad41,so that all he could get was strippers got it. I understand the story now,"MISS SASHA (auto-detected, please verify)",0.0
5700.2,2026-09-29T06:45:51.179000+00:00,@DeronJohnson70,,"MISS SASHA (auto-detected, please verify)",0.0
5701.6,2026-09-29T06:45:52.591000+00:00,@moneymagic6119,my ears are bleeding,"MISS SASHA (auto-detected, please verify)",0.0
5707.2,2026-09-29T06:45:58.249000+00:00,@OhSchrumpf,,"MISS SASHA (auto-detected, please verify)",0.0
5707.4,2026-09-29T06:45:58.427000+00:00,@DragonflySquad41,  ,"MISS SASHA (auto-detected, please verify)",0.0
5725.2,2026-09-29T06:46:16.166000+00:00,@DragonflySquad41,money ,"MISS SASHA (auto-detected, please verify)",0.0
5732.0,2026-09-29T06:46:22.994000+00:00,@OhSchrumpf,Oh RedBan,"Mr (auto-detected, please verify)",0.0
5739.6,2026-09-29T06:46:30.641000+00:00,@rocjames1,must be a volcano. near by,"Mr (auto-detected, please verify)",0.0
5744.2,2026-09-29T06:46:35.174000+00:00,@moneymagic6119,Hi DragonFly ,"Mr (auto-detected, please verify)",0.0
5749.2,2026-09-29T06:46:40.206000+00:00,@EricNelson1236,thanks mom n pops,"Mr (auto-detected, please verify)",0.0
5765.4,2026-09-29T06:46:56.416000+00:00,@DeronJohnson70,Oh dear God,"Mr (auto-detected, please verify)",0.0
5767.8,2026-09-29T06:46:58.808000+00:00,@Hackofalltrades-mh5fq,there he is,"Mr (auto-detected, please verify)",0.0
5769.0,2026-09-29T06:46:59.958000+00:00,@CaptaInCav3man,Captain Spaulding ,"Mr (auto-detected, please verify)",0.0
5772.9,2026-09-29T06:47:03.912000+00:00,@moneymagic6119,bruhhh,"Mr (auto-detected, please verify)",0.0
5775.0,2026-09-29T06:47:05.997000+00:00,@OhSchrumpf,Michael Rapaport ??,"Mr (auto-detected, please verify)",0.0
5776.8,2026-09-29T06:47:07.766000+00:00,@johnanthandoe1144,This guy is here to sell weed ,"Mr (auto-detected, please verify)",0.0
5776.9,2026-09-29T06:47:07.917000+00:00,@DragonflySquad41,hi moneyim starting to believe i can do this   ,"Mr (auto-detected, please verify)",0.0
5783.1,2026-09-29T06:47:14.134000+00:00,@ChrisHansen1231,Ted Nugent snuck in ,"Mr (auto-detected, please verify)",0.0
5784.4,2026-09-29T06:47:15.394000+00:00,@OhSchrumpf,Hes bringing meth back,"Mr (auto-detected, please verify)",0.0
5790.0,2026-09-29T06:47:20.968000+00:00,@CarlCramer88,Dear lord,"Mr (auto-detected, please verify)",0.0
5791.9,2026-09-29T06:47:22.855000+00:00,@alisonwayland6057,Omg the poor thing is sick,"Mr (auto-detected, please verify)",0.0
5792.4,2026-09-29T06:47:23.374000+00:00,@j-hay46,old school,"Mr (auto-detected, please verify)",0.0
5794.5,2026-09-29T06:47:25.455000+00:00,@JakeMc413,yeah I'm outta here..later chat,"Mr (auto-detected, please verify)",0.0
5794.9,2026-09-29T06:47:25.897000+00:00,@CarlCramer88,Help us all,"Mr (auto-detected, please verify)",0.0
5803.1,2026-09-29T06:47:34.066000+00:00,@CarlCramer88,lol Alison !,"Mr (auto-detected, please verify)",1.0
5805.8,2026-09-29T06:47:36.796000+00:00,@bigskunk808,That stinks ,"Mr (auto-detected, please verify)",0.0
5811.0,2026-09-29T06:47:42.022000+00:00,@OhSchrumpf,Beat it Jake,"Mr (auto-detected, please verify)",0.0
5823.0,2026-09-29T06:47:53.977000+00:00,@DragonflySquad41,interesting,"Mr (auto-detected, please verify)",0.0
5828.3,2026-09-29T06:47:59.286000+00:00,@EricNelson1236,some squid jizz,"Mr (auto-detected, please verify)",0.0
5833.4,2026-09-29T06:48:04.373000+00:00,@DeronJohnson70,Count down to Chubacca impression ,"Mr (auto-detected, please verify)",0.0
5837.6,2026-09-29T06:48:08.608000+00:00,@CaptaInCav3man,Meth comedian he has a shot ,"Mr (auto-detected, please verify)",0.0
5846.8,2026-09-29T06:48:17.786000+00:00,@McMisfit,nothing worse than getting poked by skinny strippers nipple,"Mr (auto-detected, please verify)",0.0
5849.2,2026-09-29T06:48:20.181000+00:00,@rocjames1,he must of been breastfed by his daddy,"Mr (auto-detected, please verify)",0.0
5850.1,2026-09-29T06:48:21.142000+00:00,@kingtoxic7089,whatever he’s on… I want some ,"Mr (auto-detected, please verify)",0.0
5850.6,2026-09-29T06:48:21.635000+00:00,@OhSchrumpf,"Meth sales are up in Maui , I am I right Portland ???","Mr (auto-detected, please verify)",0.0
5855.9,2026-09-29T06:48:26.885000+00:00,@ChrisHansen1231,Lmao. Chat only thing funny ,"Mr (auto-detected, please verify)",1.0
5873.3,2026-09-29T06:48:44.286000+00:00,@TANE-D-80,lieutenant dans new legs,"Mr (auto-detected, please verify)",0.0
5880.6,2026-09-29T06:48:51.582000+00:00,@OhSchrumpf,F your meth ,"Mr (auto-detected, please verify)",0.0
5882.5,2026-09-29T06:48:53.520000+00:00,@edwardwelland,nice shirt,"Mr (auto-detected, please verify)",0.0
5882.9,2026-09-29T06:48:53.906000+00:00,@DragonflySquad41,lets be respectful guys he looks completely normal,"Mr (auto-detected, please verify)",0.0
5885.8,2026-09-29T06:48:56.792000+00:00,@moneymagic6119,Uh oh Chris Hansen in the chat ,"Mr (auto-detected, please verify)",0.0
5890.5,2026-09-29T06:49:01.453000+00:00,@chinolaforge525,TANE FTW!!!,"Mr (auto-detected, please verify)",0.0
5898.8,2026-09-29T06:49:09.808000+00:00,@alisonwayland6057,he should really see a Dr for that cough,"Mr (auto-detected, please verify)",0.0
5900.7,2026-09-29T06:49:11.744000+00:00,@CarlCramer88,He lives in a tent ,"Mr (auto-detected, please verify)",0.0
5908.1,2026-09-29T06:49:19.150000+00:00,@CarlCramer88,The chair needs to be on the list ,"Mr (auto-detected, please verify)",0.0
5908.8,2026-09-29T06:49:19.779000+00:00,@EricNelson1236,gurl with the long legs,"Mr (auto-detected, please verify)",0.0
5909.2,2026-09-29T06:49:20.241000+00:00,@RationalMorality,,"Mr (auto-detected, please verify)",0.0
5921.7,2026-09-29T06:49:32.734000+00:00,@moneymagic6119,LMAO corky winning,"Mr (auto-detected, please verify)",1.0
5922.2,2026-09-29T06:49:33.165000+00:00,@OhSchrumpf,Wheres Corkster at ? Im trying to smash ,"Mr (auto-detected, please verify)",0.0
5932.1,2026-09-29T06:49:43.102000+00:00,@DragonflySquad41,im sorry hes not funny,"Mr (auto-detected, please verify)",-1.0
5938.9,2026-09-29T06:49:49.856000+00:00,@CaptaInCav3man,He’s like a fallout character you shoot and move on ,"Mr (auto-detected, please verify)",0.0
5945.7,2026-09-29T06:49:56.663000+00:00,@johnanthandoe1144,Just fart into the mic and sit back down ,"Mr (auto-detected, please verify)",0.0
5947.7,2026-09-29T06:49:58.660000+00:00,@kingtoxic7089,he’s funny looking.. that’s something ,"Mr (auto-detected, please verify)",1.0
5951.1,2026-09-29T06:50:02.092000+00:00,@DragonflySquad41,did you guys pay people in there to laugh,"Mr (auto-detected, please verify)",0.0
5953.2,2026-09-29T06:50:04.242000+00:00,@DeronJohnson70,By all that is holy dear lord make it stop,"Mr (auto-detected, please verify)",0.0
5961.4,2026-09-29T06:50:12.432000+00:00,@CarlCramer88,He’s an extra in a movie and now thinks he’s a top paid actor ,"Mr (auto-detected, please verify)",0.0
5967.4,2026-09-29T06:50:18.370000+00:00,@OhSchrumpf,Suggest dex nuts perv man,"Mr (auto-detected, please verify)",0.0
5975.9,2026-09-29T06:50:26.925000+00:00,@sHaneNelsonComedy,Hey if you liked my Rock Bottom bit follow me ,"Mr (auto-detected, please verify)",0.0
5982.4,2026-09-29T06:50:33.394000+00:00,@DragonflySquad41,this guy is definitely single,"Mr (auto-detected, please verify)",0.0
5989.1,2026-09-29T06:50:40.088000+00:00,@moneymagic6119,crowd was quiet earlier definitely rowdy now,"Mr (auto-detected, please verify)",0.0
5991.0,2026-09-29T06:50:42.010000+00:00,@kingtoxic7089,I can tell bro used to crush a lot of puh in his prime ,"Mr (auto-detected, please verify)",0.0
5992.5,2026-09-29T06:50:43.460000+00:00,@CarlCramer88,No he’s gay ,"Mr (auto-detected, please verify)",0.0
5997.1,2026-09-29T06:50:48.114000+00:00,@McMisfit,"corky giggled her whole set, so she atleast made one person laugh ","Mr (auto-detected, please verify)",0.0
6001.0,2026-09-29T06:50:51.971000+00:00,@sHaneNelsonComedy,Also vote for me for comic of the night you mofs ,"Mr (auto-detected, please verify)",0.0
6006.6,2026-09-29T06:50:57.575000+00:00,@OhSchrumpf,"Corky , holla ","Mr (auto-detected, please verify)",0.0
6013.2,2026-09-29T06:51:04.157000+00:00,@alisonwayland6057,how many birds has he dated,"Mr (auto-detected, please verify)",0.0
6020.0,2026-09-29T06:51:10.952000+00:00,@sHaneNelsonComedy,"Go subscribe to my channel, Shane Nelson Comedy ","Mr (auto-detected, please verify)",0.0
6026.0,2026-09-29T06:51:17.029000+00:00,@CaptaInCav3man,He eats meat raw ,"Mr (auto-detected, please verify)",0.0
6033.1,2026-09-29T06:51:24.144000+00:00,@DragonflySquad41,Alison he dated 0,"Mr (auto-detected, please verify)",0.0
6039.2,2026-09-29T06:51:30.157000+00:00,@CarlCramer88,Trump needs to deport this creature ,"Mr (auto-detected, please verify)",0.0
6039.4,2026-09-29T06:51:30.376000+00:00,@moneymagic6119,he definitely has pigeons in his basement,"Mr (auto-detected, please verify)",0.0
6049.5,2026-09-29T06:51:40.547000+00:00,@davofrench4192,Tough watch,"Mr (auto-detected, please verify)",0.0
6049.7,2026-09-29T06:51:40.725000+00:00,@alisonwayland6057,he strikes me as a vegan,"Mr (auto-detected, please verify)",0.0
6049.9,2026-09-29T06:51:40.943000+00:00,@rocjames1,Sean Penn mix with larry bjrd,"Mr (auto-detected, please verify)",0.0
6052.3,2026-09-29T06:51:43.279000+00:00,@OhSchrumpf,Oh what a loser very horrible person wow what a loser ,"Mr (auto-detected, please verify)",0.0
6057.1,2026-09-29T06:51:48.050000+00:00,@RationalMorality,oh man,"Mr (auto-detected, please verify)",0.0
6065.2,2026-09-29T06:51:56.228000+00:00,@EricNelson1236,regular show drew him,"Chino (auto-detected, please verify)",0.0
6071.0,2026-09-29T06:52:02.006000+00:00,@kingtoxic7089,hey now just cause he can’t do comedy doesn’t make him a loser  ,"Chino (auto-detected, please verify)",0.0
6073.4,2026-09-29T06:52:04.398000+00:00,@CarlCramer88,This is terrible. ,"Chino (auto-detected, please verify)",-1.0
6074.9,2026-09-29T06:52:05.867000+00:00,@DragonflySquad41,,"Chino (auto-detected, please verify)",0.0
6076.7,2026-09-29T06:52:07.726000+00:00,@CarlCramer88,Ffs,"Chino (auto-detected, please verify)",0.0
6077.3,2026-09-29T06:52:08.296000+00:00,@OhSchrumpf,Hit the button red ban,"Chino (auto-detected, please verify)",0.0
6079.7,2026-09-29T06:52:10.666000+00:00,@TANE-D-80,yay next toerag,"Chino (auto-detected, please verify)",0.0
6079.9,2026-09-29T06:52:10.865000+00:00,@zachschindel3181,His shirt is cool….,"Chino (auto-detected, please verify)",0.0
6085.0,2026-09-29T06:52:15.986000+00:00,@DeronJohnson70,Sheeeesh,"Chino (auto-detected, please verify)",0.0
6086.0,2026-09-29T06:52:17.049000+00:00,@johnanthandoe1144,Fuck me in the ass..,"Chino (auto-detected, please verify)",0.0
6091.7,2026-09-29T06:52:22.684000+00:00,@Hackofalltrades-mh5fq,...,"Chino (auto-detected, please verify)",0.0
6101.0,2026-09-29T06:52:32.002000+00:00,@CarlCramer88,Thanks for that’s over ,"Chino (auto-detected, please verify)",0.0
6110.0,2026-09-29T06:52:41.037000+00:00,@CaptaInCav3man,Now I see why batons were invented ,"Chino (auto-detected, please verify)",0.0
6111.9,2026-09-29T06:52:42.891000+00:00,@DragonflySquad41,opps I didn't make it ya'll,"Chino (auto-detected, please verify)",0.0
6119.5,2026-09-29T06:52:50.492000+00:00,@DeronJohnson70,Wooooooooh,"Chino (auto-detected, please verify)",0.0
6123.6,2026-09-29T06:52:54.573000+00:00,@alisonwayland6057,Futurama time,"Chino (auto-detected, please verify)",0.0
6137.9,2026-09-29T06:53:08.921000+00:00,@OhSchrumpf,This guy rules ,"Chino (auto-detected, please verify)",0.0
6138.1,2026-09-29T06:53:09.090000+00:00,@Conrad2311,My vote is for Jimbo ,"Chino (auto-detected, please verify)",0.0
6142.1,2026-09-29T06:53:13.112000+00:00,@DragonflySquad41,,"Chino (auto-detected, please verify)",0.0
6142.3,2026-09-29T06:53:13.312000+00:00,@CarlCramer88,Looks like he been in some sort of bender ,"Chino (auto-detected, please verify)",0.0
6143.9,2026-09-29T06:53:14.926000+00:00,@Slice2112,Oof tough start bender ,"Chino (auto-detected, please verify)",0.0
6144.5,2026-09-29T06:53:15.492000+00:00,@CaptaInCav3man,Captain Spaulding ,"Chino (auto-detected, please verify)",0.0
6145.8,2026-09-29T06:53:16.823000+00:00,@kingtoxic7089,bender looks like he’s on his 2nd divorce ,"Chino (auto-detected, please verify)",0.0
6153.3,2026-09-29T06:53:24.300000+00:00,@OhSchrumpf,,"Chino (auto-detected, please verify)",0.0
6154.9,2026-09-29T06:53:25.875000+00:00,@rocjames1,fork  you,"Chino (auto-detected, please verify)",0.0
6161.0,2026-09-29T06:53:32.033000+00:00,@johnanthandoe1144,Woooo!,"Chino (auto-detected, please verify)",0.0
6162.7,2026-09-29T06:53:33.707000+00:00,@moneymagic6119,aww dragonfly your there?,"Chino (auto-detected, please verify)",0.0
6164.9,2026-09-29T06:53:35.920000+00:00,@CarlCramer88,Crowd is drunk ,"Chino (auto-detected, please verify)",0.0
6175.3,2026-09-29T06:53:46.306000+00:00,@alisonwayland6057,"let me guess, Forkie told him to fork off","Chino (auto-detected, please verify)",0.0
6178.2,2026-09-29T06:53:49.244000+00:00,@DragonflySquad41,im here,"Chino (auto-detected, please verify)",0.0
6179.9,2026-09-29T06:53:50.909000+00:00,@CaptaInCav3man,Stick this guy back in his mini fridge ,"Chino (auto-detected, please verify)",0.0
6179.9,2026-09-29T06:53:50.926000+00:00,@OhSchrumpf,F that crowd ,"Chino (auto-detected, please verify)",0.0
6194.3,2026-09-29T06:54:05.322000+00:00,@Slice2112,"Bender, cram more words into this joke, there isn’t enough ","Chino (auto-detected, please verify)",0.0
6194.9,2026-09-29T06:54:05.871000+00:00,@MichaelBrogans-q3e,no hydraulics could lift this dude's set,"Chino (auto-detected, please verify)",0.0
6205.0,2026-09-29T06:54:15.968000+00:00,@DeronJohnson70,Forking jokes are bad,"Chino (auto-detected, please verify)",-1.0
6206.9,2026-09-29T06:54:17.866000+00:00,@johnanthandoe1144,Sick act out ,"Chino (auto-detected, please verify)",0.0
6207.0,2026-09-29T06:54:17.986000+00:00,@DragonflySquad41,I couldn't sleep,"Chino (auto-detected, please verify)",0.0
6212.9,2026-09-29T06:54:23.936000+00:00,@kingtoxic7089,this is the guy at the bar you let talk your ear off while ur waiting for ur bro to come back,"Chino (auto-detected, please verify)",0.0
6218.5,2026-09-29T06:54:29.462000+00:00,@CarlCramer88,No forklift couldn’t his jokes up off the ground ,"Chino (auto-detected, please verify)",0.0
6219.7,2026-09-29T06:54:30.722000+00:00,@alisonwayland6057,Forking STOP,"Chino (auto-detected, please verify)",0.0
6227.2,2026-09-29T06:54:38.215000+00:00,@OhSchrumpf,This guy rules,"Chino (auto-detected, please verify)",0.0
6229.8,2026-09-29T06:54:40.767000+00:00,@zachschindel3181,Is this a joke?,"Chino (auto-detected, please verify)",0.0
6232.5,2026-09-29T06:54:43.464000+00:00,@rocjames1,get the fork outta here,"Chino (auto-detected, please verify)",0.0
6240.1,2026-09-29T06:54:51.142000+00:00,@moneymagic6119,fork off,"Chino (auto-detected, please verify)",0.0
6241.8,2026-09-29T06:54:52.791000+00:00,@DeronJohnson70,Exactly @ King,"Chino (auto-detected, please verify)",1.0
6245.7,2026-09-29T06:54:56.671000+00:00,@DragonflySquad41,,"Chino (auto-detected, please verify)",0.0
6247.3,2026-09-29T06:54:58.300000+00:00,@OhSchrumpf,Bet a dollar he drives a forklift,"Chino (auto-detected, please verify)",0.0
6257.3,2026-09-29T06:55:08.252000+00:00,@CaptaInCav3man,Chicks definitely look down on him ,"Chino (auto-detected, please verify)",0.0
6263.5,2026-09-29T06:55:14.509000+00:00,@kingtoxic7089,@Deron knows lol,"Chino (auto-detected, please verify)",1.0
6265.1,2026-09-29T06:55:16.056000+00:00,@alisonwayland6057,oh fork! no he didnt,"Chino (auto-detected, please verify)",0.0
6275.2,2026-09-29T06:55:26.191000+00:00,@Slice2112,The guys in the warehouse were HOWLING ,"Chino (auto-detected, please verify)",0.0
6286.4,2026-09-29T06:55:37.450000+00:00,@rocjames1,Wasting my fork time,"Chino (auto-detected, please verify)",0.0
6286.7,2026-09-29T06:55:37.679000+00:00,@OhSchrumpf,Any girls with a food addiction wanna chat ???,"Chino (auto-detected, please verify)",0.0
6301.0,2026-09-29T06:55:51.971000+00:00,@johnanthandoe1144,Guy might as well turn around and face the wall,"Chino (auto-detected, please verify)",0.0
6303.8,2026-09-29T06:55:54.801000+00:00,@Hackofalltrades-mh5fq,Guess you had to be there,"Chino (auto-detected, please verify)",0.0
6305.0,2026-09-29T06:55:56.020000+00:00,@DeronJohnson70,Trans jokes. Watch out,"Chino (auto-detected, please verify)",0.0
6306.2,2026-09-29T06:55:57.222000+00:00,@McMisfit,but can he still get it up?,"Chino (auto-detected, please verify)",0.0
6309.1,2026-09-29T06:56:00.107000+00:00,@RationalMorality,Bedtime story,"Chino (auto-detected, please verify)",0.0
6312.5,2026-09-29T06:56:03.524000+00:00,@kingtoxic7089,I bet this was the same convo he had with his tndr date ,"Chino (auto-detected, please verify)",0.0
6314.2,2026-09-29T06:56:05.220000+00:00,@Ballsmcgee117,ha fork juice,"Chino (auto-detected, please verify)",0.0
6317.2,2026-09-29T06:56:08.216000+00:00,@DragonflySquad41,did he take it the shop?,"Chino (auto-detected, please verify)",0.0
6321.4,2026-09-29T06:56:12.367000+00:00,@MichaelBrogans-q3e,no one hangs out with this guy because he just talks about his forklift all the time,"Chino (auto-detected, please verify)",0.0
6328.5,2026-09-29T06:56:19.516000+00:00,@OhSchrumpf,No I will not make out with you,"Chino (auto-detected, please verify)",0.0
6333.3,2026-09-29T06:56:24.273000+00:00,@JorgeCorner,Is this guy doing a TED talk,"Chino (auto-detected, please verify)",0.0
6336.0,2026-09-29T06:56:27.004000+00:00,@rocjames1,no more fork around,"Chino (auto-detected, please verify)",0.0
6338.2,2026-09-29T06:56:29.202000+00:00,@Slice2112,Just absolutely meandering BANALITIES ,"Chino (auto-detected, please verify)",0.0
6339.8,2026-09-29T06:56:30.846000+00:00,@RationalMorality,Oh no not the phone,"Chino (auto-detected, please verify)",0.0
6340.3,2026-09-29T06:56:31.310000+00:00,@EricNelson1236,you like fish sticks?,"Chino (auto-detected, please verify)",0.0
6343.2,2026-09-29T06:56:34.250000+00:00,@CarlCramer88,He’s embarrassed as he should be ,"Chino (auto-detected, please verify)",0.0
6344.4,2026-09-29T06:56:35.368000+00:00,@johnanthandoe1144,Just go sock someone in the crowd bro ,"Chino (auto-detected, please verify)",0.0
6351.9,2026-09-29T06:56:42.888000+00:00,@CaptaInCav3man,Forklift this guy at the top of the warehouse ,"Chino (auto-detected, please verify)",0.0
6353.5,2026-09-29T06:56:44.532000+00:00,@MichaelBrogans-q3e,your phone won't make you funny bro,"Chino (auto-detected, please verify)",1.0
6358.7,2026-09-29T06:56:49.723000+00:00,@CarlCramer88,What is this a small engines class ,"Chino (auto-detected, please verify)",0.0
6364.4,2026-09-29T06:56:55.369000+00:00,@johnanthandoe1144,We are deep in the forklift,"Chino (auto-detected, please verify)",0.0
6367.2,2026-09-29T06:56:58.192000+00:00,@RationalMorality,Just run for the exit,"Chino (auto-detected, please verify)",0.0
6370.2,2026-09-29T06:57:01.248000+00:00,@johnanthandoe1144,Weeds ,"Chino (auto-detected, please verify)",0.0
6383.3,2026-09-29T06:57:14.336000+00:00,@DeronJohnson70,Oh fork me,"Chino (auto-detected, please verify)",0.0
6386.5,2026-09-29T06:57:17.487000+00:00,@alisonwayland6057,it's a Ted Talk,"Chino (auto-detected, please verify)",0.0
6387.0,2026-09-29T06:57:17.967000+00:00,@CarlCramer88,He’s gonna need to leave the island after this set. Damn bro ,"Chino (auto-detected, please verify)",0.0
6391.3,2026-09-29T06:57:22.278000+00:00,@MichaelBrogans-q3e,he's just watching gay porn on his phone now,"Chino (auto-detected, please verify)",0.0
6393.8,2026-09-29T06:57:24.758000+00:00,@kingtoxic7089,this sounds like a seminar talk from a college class ,"Chino (auto-detected, please verify)",0.0
6394.9,2026-09-29T06:57:25.950000+00:00,@zachschindel3181, ,"Chino (auto-detected, please verify)",0.0
6395.6,2026-09-29T06:57:26.585000+00:00,@Slice2112,"Jimbo, somebody get these YAPPERS OUTTA HERE ","Chino (auto-detected, please verify)",0.0
6396.3,2026-09-29T06:57:27.255000+00:00,@EricNelson1236,do some skateboards tricks,"Chino (auto-detected, please verify)",0.0
6397.8,2026-09-29T06:57:28.833000+00:00,@McMisfit,this act is forked,"Chino (auto-detected, please verify)",0.0
6408.9,2026-09-29T06:57:39.853000+00:00,@kane44tree,ouch,"Chino (auto-detected, please verify)",0.0
6412.0,2026-09-29T06:57:42.997000+00:00,@rocjames1,this guy fork wasted my time,"Chino (auto-detected, please verify)",0.0
6417.7,2026-09-29T06:57:48.727000+00:00,@DragonflySquad41,I feel inspired to be a comedian right now,"Chino (auto-detected, please verify)",0.0
6421.7,2026-09-29T06:57:52.700000+00:00,@RationalMorality,Forklifts are so relatable,"Chino (auto-detected, please verify)",0.0
6425.8,2026-09-29T06:57:56.822000+00:00,@JorgeCorner,He slowly hiding behind the chair,"Chino (auto-detected, please verify)",0.0
6425.8,2026-09-29T06:57:56.838000+00:00,@johnanthandoe1144,,"Chino (auto-detected, please verify)",0.0
6437.1,2026-09-29T06:58:08.125000+00:00,@CarlCramer88,The chair will bail him out ,"Chino (auto-detected, please verify)",0.0
6441.0,2026-09-29T06:58:12.036000+00:00,@rocjames1,fork lying,"Chino (auto-detected, please verify)",0.0
6442.3,2026-09-29T06:58:13.283000+00:00,@CarlCramer88,It always does ,"Chino (auto-detected, please verify)",0.0
6442.7,2026-09-29T06:58:13.717000+00:00,@moneymagic6119,yea dragonfly you should have took his spot,"Chino (auto-detected, please verify)",0.0
6447.6,2026-09-29T06:58:18.580000+00:00,@EricNelson1236,the forklift in the crowd just nodding,"Chino (auto-detected, please verify)",0.0
6447.6,2026-09-29T06:58:18.608000+00:00,@DeronJohnson70,Woooooof ,"Chino (auto-detected, please verify)",0.0
6449.1,2026-09-29T06:58:20.143000+00:00,@McMisfit,I'm more of a scissor lift man,"Chino (auto-detected, please verify)",0.0
6449.5,2026-09-29T06:58:20.473000+00:00,@CaptaInCav3man,Put this guy on a pallet and fork him outta here ,"Chino (auto-detected, please verify)",0.0
6451.3,2026-09-29T06:58:22.349000+00:00,@johnanthandoe1144,Bro wtf hahahahahaha,"Chino (auto-detected, please verify)",1.0
6456.6,2026-09-29T06:58:27.629000+00:00,@Slice2112,"lol hit those lights, this guy is dying! ","Chino (auto-detected, please verify)",1.0
6458.5,2026-09-29T06:58:29.542000+00:00,@kingtoxic7089,everyone is just ignoring him and having their side convos and rizzing going on  ,"Chino (auto-detected, please verify)",0.0
6459.7,2026-09-29T06:58:30.687000+00:00,@OhSchrumpf,Alright im going into a food coma now ,"Chino (auto-detected, please verify)",0.0
6466.0,2026-09-29T06:58:36.992000+00:00,@RationalMorality,oh man,"Chino (auto-detected, please verify)",0.0
6467.8,2026-09-29T06:58:38.764000+00:00,@MichaelBrogans-q3e,u should hear his weed whacker set,"Chino (auto-detected, please verify)",0.0
6469.6,2026-09-29T06:58:40.575000+00:00,@DeronJohnson70,,"Chino (auto-detected, please verify)",0.0
6470.3,2026-09-29T06:58:41.261000+00:00,@zachschindel3181,Don’t encourage him,"Chino (auto-detected, please verify)",0.0
6471.0,2026-09-29T06:58:41.977000+00:00,@CarlCramer88,What the hell is up with the forklift? We are way too deep in the forklift dude.,"Chino (auto-detected, please verify)",0.0
6471.0,2026-09-29T06:58:42.003000+00:00,@rocjames1,fork U,"Chino (auto-detected, please verify)",0.0
6472.0,2026-09-29T06:58:43.026000+00:00,@angelozicarelli541,absolutely hilarious ,"Chino (auto-detected, please verify)",1.0
6473.1,2026-09-29T06:58:44.108000+00:00,@Hackofalltrades-mh5fq,Bro we're still talking about forky???,"Chino (auto-detected, please verify)",0.0
6482.3,2026-09-29T06:58:53.281000+00:00,@alisonwayland6057,I feel like im listening to a small child describe his favorite blanket,"Chino (auto-detected, please verify)",0.0
6484.7,2026-09-29T06:58:55.665000+00:00,@CarlCramer88,We literally sat there and listened about a forklift for five minutes,"Chino (auto-detected, please verify)",0.0
6493.7,2026-09-29T06:59:04.719000+00:00,@johnanthandoe1144,Did he fix if or not? ,"Chino (auto-detected, please verify)",0.0
6496.2,2026-09-29T06:59:07.223000+00:00,@kane44tree,end it good please,"Chino (auto-detected, please verify)",0.0
6497.0,2026-09-29T06:59:08.026000+00:00,@CaptaInCav3man,You speak English? FORK YOU!!,"Chino (auto-detected, please verify)",0.0
6497.8,2026-09-29T06:59:08.825000+00:00,@Slice2112,Oh no…,"Chino (auto-detected, please verify)",0.0
6498.3,2026-09-29T06:59:09.341000+00:00,@rocjames1,fork past 9,"Chino (auto-detected, please verify)",0.0
6503.5,2026-09-29T06:59:14.512000+00:00,@moneymagic6119,FRESH MEAT,"Chino (auto-detected, please verify)",0.0
6504.6,2026-09-29T06:59:15.554000+00:00,@angelozicarelli541,I was rollin  with that last guy couldn't stop laughing,"Chino (auto-detected, please verify)",0.0
6505.9,2026-09-29T06:59:16.927000+00:00,@DragonflySquad41,w chat,"Chino (auto-detected, please verify)",0.0
6511.8,2026-09-29T06:59:22.763000+00:00,@zachschindel3181,He can’t possibly be worse..,"Chino (auto-detected, please verify)",0.0
6512.4,2026-09-29T06:59:23.435000+00:00,@DragonflySquad41,w stream ,"Chino (auto-detected, please verify)",0.0
6513.2,2026-09-29T06:59:24.193000+00:00,@CarlCramer88,Go sit the fork down ,"Chino (auto-detected, please verify)",0.0
6515.0,2026-09-29T06:59:26.044000+00:00,@johnanthandoe1144,Woooooooooo!,"Chino (auto-detected, please verify)",0.0
6516.5,2026-09-29T06:59:27.510000+00:00,@JorgeCorner,Andrew Shmuck,"Chino (auto-detected, please verify)",0.0
6516.6,2026-09-29T06:59:27.639000+00:00,@OhSchrumpf,Anyone else gooning,"Chino (auto-detected, please verify)",0.0
6520.8,2026-09-29T06:59:31.781000+00:00,@Slice2112,Look at this fucking beaut ,"Chino (auto-detected, please verify)",0.0
6521.5,2026-09-29T06:59:32.517000+00:00,@McMisfit,"stick a fork in him, he's done","Chino (auto-detected, please verify)",0.0
6523.4,2026-09-29T06:59:34.370000+00:00,@Chillmander24,big ass?,"Chino (auto-detected, please verify)",0.0
6529.6,2026-09-29T06:59:40.611000+00:00,@kane44tree,sup little man,"Chino (auto-detected, please verify)",0.0
6530.4,2026-09-29T06:59:41.438000+00:00,@CarlCramer88,This goober ,"Chino (auto-detected, please verify)",0.0
6532.8,2026-09-29T06:59:43.803000+00:00,@moneymagic6119,Bend over Brady,"Chino (auto-detected, please verify)",0.0
6537.6,2026-09-29T06:59:48.644000+00:00,@Chillmander24,nah I respect it,"Chino (auto-detected, please verify)",0.0
6539.0,2026-09-29T06:59:50.012000+00:00,@alisonwayland6057,good????,"Chino (auto-detected, please verify)",0.0
6539.1,2026-09-29T06:59:50.150000+00:00,@CarlCramer88,Looks like he just came from the tennis course ,"Chino (auto-detected, please verify)",0.0
6541.4,2026-09-29T06:59:52.429000+00:00,@rocjames1,get the fork outta here bro,"Chino (auto-detected, please verify)",0.0
6546.6,2026-09-29T06:59:57.561000+00:00,@johnanthandoe1144,Hahahaha yes!,"Chino (auto-detected, please verify)",1.0
6548.8,2026-09-29T06:59:59.804000+00:00,@alisonwayland6057,is he ok?,"Chino (auto-detected, please verify)",0.0
6549.5,2026-09-29T07:00:00.481000+00:00,@DeronJohnson70,The Jews,"Chino (auto-detected, please verify)",0.0
6549.9,2026-09-29T07:00:00.906000+00:00,@Chillmander24,erm......,"Chino (auto-detected, please verify)",0.0
6551.4,2026-09-29T07:00:02.361000+00:00,@JorgeCorner,Bro doing comedy in swimming trunks,"Chino (auto-detected, please verify)",0.0
6551.5,2026-09-29T07:00:02.531000+00:00,@DragonflySquad41,oh boy ,"Chino (auto-detected, please verify)",0.0
6555.3,2026-09-29T07:00:06.348000+00:00,@kane44tree,legend,"Chino (auto-detected, please verify)",1.0
6557.7,2026-09-29T07:00:08.675000+00:00,@Chillmander24,?????,"Chino (auto-detected, please verify)",0.0
6558.6,2026-09-29T07:00:09.589000+00:00,@johnanthandoe1144,Hahahahahahah,"Chino (auto-detected, please verify)",1.0
6570.7,2026-09-29T07:00:21.690000+00:00,@McMisfit,because you cant afford new,"Chino (auto-detected, please verify)",0.0
6572.0,2026-09-29T07:00:22.983000+00:00,@kingtoxic7089,that’s a solid ron burgandy mustache ,"Chino (auto-detected, please verify)",0.0
6572.2,2026-09-29T07:00:23.193000+00:00,@angelozicarelli541,,"Chino (auto-detected, please verify)",0.0
6574.1,2026-09-29T07:00:25.143000+00:00,@zachschindel3181,lol,"Chino (auto-detected, please verify)",1.0
6574.5,2026-09-29T07:00:25.526000+00:00,@DragonflySquad41,stop stop sir sir stop,"Chino (auto-detected, please verify)",0.0
6578.1,2026-09-29T07:00:29.102000+00:00,@johnanthandoe1144,Holy shit yes ,"Chino (auto-detected, please verify)",1.0
6580.1,2026-09-29T07:00:31.056000+00:00,@CarlCramer88,You can’t go wrong with a good Jew joke. Just sayin…,"Chino (auto-detected, please verify)",0.0
6581.4,2026-09-29T07:00:32.414000+00:00,@Chillmander24,......,"Chino (auto-detected, please verify)",0.0
6583.5,2026-09-29T07:00:34.475000+00:00,@angelozicarelli541,yikes ,"Chino (auto-detected, please verify)",-1.0
6588.1,2026-09-29T07:00:39.065000+00:00,@JorgeCorner,i hope those swimming trunks help when he starts drowning on stage,"Chino (auto-detected, please verify)",0.0
6591.6,2026-09-29T07:00:42.577000+00:00,@Chillmander24,holy yikes no,"Chino (auto-detected, please verify)",-1.0
6596.4,2026-09-29T07:00:47.405000+00:00,@moneymagic6119,LMAO,"Chino (auto-detected, please verify)",1.0
6600.3,2026-09-29T07:00:51.270000+00:00,@Chillmander24,........,"Chino (auto-detected, please verify)",0.0
6601.7,2026-09-29T07:00:52.725000+00:00,@alisonwayland6057,go figure,"Chino (auto-detected, please verify)",0.0
6603.8,2026-09-29T07:00:54.825000+00:00,@EricNelson1236,sounds like you don't want to go past the ice walls,"Chino (auto-detected, please verify)",0.0
6608.2,2026-09-29T07:00:59.243000+00:00,@Slice2112,Dude thought he was gonna kill lol ,"Chino (auto-detected, please verify)",1.0
6608.8,2026-09-29T07:00:59.839000+00:00,@Romano_TV,wow that sucked,"Chino (auto-detected, please verify)",-1.0
6615.1,2026-09-29T07:01:06.127000+00:00,@johnanthandoe1144,Finish the five minutes you got,"Chino (auto-detected, please verify)",0.0
6615.6,2026-09-29T07:01:06.569000+00:00,@DragonflySquad41,  ,"Chino (auto-detected, please verify)",0.0
6615.6,2026-09-29T07:01:06.600000+00:00,@rocjames1,what you call a jew that falls in a pot of coffee  A Hebrew,"Chino (auto-detected, please verify)",0.0
6616.2,2026-09-29T07:01:07.161000+00:00,@DeronJohnson70,How bout them Jews,"Chino (auto-detected, please verify)",0.0
6617.0,2026-09-29T07:01:07.971000+00:00,@zachschindel3181,Need a forklift for all them shoes ,"Chino (auto-detected, please verify)",0.0
6618.8,2026-09-29T07:01:09.784000+00:00,@johnanthandoe1144,This ,"Chino (auto-detected, please verify)",0.0
6619.1,2026-09-29T07:01:10.142000+00:00,@V-tell-E-oh..Vitelio,Booo this man....,"Chino (auto-detected, please verify)",-1.0
6619.9,2026-09-29T07:01:10.932000+00:00,@moneymagic6119,DAMN CUCKY,"Chino (auto-detected, please verify)",0.0
6623.4,2026-09-29T07:01:14.379000+00:00,@Hackofalltrades-mh5fq,no way !! lol,"Chino (auto-detected, please verify)",1.0
6626.1,2026-09-29T07:01:17.147000+00:00,@McMisfit,newby wooooo,"Chino (auto-detected, please verify)",0.0
6626.8,2026-09-29T07:01:17.831000+00:00,@angelozicarelli541,LMAO  BOOED OFF STAGE,"Chino (auto-detected, please verify)",1.0
6630.4,2026-09-29T07:01:21.395000+00:00,@Romano_TV,get him.off the stage,"Chino (auto-detected, please verify)",0.0
6630.9,2026-09-29T07:01:21.852000+00:00,@JorgeCorner,Andrew Schults if he had Akash Singhs confidence,"Chino (auto-detected, please verify)",0.0
6631.8,2026-09-29T07:01:22.799000+00:00,@Chillmander24,,"Chino (auto-detected, please verify)",0.0
6636.3,2026-09-29T07:01:27.326000+00:00,@kane44tree,that's the best thing all night,"Chino (auto-detected, please verify)",0.0
6637.4,2026-09-29T07:01:28.417000+00:00,@alisonwayland6057,Chair now is your time to shine,"Chino (auto-detected, please verify)",0.0
6640.4,2026-09-29T07:01:31.437000+00:00,@Slice2112,Get back here you coward FACE THE CHAT WRATH ,"Chino (auto-detected, please verify)",0.0
6642.6,2026-09-29T07:01:33.623000+00:00,@EricNelson1236,shanes cuz,"Chino (auto-detected, please verify)",0.0
6649.0,2026-09-29T07:01:39.987000+00:00,@johnanthandoe1144,Fire up that poll again I need to vote again ,"Chino (auto-detected, please verify)",1.0
6649.6,2026-09-29T07:01:40.588000+00:00,@McMisfit,straight from golf,"Chino (auto-detected, please verify)",0.0
6655.3,2026-09-29T07:01:46.282000+00:00,@rocjames1,get the fork outta here,"Chino (auto-detected, please verify)",0.0
6668.1,2026-09-29T07:01:59.100000+00:00,@EricNelson1236,forklift outa hea,"Chino (auto-detected, please verify)",0.0
6669.1,2026-09-29T07:02:00.125000+00:00,@DeronJohnson70,Did you know little forky is Jewish ,"Chino (auto-detected, please verify)",0.0
6678.1,2026-09-29T07:02:09.117000+00:00,@JorgeCorner,If andrew Schultz had Akash Singhs confidence,"Chino (auto-detected, please verify)",0.0
6681.7,2026-09-29T07:02:12.742000+00:00,@McMisfit,,"Chino (auto-detected, please verify)",0.0
6693.0,2026-09-29T07:02:23.967000+00:00,@zachschindel3181,Air scorched ones?,"Chino (auto-detected, please verify)",0.0
6696.4,2026-09-29T07:02:27.368000+00:00,@Slice2112,"More open than Jimbos legs, am I right? ","Chino (auto-detected, please verify)",0.0
6708.5,2026-09-29T07:02:39.503000+00:00,@CaptaInCav3man,Feed em to the forklift guy ,"Chino (auto-detected, please verify)",0.0
6711.7,2026-09-29T07:02:42.747000+00:00,@RationalMorality,Host triggered,"yourselves (auto-detected, please verify)",0.0
6723.8,2026-09-29T07:02:54.774000+00:00,@alisonwayland6057,mel brooks would see it as material,"yourselves (auto-detected, please verify)",0.0
6727.1,2026-09-29T07:02:58.078000+00:00,@EricNelson1236,..they stole from them ole tartarians,"yourselves (auto-detected, please verify)",0.0
6728.1,2026-09-29T07:02:59.123000+00:00,@DeronJohnson70,,"yourselves (auto-detected, please verify)",0.0
6731.5,2026-09-29T07:03:02.507000+00:00,@rocjames1,"No respect, Rodney danger field.","yourselves (auto-detected, please verify)",0.0
6732.0,2026-09-29T07:03:02.952000+00:00,@DragonflySquad41,I lost weight my mom said I look good but my butt was to big so she took a rolling pin and started rolling it at first I was mad but then I realized it was like a massage   ,"yourselves (auto-detected, please verify)",0.0
6732.1,2026-09-29T07:03:03.128000+00:00,@McMisfit,talk about goat fuckers,"yourselves (auto-detected, please verify)",1.0
6744.0,2026-09-29T07:03:15.026000+00:00,@DeronJohnson70,,"yourselves (auto-detected, please verify)",0.0
6752.9,2026-09-29T07:03:23.852000+00:00,@McMisfit,good move buddy,"yourselves (auto-detected, please verify)",0.0
6754.8,2026-09-29T07:03:25.847000+00:00,@CaptaInCav3man,Captain Spaulding has morals? ,"yourselves (auto-detected, please verify)",0.0
6764.4,2026-09-29T07:03:35.370000+00:00,@DeronJohnson70,,"yourselves (auto-detected, please verify)",0.0
6766.8,2026-09-29T07:03:37.839000+00:00,@CarlCramer88,Tip bucket? Yea right ,"yourselves (auto-detected, please verify)",0.0
6768.1,2026-09-29T07:03:39.085000+00:00,@alisonwayland6057,lol,"yourselves (auto-detected, please verify)",1.0
6771.2,2026-09-29T07:03:42.200000+00:00,@johnanthandoe1144,Headliner made the whole show worth it ,"yourselves (auto-detected, please verify)",0.0
6774.4,2026-09-29T07:03:45.406000+00:00,@rocjames1,source for your eyes and ears,"yourselves (auto-detected, please verify)",0.0
6775.5,2026-09-29T07:03:46.486000+00:00,@RationalMorality,Refund,"yourselves (auto-detected, please verify)",0.0
6777.6,2026-09-29T07:03:48.584000+00:00,@zachirie66,He looked like he was gonna be funny,"yourselves (auto-detected, please verify)",1.0
6779.0,2026-09-29T07:03:50.003000+00:00,@DragonflySquad41,  ,"yourselves (auto-detected, please verify)",0.0
6779.7,2026-09-29T07:03:50.711000+00:00,@McMisfit,hahaha,"yourselves (auto-detected, please verify)",1.0
6783.0,2026-09-29T07:03:54.002000+00:00,@DeronJohnson70,,"yourselves (auto-detected, please verify)",0.0
6789.2,2026-09-29T07:04:00.168000+00:00,@radiostarkilla21,40th!,"yourselves (auto-detected, please verify)",0.0
6799.4,2026-09-29T07:04:10.390000+00:00,@Hackofalltrades-mh5fq,Fill Chino???,"yourselves (auto-detected, please verify)",0.0
6800.2,2026-09-29T07:04:11.202000+00:00,@rocjames1,he looks  funny,"yourselves (auto-detected, please verify)",1.0
6803.1,2026-09-29T07:04:14.086000+00:00,@DeronJohnson70,,"yourselves (auto-detected, please verify)",0.0
6809.2,2026-09-29T07:04:20.224000+00:00,@Slice2112,"Chinos a good egg, paying penance to the leaders of America ","yourselves (auto-detected, please verify)",0.0
6816.1,2026-09-29T07:04:27.098000+00:00,@McMisfit,the booing got the most laughs lmfao,"yourselves (auto-detected, please verify)",1.0
6820.9,2026-09-29T07:04:31.906000+00:00,@ChrisHansen1231,Refund ,"yourselves (auto-detected, please verify)",0.0
6825.1,2026-09-29T07:04:36.096000+00:00,@CaptaInCav3man,Bye Captain Spaulding you wee great in the devils rejects ,"yourselves (auto-detected, please verify)",0.0
6840.9,2026-09-29T07:04:51.896000+00:00,@McMisfit,hahaha,"yourselves (auto-detected, please verify)",1.0
6850.8,2026-09-29T07:05:01.788000+00:00,@EricNelson1236,"that hurricane was like no ,you shall forklift","yourselves (auto-detected, please verify)",0.0
6852.1,2026-09-29T07:05:03.079000+00:00,@DeronJohnson70,,"yourselves (auto-detected, please verify)",0.0
6859.8,2026-09-29T07:05:10.805000+00:00,@rocjames1,chair up ppl,"yourselves (auto-detected, please verify)",0.0
6860.6,2026-09-29T07:05:11.629000+00:00,@DragonflySquad41,  ,"yourselves (auto-detected, please verify)",0.0
6875.7,2026-09-29T07:05:26.662000+00:00,@ChrisHansen1231,But how do you refund the loss of time ?  ,"yourselves (auto-detected, please verify)",0.0
6877.2,2026-09-29T07:05:28.214000+00:00,@CaptaInCav3man,Forklift guy gonna pickup cult dudes stoppers ,"yourselves (auto-detected, please verify)",0.0
6879.0,2026-09-29T07:05:30.036000+00:00,@DragonflySquad41,roc ,"yourselves (auto-detected, please verify)",0.0
6885.4,2026-09-29T07:05:36.403000+00:00,@CaptaInCav3man,Strippers ,"yourselves (auto-detected, please verify)",0.0
6892.9,2026-09-29T07:05:43.906000+00:00,@DragonflySquad41,hii,"yourselves (auto-detected, please verify)",0.0
6894.3,2026-09-29T07:05:45.312000+00:00,@McMisfit,got a mango hot sauce?,"yourselves (auto-detected, please verify)",0.0
6900.9,2026-09-29T07:05:51.901000+00:00,@alisonwayland6057,"Chino. I sent another version over of my art a few days ago, so check the email.","yourselves (auto-detected, please verify)",0.0
6912.2,2026-09-29T07:06:03.236000+00:00,@Hackofalltrades-mh5fq,cool beanie,"yourselves (auto-detected, please verify)",0.0
6912.3,2026-09-29T07:06:03.311000+00:00,@DeronJohnson70,Nice,"yourselves (auto-detected, please verify)",0.0
6915.1,2026-09-29T07:06:06.088000+00:00,@leedlelee-l2d,Put that on Vince right now,"yourselves (auto-detected, please verify)",0.0
6915.7,2026-09-29T07:06:06.736000+00:00,@Slice2112,"Just pass it along to each comic after they go up, saves time ","yourselves (auto-detected, please verify)",0.0
6925.0,2026-09-29T07:06:16.015000+00:00,@zachschindel3181,lol,"yourselves (auto-detected, please verify)",1.0
6926.5,2026-09-29T07:06:17.485000+00:00,@rocjames1,Hi Dragonfly,"yourselves (auto-detected, please verify)",0.0
6933.9,2026-09-29T07:06:24.889000+00:00,@DragonflySquad41,hi roc,"yourselves (auto-detected, please verify)",0.0
6957.3,2026-09-29T07:06:48.301000+00:00,@alisonwayland6057,yes thank you,"yourselves (auto-detected, please verify)",1.0
6960.6,2026-09-29T07:06:51.597000+00:00,@rocjames1,is that edible,"yourselves (auto-detected, please verify)",0.0
6967.6,2026-09-29T07:06:58.623000+00:00,@zynskav,hot head definitely cant wear that,"yourselves (auto-detected, please verify)",0.0
6974.4,2026-09-29T07:07:05.371000+00:00,@DragonflySquad41,hi Alison,"yourselves (auto-detected, please verify)",0.0
6990.5,2026-09-29T07:07:21.483000+00:00,@DragonflySquad41,  ,"yourselves (auto-detected, please verify)",0.0
6996.3,2026-09-29T07:07:27.340000+00:00,@alisonwayland6057,hey Dragonfly ,"yourselves (auto-detected, please verify)",0.0
6997.4,2026-09-29T07:07:28.414000+00:00,@Tggddjkhvv00,Jewish people ,"yourselves (auto-detected, please verify)",0.0
7003.5,2026-09-29T07:07:34.453000+00:00,@rocjames1,no sonny and chair,"yourselves (auto-detected, please verify)",0.0
7011.5,2026-09-29T07:07:42.513000+00:00,@EricNelson1236,must be so scared,"yourselves (auto-detected, please verify)",0.0
7021.1,2026-09-29T07:07:52.060000+00:00,@Romano_TV,simulator as in not real comedy?,"yourselves (auto-detected, please verify)",0.0
7021.6,2026-09-29T07:07:52.617000+00:00,@DragonflySquad41,wow you dont read us woman chat we feel neglected,"yourselves (auto-detected, please verify)",0.0
7024.6,2026-09-29T07:07:55.625000+00:00,@alisonwayland6057,Charing is caring,"yourselves (auto-detected, please verify)",0.0
7026.7,2026-09-29T07:07:57.743000+00:00,@radium1977, be dedicated!,"yourselves (auto-detected, please verify)",0.0
7041.4,2026-09-29T07:08:12.423000+00:00,@DragonflySquad41,,"yourselves (auto-detected, please verify)",0.0
7044.7,2026-09-29T07:08:15.705000+00:00,@EricNelson1236,bomb beanie yo,"yourselves (auto-detected, please verify)",-1.0
7051.3,2026-09-29T07:08:22.315000+00:00,@rocjames1,water line,"yourselves (auto-detected, please verify)",0.0
7059.7,2026-09-29T07:08:30.654000+00:00,@EricNelson1236,lol jimbo,"yourselves (auto-detected, please verify)",1.0
7072.9,2026-09-29T07:08:43.893000+00:00,@DragonflySquad41,im joking,"yourselves (auto-detected, please verify)",0.0
7077.3,2026-09-29T07:08:48.286000+00:00,@DragonflySquad41,  ,"yourselves (auto-detected, please verify)",0.0
7084.8,2026-09-29T07:08:55.839000+00:00,@rocjames1,fork outta here,"yourselves (auto-detected, please verify)",0.0
7105.0,2026-09-29T07:09:16.025000+00:00,@anonymoussmith173,Chino and Trish are a gift to Maui  you both!,"yourselves (auto-detected, please verify)",0.0
7109.5,2026-09-29T07:09:20.526000+00:00,@alisonwayland6057,snap out of it Chair,"yourselves (auto-detected, please verify)",0.0
7112.7,2026-09-29T07:09:23.652000+00:00,@ETHANMANN-m2m,I squatted 880 pounds and my leg went through my living room floor,"yourselves (auto-detected, please verify)",0.0
7114.1,2026-09-29T07:09:25.089000+00:00,@DragonflySquad41,I'm practicing for when I go on stage,"yourselves (auto-detected, please verify)",0.0
7115.9,2026-09-29T07:09:26.875000+00:00,@zachschindel3181,Good beanie for the chairlift but that forklift bit was also deserving ,"yourselves (auto-detected, please verify)",0.0
7116.4,2026-09-29T07:09:27.373000+00:00,@ETHANMANN-m2m,Hahaha,"yourselves (auto-detected, please verify)",1.0
7133.9,2026-09-29T07:09:44.946000+00:00,@DeronJohnson70,Forklift certified ,"yourselves (auto-detected, please verify)",0.0
7143.0,2026-09-29T07:09:54.035000+00:00,@Pooopers,ok John Fetterman looking ah,"yourselves (auto-detected, please verify)",0.0
7146.4,2026-09-29T07:09:57.356000+00:00,@DragonflySquad41,w chat,"yourselves (auto-detected, please verify)",0.0
7147.8,2026-09-29T07:09:58.825000+00:00,@leedlelee-l2d,A lot more comics in here than over there with a lot less layers,"yourselves (auto-detected, please verify)",0.0
7151.4,2026-09-29T07:10:02.360000+00:00,@alisonwayland6057,chair in person,"yourselves (auto-detected, please verify)",0.0
7153.2,2026-09-29T07:10:04.210000+00:00,@ETHANMANN-m2m,I squatted 880 pounds and my leg went through my living room floor…,"yourselves (auto-detected, please verify)",0.0
7162.5,2026-09-29T07:10:13.513000+00:00,@ETHANMANN-m2m,I deadlifted 910 conventional ,"yourselves (auto-detected, please verify)",0.0
7163.5,2026-09-29T07:10:14.538000+00:00,@Slice2112,It would be an honour to eat my balls on stage in front of the chat (chair),"yourselves (auto-detected, please verify)",0.0
7164.6,2026-09-29T07:10:15.615000+00:00,@Pooopers,ok John Fetterman looking ahh ,"yourselves (auto-detected, please verify)",0.0
7177.0,2026-09-29T07:10:27.988000+00:00,@ETHANMANN-m2m,I bench pressed 620 with a 2second pause ,"yourselves (auto-detected, please verify)",0.0
7181.7,2026-09-29T07:10:32.746000+00:00,@alisonwayland6057,it a wor in progress,"yourselves (auto-detected, please verify)",0.0
7187.7,2026-09-29T07:10:38.749000+00:00,@DragonflySquad41,subscribed everyone so we can do this again lol,"yourselves (auto-detected, please verify)",1.0
7194.5,2026-09-29T07:10:45.458000+00:00,@DragonflySquad41,,"yourselves (auto-detected, please verify)",0.0
7195.7,2026-09-29T07:10:46.744000+00:00,@Romano_TV,40 thats cool,"yourselves (auto-detected, please verify)",0.0
7210.4,2026-09-29T07:11:01.370000+00:00,@DragonflySquad41,I liked and sub ,"yourselves (auto-detected, please verify)",0.0
7213.9,2026-09-29T07:11:04.929000+00:00,@ETHANMANN-m2m,Thought my back was going to explode ,"yourselves (auto-detected, please verify)",0.0
7219.7,2026-09-29T07:11:10.680000+00:00,@ETHANMANN-m2m,Belt and straps ,"yourselves (auto-detected, please verify)",0.0
7230.7,2026-09-29T07:11:21.673000+00:00,@Hackofalltrades-mh5fq,Easy weight,"yourselves (auto-detected, please verify)",0.0
7238.5,2026-09-29T07:11:29.463000+00:00,@McMisfit,jesus that's full on,"yourselves (auto-detected, please verify)",0.0
7238.9,2026-09-29T07:11:29.882000+00:00,@DragonflySquad41,that's incredible ,"yourselves (auto-detected, please verify)",1.0
7241.6,2026-09-29T07:11:32.615000+00:00,@rocjames1,mix white with color in your load,"yourselves (auto-detected, please verify)",0.0
7255.9,2026-09-29T07:11:46.909000+00:00,@EricNelson1236,cool story bro,"yourselves (auto-detected, please verify)",0.0
7257.3,2026-09-29T07:11:48.279000+00:00,@DeronJohnson70,O—-O,"yourselves (auto-detected, please verify)",0.0
7275.8,2026-09-29T07:12:06.837000+00:00,@DragonflySquad41,the most i ever lifted was 220 something on the hex bar,"yourselves (auto-detected, please verify)",0.0
7283.1,2026-09-29T07:12:14.074000+00:00,@alisonwayland6057,thank you take care all ,"yourselves (auto-detected, please verify)",0.0
7301.1,2026-09-29T07:12:32.129000+00:00,@SuperjacksonPlayz,"Jesus loves you all, I encourage all of you to turn to him and repent, have an amazing day and Godbless!","yourselves (auto-detected, please verify)",1.0
7307.6,2026-09-29T07:12:38.556000+00:00,@zachschindel3181,"Only caught the last 2 unfortunately, but love the idea and execution of the stream. Like and subbed. ","yourselves (auto-detected, please verify)",1.0
7316.5,2026-09-29T07:12:47.543000+00:00,@DeronJohnson70,Nobody on that street have hair,"yourselves (auto-detected, please verify)",0.0
7316.6,2026-09-29T07:12:47.642000+00:00,@Slice2112,Best bible boi ,"yourselves (auto-detected, please verify)",0.0
7319.5,2026-09-29T07:12:50.508000+00:00,@Angel_20914,Live stream smoke sesh ? ,"yourselves (auto-detected, please verify)",0.0
7320.0,2026-09-29T07:12:50.973000+00:00,@rocjames1,Barely get outta bed,"yourselves (auto-detected, please verify)",0.0
7346.6,2026-09-29T07:13:17.586000+00:00,@rocjames1,w tod,"yourselves (auto-detected, please verify)",0.0
7349.6,2026-09-29T07:13:20.606000+00:00,@EricNelson1236,I blame the illuminati,"yourselves (auto-detected, please verify)",0.0
7350.4,2026-09-29T07:13:21.385000+00:00,@SlabHunters92,W Todd,"yourselves (auto-detected, please verify)",0.0
7380.6,2026-09-29T07:13:51.574000+00:00,@Slice2112,Wrap that big hog up chino! Who knows what’s out there ,"yourselves (auto-detected, please verify)",0.0
7389.2,2026-09-29T07:14:00.229000+00:00,@anonymoussmith173,W Todd,"yourselves (auto-detected, please verify)",0.0
7395.6,2026-09-29T07:14:06.553000+00:00,@rocjames1,later,"yourselves (auto-detected, please verify)",0.0
