video_t,wall_time,author,chat_name,text,sentiment,source_layer,current_performer,caption_window,audience
-702.0,2026-09-07 19:04:49,@z28diablo,,Duets....like battle rap without the battle or the rap,negative,vader,,,true
-682.0,2026-09-07 19:05:09,@z28diablo,,Hope we see Uncle Waikiki and Dumpster Dan,positive,vader,,,true
15.0,2026-09-07 19:16:46,@JimboTheComic,,Let’s goooooo,neutral,vader,,"Chino is going to tell you all about that. So, please give a big round of applause for our host, our MC.",true
25.0,2026-09-07 19:16:56,@JimboTheComic,,ITS MONDAY,neutral,vader,,"that. So, please give a big round of applause for our host, our MC. >> He's coming up slowly. >> One step at a time for his own sunglasses. >> Right. >> Here he comes. >> Well, I got to set it up, too. So, >> you got to set it up. Oh,",true
29.0,2026-09-07 19:17:00,@JimboTheComic,,Let’s goooooo,neutral,vader,,"applause for our host, our MC. >> He's coming up slowly. >> One step at a time for his own sunglasses. >> Right. >> Here he comes. >> Well, I got to set it up, too. So, >> you got to set it up. Oh, >> yeah. You were doing your thing before I showed up. >> Oh, okay.",true
41.0,2026-09-07 19:17:12,@JimboTheComic,,We in this mf ,neutral,vader,,">> Right. >> Here he comes. >> Well, I got to set it up, too. So, >> you got to set it up. Oh, >> yeah. You were doing your thing before I showed up. >> Oh, okay. He'll be here. He's here, but he'll be check. >> There he is. >> He's checking.",true
76.0,2026-09-07 19:17:47,@joshuabutterwick3156,,Tommy Chong wanna be,neutral,vader,,"All right, ladies and gentlemen, warm welcome for Gino Laforge, please. Thank you. >> Give it up for Dub, ladies and gentlemen. >> Thank you very much. By the way, one of Contributions, there's a QR code to be right here on his side. >> Yes. Check out his QR code. What is your uh Venmo again? Dove, if you want, Venmo",true
90.0,2026-09-07 19:18:01,@JimboTheComic,,Joshua welcome in pimp,positive,vader,,"right here on his side. >> Yes. Check out his QR code. What is your uh Venmo again? Dove, if you want, Venmo is at Evan Dove. Evan N o and the number three. That's Evan Dove three because Evan Dove one and two are taken. Who are these first two people? Double gangers.",true
109.0,2026-09-07 19:18:20,@Conrad2311,,Yay ,positive,vader,,"these first two people? Double gangers. One more time for Dub, ladies and gentlemen. Keep it going, bro. Thank you. We're going to let him break down. We're going to get this mic set up. We're going to get this show started in no time. Uh, welcome to Bay Coffee and Bar on a Monday night. It's time for comedy. Who came here for comedy tonight?",true
112.0,2026-09-07 19:18:23,@JimboTheComic,,Monday funday baby ,neutral,vader,,"gentlemen. Keep it going, bro. Thank you. We're going to let him break down. We're going to get this mic set up. We're going to get this show started in no time. Uh, welcome to Bay Coffee and Bar on a Monday night. It's time for comedy. Who came here for comedy tonight? >> Who did not come here for comedy? and",true
116.0,2026-09-07 19:18:27,@joshuabutterwick3156,,hey jimbo thank-you,neutral,vader,,"We're going to get this show started in no time. Uh, welcome to Bay Coffee and Bar on a Monday night. It's time for comedy. Who came here for comedy tonight? >> Who did not come here for comedy? and comedy is just kind of happening to them. >> All right, good. That's a good ratio.",true
117.0,2026-09-07 19:18:28,@Conrad2311,,:clapping_hands:,neutral,vader,,"We're going to get this show started in no time. Uh, welcome to Bay Coffee and Bar on a Monday night. It's time for comedy. Who came here for comedy tonight? >> Who did not come here for comedy? and comedy is just kind of happening to them. >> All right, good. That's a good ratio. That means word's getting out. This is",true
122.0,2026-09-07 19:18:33,@z28diablo,,What's good Jimbo?,positive,vader,,"no time. Uh, welcome to Bay Coffee and Bar on a Monday night. It's time for comedy. Who came here for comedy tonight? >> Who did not come here for comedy? and comedy is just kind of happening to them. >> All right, good. That's a good ratio. That means word's getting out. This is Monday night comedy night. The comedy simulator is called that because this is",true
135.0,2026-09-07 19:18:46,@joshuabutterwick3156,,what plugs do we have tonight?,neutral,vader,,">> All right, good. That's a good ratio. That means word's getting out. This is Monday night comedy night. The comedy simulator is called that because this is not a real comedy show. This is a simulated comedy experience. What does that mean? You are not a real audience. We are not real comedians. What does that mean? Nobody's asking for your",true
151.0,2026-09-07 19:19:02,@Conrad2311,,Hair ,neutral,vader,,"that mean? You are not a real audience. We are not real comedians. What does that mean? Nobody's asking for your money, so lower your expectations. That's what this all means. This is all us dressing up an open mic to look better than it is. You're going to see a lot of new comedy tonight, friends. Cutting edge comedy, as I like to say. And the thing about the cutting edge is that sometimes it looks like bad comedy. That's kind of a part of being on the",true
152.0,2026-09-07 19:19:03,@JimboTheComic,,Who in here :eyes::eyes:,neutral,vader,,"We are not real comedians. What does that mean? Nobody's asking for your money, so lower your expectations. That's what this all means. This is all us dressing up an open mic to look better than it is. You're going to see a lot of new comedy tonight, friends. Cutting edge comedy, as I like to say. And the thing about the cutting edge is that sometimes it looks like bad comedy. That's kind of a part of being on the",true
168.0,2026-09-07 19:19:19,@leedlelee-l2d,,Hopefully someone will actually be funny tn,positive,vader,,"And the thing about the cutting edge is that sometimes it looks like bad comedy. That's kind of a part of being on the cutting edge. Uh, you're going to see some moments of brilliance. You're going to see some moments that aren't so great. It's all a part of the show. We're going to pretend like we're the best comedians you've ever heard. You're going to pretend like you're the best audience we've ever had, and we're going to fake it till we make it. That's how this show works. Uh, thank you. Sillow",true
174.0,2026-09-07 19:19:25,@BrianKirk-wi6kd,,Jimbo :victory_hand::victory_hand::victory_hand::victory_hand::victory_hand:,neutral,vader,,"some moments of brilliance. You're going to see some moments that aren't so great. It's all a part of the show. We're going to pretend like we're the best comedians you've ever heard. You're going to pretend like you're the best audience we've ever had, and we're going to fake it till we make it. That's how this show works. Uh, thank you. Sillow clap. Awkward in the back. That's the type of clap that gets you",true
183.0,2026-09-07 19:19:34,@JimboTheComic,,Doubt it leedlelee ,negative,vader,,"audience we've ever had, and we're going to fake it till we make it. That's how this show works. Uh, thank you. Sillow clap. Awkward in the back. That's the type of clap that gets you kicked off of jury duty, isn't it? Right. You're not supposed to clap in that situation. They don't want that. Get out of here, buddy. Uh, so we have themes every week. Last week was heckle",true
189.0,2026-09-07 19:19:40,@JimboTheComic,,What’s good Brian!!,positive,vader,,"this show works. Uh, thank you. Sillow clap. Awkward in the back. That's the type of clap that gets you kicked off of jury duty, isn't it? Right. You're not supposed to clap in that situation. They don't want that. Get out of here, buddy. Uh, so we have themes every week. Last week was heckle night. If some of you were here, you saw how intense the show could be. Tonight's a lot more laidback, friends. We're",true
225.0,2026-09-07 19:20:16,@joshuabutterwick3156,,"oh great 2 plugs 1, bathtub",positive,vader,,"going on here? What are they saying? Why are they still talking?"" We're going to get through it together. This is also being live streamed. Give it up for Skyler from Shroom Studios over here. >> The gentleman in the hat that would have given you newspaper in the 1930s. Uh he is our video producer from Shroomcat and my my buddy. Uh he is the one that makes us look so incredible. The live stream",true
232.0,2026-09-07 19:20:23,@joshuabutterwick3156,,down the drain,neutral,vader,,"being live streamed. Give it up for Skyler from Shroom Studios over here. >> The gentleman in the hat that would have given you newspaper in the 1930s. Uh he is our video producer from Shroomcat and my my buddy. Uh he is the one that makes us look so incredible. The live stream is @ comedy simulator on YouTube. Last week we had 82,000 viewers on the show.",true
232.0,2026-09-07 19:20:23,@TheSupercorky,,What is going on here?,neutral,vader,,"being live streamed. Give it up for Skyler from Shroom Studios over here. >> The gentleman in the hat that would have given you newspaper in the 1930s. Uh he is our video producer from Shroomcat and my my buddy. Uh he is the one that makes us look so incredible. The live stream is @ comedy simulator on YouTube. Last week we had 82,000 viewers on the show.",true
240.0,2026-09-07 19:20:31,@JimboTheComic,,High corky ,neutral,vader,,"is our video producer from Shroomcat and my my buddy. Uh he is the one that makes us look so incredible. The live stream is @ comedy simulator on YouTube. Last week we had 82,000 viewers on the show. Um yeah, thank you. Thank you. Check it out from your phones. Join the comment section. They're very ruthlessly",true
267.0,2026-09-07 19:20:58,@TheSupercorky,,Fuck off,negative,vader,,"everybody dog piling on us. It's hilarious. Join the madness. See how mean people can be to us at comedy simulator on YouTube. People streaming. Uh follow, like, subscribe, chat. Do you do all that stuff? Um let's see the theme. Uh audience member of the night. I normally gift you with hot sauce because it's a working holiday. I did not work today. So I will find a prize for you. Audience member of the night.",true
293.0,2026-09-07 19:21:24,@JimboTheComic,,Stoked for tonight! DOUBLES ,neutral,vader,,"I notice those two things, you could win a prize. Uh comedian of the night last week, Jimbo, congratulations. won a spot on Jose's show at the playground. Crushed. Ivan crushed. I heard the the Maui Comics did their job. Good job, boys. Appreciate you for doing the heavy lifting. Good work. Um, all right. So, we're doing double sets. I will start",true
294.0,2026-09-07 19:21:25,@TheSupercorky,,Not you jimbo,neutral,vader,,"I notice those two things, you could win a prize. Uh comedian of the night last week, Jimbo, congratulations. won a spot on Jose's show at the playground. Crushed. Ivan crushed. I heard the the Maui Comics did their job. Good job, boys. Appreciate you for doing the heavy lifting. Good work. Um, all right. So, we're doing double sets. I will start",true
310.0,2026-09-07 19:21:41,@Conrad2311,,The reigning comic of the night ,neutral,vader,,"boys. Appreciate you for doing the heavy lifting. Good work. Um, all right. So, we're doing double sets. I will start with a comic and then I will start bringing on the comedians. Comedians, your sets have been extended. Since you have two comics on a set, you can go up to 10 minutes. Now, don't feel like you have to do 10 minutes. If you can't do 10 minutes, we a minute of of hard",true
311.0,2026-09-07 19:21:42,@SierraJaramillo,,I am crying right now,negative,vader,,"lifting. Good work. Um, all right. So, we're doing double sets. I will start with a comic and then I will start bringing on the comedians. Comedians, your sets have been extended. Since you have two comics on a set, you can go up to 10 minutes. Now, don't feel like you have to do 10 minutes. If you can't do 10 minutes, we a minute of of hard material is hard enough. We don't need 3",true
312.0,2026-09-07 19:21:43,@JimboTheComic,,Oh high corky Romano ,neutral,vader,,"lifting. Good work. Um, all right. So, we're doing double sets. I will start with a comic and then I will start bringing on the comedians. Comedians, your sets have been extended. Since you have two comics on a set, you can go up to 10 minutes. Now, don't feel like you have to do 10 minutes. If you can't do 10 minutes, we a minute of of hard material is hard enough. We don't need 3",true
314.0,2026-09-07 19:21:45,@z28diablo,,"Jimbo, is it a draw or predetermined?",neutral,vader,,"with a comic and then I will start bringing on the comedians. Comedians, your sets have been extended. Since you have two comics on a set, you can go up to 10 minutes. Now, don't feel like you have to do 10 minutes. If you can't do 10 minutes, we a minute of of hard material is hard enough. We don't need 3 minutes of two people figuring it out, right? That's kind of weird. That's like",true
314.0,2026-09-07 19:21:45,@SierraJaramillo,,Can you pray for my brother I want him to come back home soon name is Angelo,positive,vader,,"with a comic and then I will start bringing on the comedians. Comedians, your sets have been extended. Since you have two comics on a set, you can go up to 10 minutes. Now, don't feel like you have to do 10 minutes. If you can't do 10 minutes, we a minute of of hard material is hard enough. We don't need 3 minutes of two people figuring it out, right? That's kind of weird. That's like",true
336.0,2026-09-07 19:22:07,@z28diablo,,Rumor is Chino is doing a duet with the chair,neutral,vader,Chino LaForge & Bashar,"right? That's kind of weird. That's like watching an Only Fans of like a a one night stand. Just the rhythm's all off. It's not working. What's going on here? We don't want Nobody wants to see that. They don't want to see that. We don't want to see that. So, if you guys are feel like cutting this set short, go ahead, ramp it up. We'll get you off the stage. I'll be there to catch you. All right. Are we ready to begin the comedy simulator?",true
347.0,2026-09-07 19:22:18,@JimboTheComic,,Diablo you can choose or get random ,neutral,vader,Chino LaForge & Bashar,"feel like cutting this set short, go ahead, ramp it up. We'll get you off the stage. I'll be there to catch you. All right. Are we ready to begin the comedy simulator? >> Are we ready for the simulation to begin? Let's begin simulation. I'm going to bring up my comedy partner for tonight. Let's go ahead and bring up my buddy, recent adult parents, my",true
347.0,2026-09-07 19:22:18,@alisonwayland6057,,hello hello :waving_hand:,neutral,vader,Chino LaForge & Bashar,"feel like cutting this set short, go ahead, ramp it up. We'll get you off the stage. I'll be there to catch you. All right. Are we ready to begin the comedy simulator? >> Are we ready for the simulation to begin? Let's begin simulation. I'm going to bring up my comedy partner for tonight. Let's go ahead and bring up my buddy, recent adult parents, my",true
369.0,2026-09-07 19:22:40,@Conrad2311,,I like the sounds ,positive,vader,Chino LaForge & Bashar,"my buddy, recent adult parents, my friend Bashar. Coming up on stage, bud microphone. We have two mics here. >> Okay. Thank you guys. Is this volume okay, everybody? We didn't have a chance to check it yet. Go ahead, check it. >> I don't know about this uh Only Fans [ __ ] you was talking about, but",true
373.0,2026-09-07 19:22:44,@JimboTheComic,,Alison yooooo!!,neutral,vader,Chino LaForge & Bashar,"my buddy, recent adult parents, my friend Bashar. Coming up on stage, bud microphone. We have two mics here. >> Okay. Thank you guys. Is this volume okay, everybody? We didn't have a chance to check it yet. Go ahead, check it. >> I don't know about this uh Only Fans [ __ ] you was talking about, but we're here. We're here. Both of us. Can you guys hear us? >> Yeah. >> Okay.",true
373.0,2026-09-07 19:22:44,@joshuabutterwick3156,,hahahah duet with the chair,neutral,vader,Chino LaForge & Bashar,"my buddy, recent adult parents, my friend Bashar. Coming up on stage, bud microphone. We have two mics here. >> Okay. Thank you guys. Is this volume okay, everybody? We didn't have a chance to check it yet. Go ahead, check it. >> I don't know about this uh Only Fans [ __ ] you was talking about, but we're here. We're here. Both of us. Can you guys hear us? >> Yeah. >> Okay.",true
382.0,2026-09-07 19:22:53,@BrianKirk-wi6kd,,Double the bombing tonight:frowning_face:,neutral,vader,Chino LaForge & Bashar,"okay, everybody? We didn't have a chance to check it yet. Go ahead, check it. >> I don't know about this uh Only Fans [ __ ] you was talking about, but we're here. We're here. Both of us. Can you guys hear us? >> Yeah. >> Okay. >> I don't know why you're not thinking about Only Fans. You guys are You have You're a good-looking couple. That's something that that could be in the future. I mean, >> yeah. >> I'm not I'm not saying you should. Just",true
386.0,2026-09-07 19:22:57,@Alkemystikal-c7r,,What’s good everyone,positive,vader,Chino LaForge & Bashar,">> I don't know about this uh Only Fans [ __ ] you was talking about, but we're here. We're here. Both of us. Can you guys hear us? >> Yeah. >> Okay. >> I don't know why you're not thinking about Only Fans. You guys are You have You're a good-looking couple. That's something that that could be in the future. I mean, >> yeah. >> I'm not I'm not saying you should. Just you could. >> Yeah. I was thinking about us, Gino.",true
393.0,2026-09-07 19:23:04,@Billytimbob1,,what's better dudes that look like hot chick's or girls that look like ugly dudes and what one are you hitting?,positive,vader,Chino LaForge & Bashar,">> Okay. >> I don't know why you're not thinking about Only Fans. You guys are You have You're a good-looking couple. That's something that that could be in the future. I mean, >> yeah. >> I'm not I'm not saying you should. Just you could. >> Yeah. I was thinking about us, Gino. >> Oh, you and me. >> Yes. Yes. >> I mean, >> cuz we're on stage. This is what you brought up. >> You know the who's on first bit. It's",true
394.0,2026-09-07 19:23:05,@Conrad2311,,Bash-ear ,neutral,vader,Chino LaForge & Bashar,">> I don't know why you're not thinking about Only Fans. You guys are You have You're a good-looking couple. That's something that that could be in the future. I mean, >> yeah. >> I'm not I'm not saying you should. Just you could. >> Yeah. I was thinking about us, Gino. >> Oh, you and me. >> Yes. Yes. >> I mean, >> cuz we're on stage. This is what you brought up. >> You know the who's on first bit. It's",true
399.0,2026-09-07 19:23:10,@alisonwayland6057,,hey there Jimbo :grinning_face:,neutral,vader,Chino LaForge & Bashar,"something that that could be in the future. I mean, >> yeah. >> I'm not I'm not saying you should. Just you could. >> Yeah. I was thinking about us, Gino. >> Oh, you and me. >> Yes. Yes. >> I mean, >> cuz we're on stage. This is what you brought up. >> You know the who's on first bit. It's more like who's pitching, right? >> Yeah. >> Who's pitching is catching. >> Okay. Who do you guys would be pitching,",true
411.0,2026-09-07 19:23:22,@TheSupercorky,,Bashar,neutral,vader,Chino LaForge & Bashar,"brought up. >> You know the who's on first bit. It's more like who's pitching, right? >> Yeah. >> Who's pitching is catching. >> Okay. Who do you guys would be pitching, guys? Who do you think be bitching? >> Gino, give it up. >> You think I'm top applaud right now if you think I'm the top of this relationship. >> Okay. Apply right now if I'm the top.",true
413.0,2026-09-07 19:23:24,@JimboTheComic,,Hahahahaha ,neutral,vader,Chino LaForge & Bashar,">> You know the who's on first bit. It's more like who's pitching, right? >> Yeah. >> Who's pitching is catching. >> Okay. Who do you guys would be pitching, guys? Who do you think be bitching? >> Gino, give it up. >> You think I'm top applaud right now if you think I'm the top of this relationship. >> Okay. Apply right now if I'm the top.",true
419.0,2026-09-07 19:23:30,@joshuabutterwick3156,,this guy looks like He'd let other men name his kids,positive,vader,Chino LaForge & Bashar,">> Okay. Who do you guys would be pitching, guys? Who do you think be bitching? >> Gino, give it up. >> You think I'm top applaud right now if you think I'm the top of this relationship. >> Okay. Apply right now if I'm the top. >> Yes. >> All right. Bob's over back. That's what it looks like. >> I'm I'm gay after all. Hey, you're",true
423.0,2026-09-07 19:23:34,@TheSupercorky,,Bashar,neutral,vader,Chino LaForge & Bashar,">> You think I'm top applaud right now if you think I'm the top of this relationship. >> Okay. Apply right now if I'm the top. >> Yes. >> All right. Bob's over back. That's what it looks like. >> I'm I'm gay after all. Hey, you're you're you're the top, which makes you",true
434.0,2026-09-07 19:23:45,@Conrad2311,,The Bash brother ,neutral,vader,Chino LaForge & Bashar,">> All right. Bob's over back. That's what it looks like. >> I'm I'm gay after all. Hey, you're you're you're the top, which makes you the less desirable. >> Back home, it's not even gay. Actually, that's just what you do. >> Wait, there's no ladies around. So, >> you know, there there's there's some American military that would agree. Uh,",true
434.0,2026-09-07 19:23:45,@TheSupercorky,,:text-green-game-over:,neutral,vader,Chino LaForge & Bashar,">> All right. Bob's over back. That's what it looks like. >> I'm I'm gay after all. Hey, you're you're you're the top, which makes you the less desirable. >> Back home, it's not even gay. Actually, that's just what you do. >> Wait, there's no ladies around. So, >> you know, there there's there's some American military that would agree. Uh,",true
466.0,2026-09-07 19:24:17,@alisonwayland6057,,Nice to see Chair is holding up strong,positive,vader,Chino LaForge & Bashar,"have a Yeah, I have a I have a 4 days old baby right now. She's well taken care of. Don't worry about that. She got her mom and her grandma looking after her. You know, that's the first question that comes up. I'm start realizing it's a one-sided relationship in this thing, right? I'm doing all this [ __ ] A baby",true
480.0,2026-09-07 19:24:31,@LouB-it,,hahahahahaha,neutral,vader,Chino LaForge & Bashar,"comes up. I'm start realizing it's a one-sided relationship in this thing, right? I'm doing all this [ __ ] A baby is not pitching with nothing. So, I went ahead and used her social security for a couple of credit cards just in case. Oh, you did what my parents did. That's why I got I had to go for scholarships. Uh so, um are you going to",true
484.0,2026-09-07 19:24:35,@joshuabutterwick3156,,new dad?? congratulations who's the father?,positive,vader,Chino LaForge & Bashar,"one-sided relationship in this thing, right? I'm doing all this [ __ ] A baby is not pitching with nothing. So, I went ahead and used her social security for a couple of credit cards just in case. Oh, you did what my parents did. That's why I got I had to go for scholarships. Uh so, um are you going to do what most Middle Eastern fathers do",true
485.0,2026-09-07 19:24:36,@TheSupercorky,,Ha ha ha,positive,vader,Chino LaForge & Bashar,"right? I'm doing all this [ __ ] A baby is not pitching with nothing. So, I went ahead and used her social security for a couple of credit cards just in case. Oh, you did what my parents did. That's why I got I had to go for scholarships. Uh so, um are you going to do what most Middle Eastern fathers do and spoil the crap out of your daughter",true
505.0,2026-09-07 19:24:56,@HollywoodStar2026,,"Just got here.... oy new dad's bitching about having a baby. Try pushing it out of your V, douche",negative,vader,Chino LaForge & Bashar,"and spoil the crap out of your daughter to the point where she'll never get married because no man can live up to that? >> Yeah. Yeah. Well, we're not in the Middle East. The thing I'm worried about is, you know, we're going to grow in a time where she's going to grow up in a time where robots and AI might be already being partners, right? And I don't know how to answer. Like if she bring me a robot that identifies as a",true
520.0,2026-09-07 19:25:11,@ineverlutes,,WHATS UP,neutral,vader,Chino LaForge & Bashar,"time where robots and AI might be already being partners, right? And I don't know how to answer. Like if she bring me a robot that identifies as a Muslim, >> that's right. You're you're going to be a part of the first wave of parents that have to be like, ""Dad, you know, >> this robot's my boyfriend."" >> Okay. Like, blow yourself up. Let me know you're real. >> Okay.",true
522.0,2026-09-07 19:25:13,@joshuabutterwick3156,,at Christmas time this guy has Santa sit on his lap but facing him,neutral,vader,Chino LaForge & Bashar,"already being partners, right? And I don't know how to answer. Like if she bring me a robot that identifies as a Muslim, >> that's right. You're you're going to be a part of the first wave of parents that have to be like, ""Dad, you know, >> this robot's my boyfriend."" >> Okay. Like, blow yourself up. Let me know you're real. >> Okay. >> Okay. >> What do you believe in, robot?",true
525.0,2026-09-07 19:25:16,@LouB-it,,stop it my colon fell out from laughing,positive,vader,Chino LaForge & Bashar,"bring me a robot that identifies as a Muslim, >> that's right. You're you're going to be a part of the first wave of parents that have to be like, ""Dad, you know, >> this robot's my boyfriend."" >> Okay. Like, blow yourself up. Let me know you're real. >> Okay. >> Okay. >> What do you believe in, robot? >> Oh, man. Yeah. No, that that's going to",true
549.0,2026-09-07 19:25:40,@HollywoodStar2026,,this format BLOWS so far,neutral,vader,Chino LaForge & Bashar,">> you're I mean they might be doing stand up comedy for us be doing >> Yeah. >> Do you think a duo set between two robots would be like having Alexa talk with Alexa >> where it's like order me a pizza? It's like I would like to do that. How can I help you? It's like hello, I'm here to help. And they just keep going back and forth. >> Yes. Yes. I think I think that'd be very close to what's going on. You guys heard",true
559.0,2026-09-07 19:25:50,@ineverlutes,,WHY IS CHINO,neutral,vader,Chino LaForge & Bashar,">> where it's like order me a pizza? It's like I would like to do that. How can I help you? It's like hello, I'm here to help. And they just keep going back and forth. >> Yes. Yes. I think I think that'd be very close to what's going on. You guys heard the uh Chinese restaurants prank where two Chinese restaurants talk to each other. Feel like it'll be the same thing. I love Chinese people by the way,",true
573.0,2026-09-07 19:26:04,@ineverlutes,,what did i miss why are we doing this ,negative,vader,Chino LaForge & Bashar,"two Chinese restaurants talk to each other. Feel like it'll be the same thing. I love Chinese people by the way, but there's gone around. So I'm just picking on on the nonavailables right now, which is Indians, Chinese. I don't know what you are, bro. I'm just It's okay. You're you're technically Asian, right? The Middle East is in Asia.",true
574.0,2026-09-07 19:26:05,@joshuabutterwick3156,,double duet SUCKS,negative,vader,Chino LaForge & Bashar,"two Chinese restaurants talk to each other. Feel like it'll be the same thing. I love Chinese people by the way, but there's gone around. So I'm just picking on on the nonavailables right now, which is Indians, Chinese. I don't know what you are, bro. I'm just It's okay. You're you're technically Asian, right? The Middle East is in Asia.",true
588.0,2026-09-07 19:26:19,@JimboTheComic,,It’s the theme today deal with it foo ,neutral,vader,Chino LaForge & Bashar,"now, which is Indians, Chinese. I don't know what you are, bro. I'm just It's okay. You're you're technically Asian, right? The Middle East is in Asia. >> Yes. >> I I was having this conversation recently. Uh, an Indian friend of mine was like, ""No, we're Asian, too."" And I was like, ""Get the [ __ ] out of here. No way. I never thought of it like that, right? We don't when you think of Asians, you don't think of Indians."" But then he was like, ""No, we're Asians, too. We identify as Asians."" And I think",true
589.0,2026-09-07 19:26:20,@ineverlutes,,jimbo put a stop to this at once ,negative,vader,Chino LaForge & Bashar,"know what you are, bro. I'm just It's okay. You're you're technically Asian, right? The Middle East is in Asia. >> Yes. >> I I was having this conversation recently. Uh, an Indian friend of mine was like, ""No, we're Asian, too."" And I was like, ""Get the [ __ ] out of here. No way. I never thought of it like that, right? We don't when you think of Asians, you don't think of Indians."" But then he was like, ""No, we're Asians, too. We identify as Asians."" And I think",true
590.0,2026-09-07 19:26:21,@alisonwayland6057,,I guess it moral support night,positive,vader,Chino LaForge & Bashar,"okay. You're you're technically Asian, right? The Middle East is in Asia. >> Yes. >> I I was having this conversation recently. Uh, an Indian friend of mine was like, ""No, we're Asian, too."" And I was like, ""Get the [ __ ] out of here. No way. I never thought of it like that, right? We don't when you think of Asians, you don't think of Indians."" But then he was like, ""No, we're Asians, too. We identify as Asians."" And I think that if you identify as Asians, you have",true
592.0,2026-09-07 19:26:23,@JimboTheComic,,Doubles ,neutral,vader,Chino LaForge & Bashar,"right? The Middle East is in Asia. >> Yes. >> I I was having this conversation recently. Uh, an Indian friend of mine was like, ""No, we're Asian, too."" And I was like, ""Get the [ __ ] out of here. No way. I never thought of it like that, right? We don't when you think of Asians, you don't think of Indians."" But then he was like, ""No, we're Asians, too. We identify as Asians."" And I think that if you identify as Asians, you have to let other Asians do your accent.",true
593.0,2026-09-07 19:26:24,@HollywoodStar2026,,END SIMULATION,neutral,vader,Chino LaForge & Bashar,">> Yes. >> I I was having this conversation recently. Uh, an Indian friend of mine was like, ""No, we're Asian, too."" And I was like, ""Get the [ __ ] out of here. No way. I never thought of it like that, right? We don't when you think of Asians, you don't think of Indians."" But then he was like, ""No, we're Asians, too. We identify as Asians."" And I think that if you identify as Asians, you have to let other Asians do your accent.",true
594.0,2026-09-07 19:26:25,@Beepbop_man,,I wanna kill myself,negative,vader,Chino LaForge & Bashar,">> I I was having this conversation recently. Uh, an Indian friend of mine was like, ""No, we're Asian, too."" And I was like, ""Get the [ __ ] out of here. No way. I never thought of it like that, right? We don't when you think of Asians, you don't think of Indians."" But then he was like, ""No, we're Asians, too. We identify as Asians."" And I think that if you identify as Asians, you have to let other Asians do your accent.",true
599.0,2026-09-07 19:26:30,@nevergiveup9321,,I thought that was Adam Sandler,neutral,vader,Chino LaForge & Bashar,"was like, ""No, we're Asian, too."" And I was like, ""Get the [ __ ] out of here. No way. I never thought of it like that, right? We don't when you think of Asians, you don't think of Indians."" But then he was like, ""No, we're Asians, too. We identify as Asians."" And I think that if you identify as Asians, you have to let other Asians do your accent. That's the only thing that makes it legit, right? Is that like I'm Korean, I'm allowed to do Japanese, Filipino,",true
604.0,2026-09-07 19:26:35,@JimboTheComic,,I don’t like the way he looks at chino ,negative,vader,Chino LaForge & Bashar,"Asians, you don't think of Indians."" But then he was like, ""No, we're Asians, too. We identify as Asians."" And I think that if you identify as Asians, you have to let other Asians do your accent. That's the only thing that makes it legit, right? Is that like I'm Korean, I'm allowed to do Japanese, Filipino, like I'm allowed to. But Indian has always been controversial. So Indians,",true
606.0,2026-09-07 19:26:37,@Beepbop_man,,I didnt before this stream tho,neutral,vader,Chino LaForge & Bashar,"then he was like, ""No, we're Asians, too. We identify as Asians."" And I think that if you identify as Asians, you have to let other Asians do your accent. That's the only thing that makes it legit, right? Is that like I'm Korean, I'm allowed to do Japanese, Filipino, like I'm allowed to. But Indian has always been controversial. So Indians, if you want to be Asian, you have to let",true
610.0,2026-09-07 19:26:41,@joshuabutterwick3156,,this guy looks like a deacon at an evil church,negative,vader,Chino LaForge & Bashar,"that if you identify as Asians, you have to let other Asians do your accent. That's the only thing that makes it legit, right? Is that like I'm Korean, I'm allowed to do Japanese, Filipino, like I'm allowed to. But Indian has always been controversial. So Indians, if you want to be Asian, you have to let us >> do the accent. >> Do your accents? >> Yes. Yes. You got to let us do the",true
619.0,2026-09-07 19:26:50,@JimboTheComic,,Hahaha Joshua ,positive,vader,Chino LaForge & Bashar,"legit, right? Is that like I'm Korean, I'm allowed to do Japanese, Filipino, like I'm allowed to. But Indian has always been controversial. So Indians, if you want to be Asian, you have to let us >> do the accent. >> Do your accents? >> Yes. Yes. You got to let us do the accent. >> I don't see one to verify. So I'm not going to do the accents. >> Are there any Indians? No. Go ahead, Gino. >> That's how you get cancelled. Um. Yeah.",true
624.0,2026-09-07 19:26:55,@HollywoodStar2026,,audiences sounds NOT INTRESTED,neutral,vader,Chino LaForge & Bashar,"always been controversial. So Indians, if you want to be Asian, you have to let us >> do the accent. >> Do your accents? >> Yes. Yes. You got to let us do the accent. >> I don't see one to verify. So I'm not going to do the accents. >> Are there any Indians? No. Go ahead, Gino. >> That's how you get cancelled. Um. Yeah. >> So how how's uh how's you? So Bashar",true
626.0,2026-09-07 19:26:57,@alisonwayland6057,,time machine Adam Sandler,neutral,vader,Chino LaForge & Bashar,"us >> do the accent. >> Do your accents? >> Yes. Yes. You got to let us do the accent. >> I don't see one to verify. So I'm not going to do the accents. >> Are there any Indians? No. Go ahead, Gino. >> That's how you get cancelled. Um. Yeah. >> So how how's uh how's you? So Bashar",true
628.0,2026-09-07 19:26:59,@Conrad2311,,Menacing ,neutral,vader,Chino LaForge & Bashar,">> Do your accents? >> Yes. Yes. You got to let us do the accent. >> I don't see one to verify. So I'm not going to do the accents. >> Are there any Indians? No. Go ahead, Gino. >> That's how you get cancelled. Um. Yeah. >> So how how's uh how's you? So Bashar rents mopeds uh for his business. How's",true
635.0,2026-09-07 19:27:06,@joshuabutterwick3156,,he sleeps under a dark Cloud everynight,neutral,vader,Chino LaForge & Bashar,"going to do the accents. >> Are there any Indians? No. Go ahead, Gino. >> That's how you get cancelled. Um. Yeah. >> So how how's uh how's you? So Bashar rents mopeds uh for his business. How's the tourism industry been? How's the mopeds been? >> It's good. It's good. I'm renting a lot of mopeds. I missed few calls today",true
641.0,2026-09-07 19:27:12,@JimboTheComic,,Skyler CRUSHING the angles ,negative,vader,Chino LaForge & Bashar,">> That's how you get cancelled. Um. Yeah. >> So how how's uh how's you? So Bashar rents mopeds uh for his business. How's the tourism industry been? How's the mopeds been? >> It's good. It's good. I'm renting a lot of mopeds. I missed few calls today because I had a baby. Um, so I might be losing some business. Yeah, if you guys",true
655.0,2026-09-07 19:27:26,@HollywoodStar2026,,this format needs to be cancelled. Sounds like a bad interview,negative,vader,Chino LaForge & Bashar,"of mopeds. I missed few calls today because I had a baby. Um, so I might be losing some business. Yeah, if you guys want to rent some mopeds, I'm in Kihei, uh, Maui Scooter Company. Come get some mopeds. Um, and there's no joke in there, you know, but things are tough. >> It's the first Muslimowned LGBT scooter",true
674.0,2026-09-07 19:27:45,@Beepbop_man,,He rents moped and could think of a pedo joke,positive,vader,Chino LaForge & Bashar,">> It's the first Muslimowned LGBT scooter renting shop. And this is I wish this was a joke, but uh my mother-in-law is actually gay and I haven't told my family yet. So, Oo, >> is that going to is that going to be a dinner or a Zoom call? I feel like that's a Zoom call. >> Okay, this is this is a true story. My my brother surprised me yesterday and he",true
674.0,2026-09-07 19:27:45,@joshuabutterwick3156,,this guy has a Bible pocket on his pants,neutral,vader,Chino LaForge & Bashar,">> It's the first Muslimowned LGBT scooter renting shop. And this is I wish this was a joke, but uh my mother-in-law is actually gay and I haven't told my family yet. So, Oo, >> is that going to is that going to be a dinner or a Zoom call? I feel like that's a Zoom call. >> Okay, this is this is a true story. My my brother surprised me yesterday and he",true
676.0,2026-09-07 19:27:47,@ineverlutes,,it's too much chino ,neutral,vader,Chino LaForge & Bashar,"renting shop. And this is I wish this was a joke, but uh my mother-in-law is actually gay and I haven't told my family yet. So, Oo, >> is that going to is that going to be a dinner or a Zoom call? I feel like that's a Zoom call. >> Okay, this is this is a true story. My my brother surprised me yesterday and he flew from from um California. He lives",true
679.0,2026-09-07 19:27:50,@LouB-it,,moes peds,neutral,vader,Chino LaForge & Bashar,"was a joke, but uh my mother-in-law is actually gay and I haven't told my family yet. So, Oo, >> is that going to is that going to be a dinner or a Zoom call? I feel like that's a Zoom call. >> Okay, this is this is a true story. My my brother surprised me yesterday and he flew from from um California. He lives in California and came to visit us and",true
679.0,2026-09-07 19:27:50,@nevergiveup9321,,Is there money in mopeds?,neutral,vader,Chino LaForge & Bashar,"was a joke, but uh my mother-in-law is actually gay and I haven't told my family yet. So, Oo, >> is that going to is that going to be a dinner or a Zoom call? I feel like that's a Zoom call. >> Okay, this is this is a true story. My my brother surprised me yesterday and he flew from from um California. He lives in California and came to visit us and",true
687.0,2026-09-07 19:27:58,@joshuabutterwick3156,,hahaha Hollywood agreed,positive,vader,Chino LaForge & Bashar,">> is that going to is that going to be a dinner or a Zoom call? I feel like that's a Zoom call. >> Okay, this is this is a true story. My my brother surprised me yesterday and he flew from from um California. He lives in California and came to visit us and that was the first time he meets the mother-in-law. And I'm like, just please, you know, just get along for,",true
706.0,2026-09-07 19:28:17,@z28diablo,,Uncle Wakiki and Dumpster Dan will make it all worth it :rolling_on_the_floor_laughing:,positive,vader,Chino LaForge & Bashar,"mother-in-law. And I'm like, just please, you know, just get along for, you know, my brother is super Muslim. You know, I I kind of try to say I'm a Muslim, but you'll catch me drinking and smoking. My brother is super Muslim and and my uh mother-in-law like short hair, the whole deal. But they got along. They got along. I wish there was a joke there. >> Super Muslim. That sounds like a",true
709.0,2026-09-07 19:28:20,@nevergiveup9321,,If anyone knows peds it’s mow,neutral,vader,Chino LaForge & Bashar,"you know, my brother is super Muslim. You know, I I kind of try to say I'm a Muslim, but you'll catch me drinking and smoking. My brother is super Muslim and and my uh mother-in-law like short hair, the whole deal. But they got along. They got along. I wish there was a joke there. >> Super Muslim. That sounds like a superhero. >> Yes. I think I think I think we're at a",true
714.0,2026-09-07 19:28:25,@JimboTheComic,,Yea we’ll be nice or I’ll put Danny on ,positive,vader,Chino LaForge & Bashar,"Muslim, but you'll catch me drinking and smoking. My brother is super Muslim and and my uh mother-in-law like short hair, the whole deal. But they got along. They got along. I wish there was a joke there. >> Super Muslim. That sounds like a superhero. >> Yes. I think I think I think we're at a time where uh we can have a Muslim",true
720.0,2026-09-07 19:28:31,@ineverlutes,,drinkin and smoking :partying_face:,neutral,vader,Chino LaForge & Bashar,"and my uh mother-in-law like short hair, the whole deal. But they got along. They got along. I wish there was a joke there. >> Super Muslim. That sounds like a superhero. >> Yes. I think I think I think we're at a time where uh we can have a Muslim superhero. Do you guys agree? >> You can clap to that. >> Hey, why not? Why not? Right. Right.",true
733.0,2026-09-07 19:28:44,@alisonwayland6057,,do super Muslims come with a cape?,positive,vader,Chino LaForge & Bashar,"time where uh we can have a Muslim superhero. Do you guys agree? >> You can clap to that. >> Hey, why not? Why not? Right. Right. Dream big. >> What? Hold on. First of all, Muslim superhero. Would it be Marvel or DC? >> DC. >> DC. A little bit darker, a little bit grittier. Okay, that's that's that's that. >> I I'll take it. >> Little more dramatic.",true
734.0,2026-09-07 19:28:45,@ineverlutes,,muslim super hero lmao,positive,vader,Chino LaForge & Bashar,"time where uh we can have a Muslim superhero. Do you guys agree? >> You can clap to that. >> Hey, why not? Why not? Right. Right. Dream big. >> What? Hold on. First of all, Muslim superhero. Would it be Marvel or DC? >> DC. >> DC. A little bit darker, a little bit grittier. Okay, that's that's that's that. >> I I'll take it. >> Little more dramatic. >> Would it Would it Would it be a man or a",true
737.0,2026-09-07 19:28:48,@Conrad2311,,DD,neutral,vader,Chino LaForge & Bashar,">> You can clap to that. >> Hey, why not? Why not? Right. Right. Dream big. >> What? Hold on. First of all, Muslim superhero. Would it be Marvel or DC? >> DC. >> DC. A little bit darker, a little bit grittier. Okay, that's that's that's that. >> I I'll take it. >> Little more dramatic. >> Would it Would it Would it be a man or a woman? >> Black Adam. Black. Black. Oh,",true
741.0,2026-09-07 19:28:52,@Beepbop_man,,My brother is so muslim his wife flinches when the kids come home,neutral,vader,Chino LaForge & Bashar,">> Hey, why not? Why not? Right. Right. Dream big. >> What? Hold on. First of all, Muslim superhero. Would it be Marvel or DC? >> DC. >> DC. A little bit darker, a little bit grittier. Okay, that's that's that's that. >> I I'll take it. >> Little more dramatic. >> Would it Would it Would it be a man or a woman? >> Black Adam. Black. Black. Oh, >> a woman, right? Okay, that's a good",true
745.0,2026-09-07 19:28:56,@Pinkskinnedgoblin,,And what they suicide bomb the goes? ,negative,vader,Chino LaForge & Bashar,">> What? Hold on. First of all, Muslim superhero. Would it be Marvel or DC? >> DC. >> DC. A little bit darker, a little bit grittier. Okay, that's that's that's that. >> I I'll take it. >> Little more dramatic. >> Would it Would it Would it be a man or a woman? >> Black Adam. Black. Black. Oh, >> a woman, right? Okay, that's a good answer because a woman will have a mask already, right?",true
746.0,2026-09-07 19:28:57,@z28diablo,,"Jimbo, you are pairing with the chair aren't you, going for 2 in a row",neutral,vader,Chino LaForge & Bashar,"superhero. Would it be Marvel or DC? >> DC. >> DC. A little bit darker, a little bit grittier. Okay, that's that's that's that. >> I I'll take it. >> Little more dramatic. >> Would it Would it Would it be a man or a woman? >> Black Adam. Black. Black. Oh, >> a woman, right? Okay, that's a good answer because a woman will have a mask already, right?",true
749.0,2026-09-07 19:29:00,@Pinkskinnedgoblin,,Foes ,negative,vader,Chino LaForge & Bashar,">> DC. A little bit darker, a little bit grittier. Okay, that's that's that's that. >> I I'll take it. >> Little more dramatic. >> Would it Would it Would it be a man or a woman? >> Black Adam. Black. Black. Oh, >> a woman, right? Okay, that's a good answer because a woman will have a mask already, right? >> Okay. >> She's already ready to fight crime. Who",true
750.0,2026-09-07 19:29:01,@joshuabutterwick3156,,this guy is gripping the mic like he's gripping other men's dicks,positive,vader,Chino LaForge & Bashar,"that. >> I I'll take it. >> Little more dramatic. >> Would it Would it Would it be a man or a woman? >> Black Adam. Black. Black. Oh, >> a woman, right? Okay, that's a good answer because a woman will have a mask already, right? >> Okay. >> She's already ready to fight crime. Who is that? I don't know.",true
772.0,2026-09-07 19:29:23,@JimboTheComic,,I should pair with the chair huh,neutral,vader,Chino LaForge & Bashar,">> Yeah. Her her superpower would be would be shooting lasers lasers at any food and making it halal food. So, that's uh >> that would be the only superhero whose alter ego and superhero is the same vestage because you just can't identify them either way. They're like Yeah, I think the only thing that would suck is she'll be able to fly but can't",true
772.0,2026-09-07 19:29:23,@shawnlewis3,,gay Muslim super hero with a goat side kick,positive,vader,Chino LaForge & Bashar,">> Yeah. Her her superpower would be would be shooting lasers lasers at any food and making it halal food. So, that's uh >> that would be the only superhero whose alter ego and superhero is the same vestage because you just can't identify them either way. They're like Yeah, I think the only thing that would suck is she'll be able to fly but can't",true
775.0,2026-09-07 19:29:26,@Pinkskinnedgoblin,,Aladdin is a super hero he flys on carpet ,positive,vader,Chino LaForge & Bashar,"be shooting lasers lasers at any food and making it halal food. So, that's uh >> that would be the only superhero whose alter ego and superhero is the same vestage because you just can't identify them either way. They're like Yeah, I think the only thing that would suck is she'll be able to fly but can't drive. She's she's from Saudi Arabia.",true
777.0,2026-09-07 19:29:28,@HollywoodStar2026,,How was this format explained to the participants and the audience. I DON'T GET IT,neutral,vader,Chino LaForge & Bashar,"be shooting lasers lasers at any food and making it halal food. So, that's uh >> that would be the only superhero whose alter ego and superhero is the same vestage because you just can't identify them either way. They're like Yeah, I think the only thing that would suck is she'll be able to fly but can't drive. She's she's from Saudi Arabia. That's that's the >> Okay, where are we going with this?",true
792.0,2026-09-07 19:29:43,@LouB-it,,flip a stool over get a 4 way show going,neutral,vader,Chino LaForge & Bashar,"suck is she'll be able to fly but can't drive. She's she's from Saudi Arabia. That's that's the >> Okay, where are we going with this? >> That's why that's why you came to America to open a scooter shop that's >> I I like that he says that it's LGBT friendly because you can't rent scooters and not be like a little gay, right? Let's be honest. >> Yeah. >> Especially if you're coming with two people on one scooter. That's like",true
798.0,2026-09-07 19:29:49,@TheSupercorky,,Bashar!,neutral,vader,Chino LaForge & Bashar,">> That's why that's why you came to America to open a scooter shop that's >> I I like that he says that it's LGBT friendly because you can't rent scooters and not be like a little gay, right? Let's be honest. >> Yeah. >> Especially if you're coming with two people on one scooter. That's like there's no straight way for two guys to ride a sc a scooter",true
799.0,2026-09-07 19:29:50,@someguy9566,,lol that one was funny :rolling_on_the_floor_laughing:,positive,vader,Chino LaForge & Bashar,">> That's why that's why you came to America to open a scooter shop that's >> I I like that he says that it's LGBT friendly because you can't rent scooters and not be like a little gay, right? Let's be honest. >> Yeah. >> Especially if you're coming with two people on one scooter. That's like there's no straight way for two guys to ride a sc a scooter >> unless it's on the shoulders, right?",true
801.0,2026-09-07 19:29:52,@joshuabutterwick3156,,this guy beats up his girlfriend after drinking too much root beer,neutral,vader,Chino LaForge & Bashar,">> That's why that's why you came to America to open a scooter shop that's >> I I like that he says that it's LGBT friendly because you can't rent scooters and not be like a little gay, right? Let's be honest. >> Yeah. >> Especially if you're coming with two people on one scooter. That's like there's no straight way for two guys to ride a sc a scooter >> unless it's on the shoulders, right?",true
810.0,2026-09-07 19:30:01,@z28diablo,,I guess the 5 minute thing is out the window tonight?,neutral,vader,Chino LaForge & Bashar,">> Especially if you're coming with two people on one scooter. That's like there's no straight way for two guys to ride a sc a scooter >> unless it's on the shoulders, right? >> Cuz that's not gay. That's [ __ ] awesome. >> To a wheelie. >> Yes. >> Yeah. What else we talking about? You",true
812.0,2026-09-07 19:30:03,@someguy9566,,fly but can't drive,neutral,vader,Chino LaForge & Bashar,">> Especially if you're coming with two people on one scooter. That's like there's no straight way for two guys to ride a sc a scooter >> unless it's on the shoulders, right? >> Cuz that's not gay. That's [ __ ] awesome. >> To a wheelie. >> Yes. >> Yeah. What else we talking about? You know, how's things been with you?",true
825.0,2026-09-07 19:30:16,@Pinkskinnedgoblin,,lol ,positive,vader,Chino LaForge & Bashar,"awesome. >> To a wheelie. >> Yes. >> Yeah. What else we talking about? You know, how's things been with you? >> Good. Good. I've uh I'm finishing up this diet I'm doing. I've lost 60 lbs. >> Give it up, guys. 60 lb year and a half. Thank you. Thank you. Half half a Backstreet Boy if you're counting. Um",true
834.0,2026-09-07 19:30:25,@leedlelee-l2d,,Dinner time conversation,neutral,vader,Chino LaForge & Bashar,">> Good. Good. I've uh I'm finishing up this diet I'm doing. I've lost 60 lbs. >> Give it up, guys. 60 lb year and a half. Thank you. Thank you. Half half a Backstreet Boy if you're counting. Um yeah, it's uh I didn't do the drugs either. I didn't do the shots or the the tests or nothing. Uh I just starved",true
835.0,2026-09-07 19:30:26,@BrianKirk-wi6kd,,A Muslim superhero would fly into buildings,neutral,vader,Chino LaForge & Bashar,">> Good. Good. I've uh I'm finishing up this diet I'm doing. I've lost 60 lbs. >> Give it up, guys. 60 lb year and a half. Thank you. Thank you. Half half a Backstreet Boy if you're counting. Um yeah, it's uh I didn't do the drugs either. I didn't do the shots or the the tests or nothing. Uh I just starved myself.",true
841.0,2026-09-07 19:30:32,@TheSupercorky,,I was gonna say,neutral,vader,Chino LaForge & Bashar,">> Give it up, guys. 60 lb year and a half. Thank you. Thank you. Half half a Backstreet Boy if you're counting. Um yeah, it's uh I didn't do the drugs either. I didn't do the shots or the the tests or nothing. Uh I just starved myself. >> Yeah, apparently anorexia is only anorexia if you're already thin.",true
842.0,2026-09-07 19:30:33,@alisonwayland6057,,on the shoulders? that truns into a circus act,neutral,vader,Chino LaForge & Bashar,">> Give it up, guys. 60 lb year and a half. Thank you. Thank you. Half half a Backstreet Boy if you're counting. Um yeah, it's uh I didn't do the drugs either. I didn't do the shots or the the tests or nothing. Uh I just starved myself. >> Yeah, apparently anorexia is only anorexia if you're already thin. >> Yeah, he he got he got bullied into it.",true
846.0,2026-09-07 19:30:37,@JimboTheComic,,lol Brian ,positive,vader,Chino LaForge & Bashar,"Backstreet Boy if you're counting. Um yeah, it's uh I didn't do the drugs either. I didn't do the shots or the the tests or nothing. Uh I just starved myself. >> Yeah, apparently anorexia is only anorexia if you're already thin. >> Yeah, he he got he got bullied into it. >> If you're fat and anorexic, you're just on a diet. I just I didn't know that",true
849.0,2026-09-07 19:30:40,@joshuabutterwick3156,,LMFAO Brian,positive,vader,Chino LaForge & Bashar,"yeah, it's uh I didn't do the drugs either. I didn't do the shots or the the tests or nothing. Uh I just starved myself. >> Yeah, apparently anorexia is only anorexia if you're already thin. >> Yeah, he he got he got bullied into it. >> If you're fat and anorexic, you're just on a diet. I just I didn't know that until I started trying to talk to people about it.",true
850.0,2026-09-07 19:30:41,@Alkemystikal-c7r,,Up to 10 minutes tonight for comic duets,neutral,vader,Chino LaForge & Bashar,"yeah, it's uh I didn't do the drugs either. I didn't do the shots or the the tests or nothing. Uh I just starved myself. >> Yeah, apparently anorexia is only anorexia if you're already thin. >> Yeah, he he got he got bullied into it. >> If you're fat and anorexic, you're just on a diet. I just I didn't know that until I started trying to talk to people about it. >> I talked to other guys about the diet.",true
856.0,2026-09-07 19:30:47,@joshuabutterwick3156,,on magic carpets,neutral,vader,Chino LaForge & Bashar,">> Yeah, apparently anorexia is only anorexia if you're already thin. >> Yeah, he he got he got bullied into it. >> If you're fat and anorexic, you're just on a diet. I just I didn't know that until I started trying to talk to people about it. >> I talked to other guys about the diet. They're like, ""Man, that sounds rough. You're only eating like 1,600 calories a day? That's crazy for your size?"" I",true
857.0,2026-09-07 19:30:48,@ineverlutes,,LOL brian ,positive,vader,Chino LaForge & Bashar,">> Yeah, apparently anorexia is only anorexia if you're already thin. >> Yeah, he he got he got bullied into it. >> If you're fat and anorexic, you're just on a diet. I just I didn't know that until I started trying to talk to people about it. >> I talked to other guys about the diet. They're like, ""Man, that sounds rough. You're only eating like 1,600 calories a day? That's crazy for your size?"" I talked to a girl, they're like, ""600",true
874.0,2026-09-07 19:31:05,@Stillear,,Brian:finger-red-number-one:,neutral,vader,Chino LaForge & Bashar,"You're only eating like 1,600 calories a day? That's crazy for your size?"" I talked to a girl, they're like, ""600 calories? You [ __ ] cow? Are you kidding me? How are you going to fit into that prom dress, you fat bitch?"" I'm like, ""Oh my god."" I I didn't know I was scratching at previous traumas. >> Yeah. We We call this Ramadan. We do this every [ __ ] year. We starve ourselves just, you know, for",true
885.0,2026-09-07 19:31:16,@Pinkskinnedgoblin,,This shit is ass,negative,vader,Chino LaForge & Bashar,"was scratching at previous traumas. >> Yeah. We We call this Ramadan. We do this every [ __ ] year. We starve ourselves just, you know, for the one and only the Lord. You guys don't know nothing about that. >> See, nothing. This is why you can't talk about a diet with somebody from a third world country. They're like, ""Diet? >> You mean daily life? You mean when we're",true
903.0,2026-09-07 19:31:34,@joshuabutterwick3156,,this guy socks dick for busfare,negative,vader,Chino LaForge & Bashar,"world country. They're like, ""Diet? >> You mean daily life? You mean when we're waiting for UNICEF, [ __ ] Like that doesn't?"" >> Yes. When we were lifting weights, I felt like he liked watching me suffer. He was just like, ""Good, you [ __ ] fat white American pig. I hope it hurts."" Yeah. That's a reality. My girl is is white. My girl is white. And and I have this issue where I I can tolerate a lot",true
905.0,2026-09-07 19:31:36,@JimboTheComic,,This shit is so funny omg ,negative,vader,Chino LaForge & Bashar,">> You mean daily life? You mean when we're waiting for UNICEF, [ __ ] Like that doesn't?"" >> Yes. When we were lifting weights, I felt like he liked watching me suffer. He was just like, ""Good, you [ __ ] fat white American pig. I hope it hurts."" Yeah. That's a reality. My girl is is white. My girl is white. And and I have this issue where I I can tolerate a lot",true
915.0,2026-09-07 19:31:46,@z28diablo,,That one laugh in the crowd is horrible,neutral,vader,Chino LaForge & Bashar,"He was just like, ""Good, you [ __ ] fat white American pig. I hope it hurts."" Yeah. That's a reality. My girl is is white. My girl is white. And and I have this issue where I I can tolerate a lot more than she does. And it's not for the fact that I'm just tough. It just we were under sanctions for so long that, you know, meat wasn't around. There was nothing around, you know. So, I just uh",true
923.0,2026-09-07 19:31:54,@RickJaeger-s4b,,Congrats Bashar!,positive,vader,Chino LaForge & Bashar,"white. My girl is white. And and I have this issue where I I can tolerate a lot more than she does. And it's not for the fact that I'm just tough. It just we were under sanctions for so long that, you know, meat wasn't around. There was nothing around, you know. So, I just uh don't complain as much. But I'm learning. Um I'm looking at my baby and trying to see what what am I going to instill? What kind of what kind of um",true
926.0,2026-09-07 19:31:57,@JimboTheComic,,That’s my laugh. Idc I’m high ,positive,vader,Chino LaForge & Bashar,"this issue where I I can tolerate a lot more than she does. And it's not for the fact that I'm just tough. It just we were under sanctions for so long that, you know, meat wasn't around. There was nothing around, you know. So, I just uh don't complain as much. But I'm learning. Um I'm looking at my baby and trying to see what what am I going to instill? What kind of what kind of um",true
927.0,2026-09-07 19:31:58,@joshuabutterwick3156,,this guy makes himself nervous,negative,vader,Chino LaForge & Bashar,"more than she does. And it's not for the fact that I'm just tough. It just we were under sanctions for so long that, you know, meat wasn't around. There was nothing around, you know. So, I just uh don't complain as much. But I'm learning. Um I'm looking at my baby and trying to see what what am I going to instill? What kind of what kind of um disciplines, right? I think I'm going to",true
934.0,2026-09-07 19:32:05,@JimboTheComic,,WHERE TF IS RICK ,neutral,vader,Shane Nelson & Jackson Babine,"you know, meat wasn't around. There was nothing around, you know. So, I just uh don't complain as much. But I'm learning. Um I'm looking at my baby and trying to see what what am I going to instill? What kind of what kind of um disciplines, right? I think I'm going to have to teach her how how to intermittent fast pretty quick with the with the way the economy is going. One",true
943.0,2026-09-07 19:32:14,@HollywoodStar2026,,This is turning into a very special episode,positive,vader,Shane Nelson & Jackson Babine,"trying to see what what am I going to instill? What kind of what kind of um disciplines, right? I think I'm going to have to teach her how how to intermittent fast pretty quick with the with the way the economy is going. One tit only. Okay. You don't get two tits. Okay. If Trump don't open the straight of her moose, I'mma have a low fat baby. It's what's going to It's what's going",true
946.0,2026-09-07 19:32:17,@whisperingbeeasmr,,ummmm,neutral,vader,Shane Nelson & Jackson Babine,"instill? What kind of what kind of um disciplines, right? I think I'm going to have to teach her how how to intermittent fast pretty quick with the with the way the economy is going. One tit only. Okay. You don't get two tits. Okay. If Trump don't open the straight of her moose, I'mma have a low fat baby. It's what's going to It's what's going to happen. >> A tariff baby.",true
947.0,2026-09-07 19:32:18,@jacca1091,,He has no respect for women ,negative,vader,Shane Nelson & Jackson Babine,"disciplines, right? I think I'm going to have to teach her how how to intermittent fast pretty quick with the with the way the economy is going. One tit only. Okay. You don't get two tits. Okay. If Trump don't open the straight of her moose, I'mma have a low fat baby. It's what's going to It's what's going to happen. >> A tariff baby. >> A tariff baby.",true
950.0,2026-09-07 19:32:21,@alisonwayland6057,,she tollerates his bland humor,positive,vader,Shane Nelson & Jackson Babine,"have to teach her how how to intermittent fast pretty quick with the with the way the economy is going. One tit only. Okay. You don't get two tits. Okay. If Trump don't open the straight of her moose, I'mma have a low fat baby. It's what's going to It's what's going to happen. >> A tariff baby. >> A tariff baby. >> And to be honest, like I don't care at",true
951.0,2026-09-07 19:32:22,@TheSupercorky,,"Well, it is Monday",positive,vader,Shane Nelson & Jackson Babine,"intermittent fast pretty quick with the with the way the economy is going. One tit only. Okay. You don't get two tits. Okay. If Trump don't open the straight of her moose, I'mma have a low fat baby. It's what's going to It's what's going to happen. >> A tariff baby. >> A tariff baby. >> And to be honest, like I don't care at this point.",true
955.0,2026-09-07 19:32:26,@ineverlutes,,we are starting strong folks ,positive,vader,Shane Nelson & Jackson Babine,"with the way the economy is going. One tit only. Okay. You don't get two tits. Okay. If Trump don't open the straight of her moose, I'mma have a low fat baby. It's what's going to It's what's going to happen. >> A tariff baby. >> A tariff baby. >> And to be honest, like I don't care at this point. >> Just bomb them, you know? Bomb somebody. [ __ ] open the thing. Lower the the",true
957.0,2026-09-07 19:32:28,@QUINNHAMELIN,,:yawning_face:,neutral,vader,Shane Nelson & Jackson Babine,"tit only. Okay. You don't get two tits. Okay. If Trump don't open the straight of her moose, I'mma have a low fat baby. It's what's going to It's what's going to happen. >> A tariff baby. >> A tariff baby. >> And to be honest, like I don't care at this point. >> Just bomb them, you know? Bomb somebody. [ __ ] open the thing. Lower the the gas. I I flew the [ __ ] war over here.",true
961.0,2026-09-07 19:32:32,@leedlelee-l2d,,None of them do jacca,neutral,vader,Shane Nelson & Jackson Babine,"of her moose, I'mma have a low fat baby. It's what's going to It's what's going to happen. >> A tariff baby. >> A tariff baby. >> And to be honest, like I don't care at this point. >> Just bomb them, you know? Bomb somebody. [ __ ] open the thing. Lower the the gas. I I flew the [ __ ] war over here. Give me some cheap gas. Okay. Bomb",true
964.0,2026-09-07 19:32:35,@ineverlutes,,jimbo DEFENDING this nonsense ,negative,vader,Shane Nelson & Jackson Babine,"to happen. >> A tariff baby. >> A tariff baby. >> And to be honest, like I don't care at this point. >> Just bomb them, you know? Bomb somebody. [ __ ] open the thing. Lower the the gas. I I flew the [ __ ] war over here. Give me some cheap gas. Okay. Bomb somebody.",true
964.0,2026-09-07 19:32:35,@nevergiveup9321,,Heavy on the special ,positive,vader,Shane Nelson & Jackson Babine,"to happen. >> A tariff baby. >> A tariff baby. >> And to be honest, like I don't care at this point. >> Just bomb them, you know? Bomb somebody. [ __ ] open the thing. Lower the the gas. I I flew the [ __ ] war over here. Give me some cheap gas. Okay. Bomb somebody.",true
967.0,2026-09-07 19:32:38,@williamcurrie5236,,this is ?,neutral,vader,Shane Nelson & Jackson Babine,">> A tariff baby. >> And to be honest, like I don't care at this point. >> Just bomb them, you know? Bomb somebody. [ __ ] open the thing. Lower the the gas. I I flew the [ __ ] war over here. Give me some cheap gas. Okay. Bomb somebody. That's That's Bashar's running slogan.",true
971.0,2026-09-07 19:32:42,@JimboTheComic,,That’s as good as it’ll be tonight ,positive,vader,Shane Nelson & Jackson Babine,"this point. >> Just bomb them, you know? Bomb somebody. [ __ ] open the thing. Lower the the gas. I I flew the [ __ ] war over here. Give me some cheap gas. Okay. Bomb somebody. That's That's Bashar's running slogan. 2026 Bashar for president. Bomb somebody. >> All right, that's our double set. Give",true
973.0,2026-09-07 19:32:44,@RickJaeger-s4b,,I'm at the hospital pharmacy Jimbo!,neutral,vader,Shane Nelson & Jackson Babine,">> Just bomb them, you know? Bomb somebody. [ __ ] open the thing. Lower the the gas. I I flew the [ __ ] war over here. Give me some cheap gas. Okay. Bomb somebody. That's That's Bashar's running slogan. 2026 Bashar for president. Bomb somebody. >> All right, that's our double set. Give it up for Bashar, ladies and gentlemen.",true
979.0,2026-09-07 19:32:50,@whisperingbeeasmr,,is this free ticket night?,positive,vader,Shane Nelson & Jackson Babine,"gas. I I flew the [ __ ] war over here. Give me some cheap gas. Okay. Bomb somebody. That's That's Bashar's running slogan. 2026 Bashar for president. Bomb somebody. >> All right, that's our double set. Give it up for Bashar, ladies and gentlemen. >> Give it up for Chino, guys. Thank you very much. >> All right, so we're having more double",true
984.0,2026-09-07 19:32:55,@joshuabutterwick3156,,this guy couldn't build a soya bean pipe bomb,negative,vader,Shane Nelson & Jackson Babine,"somebody. That's That's Bashar's running slogan. 2026 Bashar for president. Bomb somebody. >> All right, that's our double set. Give it up for Bashar, ladies and gentlemen. >> Give it up for Chino, guys. Thank you very much. >> All right, so we're having more double sets starting right now. Um, I believe the first two people on the list are uh",true
985.0,2026-09-07 19:32:56,@Pinkskinnedgoblin,,Yeah bomb them because they’ll throw him off a building for fucking dudes in the butt ,negative,vader,Shane Nelson & Jackson Babine,"somebody. That's That's Bashar's running slogan. 2026 Bashar for president. Bomb somebody. >> All right, that's our double set. Give it up for Bashar, ladies and gentlemen. >> Give it up for Chino, guys. Thank you very much. >> All right, so we're having more double sets starting right now. Um, I believe the first two people on the list are uh",true
986.0,2026-09-07 19:32:57,@TheSupercorky,,Thanks we just been flagged. It's been a fun show.,positive,vader,Shane Nelson & Jackson Babine,"That's That's Bashar's running slogan. 2026 Bashar for president. Bomb somebody. >> All right, that's our double set. Give it up for Bashar, ladies and gentlemen. >> Give it up for Chino, guys. Thank you very much. >> All right, so we're having more double sets starting right now. Um, I believe the first two people on the list are uh an odd couple of sorts. The first one",true
986.0,2026-09-07 19:32:57,@QUINNHAMELIN,,Is this comedy?,positive,vader,Shane Nelson & Jackson Babine,"That's That's Bashar's running slogan. 2026 Bashar for president. Bomb somebody. >> All right, that's our double set. Give it up for Bashar, ladies and gentlemen. >> Give it up for Chino, guys. Thank you very much. >> All right, so we're having more double sets starting right now. Um, I believe the first two people on the list are uh an odd couple of sorts. The first one",true
989.0,2026-09-07 19:33:00,@Pinkskinnedgoblin,,Or stoned ,neutral,vader,Shane Nelson & Jackson Babine,"somebody. >> All right, that's our double set. Give it up for Bashar, ladies and gentlemen. >> Give it up for Chino, guys. Thank you very much. >> All right, so we're having more double sets starting right now. Um, I believe the first two people on the list are uh an odd couple of sorts. The first one runs the open mic on Tuesdays in Kihei.",true
996.0,2026-09-07 19:33:07,@alisonwayland6057,,so tonight is double sets,neutral,vader,Shane Nelson & Jackson Babine,"very much. >> All right, so we're having more double sets starting right now. Um, I believe the first two people on the list are uh an odd couple of sorts. The first one runs the open mic on Tuesdays in Kihei. Uh, the second one is Jimbo's landlord slashroommate slash slashback and slash.",true
998.0,2026-09-07 19:33:09,@Space-Ace117,,I like the Italians tried to clone Adam Sandler,positive,vader,Shane Nelson & Jackson Babine,">> All right, so we're having more double sets starting right now. Um, I believe the first two people on the list are uh an odd couple of sorts. The first one runs the open mic on Tuesdays in Kihei. Uh, the second one is Jimbo's landlord slashroommate slash slashback and slash.",true
998.0,2026-09-07 19:33:09,@Pinkskinnedgoblin,,Hell his brother probably would ,negative,vader,Shane Nelson & Jackson Babine,">> All right, so we're having more double sets starting right now. Um, I believe the first two people on the list are uh an odd couple of sorts. The first one runs the open mic on Tuesdays in Kihei. Uh, the second one is Jimbo's landlord slashroommate slash slashback and slash.",true
1004.0,2026-09-07 19:33:15,@nevergiveup9321,,They have to pay ppl to come in,negative,vader,Shane Nelson & Jackson Babine,"the first two people on the list are uh an odd couple of sorts. The first one runs the open mic on Tuesdays in Kihei. Uh, the second one is Jimbo's landlord slashroommate slash slashback and slash. They do a lot of things. They go on trips together. I've never hung out with my landlord as much as as Jimbo hangs",true
1007.0,2026-09-07 19:33:18,@ineverlutes,,ohh it's not just chino ok this might be lit ,negative,vader,Shane Nelson & Jackson Babine,"an odd couple of sorts. The first one runs the open mic on Tuesdays in Kihei. Uh, the second one is Jimbo's landlord slashroommate slash slashback and slash. They do a lot of things. They go on trips together. I've never hung out with my landlord as much as as Jimbo hangs out with his. I wonder I I hope he's getting prorated. That's I hope there's",true
1013.0,2026-09-07 19:33:24,@Beepbop_man,,This is rly pa :wilted_flower: ,neutral,vader,Shane Nelson & Jackson Babine,"Uh, the second one is Jimbo's landlord slashroommate slash slashback and slash. They do a lot of things. They go on trips together. I've never hung out with my landlord as much as as Jimbo hangs out with his. I wonder I I hope he's getting prorated. That's I hope there's something there. Ladies and gentlemen, GET IT FOR MORGAN AND JIMBO.",true
1017.0,2026-09-07 19:33:28,@RickJaeger-s4b,,I'm working tonight ,neutral,vader,Shane Nelson & Jackson Babine,"slashroommate slash slashback and slash. They do a lot of things. They go on trips together. I've never hung out with my landlord as much as as Jimbo hangs out with his. I wonder I I hope he's getting prorated. That's I hope there's something there. Ladies and gentlemen, GET IT FOR MORGAN AND JIMBO. >> JAMIE. OH, >> SORRY. Morgan and Jamie. Morgan and Jamie. Sorry. [ __ ] off, Jimbo.",true
1021.0,2026-09-07 19:33:32,@alisonwayland6057,,complicated relationship,neutral,vader,Shane Nelson & Jackson Babine,"trips together. I've never hung out with my landlord as much as as Jimbo hangs out with his. I wonder I I hope he's getting prorated. That's I hope there's something there. Ladies and gentlemen, GET IT FOR MORGAN AND JIMBO. >> JAMIE. OH, >> SORRY. Morgan and Jamie. Morgan and Jamie. Sorry. [ __ ] off, Jimbo.",true
1035.0,2026-09-07 19:33:46,@QUINNHAMELIN,,:yawning_face:,neutral,vader,Shane Nelson & Jackson Babine,">> SORRY. Morgan and Jamie. Morgan and Jamie. Sorry. [ __ ] off, Jimbo. Jimbo, good to see you. You [ __ ] grew and worked out. What? What the hell happened? You're wearing glasses now, too. Oh, no. There's Jimbo over there. It's okay. >> No, Jimbo is my slave name. >> Ladies and gentlemen, one of my favorite",true
1036.0,2026-09-07 19:33:47,@ineverlutes,,oh damn i got pumped ,negative,vader,Shane Nelson & Jackson Babine,">> SORRY. Morgan and Jamie. Morgan and Jamie. Sorry. [ __ ] off, Jimbo. Jimbo, good to see you. You [ __ ] grew and worked out. What? What the hell happened? You're wearing glasses now, too. Oh, no. There's Jimbo over there. It's okay. >> No, Jimbo is my slave name. >> Ladies and gentlemen, one of my favorite people in PA, Jamie.",true
1037.0,2026-09-07 19:33:48,@z28diablo,,"yeah, fuck off Jimbo lol",positive,vader,Shane Nelson & Jackson Babine,">> SORRY. Morgan and Jamie. Morgan and Jamie. Sorry. [ __ ] off, Jimbo. Jimbo, good to see you. You [ __ ] grew and worked out. What? What the hell happened? You're wearing glasses now, too. Oh, no. There's Jimbo over there. It's okay. >> No, Jimbo is my slave name. >> Ladies and gentlemen, one of my favorite people in PA, Jamie.",true
1047.0,2026-09-07 19:33:58,@HollywoodStar2026,,can anyone explain what is supposed to happen?,neutral,vader,Shane Nelson & Jackson Babine,"and worked out. What? What the hell happened? You're wearing glasses now, too. Oh, no. There's Jimbo over there. It's okay. >> No, Jimbo is my slave name. >> Ladies and gentlemen, one of my favorite people in PA, Jamie. >> Thank you. >> Yeah, man. No, I've been cruising. A lot of work, a lot of a lot of blood, sweat, and tears. Uh, the >> [ __ ] are you bleeding over?",true
1051.0,2026-09-07 19:34:02,@bigraysballcards,,Free amateur night…noice! ,positive,vader,Shane Nelson & Jackson Babine,"It's okay. >> No, Jimbo is my slave name. >> Ladies and gentlemen, one of my favorite people in PA, Jamie. >> Thank you. >> Yeah, man. No, I've been cruising. A lot of work, a lot of a lot of blood, sweat, and tears. Uh, the >> [ __ ] are you bleeding over? >> Yeah. Yeah, there's a lot of [ __ ] going on, man. I been trying to pass this drug",true
1064.0,2026-09-07 19:34:15,@TheSupercorky,,Anything can happen,neutral,vader,Shane Nelson & Jackson Babine,"and tears. Uh, the >> [ __ ] are you bleeding over? >> Yeah. Yeah, there's a lot of [ __ ] going on, man. I been trying to pass this drug test. I I bought seven bottles of fake piss. >> What? Okay. >> That's right. I drank seven bottles of fake piss. >> You don't drink it. You just use it, bro. >> Wait. >> I still failed the test. >> What's your job? I've always wondered.",true
1065.0,2026-09-07 19:34:16,@Pinkskinnedgoblin,,Supposed to be a kill Tony type comedy deal I’m guessing ,negative,vader,Shane Nelson & Jackson Babine,"and tears. Uh, the >> [ __ ] are you bleeding over? >> Yeah. Yeah, there's a lot of [ __ ] going on, man. I been trying to pass this drug test. I I bought seven bottles of fake piss. >> What? Okay. >> That's right. I drank seven bottles of fake piss. >> You don't drink it. You just use it, bro. >> Wait. >> I still failed the test. >> What's your job? I've always wondered. >> I'm on real piss now, though.",true
1069.0,2026-09-07 19:34:20,@Beepbop_man,,Could start with how I thought they were lesbians before they came up,neutral,vader,Shane Nelson & Jackson Babine,">> Yeah. Yeah, there's a lot of [ __ ] going on, man. I been trying to pass this drug test. I I bought seven bottles of fake piss. >> What? Okay. >> That's right. I drank seven bottles of fake piss. >> You don't drink it. You just use it, bro. >> Wait. >> I still failed the test. >> What's your job? I've always wondered. >> I'm on real piss now, though. >> No. What? All right. >> It tastes better. >> Okay. What What do you do for work,",true
1074.0,2026-09-07 19:34:25,@nevergiveup9321,,Rolled round outta bed n on to the stage,neutral,vader,Shane Nelson & Jackson Babine,"piss. >> What? Okay. >> That's right. I drank seven bottles of fake piss. >> You don't drink it. You just use it, bro. >> Wait. >> I still failed the test. >> What's your job? I've always wondered. >> I'm on real piss now, though. >> No. What? All right. >> It tastes better. >> Okay. What What do you do for work, Morgan? I'm curious. >> I'm a handyman. >> Oh, stay away from me. >> Jack of all trades.",true
1080.0,2026-09-07 19:34:31,@joshuabutterwick3156,,this guy and trump have the same hair dresser,neutral,vader,Shane Nelson & Jackson Babine,">> Wait. >> I still failed the test. >> What's your job? I've always wondered. >> I'm on real piss now, though. >> No. What? All right. >> It tastes better. >> Okay. What What do you do for work, Morgan? I'm curious. >> I'm a handyman. >> Oh, stay away from me. >> Jack of all trades. >> Hand jobs. blow jobs, you know, all that kind of handy stuff. Oh my god. You",true
1082.0,2026-09-07 19:34:33,@JimboTheComic,,“Oh my god” - Jamie ,positive,vader,Shane Nelson & Jackson Babine,">> I still failed the test. >> What's your job? I've always wondered. >> I'm on real piss now, though. >> No. What? All right. >> It tastes better. >> Okay. What What do you do for work, Morgan? I'm curious. >> I'm a handyman. >> Oh, stay away from me. >> Jack of all trades. >> Hand jobs. blow jobs, you know, all that kind of handy stuff. Oh my god. You know, >> under the table work, you know. Yeah.",true
1083.0,2026-09-07 19:34:34,@TheSupercorky,,Check out Clark Kent,neutral,vader,Shane Nelson & Jackson Babine,">> What's your job? I've always wondered. >> I'm on real piss now, though. >> No. What? All right. >> It tastes better. >> Okay. What What do you do for work, Morgan? I'm curious. >> I'm a handyman. >> Oh, stay away from me. >> Jack of all trades. >> Hand jobs. blow jobs, you know, all that kind of handy stuff. Oh my god. You know, >> under the table work, you know. Yeah.",true
1085.0,2026-09-07 19:34:36,@Pinkskinnedgoblin,,Open mic comedy ,positive,vader,Shane Nelson & Jackson Babine,">> I'm on real piss now, though. >> No. What? All right. >> It tastes better. >> Okay. What What do you do for work, Morgan? I'm curious. >> I'm a handyman. >> Oh, stay away from me. >> Jack of all trades. >> Hand jobs. blow jobs, you know, all that kind of handy stuff. Oh my god. You know, >> under the table work, you know. Yeah. Yeah. Yeah. Stay away.",true
1087.0,2026-09-07 19:34:38,@ineverlutes,,it's like a retard fight ,negative,vader,Shane Nelson & Jackson Babine,">> It tastes better. >> Okay. What What do you do for work, Morgan? I'm curious. >> I'm a handyman. >> Oh, stay away from me. >> Jack of all trades. >> Hand jobs. blow jobs, you know, all that kind of handy stuff. Oh my god. You know, >> under the table work, you know. Yeah. Yeah. Yeah. Stay away. >> Okay. Okay.",true
1090.0,2026-09-07 19:34:41,@MartinFelix1,,What’s up chat :speech_balloon: can see the comedy still has yet to show up:face_with_tears_of_joy:,positive,vader,Shane Nelson & Jackson Babine,"Morgan? I'm curious. >> I'm a handyman. >> Oh, stay away from me. >> Jack of all trades. >> Hand jobs. blow jobs, you know, all that kind of handy stuff. Oh my god. You know, >> under the table work, you know. Yeah. Yeah. Yeah. Stay away. >> Okay. Okay. >> No. What do you think I'm talking about? >> I looked I looked up opaque in the",true
1091.0,2026-09-07 19:34:42,@adawg1111,,this is improv right,neutral,vader,Shane Nelson & Jackson Babine,">> I'm a handyman. >> Oh, stay away from me. >> Jack of all trades. >> Hand jobs. blow jobs, you know, all that kind of handy stuff. Oh my god. You know, >> under the table work, you know. Yeah. Yeah. Yeah. Stay away. >> Okay. Okay. >> No. What do you think I'm talking about? >> I looked I looked up opaque in the",true
1091.0,2026-09-07 19:34:42,@someguy9566,,:grinning_squinting_face:,neutral,vader,Shane Nelson & Jackson Babine,">> I'm a handyman. >> Oh, stay away from me. >> Jack of all trades. >> Hand jobs. blow jobs, you know, all that kind of handy stuff. Oh my god. You know, >> under the table work, you know. Yeah. Yeah. Yeah. Stay away. >> Okay. Okay. >> No. What do you think I'm talking about? >> I looked I looked up opaque in the",true
1093.0,2026-09-07 19:34:44,@alisonwayland6057,,I don't think anyone knows what's suppose to happen. i used to think it was laughing.,positive,vader,Shane Nelson & Jackson Babine,">> Oh, stay away from me. >> Jack of all trades. >> Hand jobs. blow jobs, you know, all that kind of handy stuff. Oh my god. You know, >> under the table work, you know. Yeah. Yeah. Yeah. Stay away. >> Okay. Okay. >> No. What do you think I'm talking about? >> I looked I looked up opaque in the dictionary.",true
1098.0,2026-09-07 19:34:49,@CaptainBlackBirɗ,,:expressionless_face:,neutral,vader,Shane Nelson & Jackson Babine,">> Hand jobs. blow jobs, you know, all that kind of handy stuff. Oh my god. You know, >> under the table work, you know. Yeah. Yeah. Yeah. Stay away. >> Okay. Okay. >> No. What do you think I'm talking about? >> I looked I looked up opaque in the dictionary. >> Well, I am technically a landlord for now until the IRS shuts me down.",true
1100.0,2026-09-07 19:34:51,@TheSupercorky,,He ain't joking,negative,vader,Shane Nelson & Jackson Babine,"know, >> under the table work, you know. Yeah. Yeah. Yeah. Stay away. >> Okay. Okay. >> No. What do you think I'm talking about? >> I looked I looked up opaque in the dictionary. >> Well, I am technically a landlord for now until the IRS shuts me down. >> But, um, you know, I do need a handyman.",true
1105.0,2026-09-07 19:34:56,@joshuabutterwick3156,,what did he have to say to the barber to get that haircut?? I fucked your daughter?,negative,vader,Shane Nelson & Jackson Babine,"Yeah. Yeah. Stay away. >> Okay. Okay. >> No. What do you think I'm talking about? >> I looked I looked up opaque in the dictionary. >> Well, I am technically a landlord for now until the IRS shuts me down. >> But, um, you know, I do need a handyman. So, if you can you will have to pass a drug test to work at my house, too. But, >> I I promise I'm lenient. You can do acid",true
1106.0,2026-09-07 19:34:57,@Pinkskinnedgoblin,,Oh ,neutral,vader,Shane Nelson & Jackson Babine,">> Okay. Okay. >> No. What do you think I'm talking about? >> I looked I looked up opaque in the dictionary. >> Well, I am technically a landlord for now until the IRS shuts me down. >> But, um, you know, I do need a handyman. So, if you can you will have to pass a drug test to work at my house, too. But, >> I I promise I'm lenient. You can do acid",true
1114.0,2026-09-07 19:35:05,@JimboTheComic,,This is lit ,neutral,vader,Shane Nelson & Jackson Babine,">> Well, I am technically a landlord for now until the IRS shuts me down. >> But, um, you know, I do need a handyman. So, if you can you will have to pass a drug test to work at my house, too. But, >> I I promise I'm lenient. You can do acid shrooms. >> They say cops should pass a drug test. >> No, >> I disagree. I I think they should have to be high.",true
1121.0,2026-09-07 19:35:12,@QUINNHAMELIN,,Open mic they should close the mic,neutral,vader,Shane Nelson & Jackson Babine,"So, if you can you will have to pass a drug test to work at my house, too. But, >> I I promise I'm lenient. You can do acid shrooms. >> They say cops should pass a drug test. >> No, >> I disagree. I I think they should have to be high. >> No, I think you should inject them with DMT. >> Could you imagine if a cop was high like automatically he had to be high like",true
1123.0,2026-09-07 19:35:14,@CaptainBlackBirɗ,,is it tho?,neutral,vader,Shane Nelson & Jackson Babine,"drug test to work at my house, too. But, >> I I promise I'm lenient. You can do acid shrooms. >> They say cops should pass a drug test. >> No, >> I disagree. I I think they should have to be high. >> No, I think you should inject them with DMT. >> Could you imagine if a cop was high like automatically he had to be high like freeze, don't move. I dropped my gun.",true
1125.0,2026-09-07 19:35:16,@Beepbop_man,,Just kiss :speaking_head:,positive,vader,Shane Nelson & Jackson Babine,"drug test to work at my house, too. But, >> I I promise I'm lenient. You can do acid shrooms. >> They say cops should pass a drug test. >> No, >> I disagree. I I think they should have to be high. >> No, I think you should inject them with DMT. >> Could you imagine if a cop was high like automatically he had to be high like freeze, don't move. I dropped my gun. >> Actually, no. I changed my mind. I think",true
1129.0,2026-09-07 19:35:20,@adawg1111,,temu improv,neutral,vader,Shane Nelson & Jackson Babine,">> No, >> I disagree. I I think they should have to be high. >> No, I think you should inject them with DMT. >> Could you imagine if a cop was high like automatically he had to be high like freeze, don't move. I dropped my gun. >> Actually, no. I changed my mind. I think every cop should smoke salvia. >> Salvia.",true
1134.0,2026-09-07 19:35:25,@JimboTheComic,,It is captain black bird it is ,neutral,vader,Shane Nelson & Jackson Babine,">> No, I think you should inject them with DMT. >> Could you imagine if a cop was high like automatically he had to be high like freeze, don't move. I dropped my gun. >> Actually, no. I changed my mind. I think every cop should smoke salvia. >> Salvia. >> Yeah. And go through like six months. >> Is that like a [ __ ] door or something? >> Salvia Blanca. Salvia Blancco. No. No.",true
1135.0,2026-09-07 19:35:26,@nevergiveup9321,,Jimbo keeping the chat positive ,positive,vader,Shane Nelson & Jackson Babine,"DMT. >> Could you imagine if a cop was high like automatically he had to be high like freeze, don't move. I dropped my gun. >> Actually, no. I changed my mind. I think every cop should smoke salvia. >> Salvia. >> Yeah. And go through like six months. >> Is that like a [ __ ] door or something? >> Salvia Blanca. Salvia Blancco. No. No.",true
1142.0,2026-09-07 19:35:33,@dabbydooshoes,,are they competing or working together lol,positive,vader,Shane Nelson & Jackson Babine,"automatically he had to be high like freeze, don't move. I dropped my gun. >> Actually, no. I changed my mind. I think every cop should smoke salvia. >> Salvia. >> Yeah. And go through like six months. >> Is that like a [ __ ] door or something? >> Salvia Blanca. Salvia Blancco. No. No. Miley Cyrus smoked it though. >> Ah, >> Miley Cyrus. >> Yeah. >> Now she's something else.",true
1145.0,2026-09-07 19:35:36,@TheSupercorky,,Welcome to MPD,positive,vader,Shane Nelson & Jackson Babine,">> Actually, no. I changed my mind. I think every cop should smoke salvia. >> Salvia. >> Yeah. And go through like six months. >> Is that like a [ __ ] door or something? >> Salvia Blanca. Salvia Blancco. No. No. Miley Cyrus smoked it though. >> Ah, >> Miley Cyrus. >> Yeah. >> Now she's something else. >> No, she's not. >> I I Yeah. I I don't know much about her.",true
1146.0,2026-09-07 19:35:37,@ineverlutes,,it's a fresh angle :person_shrugging:,positive,vader,Shane Nelson & Jackson Babine,">> Actually, no. I changed my mind. I think every cop should smoke salvia. >> Salvia. >> Yeah. And go through like six months. >> Is that like a [ __ ] door or something? >> Salvia Blanca. Salvia Blancco. No. No. Miley Cyrus smoked it though. >> Ah, >> Miley Cyrus. >> Yeah. >> Now she's something else. >> No, she's not. >> I I Yeah. I I don't know much about her.",true
1146.0,2026-09-07 19:35:37,@JimboTheComic,,Tonight is doubles I’m in love ,positive,vader,Shane Nelson & Jackson Babine,">> Actually, no. I changed my mind. I think every cop should smoke salvia. >> Salvia. >> Yeah. And go through like six months. >> Is that like a [ __ ] door or something? >> Salvia Blanca. Salvia Blancco. No. No. Miley Cyrus smoked it though. >> Ah, >> Miley Cyrus. >> Yeah. >> Now she's something else. >> No, she's not. >> I I Yeah. I I don't know much about her.",true
1151.0,2026-09-07 19:35:42,@Pinkskinnedgoblin,,Yeah some improv shit but none of the guests are meshing well ,positive,vader,Shane Nelson & Jackson Babine,">> Is that like a [ __ ] door or something? >> Salvia Blanca. Salvia Blancco. No. No. Miley Cyrus smoked it though. >> Ah, >> Miley Cyrus. >> Yeah. >> Now she's something else. >> No, she's not. >> I I Yeah. I I don't know much about her. >> Did you date her, too? >> No. >> No. Okay. >> No. No. Thank you. >> I heard she's hot. >> I like my dog.",true
1154.0,2026-09-07 19:35:45,@CaptainBlackBirɗ,,I've seen more fun in a AA meeting,positive,vader,Shane Nelson & Jackson Babine,">> Salvia Blanca. Salvia Blancco. No. No. Miley Cyrus smoked it though. >> Ah, >> Miley Cyrus. >> Yeah. >> Now she's something else. >> No, she's not. >> I I Yeah. I I don't know much about her. >> Did you date her, too? >> No. >> No. Okay. >> No. No. Thank you. >> I heard she's hot. >> I like my dog. >> So, okay. Go ahead. I think you have a question.",true
1157.0,2026-09-07 19:35:48,@ineverlutes,,double tortas,neutral,vader,Shane Nelson & Jackson Babine,">> Ah, >> Miley Cyrus. >> Yeah. >> Now she's something else. >> No, she's not. >> I I Yeah. I I don't know much about her. >> Did you date her, too? >> No. >> No. Okay. >> No. No. Thank you. >> I heard she's hot. >> I like my dog. >> So, okay. Go ahead. I think you have a question. >> I I think my dog might have given me fleas.",true
1161.0,2026-09-07 19:35:52,@JimboTheComic,,It’s doubles they working together tonight thats the theme ,neutral,vader,Shane Nelson & Jackson Babine,">> Now she's something else. >> No, she's not. >> I I Yeah. I I don't know much about her. >> Did you date her, too? >> No. >> No. Okay. >> No. No. Thank you. >> I heard she's hot. >> I like my dog. >> So, okay. Go ahead. I think you have a question. >> I I think my dog might have given me fleas. >> Dog. What the hell? You get uku and I didn't know it was a sexually transmitted disease.",true
1165.0,2026-09-07 19:35:56,@JimboTheComic,,Just riffing ,neutral,vader,Shane Nelson & Jackson Babine,">> I I Yeah. I I don't know much about her. >> Did you date her, too? >> No. >> No. Okay. >> No. No. Thank you. >> I heard she's hot. >> I like my dog. >> So, okay. Go ahead. I think you have a question. >> I I think my dog might have given me fleas. >> Dog. What the hell? You get uku and I didn't know it was a sexually transmitted disease. >> Okay. Does anyone have a pencil? You can check his head right now.",true
1167.0,2026-09-07 19:35:58,@Pinkskinnedgoblin,,Just seems like two different conversations going on simultaneously ,positive,vader,Shane Nelson & Jackson Babine,">> No. >> No. Okay. >> No. No. Thank you. >> I heard she's hot. >> I like my dog. >> So, okay. Go ahead. I think you have a question. >> I I think my dog might have given me fleas. >> Dog. What the hell? You get uku and I didn't know it was a sexually transmitted disease. >> Okay. Does anyone have a pencil? You can check his head right now. >> I did go to Summer Pal. I can I can",true
1167.0,2026-09-07 19:35:58,@TheSupercorky,,There's a groupon for intervention,neutral,vader,Shane Nelson & Jackson Babine,">> No. >> No. Okay. >> No. No. Thank you. >> I heard she's hot. >> I like my dog. >> So, okay. Go ahead. I think you have a question. >> I I think my dog might have given me fleas. >> Dog. What the hell? You get uku and I didn't know it was a sexually transmitted disease. >> Okay. Does anyone have a pencil? You can check his head right now. >> I did go to Summer Pal. I can I can",true
1171.0,2026-09-07 19:36:02,@joshuabutterwick3156,,every week these people suck,negative,vader,Shane Nelson & Jackson Babine,">> I like my dog. >> So, okay. Go ahead. I think you have a question. >> I I think my dog might have given me fleas. >> Dog. What the hell? You get uku and I didn't know it was a sexually transmitted disease. >> Okay. Does anyone have a pencil? You can check his head right now. >> I did go to Summer Pal. I can I can confirm. >> Oh man. >> You know how you tell a pickle is a",true
1172.0,2026-09-07 19:36:03,@JimboTheComic,,And morgen redddit jokes ,positive,vader,Shane Nelson & Jackson Babine,">> So, okay. Go ahead. I think you have a question. >> I I think my dog might have given me fleas. >> Dog. What the hell? You get uku and I didn't know it was a sexually transmitted disease. >> Okay. Does anyone have a pencil? You can check his head right now. >> I did go to Summer Pal. I can I can confirm. >> Oh man. >> You know how you tell a pickle is a",true
1172.0,2026-09-07 19:36:03,@MartinFelix1,,Ima need some salvia to get through this,neutral,vader,Shane Nelson & Jackson Babine,">> So, okay. Go ahead. I think you have a question. >> I I think my dog might have given me fleas. >> Dog. What the hell? You get uku and I didn't know it was a sexually transmitted disease. >> Okay. Does anyone have a pencil? You can check his head right now. >> I did go to Summer Pal. I can I can confirm. >> Oh man. >> You know how you tell a pickle is a",true
1182.0,2026-09-07 19:36:13,@Pinkskinnedgoblin,,lol ,positive,vader,Shane Nelson & Jackson Babine,"transmitted disease. >> Okay. Does anyone have a pencil? You can check his head right now. >> I did go to Summer Pal. I can I can confirm. >> Oh man. >> You know how you tell a pickle is a pickle? >> Um, no. >> If you drop it on the ground and it bounces, >> okay, >> it's a pickle. >> Okay. >> If it doesn't bounce, it's not a pickle.",true
1184.0,2026-09-07 19:36:15,@HollywoodStar2026,,are they supposed to be working together or is this a take down?,neutral,vader,Shane Nelson & Jackson Babine,"check his head right now. >> I did go to Summer Pal. I can I can confirm. >> Oh man. >> You know how you tell a pickle is a pickle? >> Um, no. >> If you drop it on the ground and it bounces, >> okay, >> it's a pickle. >> Okay. >> If it doesn't bounce, it's not a pickle. >> What if it floats?",true
1187.0,2026-09-07 19:36:18,@QUINNHAMELIN,,:yawning_face:,neutral,vader,Shane Nelson & Jackson Babine,">> I did go to Summer Pal. I can I can confirm. >> Oh man. >> You know how you tell a pickle is a pickle? >> Um, no. >> If you drop it on the ground and it bounces, >> okay, >> it's a pickle. >> Okay. >> If it doesn't bounce, it's not a pickle. >> What if it floats? >> My son. >> Okay, we're going. >> Also not a pickle.",true
1193.0,2026-09-07 19:36:24,@CaptainBlackBirɗ,,:expressionless_face:,neutral,vader,Shane Nelson & Jackson Babine,"pickle? >> Um, no. >> If you drop it on the ground and it bounces, >> okay, >> it's a pickle. >> Okay. >> If it doesn't bounce, it's not a pickle. >> What if it floats? >> My son. >> Okay, we're going. >> Also not a pickle. >> All right, we keep going. >> Yeah. >> Um, so pickles, do they float? I said instead of jumping over",true
1196.0,2026-09-07 19:36:27,@joshuabutterwick3156,,I'd rather watch paint dry,neutral,vader,Shane Nelson & Jackson Babine,">> If you drop it on the ground and it bounces, >> okay, >> it's a pickle. >> Okay. >> If it doesn't bounce, it's not a pickle. >> What if it floats? >> My son. >> Okay, we're going. >> Also not a pickle. >> All right, we keep going. >> Yeah. >> Um, so pickles, do they float? I said instead of jumping over >> if they float, >> they're a pickle.",true
1199.0,2026-09-07 19:36:30,@EricNelson1236,,drugs gona lead to some handys,neutral,vader,Shane Nelson & Jackson Babine,">> Okay. >> If it doesn't bounce, it's not a pickle. >> What if it floats? >> My son. >> Okay, we're going. >> Also not a pickle. >> All right, we keep going. >> Yeah. >> Um, so pickles, do they float? I said instead of jumping over >> if they float, >> they're a pickle. >> Okay. [ __ ] >> Yeah, >> this is real. >> That's how you could always tell.",true
1203.0,2026-09-07 19:36:34,@JimboTheComic,,It’s whatever you want it to be ,positive,vader,Shane Nelson & Jackson Babine,">> My son. >> Okay, we're going. >> Also not a pickle. >> All right, we keep going. >> Yeah. >> Um, so pickles, do they float? I said instead of jumping over >> if they float, >> they're a pickle. >> Okay. [ __ ] >> Yeah, >> this is real. >> That's how you could always tell. >> Damn, you're raw, bro.",true
1203.0,2026-09-07 19:36:34,@ineverlutes,,LOL,positive,vader,Shane Nelson & Jackson Babine,">> My son. >> Okay, we're going. >> Also not a pickle. >> All right, we keep going. >> Yeah. >> Um, so pickles, do they float? I said instead of jumping over >> if they float, >> they're a pickle. >> Okay. [ __ ] >> Yeah, >> this is real. >> That's how you could always tell. >> Damn, you're raw, bro.",true
1214.0,2026-09-07 19:36:45,@ineverlutes,,my son also not a pickle :partying_face:,neutral,vader,Shane Nelson & Jackson Babine,">> if they float, >> they're a pickle. >> Okay. [ __ ] >> Yeah, >> this is real. >> That's how you could always tell. >> Damn, you're raw, bro. >> Wait, so what is what is the last name Tom Asian? I've always wondered. >> Tom Asian. >> Yeah, >> that's a It could have a hyphen, but it doesn't. >> Are you Tom or you Asian? What are you?",true
1215.0,2026-09-07 19:36:46,@TheSupercorky,,You're in a pickle,neutral,vader,Shane Nelson & Jackson Babine,">> if they float, >> they're a pickle. >> Okay. [ __ ] >> Yeah, >> this is real. >> That's how you could always tell. >> Damn, you're raw, bro. >> Wait, so what is what is the last name Tom Asian? I've always wondered. >> Tom Asian. >> Yeah, >> that's a It could have a hyphen, but it doesn't. >> Are you Tom or you Asian? What are you? >> Yeah, exactly. No, they uh you know,",true
1221.0,2026-09-07 19:36:52,@Beepbop_man,,Its a really loud conversation ,neutral,vader,Shane Nelson & Jackson Babine,">> That's how you could always tell. >> Damn, you're raw, bro. >> Wait, so what is what is the last name Tom Asian? I've always wondered. >> Tom Asian. >> Yeah, >> that's a It could have a hyphen, but it doesn't. >> Are you Tom or you Asian? What are you? >> Yeah, exactly. No, they uh you know, funny enough, I I'm I'm one quarter Armenian.",true
1225.0,2026-09-07 19:36:56,@alisonwayland6057,,wow what a confused pairing,positive,vader,Shane Nelson & Jackson Babine,">> Wait, so what is what is the last name Tom Asian? I've always wondered. >> Tom Asian. >> Yeah, >> that's a It could have a hyphen, but it doesn't. >> Are you Tom or you Asian? What are you? >> Yeah, exactly. No, they uh you know, funny enough, I I'm I'm one quarter Armenian. That's where I get my Yeah, that's where I get my name from. >> Bro, if you're Armenian, I'm Chinese,",true
1227.0,2026-09-07 19:36:58,@whisperingbeeasmr,,this is PAINFUL,negative,vader,Shane Nelson & Jackson Babine,"I've always wondered. >> Tom Asian. >> Yeah, >> that's a It could have a hyphen, but it doesn't. >> Are you Tom or you Asian? What are you? >> Yeah, exactly. No, they uh you know, funny enough, I I'm I'm one quarter Armenian. That's where I get my Yeah, that's where I get my name from. >> Bro, if you're Armenian, I'm Chinese, bro. >> You can always You can always tell in",true
1232.0,2026-09-07 19:37:03,@John-xj12,,is he reading this shit,negative,vader,Shane Nelson & Jackson Babine,"doesn't. >> Are you Tom or you Asian? What are you? >> Yeah, exactly. No, they uh you know, funny enough, I I'm I'm one quarter Armenian. That's where I get my Yeah, that's where I get my name from. >> Bro, if you're Armenian, I'm Chinese, bro. >> You can always You can always tell in Armenian. You just can't tell them very much.",true
1235.0,2026-09-07 19:37:06,@HollywoodStar2026,,The legacy of Brooks and Reiner has nothing to worry about,positive,vader,Shane Nelson & Jackson Babine,">> Are you Tom or you Asian? What are you? >> Yeah, exactly. No, they uh you know, funny enough, I I'm I'm one quarter Armenian. That's where I get my Yeah, that's where I get my name from. >> Bro, if you're Armenian, I'm Chinese, bro. >> You can always You can always tell in Armenian. You just can't tell them very much. >> I don't get it. >> Yeah, that's right. >> I'm standing back up because I don't get",true
1235.0,2026-09-07 19:37:06,@QUINNHAMELIN,,In a pickle :grinning_squinting_face:,neutral,vader,Shane Nelson & Jackson Babine,">> Are you Tom or you Asian? What are you? >> Yeah, exactly. No, they uh you know, funny enough, I I'm I'm one quarter Armenian. That's where I get my Yeah, that's where I get my name from. >> Bro, if you're Armenian, I'm Chinese, bro. >> You can always You can always tell in Armenian. You just can't tell them very much. >> I don't get it. >> Yeah, that's right. >> I'm standing back up because I don't get",true
1236.0,2026-09-07 19:37:07,@CaptainBlackBirɗ,,very funny indeed,positive,vader,Shane Nelson & Jackson Babine,">> Yeah, exactly. No, they uh you know, funny enough, I I'm I'm one quarter Armenian. That's where I get my Yeah, that's where I get my name from. >> Bro, if you're Armenian, I'm Chinese, bro. >> You can always You can always tell in Armenian. You just can't tell them very much. >> I don't get it. >> Yeah, that's right. >> I'm standing back up because I don't get it. Um,",true
1247.0,2026-09-07 19:37:18,@Beepbop_man,,Hahahahahahahaha 1/4 armerian omg classic,neutral,vader,Shane Nelson & Jackson Babine,">> You can always You can always tell in Armenian. You just can't tell them very much. >> I don't get it. >> Yeah, that's right. >> I'm standing back up because I don't get it. Um, >> I told my babysitter to shake her money maker. >> Now you have babies? >> Yeah. >> What is going on? >> Don't do this, Bashar, by the way. Cuz I told my baby sitter to shake her money",true
1247.0,2026-09-07 19:37:18,@R-sn1ty,,:zipper_mouth_face:,neutral,vader,Shane Nelson & Jackson Babine,">> You can always You can always tell in Armenian. You just can't tell them very much. >> I don't get it. >> Yeah, that's right. >> I'm standing back up because I don't get it. Um, >> I told my babysitter to shake her money maker. >> Now you have babies? >> Yeah. >> What is going on? >> Don't do this, Bashar, by the way. Cuz I told my baby sitter to shake her money",true
1247.0,2026-09-07 19:37:18,@OhHerroMyNameJim,,Speed the clock up,neutral,vader,Shane Nelson & Jackson Babine,">> You can always You can always tell in Armenian. You just can't tell them very much. >> I don't get it. >> Yeah, that's right. >> I'm standing back up because I don't get it. Um, >> I told my babysitter to shake her money maker. >> Now you have babies? >> Yeah. >> What is going on? >> Don't do this, Bashar, by the way. Cuz I told my baby sitter to shake her money",true
1249.0,2026-09-07 19:37:20,@Pinkskinnedgoblin,,Guy had jokes pre written ,positive,vader,Shane Nelson & Jackson Babine,"Armenian. You just can't tell them very much. >> I don't get it. >> Yeah, that's right. >> I'm standing back up because I don't get it. Um, >> I told my babysitter to shake her money maker. >> Now you have babies? >> Yeah. >> What is going on? >> Don't do this, Bashar, by the way. Cuz I told my baby sitter to shake her money maker. >> You don't? >> And now she's in jail.",true
1250.0,2026-09-07 19:37:21,@CaptainBlackBirɗ,,:expressionless_face:,neutral,vader,Shane Nelson & Jackson Babine,"Armenian. You just can't tell them very much. >> I don't get it. >> Yeah, that's right. >> I'm standing back up because I don't get it. Um, >> I told my babysitter to shake her money maker. >> Now you have babies? >> Yeah. >> What is going on? >> Don't do this, Bashar, by the way. Cuz I told my baby sitter to shake her money maker. >> You don't? >> And now she's in jail.",true
1252.0,2026-09-07 19:37:23,@adawg1111,,are they paying the audience,neutral,vader,Shane Nelson & Jackson Babine,">> I don't get it. >> Yeah, that's right. >> I'm standing back up because I don't get it. Um, >> I told my babysitter to shake her money maker. >> Now you have babies? >> Yeah. >> What is going on? >> Don't do this, Bashar, by the way. Cuz I told my baby sitter to shake her money maker. >> You don't? >> And now she's in jail. Oh >> yeah. >> Shake her money maker.",true
1254.0,2026-09-07 19:37:25,@JimboTheComic,,Morgen running material to Jamie is a fever dream ,positive,vader,Shane Nelson & Jackson Babine,">> I'm standing back up because I don't get it. Um, >> I told my babysitter to shake her money maker. >> Now you have babies? >> Yeah. >> What is going on? >> Don't do this, Bashar, by the way. Cuz I told my baby sitter to shake her money maker. >> You don't? >> And now she's in jail. Oh >> yeah. >> Shake her money maker. >> Yeah. >> She's a baby maker.",true
1255.0,2026-09-07 19:37:26,@Pinkskinnedgoblin,,Guy thinks he’s on kill Tony ,negative,vader,Shane Nelson & Jackson Babine,"it. Um, >> I told my babysitter to shake her money maker. >> Now you have babies? >> Yeah. >> What is going on? >> Don't do this, Bashar, by the way. Cuz I told my baby sitter to shake her money maker. >> You don't? >> And now she's in jail. Oh >> yeah. >> Shake her money maker. >> Yeah. >> She's a baby maker. >> Mhm. >> Oh, because she makes she sits on",true
1258.0,2026-09-07 19:37:29,@TheSupercorky,,Andreson Cooper Presents,neutral,vader,Shane Nelson & Jackson Babine,">> I told my babysitter to shake her money maker. >> Now you have babies? >> Yeah. >> What is going on? >> Don't do this, Bashar, by the way. Cuz I told my baby sitter to shake her money maker. >> You don't? >> And now she's in jail. Oh >> yeah. >> Shake her money maker. >> Yeah. >> She's a baby maker. >> Mhm. >> Oh, because she makes she sits on babies. >> And my baby's dead.",true
1265.0,2026-09-07 19:37:36,@OhHerroMyNameJim,,Speed up the clock please,positive,vader,Shane Nelson & Jackson Babine,">> Don't do this, Bashar, by the way. Cuz I told my baby sitter to shake her money maker. >> You don't? >> And now she's in jail. Oh >> yeah. >> Shake her money maker. >> Yeah. >> She's a baby maker. >> Mhm. >> Oh, because she makes she sits on babies. >> And my baby's dead. >> Oh, right. Right. Right. Yeah. I've you know, I heard of cake sitting, but never babysitting. >> A babysitter. Yeah. Okay. >> Cake sitting. >> A big cakes sitting fan, by the way.",true
1268.0,2026-09-07 19:37:39,@ineverlutes,,"he read that ""you can't tell armenians very much"" joke",positive,vader,Shane Nelson & Jackson Babine,">> You don't? >> And now she's in jail. Oh >> yeah. >> Shake her money maker. >> Yeah. >> She's a baby maker. >> Mhm. >> Oh, because she makes she sits on babies. >> And my baby's dead. >> Oh, right. Right. Right. Yeah. I've you know, I heard of cake sitting, but never babysitting. >> A babysitter. Yeah. Okay. >> Cake sitting. >> A big cakes sitting fan, by the way. >> Okay. Do you take care of livestock?",true
1271.0,2026-09-07 19:37:42,@CaptainBlackBirɗ,,I want my money back,positive,vader,Shane Nelson & Jackson Babine,">> Shake her money maker. >> Yeah. >> She's a baby maker. >> Mhm. >> Oh, because she makes she sits on babies. >> And my baby's dead. >> Oh, right. Right. Right. Yeah. I've you know, I heard of cake sitting, but never babysitting. >> A babysitter. Yeah. Okay. >> Cake sitting. >> A big cakes sitting fan, by the way. >> Okay. Do you take care of livestock? >> No, no, no. Cakes. >> Oh, cakes.",true
1275.0,2026-09-07 19:37:46,@EricNelson1236,,whatever tickles your pickle,neutral,vader,Shane Nelson & Jackson Babine,"babies. >> And my baby's dead. >> Oh, right. Right. Right. Yeah. I've you know, I heard of cake sitting, but never babysitting. >> A babysitter. Yeah. Okay. >> Cake sitting. >> A big cakes sitting fan, by the way. >> Okay. Do you take care of livestock? >> No, no, no. Cakes. >> Oh, cakes. >> Yeah. Sit on them. >> Cakes. >> Makes people horny.",true
1276.0,2026-09-07 19:37:47,@dabbydooshoes,,oh lord,neutral,vader,Shane Nelson & Jackson Babine,"babies. >> And my baby's dead. >> Oh, right. Right. Right. Yeah. I've you know, I heard of cake sitting, but never babysitting. >> A babysitter. Yeah. Okay. >> Cake sitting. >> A big cakes sitting fan, by the way. >> Okay. Do you take care of livestock? >> No, no, no. Cakes. >> Oh, cakes. >> Yeah. Sit on them. >> Cakes. >> Makes people horny. >> You ever You ever weigh yourself?",true
1282.0,2026-09-07 19:37:53,@OhHerroMyNameJim,,I can't do 60 more seconds,neutral,vader,Shane Nelson & Jackson Babine,"babysitting. >> A babysitter. Yeah. Okay. >> Cake sitting. >> A big cakes sitting fan, by the way. >> Okay. Do you take care of livestock? >> No, no, no. Cakes. >> Oh, cakes. >> Yeah. Sit on them. >> Cakes. >> Makes people horny. >> You ever You ever weigh yourself? >> Yeah. every week >> and then and then take a poo. >> No, before after poo. >> And then your scales all covered in poo.",true
1283.0,2026-09-07 19:37:54,@Beepbop_man,,Dawg is 1/4 Armenian… by god thats funny ,positive,vader,Shane Nelson & Jackson Babine,">> Cake sitting. >> A big cakes sitting fan, by the way. >> Okay. Do you take care of livestock? >> No, no, no. Cakes. >> Oh, cakes. >> Yeah. Sit on them. >> Cakes. >> Makes people horny. >> You ever You ever weigh yourself? >> Yeah. every week >> and then and then take a poo. >> No, before after poo. >> And then your scales all covered in poo.",true
1287.0,2026-09-07 19:37:58,@TheSupercorky,,He came preloaded,neutral,vader,Shane Nelson & Jackson Babine,">> A big cakes sitting fan, by the way. >> Okay. Do you take care of livestock? >> No, no, no. Cakes. >> Oh, cakes. >> Yeah. Sit on them. >> Cakes. >> Makes people horny. >> You ever You ever weigh yourself? >> Yeah. every week >> and then and then take a poo. >> No, before after poo. >> And then your scales all covered in poo. >> No. >> No. >> No. I've never pooed on >> only you.",true
1288.0,2026-09-07 19:37:59,@QUINNHAMELIN,,Booty not big enough to be an Armenian from what I've seen,neutral,vader,Shane Nelson & Jackson Babine,">> Okay. Do you take care of livestock? >> No, no, no. Cakes. >> Oh, cakes. >> Yeah. Sit on them. >> Cakes. >> Makes people horny. >> You ever You ever weigh yourself? >> Yeah. every week >> and then and then take a poo. >> No, before after poo. >> And then your scales all covered in poo. >> No. >> No. >> No. I've never pooed on >> only you. >> Yeah.",true
1291.0,2026-09-07 19:38:02,@Pinkskinnedgoblin,,He’s reading it all ,neutral,vader,Shane Nelson & Jackson Babine,">> Oh, cakes. >> Yeah. Sit on them. >> Cakes. >> Makes people horny. >> You ever You ever weigh yourself? >> Yeah. every week >> and then and then take a poo. >> No, before after poo. >> And then your scales all covered in poo. >> No. >> No. >> No. I've never pooed on >> only you. >> Yeah. >> Okay. >> Here's the thing. Morgan, you got to poop first.",true
1301.0,2026-09-07 19:38:12,@Beepbop_man,,Even worse,negative,vader,Shane Nelson & Jackson Babine,">> No, before after poo. >> And then your scales all covered in poo. >> No. >> No. >> No. I've never pooed on >> only you. >> Yeah. >> Okay. >> Here's the thing. Morgan, you got to poop first. >> Yeah. Go. Yeah. I mean, just just get in the bathroom before me if I'm ever You're my landlord, I guess. No, >> that's the or housemate. >> Can I share a secret?",true
1304.0,2026-09-07 19:38:15,@nevergiveup9321,,Child abuse jokes always win :sports_medal: over the audience ,positive,vader,Shane Nelson & Jackson Babine,">> No. >> No. I've never pooed on >> only you. >> Yeah. >> Okay. >> Here's the thing. Morgan, you got to poop first. >> Yeah. Go. Yeah. I mean, just just get in the bathroom before me if I'm ever You're my landlord, I guess. No, >> that's the or housemate. >> Can I share a secret? >> Am I perfect? No.",true
1311.0,2026-09-07 19:38:22,@TheSupercorky,,Chino!,neutral,vader,Shane Nelson & Jackson Babine,"poop first. >> Yeah. Go. Yeah. I mean, just just get in the bathroom before me if I'm ever You're my landlord, I guess. No, >> that's the or housemate. >> Can I share a secret? >> Am I perfect? No. >> Am I trying to be better? No. >> All right. Awesome. You're good. You're good. What did you do today, Margan? >> Uh, I drained a hot tub.",true
1315.0,2026-09-07 19:38:26,@JimboTheComic,,Jamie riffing off of morgen written material is my heaven ,positive,vader,Shane Nelson & Jackson Babine,"the bathroom before me if I'm ever You're my landlord, I guess. No, >> that's the or housemate. >> Can I share a secret? >> Am I perfect? No. >> Am I trying to be better? No. >> All right. Awesome. You're good. You're good. What did you do today, Margan? >> Uh, I drained a hot tub. >> Oh, >> yeah. >> It's pretty handy. >> Now, you got to you got to siphon it.",true
1317.0,2026-09-07 19:38:28,@CaptainBlackBirɗ,,"Buy tomatoes from me, 2 for 1. :tomato::tomato::tomato::tomato::tomato::tomato::tomato::tomato::tomato::tomato::tomato::tomato::tomato::tomato::tomato::tomato::tomato:",neutral,vader,Shane Nelson & Jackson Babine,"You're my landlord, I guess. No, >> that's the or housemate. >> Can I share a secret? >> Am I perfect? No. >> Am I trying to be better? No. >> All right. Awesome. You're good. You're good. What did you do today, Margan? >> Uh, I drained a hot tub. >> Oh, >> yeah. >> It's pretty handy. >> Now, you got to you got to siphon it. You know how you start a siphon?",true
1321.0,2026-09-07 19:38:32,@Pinkskinnedgoblin,,lol ,positive,vader,Shane Nelson & Jackson Babine,">> Can I share a secret? >> Am I perfect? No. >> Am I trying to be better? No. >> All right. Awesome. You're good. You're good. What did you do today, Margan? >> Uh, I drained a hot tub. >> Oh, >> yeah. >> It's pretty handy. >> Now, you got to you got to siphon it. You know how you start a siphon? >> You suck it. >> You suck. Yes. You suck and you suck and",true
1322.0,2026-09-07 19:38:33,@someguy9566,,"this one's not bad, hard to improv when one has a set ready",positive,vader,Shane Nelson & Jackson Babine,">> Can I share a secret? >> Am I perfect? No. >> Am I trying to be better? No. >> All right. Awesome. You're good. You're good. What did you do today, Margan? >> Uh, I drained a hot tub. >> Oh, >> yeah. >> It's pretty handy. >> Now, you got to you got to siphon it. You know how you start a siphon? >> You suck it. >> You suck. Yes. You suck and you suck and you suck.",true
1330.0,2026-09-07 19:38:41,@R-sn1ty,,:tomato::tomato::tomato::tomato::tomato::tomato::tomato::tomato:,neutral,vader,Shane Nelson & Jackson Babine,"good. What did you do today, Margan? >> Uh, I drained a hot tub. >> Oh, >> yeah. >> It's pretty handy. >> Now, you got to you got to siphon it. You know how you start a siphon? >> You suck it. >> You suck. Yes. You suck and you suck and you suck. >> I was going to call my girlfriend over. >> Oh my god. >> She wasn't home. She had to work >> not to drain the hot tub. >> Yeah. So, I drained the hot tub. I respect women. I respect drained it. I",true
1333.0,2026-09-07 19:38:44,@CaptainBlackBirɗ,,buy tomatoes to show your dissatisfaction! :tomato::tomato::tomato::tomato::tomato::tomato::tomato::tomato::tomato::tomato::tomato:,negative,vader,Shane Nelson & Jackson Babine,">> It's pretty handy. >> Now, you got to you got to siphon it. You know how you start a siphon? >> You suck it. >> You suck. Yes. You suck and you suck and you suck. >> I was going to call my girlfriend over. >> Oh my god. >> She wasn't home. She had to work >> not to drain the hot tub. >> Yeah. So, I drained the hot tub. I respect women. I respect drained it. I cleaned it. >> Yeah. It's great. You know, I got Now I",true
1336.0,2026-09-07 19:38:47,@joshuabutterwick3156,,Boooooo knock knock,neutral,vader,Shane Nelson & Jackson Babine,"You know how you start a siphon? >> You suck it. >> You suck. Yes. You suck and you suck and you suck. >> I was going to call my girlfriend over. >> Oh my god. >> She wasn't home. She had to work >> not to drain the hot tub. >> Yeah. So, I drained the hot tub. I respect women. I respect drained it. I cleaned it. >> Yeah. It's great. You know, I got Now I got a nice clean hot tub. >> Yeah. It was I don't know about that",true
1336.0,2026-09-07 19:38:47,@QUINNHAMELIN,,Reading these jokes? :grinning_squinting_face:,positive,vader,Shane Nelson & Jackson Babine,"You know how you start a siphon? >> You suck it. >> You suck. Yes. You suck and you suck and you suck. >> I was going to call my girlfriend over. >> Oh my god. >> She wasn't home. She had to work >> not to drain the hot tub. >> Yeah. So, I drained the hot tub. I respect women. I respect drained it. I cleaned it. >> Yeah. It's great. You know, I got Now I got a nice clean hot tub. >> Yeah. It was I don't know about that",true
1339.0,2026-09-07 19:38:50,@Beepbop_man,,What did you do today is a family favorite ,positive,vader,Shane Nelson & Jackson Babine,">> You suck it. >> You suck. Yes. You suck and you suck and you suck. >> I was going to call my girlfriend over. >> Oh my god. >> She wasn't home. She had to work >> not to drain the hot tub. >> Yeah. So, I drained the hot tub. I respect women. I respect drained it. I cleaned it. >> Yeah. It's great. You know, I got Now I got a nice clean hot tub. >> Yeah. It was I don't know about that though. >> But yeah, my girlfriend got a haircut",true
1340.0,2026-09-07 19:38:51,@ineverlutes,,this siphons ,neutral,vader,Shane Nelson & Jackson Babine,">> You suck. Yes. You suck and you suck and you suck. >> I was going to call my girlfriend over. >> Oh my god. >> She wasn't home. She had to work >> not to drain the hot tub. >> Yeah. So, I drained the hot tub. I respect women. I respect drained it. I cleaned it. >> Yeah. It's great. You know, I got Now I got a nice clean hot tub. >> Yeah. It was I don't know about that though. >> But yeah, my girlfriend got a haircut",true
1340.0,2026-09-07 19:38:51,@alisonwayland6057,,this is so sad,negative,vader,Shane Nelson & Jackson Babine,">> You suck. Yes. You suck and you suck and you suck. >> I was going to call my girlfriend over. >> Oh my god. >> She wasn't home. She had to work >> not to drain the hot tub. >> Yeah. So, I drained the hot tub. I respect women. I respect drained it. I cleaned it. >> Yeah. It's great. You know, I got Now I got a nice clean hot tub. >> Yeah. It was I don't know about that though. >> But yeah, my girlfriend got a haircut",true
1342.0,2026-09-07 19:38:53,@whisperingbeeasmr,,:tomato::tomato::tomato::tomato::tomato::tomato::tomato::tomato:,neutral,vader,Shane Nelson & Jackson Babine,"you suck. >> I was going to call my girlfriend over. >> Oh my god. >> She wasn't home. She had to work >> not to drain the hot tub. >> Yeah. So, I drained the hot tub. I respect women. I respect drained it. I cleaned it. >> Yeah. It's great. You know, I got Now I got a nice clean hot tub. >> Yeah. It was I don't know about that though. >> But yeah, my girlfriend got a haircut recently. >> Oh yeah.",true
1343.0,2026-09-07 19:38:54,@dabbydooshoes,,:tomato::tomato::tomato::tomato::tomato:,neutral,vader,Shane Nelson & Jackson Babine,">> I was going to call my girlfriend over. >> Oh my god. >> She wasn't home. She had to work >> not to drain the hot tub. >> Yeah. So, I drained the hot tub. I respect women. I respect drained it. I cleaned it. >> Yeah. It's great. You know, I got Now I got a nice clean hot tub. >> Yeah. It was I don't know about that though. >> But yeah, my girlfriend got a haircut recently. >> Oh yeah. >> And she hates it and and she's really",true
1346.0,2026-09-07 19:38:57,@leedlelee-l2d,,Jesus Christ ,neutral,vader,Shane Nelson & Jackson Babine,">> not to drain the hot tub. >> Yeah. So, I drained the hot tub. I respect women. I respect drained it. I cleaned it. >> Yeah. It's great. You know, I got Now I got a nice clean hot tub. >> Yeah. It was I don't know about that though. >> But yeah, my girlfriend got a haircut recently. >> Oh yeah. >> And she hates it and and she's really mad and and I was like, ""Hey babe,",true
1349.0,2026-09-07 19:39:00,@CaptainBlackBirɗ,,there you goooo,neutral,vader,Shane Nelson & Jackson Babine,"respect women. I respect drained it. I cleaned it. >> Yeah. It's great. You know, I got Now I got a nice clean hot tub. >> Yeah. It was I don't know about that though. >> But yeah, my girlfriend got a haircut recently. >> Oh yeah. >> And she hates it and and she's really mad and and I was like, ""Hey babe, >> you don't you're just too sensitive. You",true
1350.0,2026-09-07 19:39:01,@Beepbop_man,,How abt knock knock ,neutral,vader,Shane Nelson & Jackson Babine,"cleaned it. >> Yeah. It's great. You know, I got Now I got a nice clean hot tub. >> Yeah. It was I don't know about that though. >> But yeah, my girlfriend got a haircut recently. >> Oh yeah. >> And she hates it and and she's really mad and and I was like, ""Hey babe, >> you don't you're just too sensitive. You",true
1351.0,2026-09-07 19:39:02,@adawg1111,,like a car wreck,negative,vader,Shane Nelson & Jackson Babine,"cleaned it. >> Yeah. It's great. You know, I got Now I got a nice clean hot tub. >> Yeah. It was I don't know about that though. >> But yeah, my girlfriend got a haircut recently. >> Oh yeah. >> And she hates it and and she's really mad and and I was like, ""Hey babe, >> you don't you're just too sensitive. You",true
1353.0,2026-09-07 19:39:04,@CaptainBlackBirɗ,,:tomato::tomato::tomato::tomato::tomato:,neutral,vader,Shane Nelson & Jackson Babine,">> Yeah. It's great. You know, I got Now I got a nice clean hot tub. >> Yeah. It was I don't know about that though. >> But yeah, my girlfriend got a haircut recently. >> Oh yeah. >> And she hates it and and she's really mad and and I was like, ""Hey babe, >> you don't you're just too sensitive. You know, you you'll get over it. I'm the",true
1354.0,2026-09-07 19:39:05,@ineverlutes,,the fact that these jokes were premeditated ,positive,vader,Shane Nelson & Jackson Babine,"got a nice clean hot tub. >> Yeah. It was I don't know about that though. >> But yeah, my girlfriend got a haircut recently. >> Oh yeah. >> And she hates it and and she's really mad and and I was like, ""Hey babe, >> you don't you're just too sensitive. You know, you you'll get over it. I'm the one that's got to find a new",true
1354.0,2026-09-07 19:39:05,@OhHerroMyNameJim,,Does the one dude have a mullet? Its thick in the back and DEFINITELY thin af in front. Other dude just looks like a straigh up tweaker,positive,vader,Shane Nelson & Jackson Babine,"got a nice clean hot tub. >> Yeah. It was I don't know about that though. >> But yeah, my girlfriend got a haircut recently. >> Oh yeah. >> And she hates it and and she's really mad and and I was like, ""Hey babe, >> you don't you're just too sensitive. You know, you you'll get over it. I'm the one that's got to find a new",true
1355.0,2026-09-07 19:39:06,@Pinkskinnedgoblin,,"He seriously wrote “am i perfect no, am i trying to be? No” and thought that was a joke. ",positive,vader,Shane Nelson & Jackson Babine,"got a nice clean hot tub. >> Yeah. It was I don't know about that though. >> But yeah, my girlfriend got a haircut recently. >> Oh yeah. >> And she hates it and and she's really mad and and I was like, ""Hey babe, >> you don't you're just too sensitive. You know, you you'll get over it. I'm the one that's got to find a new girlfriend.""",true
1360.0,2026-09-07 19:39:11,@TheSupercorky,,:face-red-smiling-live::face-red-smiling-live::face-red-smiling-live::face-red-smiling-live:,neutral,vader,Shane Nelson & Jackson Babine,"recently. >> Oh yeah. >> And she hates it and and she's really mad and and I was like, ""Hey babe, >> you don't you're just too sensitive. You know, you you'll get over it. I'm the one that's got to find a new girlfriend."" >> Oh, >> did you Wait, did you you told her that? >> Well, like I cut her hair.",true
1361.0,2026-09-07 19:39:12,@whatsupworld32,,This isn't improv this is conversation,neutral,vader,Shane Nelson & Jackson Babine,">> Oh yeah. >> And she hates it and and she's really mad and and I was like, ""Hey babe, >> you don't you're just too sensitive. You know, you you'll get over it. I'm the one that's got to find a new girlfriend."" >> Oh, >> did you Wait, did you you told her that? >> Well, like I cut her hair.",true
1366.0,2026-09-07 19:39:17,@John-xj12,,where is this nightmare happening,neutral,vader,Shane Nelson & Jackson Babine,">> And she hates it and and she's really mad and and I was like, ""Hey babe, >> you don't you're just too sensitive. You know, you you'll get over it. I'm the one that's got to find a new girlfriend."" >> Oh, >> did you Wait, did you you told her that? >> Well, like I cut her hair. >> Oh, good. >> Yeah. Like she didn't like it. Don't do that. If you're if you're a",true
1367.0,2026-09-07 19:39:18,@QUINNHAMELIN,,So he wrote these jokes down? :grinning_squinting_face:,positive,vader,Shane Nelson & Jackson Babine,"mad and and I was like, ""Hey babe, >> you don't you're just too sensitive. You know, you you'll get over it. I'm the one that's got to find a new girlfriend."" >> Oh, >> did you Wait, did you you told her that? >> Well, like I cut her hair. >> Oh, good. >> Yeah. Like she didn't like it. Don't do that. If you're if you're a boyfriend and you she ever asks you to",true
1371.0,2026-09-07 19:39:22,@z28diablo,,I suggested Tomato and Ambien night a few weeks ago,neutral,vader,Shane Nelson & Jackson Babine,">> you don't you're just too sensitive. You know, you you'll get over it. I'm the one that's got to find a new girlfriend."" >> Oh, >> did you Wait, did you you told her that? >> Well, like I cut her hair. >> Oh, good. >> Yeah. Like she didn't like it. Don't do that. If you're if you're a boyfriend and you she ever asks you to cut her hair. >> Yeah. >> Don't do it. >> Can I tell you a secret?",true
1372.0,2026-09-07 19:39:23,@LouB-it,,that's methed up,neutral,vader,Shane Nelson & Jackson Babine,"know, you you'll get over it. I'm the one that's got to find a new girlfriend."" >> Oh, >> did you Wait, did you you told her that? >> Well, like I cut her hair. >> Oh, good. >> Yeah. Like she didn't like it. Don't do that. If you're if you're a boyfriend and you she ever asks you to cut her hair. >> Yeah. >> Don't do it. >> Can I tell you a secret? >> Yeah. >> Um in front of God and everyone here,",true
1378.0,2026-09-07 19:39:29,@HollywoodStar2026,,"Chino, dunno how long I am gonna stick with this. This format not for the noobs",neutral,vader,Shane Nelson & Jackson Babine,">> did you Wait, did you you told her that? >> Well, like I cut her hair. >> Oh, good. >> Yeah. Like she didn't like it. Don't do that. If you're if you're a boyfriend and you she ever asks you to cut her hair. >> Yeah. >> Don't do it. >> Can I tell you a secret? >> Yeah. >> Um in front of God and everyone here, I'm uh reclaiming my virginity. >> Oh, yeah. Cool, man. Right on. How's",true
1382.0,2026-09-07 19:39:33,@joshuabutterwick3156,,Get the fuck off the stage,negative,vader,Shane Nelson & Jackson Babine,">> Oh, good. >> Yeah. Like she didn't like it. Don't do that. If you're if you're a boyfriend and you she ever asks you to cut her hair. >> Yeah. >> Don't do it. >> Can I tell you a secret? >> Yeah. >> Um in front of God and everyone here, I'm uh reclaiming my virginity. >> Oh, yeah. Cool, man. Right on. How's that? >> Um well, I'll let you know.",true
1388.0,2026-09-07 19:39:39,@Conrad2311,,This is great ,positive,vader,Shane Nelson & Jackson Babine,">> Don't do it. >> Can I tell you a secret? >> Yeah. >> Um in front of God and everyone here, I'm uh reclaiming my virginity. >> Oh, yeah. Cool, man. Right on. How's that? >> Um well, I'll let you know. >> Oh, okay. >> I'm also I'm also reclaiming my c I'm becoming I'm claiming celibacy.",true
1389.0,2026-09-07 19:39:40,@IMMORTALCHAFF,,bet she cut something of yours,negative,vader,Shane Nelson & Jackson Babine,">> Don't do it. >> Can I tell you a secret? >> Yeah. >> Um in front of God and everyone here, I'm uh reclaiming my virginity. >> Oh, yeah. Cool, man. Right on. How's that? >> Um well, I'll let you know. >> Oh, okay. >> I'm also I'm also reclaiming my c I'm becoming I'm claiming celibacy.",true
1394.0,2026-09-07 19:39:45,@CaptainBlackBirɗ,,I've heard gta npc characters having funnier convos,positive,vader,Shane Nelson & Jackson Babine,">> Um in front of God and everyone here, I'm uh reclaiming my virginity. >> Oh, yeah. Cool, man. Right on. How's that? >> Um well, I'll let you know. >> Oh, okay. >> I'm also I'm also reclaiming my c I'm becoming I'm claiming celibacy. Um, I've been celebrating since last September >> and I'm just waiting until someone wants",true
1394.0,2026-09-07 19:39:45,@TheSupercorky,,,neutral,vader,Shane Nelson & Jackson Babine,">> Um in front of God and everyone here, I'm uh reclaiming my virginity. >> Oh, yeah. Cool, man. Right on. How's that? >> Um well, I'll let you know. >> Oh, okay. >> I'm also I'm also reclaiming my c I'm becoming I'm claiming celibacy. Um, I've been celebrating since last September >> and I'm just waiting until someone wants",true
1395.0,2026-09-07 19:39:46,@OhHerroMyNameJim,,I thought this was improv! Lol I hope it was improv:face_with_tears_of_joy::face_with_tears_of_joy::face_with_tears_of_joy:,positive,vader,Shane Nelson & Jackson Babine,">> Um in front of God and everyone here, I'm uh reclaiming my virginity. >> Oh, yeah. Cool, man. Right on. How's that? >> Um well, I'll let you know. >> Oh, okay. >> I'm also I'm also reclaiming my c I'm becoming I'm claiming celibacy. Um, I've been celebrating since last September >> and I'm just waiting until someone wants to hook up with me again.",true
1397.0,2026-09-07 19:39:48,@ineverlutes,,:clapping_hands::clapping_hands::clapping_hands::clapping_hands:,neutral,vader,Shane Nelson & Jackson Babine,"I'm uh reclaiming my virginity. >> Oh, yeah. Cool, man. Right on. How's that? >> Um well, I'll let you know. >> Oh, okay. >> I'm also I'm also reclaiming my c I'm becoming I'm claiming celibacy. Um, I've been celebrating since last September >> and I'm just waiting until someone wants to hook up with me again. >> Okay. Yeah, that that might work out.",true
1399.0,2026-09-07 19:39:50,@avery42069,,Bro wanted to tell his secret so badly,negative,vader,Shane Nelson & Jackson Babine,"that? >> Um well, I'll let you know. >> Oh, okay. >> I'm also I'm also reclaiming my c I'm becoming I'm claiming celibacy. Um, I've been celebrating since last September >> and I'm just waiting until someone wants to hook up with me again. >> Okay. Yeah, that that might work out. You shouldn't be too long though.",true
1400.0,2026-09-07 19:39:51,@IMMORTALCHAFF,,the farm animals are happy,positive,vader,Shane Nelson & Jackson Babine,"that? >> Um well, I'll let you know. >> Oh, okay. >> I'm also I'm also reclaiming my c I'm becoming I'm claiming celibacy. Um, I've been celebrating since last September >> and I'm just waiting until someone wants to hook up with me again. >> Okay. Yeah, that that might work out. You shouldn't be too long though.",true
1404.0,2026-09-07 19:39:55,@EricNelson1236,,like the tartars this guy never poops thanks to the chems,neutral,vader,Shane Nelson & Jackson Babine,">> Oh, okay. >> I'm also I'm also reclaiming my c I'm becoming I'm claiming celibacy. Um, I've been celebrating since last September >> and I'm just waiting until someone wants to hook up with me again. >> Okay. Yeah, that that might work out. You shouldn't be too long though. >> No [ __ ] >> You go outside. >> We have one minute, bro. You go outside. >> We have one minute.",true
1408.0,2026-09-07 19:39:59,@Pinkskinnedgoblin,,This is hard to watch but I can’t stop ,positive,vader,Shane Nelson & Jackson Babine,"becoming I'm claiming celibacy. Um, I've been celebrating since last September >> and I'm just waiting until someone wants to hook up with me again. >> Okay. Yeah, that that might work out. You shouldn't be too long though. >> No [ __ ] >> You go outside. >> We have one minute, bro. You go outside. >> We have one minute. >> One minute. One minute. >> Yeah. >> Okay. >> Make it a good one.",true
1420.0,2026-09-07 19:40:11,@Pinkskinnedgoblin,,I’m conflicted ,neutral,vader,Shane Nelson & Jackson Babine,">> No [ __ ] >> You go outside. >> We have one minute, bro. You go outside. >> We have one minute. >> One minute. One minute. >> Yeah. >> Okay. >> Make it a good one. >> All right, man. Oh, man. Okay. >> Um, [ __ ] bro. You carry you. >> How's this? I got a new idea for a sushi restaurant. >> It's um",true
1422.0,2026-09-07 19:40:13,@ineverlutes,,@pink welcome lol,positive,vader,Shane Nelson & Jackson Babine,">> We have one minute, bro. You go outside. >> We have one minute. >> One minute. One minute. >> Yeah. >> Okay. >> Make it a good one. >> All right, man. Oh, man. Okay. >> Um, [ __ ] bro. You carry you. >> How's this? I got a new idea for a sushi restaurant. >> It's um >> it's sushi but they play jazz there all",true
1423.0,2026-09-07 19:40:14,@z28diablo,,It gets easier once the wound scabs over ,positive,vader,Shane Nelson & Jackson Babine,">> We have one minute. >> One minute. One minute. >> Yeah. >> Okay. >> Make it a good one. >> All right, man. Oh, man. Okay. >> Um, [ __ ] bro. You carry you. >> How's this? I got a new idea for a sushi restaurant. >> It's um >> it's sushi but they play jazz there all",true
1425.0,2026-09-07 19:40:16,@JimboTheComic,,You can’t stop. ,positive,vader,Shane Nelson & Jackson Babine,">> Yeah. >> Okay. >> Make it a good one. >> All right, man. Oh, man. Okay. >> Um, [ __ ] bro. You carry you. >> How's this? I got a new idea for a sushi restaurant. >> It's um >> it's sushi but they play jazz there all the time. >> Holy [ __ ]",true
1429.0,2026-09-07 19:40:20,@IMMORTALCHAFF,,he only needs 5 seconds,neutral,vader,Shane Nelson & Jackson Babine,">> Make it a good one. >> All right, man. Oh, man. Okay. >> Um, [ __ ] bro. You carry you. >> How's this? I got a new idea for a sushi restaurant. >> It's um >> it's sushi but they play jazz there all the time. >> Holy [ __ ] >> So they call it miso horny. >> No, I've been to that place. It's called",true
1437.0,2026-09-07 19:40:28,@Pinkskinnedgoblin,,lol,positive,vader,Shane Nelson & Jackson Babine,">> How's this? I got a new idea for a sushi restaurant. >> It's um >> it's sushi but they play jazz there all the time. >> Holy [ __ ] >> So they call it miso horny. >> No, I've been to that place. It's called >> You've been to Misorn. >> We can't we can't plug other businesses here. Sorry. Pay Coffee Bar. They sell sushi now. >> All right. >> Are we uh Is that it?",true
1439.0,2026-09-07 19:40:30,@CarlCramer88,,Here we go again ,neutral,vader,Shane Nelson & Jackson Babine,"restaurant. >> It's um >> it's sushi but they play jazz there all the time. >> Holy [ __ ] >> So they call it miso horny. >> No, I've been to that place. It's called >> You've been to Misorn. >> We can't we can't plug other businesses here. Sorry. Pay Coffee Bar. They sell sushi now. >> All right. >> Are we uh Is that it? >> Bye. All right. Thanks everybody.",true
1442.0,2026-09-07 19:40:33,@Beepbop_man,,Who invited this guy,neutral,vader,Shane Nelson & Jackson Babine,">> it's sushi but they play jazz there all the time. >> Holy [ __ ] >> So they call it miso horny. >> No, I've been to that place. It's called >> You've been to Misorn. >> We can't we can't plug other businesses here. Sorry. Pay Coffee Bar. They sell sushi now. >> All right. >> Are we uh Is that it? >> Bye. All right. Thanks everybody.",true
1443.0,2026-09-07 19:40:34,@nevergiveup9321,,Watch to see how much worse it can actually get,negative,vader,Shane Nelson & Jackson Babine,"the time. >> Holy [ __ ] >> So they call it miso horny. >> No, I've been to that place. It's called >> You've been to Misorn. >> We can't we can't plug other businesses here. Sorry. Pay Coffee Bar. They sell sushi now. >> All right. >> Are we uh Is that it? >> Bye. All right. Thanks everybody.",true
1444.0,2026-09-07 19:40:35,@QUINNHAMELIN,,:tomato: :tomato: :tomato: :tomato: :tomato:,neutral,vader,Shane Nelson & Jackson Babine,">> Holy [ __ ] >> So they call it miso horny. >> No, I've been to that place. It's called >> You've been to Misorn. >> We can't we can't plug other businesses here. Sorry. Pay Coffee Bar. They sell sushi now. >> All right. >> Are we uh Is that it? >> Bye. All right. Thanks everybody.",true
1445.0,2026-09-07 19:40:36,@CaptainBlackBirɗ,,:expressionless_face:,neutral,vader,Shane Nelson & Jackson Babine,">> Holy [ __ ] >> So they call it miso horny. >> No, I've been to that place. It's called >> You've been to Misorn. >> We can't we can't plug other businesses here. Sorry. Pay Coffee Bar. They sell sushi now. >> All right. >> Are we uh Is that it? >> Bye. All right. Thanks everybody.",true
1447.0,2026-09-07 19:40:38,@alisonwayland6057,,can jamie get a new partner?,neutral,vader,Shane Nelson & Jackson Babine,">> So they call it miso horny. >> No, I've been to that place. It's called >> You've been to Misorn. >> We can't we can't plug other businesses here. Sorry. Pay Coffee Bar. They sell sushi now. >> All right. >> Are we uh Is that it? >> Bye. All right. Thanks everybody. Great job, guys.",true
1450.0,2026-09-07 19:40:41,@whisperingbeeasmr,,:twelve_o’clock::twelve_thirty::one_thirty::five_o’clock::four_o’clock::seven_o’clock::six_thirty:,neutral,vader,Shane Nelson & Jackson Babine,">> We can't we can't plug other businesses here. Sorry. Pay Coffee Bar. They sell sushi now. >> All right. >> Are we uh Is that it? >> Bye. All right. Thanks everybody. Great job, guys. >> Keep it going for Morgan and Jamie,",true
1450.0,2026-09-07 19:40:41,@TheSupercorky,,Be so bored,negative,vader,Shane Nelson & Jackson Babine,">> We can't we can't plug other businesses here. Sorry. Pay Coffee Bar. They sell sushi now. >> All right. >> Are we uh Is that it? >> Bye. All right. Thanks everybody. Great job, guys. >> Keep it going for Morgan and Jamie,",true
1451.0,2026-09-07 19:40:42,@leedlelee-l2d,,tweaker simulator ,neutral,vader,Shane Nelson & Jackson Babine,">> We can't we can't plug other businesses here. Sorry. Pay Coffee Bar. They sell sushi now. >> All right. >> Are we uh Is that it? >> Bye. All right. Thanks everybody. Great job, guys. >> Keep it going for Morgan and Jamie, ladies and gentlemen. Morgan, Jamie.",true
1457.0,2026-09-07 19:40:48,@Conrad2311,,:clapping_hands:,neutral,vader,Shane Nelson & Jackson Babine,">> Are we uh Is that it? >> Bye. All right. Thanks everybody. Great job, guys. >> Keep it going for Morgan and Jamie, ladies and gentlemen. Morgan, Jamie. >> All right, so the key to having a good double set is uh listen to each other.",true
1461.0,2026-09-07 19:40:52,@IMMORTALCHAFF,,hey jimbo you know what happens when you mix animal DNA with human dna?,neutral,vader,Shane Nelson & Jackson Babine,"Great job, guys. >> Keep it going for Morgan and Jamie, ladies and gentlemen. Morgan, Jamie. >> All right, so the key to having a good double set is uh listen to each other. We're trying to have a conversation. No,",true
1464.0,2026-09-07 19:40:55,@MartinFelix1,,We made it chat:face_exhaling:,neutral,vader,Shane Nelson & Jackson Babine,"Great job, guys. >> Keep it going for Morgan and Jamie, ladies and gentlemen. Morgan, Jamie. >> All right, so the key to having a good double set is uh listen to each other. We're trying to have a conversation. No, good job. You guys did great. Um little",true
1464.0,2026-09-07 19:40:55,@CaptainBlackBirɗ,,me bored lung time,negative,vader,Shane Nelson & Jackson Babine,"Great job, guys. >> Keep it going for Morgan and Jamie, ladies and gentlemen. Morgan, Jamie. >> All right, so the key to having a good double set is uh listen to each other. We're trying to have a conversation. No, good job. You guys did great. Um little",true
1466.0,2026-09-07 19:40:57,@OhHerroMyNameJim,,"Lol you know it's bad when you gotta tell the audience ""no don't leave, we only have one more minute just hang on"" :face_with_tears_of_joy::face_with_tears_of_joy::face_with_tears_of_joy:",negative,vader,Shane Nelson & Jackson Babine,"Great job, guys. >> Keep it going for Morgan and Jamie, ladies and gentlemen. Morgan, Jamie. >> All right, so the key to having a good double set is uh listen to each other. We're trying to have a conversation. No, good job. You guys did great. Um little little shoehorning with material, but we",true
1467.0,2026-09-07 19:40:58,@Beepbop_man,,Can i get worse?,negative,vader,Shane Nelson & Jackson Babine,"Great job, guys. >> Keep it going for Morgan and Jamie, ladies and gentlemen. Morgan, Jamie. >> All right, so the key to having a good double set is uh listen to each other. We're trying to have a conversation. No, good job. You guys did great. Um little little shoehorning with material, but we figured it out. You guys got a groove.",true
1481.0,2026-09-07 19:41:12,@Beepbop_man,,Can it get worse,negative,vader,Shane Nelson & Jackson Babine,"We're trying to have a conversation. No, good job. You guys did great. Um little little shoehorning with material, but we figured it out. You guys got a groove. I'm proud of you. Uh, online viewers, keep it up. Keep up the good work. I'm loving the comments. You guys are talking some good [ __ ] Love it. Ladies and gentlemen, some of us cannot distinguish these next two comedians from each other. So, I decided not to",true
1482.0,2026-09-07 19:41:13,@CaptainBlackBirɗ,,they key to having a double set is not being boring,positive,vader,Shane Nelson & Jackson Babine,"We're trying to have a conversation. No, good job. You guys did great. Um little little shoehorning with material, but we figured it out. You guys got a groove. I'm proud of you. Uh, online viewers, keep it up. Keep up the good work. I'm loving the comments. You guys are talking some good [ __ ] Love it. Ladies and gentlemen, some of us cannot distinguish these next two comedians from each other. So, I decided not to",true
1482.0,2026-09-07 19:41:13,@TheSupercorky,,Chair,neutral,vader,Shane Nelson & Jackson Babine,"We're trying to have a conversation. No, good job. You guys did great. Um little little shoehorning with material, but we figured it out. You guys got a groove. I'm proud of you. Uh, online viewers, keep it up. Keep up the good work. I'm loving the comments. You guys are talking some good [ __ ] Love it. Ladies and gentlemen, some of us cannot distinguish these next two comedians from each other. So, I decided not to",true
1491.0,2026-09-07 19:41:22,@HollywoodStar2026,,So this is improv?,neutral,vader,Shane Nelson & Jackson Babine,"keep it up. Keep up the good work. I'm loving the comments. You guys are talking some good [ __ ] Love it. Ladies and gentlemen, some of us cannot distinguish these next two comedians from each other. So, I decided not to separate them, but to put them side by side so you can see the startling differences in contrast in real time. Ladies and gentlemen, I don't know who",true
1497.0,2026-09-07 19:41:28,@z28diablo,,Duet of the night is on stage behind Chino,neutral,vader,Shane Nelson & Jackson Babine,"and gentlemen, some of us cannot distinguish these next two comedians from each other. So, I decided not to separate them, but to put them side by side so you can see the startling differences in contrast in real time. Ladies and gentlemen, I don't know who is who. Jackson Bayine and Shane Nelson.",true
1503.0,2026-09-07 19:41:34,@alisonwayland6057,,that was painful to watch Jamie fight to get a word in,negative,vader,Shane Nelson & Jackson Babine,"from each other. So, I decided not to separate them, but to put them side by side so you can see the startling differences in contrast in real time. Ladies and gentlemen, I don't know who is who. Jackson Bayine and Shane Nelson.",true
1506.0,2026-09-07 19:41:37,@nevergiveup9321,,Double set double the disaster ,negative,vader,Shane Nelson & Jackson Babine,"side so you can see the startling differences in contrast in real time. Ladies and gentlemen, I don't know who is who. Jackson Bayine and Shane Nelson. Hello, I'm Jackson. >> Hi, I'm Tall Shane.",true
1522.0,2026-09-07 19:41:53,@ineverlutes,,oh here we go,neutral,vader,Shane Nelson & Jackson Babine,"Hello, I'm Jackson. >> Hi, I'm Tall Shane. >> Now I'm Shane. Jackson, get down. Switch sides. >> Oh [ __ ] >> Hello, I'm Shane Nelson and this is Jackson. >> You guys remember those like can you spot the difference games? >> First off, we don't even look that much alike. Yeah, we got mustaches and long",true
1525.0,2026-09-07 19:41:56,@Conrad2311,,:grinning_squinting_face:,neutral,vader,Shane Nelson & Jackson Babine,"Hello, I'm Jackson. >> Hi, I'm Tall Shane. >> Now I'm Shane. Jackson, get down. Switch sides. >> Oh [ __ ] >> Hello, I'm Shane Nelson and this is Jackson. >> You guys remember those like can you spot the difference games? >> First off, we don't even look that much alike. Yeah, we got mustaches and long hairs and we don't wash our balls, but",true
1528.0,2026-09-07 19:41:59,@TheSupercorky,,Oh great its goof troop,positive,vader,Shane Nelson & Jackson Babine,">> Now I'm Shane. Jackson, get down. Switch sides. >> Oh [ __ ] >> Hello, I'm Shane Nelson and this is Jackson. >> You guys remember those like can you spot the difference games? >> First off, we don't even look that much alike. Yeah, we got mustaches and long hairs and we don't wash our balls, but",true
1529.0,2026-09-07 19:42:00,@z28diablo,,Twins reboot,neutral,vader,Shane Nelson & Jackson Babine,"sides. >> Oh [ __ ] >> Hello, I'm Shane Nelson and this is Jackson. >> You guys remember those like can you spot the difference games? >> First off, we don't even look that much alike. Yeah, we got mustaches and long hairs and we don't wash our balls, but >> we do wash our balls. We do. We do. We",true
1530.0,2026-09-07 19:42:01,@EricNelson1236,,you got school tomorrow son,neutral,vader,Shane Nelson & Jackson Babine,">> Oh [ __ ] >> Hello, I'm Shane Nelson and this is Jackson. >> You guys remember those like can you spot the difference games? >> First off, we don't even look that much alike. Yeah, we got mustaches and long hairs and we don't wash our balls, but >> we do wash our balls. We do. We do. We",true
1531.0,2026-09-07 19:42:02,@CaptainBlackBirɗ,,the stoner bros,neutral,vader,Shane Nelson & Jackson Babine,">> Oh [ __ ] >> Hello, I'm Shane Nelson and this is Jackson. >> You guys remember those like can you spot the difference games? >> First off, we don't even look that much alike. Yeah, we got mustaches and long hairs and we don't wash our balls, but >> we do wash our balls. We do. We do. We do. Yeah, we wash each other's balls.",true
1531.0,2026-09-07 19:42:02,@alisonwayland6057,,sister sister,neutral,vader,Shane Nelson & Jackson Babine,">> Oh [ __ ] >> Hello, I'm Shane Nelson and this is Jackson. >> You guys remember those like can you spot the difference games? >> First off, we don't even look that much alike. Yeah, we got mustaches and long hairs and we don't wash our balls, but >> we do wash our balls. We do. We do. We do. Yeah, we wash each other's balls.",true
1532.0,2026-09-07 19:42:03,@ineverlutes,,wow we have officially seen them in the same room ,positive,vader,Shane Nelson & Jackson Babine,">> Hello, I'm Shane Nelson and this is Jackson. >> You guys remember those like can you spot the difference games? >> First off, we don't even look that much alike. Yeah, we got mustaches and long hairs and we don't wash our balls, but >> we do wash our balls. We do. We do. We do. Yeah, we wash each other's balls. Thank you very much. But on that note,",true
1533.0,2026-09-07 19:42:04,@whisperingbeeasmr,,what in the fuck..,negative,vader,Shane Nelson & Jackson Babine,">> Hello, I'm Shane Nelson and this is Jackson. >> You guys remember those like can you spot the difference games? >> First off, we don't even look that much alike. Yeah, we got mustaches and long hairs and we don't wash our balls, but >> we do wash our balls. We do. We do. We do. Yeah, we wash each other's balls. Thank you very much. But on that note,",true
1534.0,2026-09-07 19:42:05,@Beepbop_man,,Is this the reunion routine ,neutral,vader,Shane Nelson & Jackson Babine,"Jackson. >> You guys remember those like can you spot the difference games? >> First off, we don't even look that much alike. Yeah, we got mustaches and long hairs and we don't wash our balls, but >> we do wash our balls. We do. We do. We do. Yeah, we wash each other's balls. Thank you very much. But on that note, you will notice that there's no one",true
1538.0,2026-09-07 19:42:09,@IMMORTALCHAFF,,twinsies,neutral,vader,Shane Nelson & Jackson Babine,">> First off, we don't even look that much alike. Yeah, we got mustaches and long hairs and we don't wash our balls, but >> we do wash our balls. We do. We do. We do. Yeah, we wash each other's balls. Thank you very much. But on that note, you will notice that there's no one sitting at this table because it smells like balls over here for some reason. Am",true
1543.0,2026-09-07 19:42:14,@CarlCramer88,,The shorter fellow is way too happy for some reason,positive,vader,Shane Nelson & Jackson Babine,"alike. Yeah, we got mustaches and long hairs and we don't wash our balls, but >> we do wash our balls. We do. We do. We do. Yeah, we wash each other's balls. Thank you very much. But on that note, you will notice that there's no one sitting at this table because it smells like balls over here for some reason. Am I right? >> Am I right? All right. What do those fries taste like? Balls.",true
1546.0,2026-09-07 19:42:17,@TheSupercorky,,Lies,negative,vader,Shane Nelson & Jackson Babine,"alike. Yeah, we got mustaches and long hairs and we don't wash our balls, but >> we do wash our balls. We do. We do. We do. Yeah, we wash each other's balls. Thank you very much. But on that note, you will notice that there's no one sitting at this table because it smells like balls over here for some reason. Am I right? >> Am I right? All right. What do those fries taste like? Balls. Uh I went to Jackson's house recent Went",true
1547.0,2026-09-07 19:42:18,@Conrad2311,,Mister mister ,neutral,vader,Shane Nelson & Jackson Babine,"hairs and we don't wash our balls, but >> we do wash our balls. We do. We do. We do. Yeah, we wash each other's balls. Thank you very much. But on that note, you will notice that there's no one sitting at this table because it smells like balls over here for some reason. Am I right? >> Am I right? All right. What do those fries taste like? Balls. Uh I went to Jackson's house recent Went to Jackson's house recently. Jackson,",true
1549.0,2026-09-07 19:42:20,@Beepbop_man,,We dont wash um but we suck um,negative,vader,Shane Nelson & Jackson Babine,">> we do wash our balls. We do. We do. We do. Yeah, we wash each other's balls. Thank you very much. But on that note, you will notice that there's no one sitting at this table because it smells like balls over here for some reason. Am I right? >> Am I right? All right. What do those fries taste like? Balls. Uh I went to Jackson's house recent Went to Jackson's house recently. Jackson,",true
1550.0,2026-09-07 19:42:21,@BrianKirk-wi6kd,,They tried to sell me Xanax,neutral,vader,Shane Nelson & Jackson Babine,"do. Yeah, we wash each other's balls. Thank you very much. But on that note, you will notice that there's no one sitting at this table because it smells like balls over here for some reason. Am I right? >> Am I right? All right. What do those fries taste like? Balls. Uh I went to Jackson's house recent Went to Jackson's house recently. Jackson, you want to tell everyone what kind of",true
1554.0,2026-09-07 19:42:25,@IMMORTALCHAFF,,smells more like arse,positive,vader,Shane Nelson & Jackson Babine,"you will notice that there's no one sitting at this table because it smells like balls over here for some reason. Am I right? >> Am I right? All right. What do those fries taste like? Balls. Uh I went to Jackson's house recent Went to Jackson's house recently. Jackson, you want to tell everyone what kind of bed you sleep in? >> Ball? No, it's a",true
1556.0,2026-09-07 19:42:27,@CaptainBlackBirɗ,,bro has something with balls,neutral,vader,Shane Nelson & Jackson Babine,"sitting at this table because it smells like balls over here for some reason. Am I right? >> Am I right? All right. What do those fries taste like? Balls. Uh I went to Jackson's house recent Went to Jackson's house recently. Jackson, you want to tell everyone what kind of bed you sleep in? >> Ball? No, it's a ball bed. A bean bag ball, dude. Okay,",true
1560.0,2026-09-07 19:42:31,@nevergiveup9321,,What’s with the long shirts? Match the long faces in the audience ,neutral,vader,Shane Nelson & Jackson Babine,">> Am I right? All right. What do those fries taste like? Balls. Uh I went to Jackson's house recent Went to Jackson's house recently. Jackson, you want to tell everyone what kind of bed you sleep in? >> Ball? No, it's a ball bed. A bean bag ball, dude. Okay, let's go. Stop. Sorry.",true
1561.0,2026-09-07 19:42:32,@MartinFelix1,,The tall one looks special Great Khali like:face_with_tears_of_joy:,positive,vader,Shane Nelson & Jackson Babine,">> Am I right? All right. What do those fries taste like? Balls. Uh I went to Jackson's house recent Went to Jackson's house recently. Jackson, you want to tell everyone what kind of bed you sleep in? >> Ball? No, it's a ball bed. A bean bag ball, dude. Okay, let's go. Stop. Sorry. >> I was just about to tell them.",true
1563.0,2026-09-07 19:42:34,@JimboTheComic,,lol. Brian so true ,positive,vader,Shane Nelson & Jackson Babine,"fries taste like? Balls. Uh I went to Jackson's house recent Went to Jackson's house recently. Jackson, you want to tell everyone what kind of bed you sleep in? >> Ball? No, it's a ball bed. A bean bag ball, dude. Okay, let's go. Stop. Sorry. >> I was just about to tell them. >> Okay, tell them. >> No, you go.",true
1567.0,2026-09-07 19:42:38,@ineverlutes,,hahaha,positive,vader,Shane Nelson & Jackson Babine,"Uh I went to Jackson's house recent Went to Jackson's house recently. Jackson, you want to tell everyone what kind of bed you sleep in? >> Ball? No, it's a ball bed. A bean bag ball, dude. Okay, let's go. Stop. Sorry. >> I was just about to tell them. >> Okay, tell them. >> No, you go. >> Do you ever go to someone's house and they have a giant bean bag and like you",true
1568.0,2026-09-07 19:42:39,@leedlelee-l2d,,I believe it ,neutral,vader,Shane Nelson & Jackson Babine,"to Jackson's house recently. Jackson, you want to tell everyone what kind of bed you sleep in? >> Ball? No, it's a ball bed. A bean bag ball, dude. Okay, let's go. Stop. Sorry. >> I was just about to tell them. >> Okay, tell them. >> No, you go. >> Do you ever go to someone's house and they have a giant bean bag and like you want to sit on it cuz it looks comfy,",true
1576.0,2026-09-07 19:42:47,@z28diablo,,"Dude, I'm not funny. No way Dude, I'm not funny!",negative,vader,Shane Nelson & Jackson Babine,">> Ball? No, it's a ball bed. A bean bag ball, dude. Okay, let's go. Stop. Sorry. >> I was just about to tell them. >> Okay, tell them. >> No, you go. >> Do you ever go to someone's house and they have a giant bean bag and like you want to sit on it cuz it looks comfy, but you know they're [ __ ] on it. >> I'm just jerking on it. That's all I do. >> Or they're jerking [ __ ] on a bean",true
1577.0,2026-09-07 19:42:48,@TheSupercorky,,Spill ,neutral,vader,Shane Nelson & Jackson Babine,"ball bed. A bean bag ball, dude. Okay, let's go. Stop. Sorry. >> I was just about to tell them. >> Okay, tell them. >> No, you go. >> Do you ever go to someone's house and they have a giant bean bag and like you want to sit on it cuz it looks comfy, but you know they're [ __ ] on it. >> I'm just jerking on it. That's all I do. >> Or they're jerking [ __ ] on a bean bag. >> Yeah. Which is why I don't go to your",true
1579.0,2026-09-07 19:42:50,@CaptainBlackBirɗ,,omg low hanging ball fruit,negative,vader,Shane Nelson & Jackson Babine,"let's go. Stop. Sorry. >> I was just about to tell them. >> Okay, tell them. >> No, you go. >> Do you ever go to someone's house and they have a giant bean bag and like you want to sit on it cuz it looks comfy, but you know they're [ __ ] on it. >> I'm just jerking on it. That's all I do. >> Or they're jerking [ __ ] on a bean bag. >> Yeah. Which is why I don't go to your house and sit on your bean bag cuz",true
1579.0,2026-09-07 19:42:50,@EricNelson1236,,if your daughters come out the same,neutral,vader,Shane Nelson & Jackson Babine,"let's go. Stop. Sorry. >> I was just about to tell them. >> Okay, tell them. >> No, you go. >> Do you ever go to someone's house and they have a giant bean bag and like you want to sit on it cuz it looks comfy, but you know they're [ __ ] on it. >> I'm just jerking on it. That's all I do. >> Or they're jerking [ __ ] on a bean bag. >> Yeah. Which is why I don't go to your house and sit on your bean bag cuz",true
1580.0,2026-09-07 19:42:51,@Beepbop_man,,I slee on the couch at mommssss,neutral,vader,Shane Nelson & Jackson Babine,">> I was just about to tell them. >> Okay, tell them. >> No, you go. >> Do you ever go to someone's house and they have a giant bean bag and like you want to sit on it cuz it looks comfy, but you know they're [ __ ] on it. >> I'm just jerking on it. That's all I do. >> Or they're jerking [ __ ] on a bean bag. >> Yeah. Which is why I don't go to your house and sit on your bean bag cuz you're [ __ ] jerking off all the time,",true
1582.0,2026-09-07 19:42:53,@Conrad2311,,The dab twins ,neutral,vader,Shane Nelson & Jackson Babine,">> Okay, tell them. >> No, you go. >> Do you ever go to someone's house and they have a giant bean bag and like you want to sit on it cuz it looks comfy, but you know they're [ __ ] on it. >> I'm just jerking on it. That's all I do. >> Or they're jerking [ __ ] on a bean bag. >> Yeah. Which is why I don't go to your house and sit on your bean bag cuz you're [ __ ] jerking off all the time, dude.",true
1582.0,2026-09-07 19:42:53,@Stillear,,"@brian, gimme some please :folded_hands:",positive,vader,Shane Nelson & Jackson Babine,">> Okay, tell them. >> No, you go. >> Do you ever go to someone's house and they have a giant bean bag and like you want to sit on it cuz it looks comfy, but you know they're [ __ ] on it. >> I'm just jerking on it. That's all I do. >> Or they're jerking [ __ ] on a bean bag. >> Yeah. Which is why I don't go to your house and sit on your bean bag cuz you're [ __ ] jerking off all the time, dude.",true
1583.0,2026-09-07 19:42:54,@Pinkskinnedgoblin,,Lol,positive,vader,Shane Nelson & Jackson Babine,">> No, you go. >> Do you ever go to someone's house and they have a giant bean bag and like you want to sit on it cuz it looks comfy, but you know they're [ __ ] on it. >> I'm just jerking on it. That's all I do. >> Or they're jerking [ __ ] on a bean bag. >> Yeah. Which is why I don't go to your house and sit on your bean bag cuz you're [ __ ] jerking off all the time, dude.",true
1586.0,2026-09-07 19:42:57,@alisonwayland6057,,Tia and Tamera Mowery,positive,vader,Shane Nelson & Jackson Babine,"they have a giant bean bag and like you want to sit on it cuz it looks comfy, but you know they're [ __ ] on it. >> I'm just jerking on it. That's all I do. >> Or they're jerking [ __ ] on a bean bag. >> Yeah. Which is why I don't go to your house and sit on your bean bag cuz you're [ __ ] jerking off all the time, dude. Someone's got to do it. >> Tell them about your bed. My bed. Well,",true
1586.0,2026-09-07 19:42:57,@IMMORTALCHAFF,,bet they use a double bong. lol,positive,vader,Shane Nelson & Jackson Babine,"they have a giant bean bag and like you want to sit on it cuz it looks comfy, but you know they're [ __ ] on it. >> I'm just jerking on it. That's all I do. >> Or they're jerking [ __ ] on a bean bag. >> Yeah. Which is why I don't go to your house and sit on your bean bag cuz you're [ __ ] jerking off all the time, dude. Someone's got to do it. >> Tell them about your bed. My bed. Well,",true
1588.0,2026-09-07 19:42:59,@JukeSidewalker-r5m,,These guys bring the four lokos to the high school parties,positive,vader,Shane Nelson & Jackson Babine,"want to sit on it cuz it looks comfy, but you know they're [ __ ] on it. >> I'm just jerking on it. That's all I do. >> Or they're jerking [ __ ] on a bean bag. >> Yeah. Which is why I don't go to your house and sit on your bean bag cuz you're [ __ ] jerking off all the time, dude. Someone's got to do it. >> Tell them about your bed. My bed. Well,",true
1588.0,2026-09-07 19:42:59,@OhHerroMyNameJim,,I seriously can't tell if he's a little person or just wearing an XXXXXXL shirt:face_with_tears_of_joy:,negative,vader,Shane Nelson & Jackson Babine,"want to sit on it cuz it looks comfy, but you know they're [ __ ] on it. >> I'm just jerking on it. That's all I do. >> Or they're jerking [ __ ] on a bean bag. >> Yeah. Which is why I don't go to your house and sit on your bean bag cuz you're [ __ ] jerking off all the time, dude. Someone's got to do it. >> Tell them about your bed. My bed. Well,",true
1589.0,2026-09-07 19:43:00,@avery42069,,More balls more balls,neutral,vader,Shane Nelson & Jackson Babine,"want to sit on it cuz it looks comfy, but you know they're [ __ ] on it. >> I'm just jerking on it. That's all I do. >> Or they're jerking [ __ ] on a bean bag. >> Yeah. Which is why I don't go to your house and sit on your bean bag cuz you're [ __ ] jerking off all the time, dude. Someone's got to do it. >> Tell them about your bed. My bed. Well, in my defense of my bed, I want to be",true
1590.0,2026-09-07 19:43:01,@Pinkskinnedgoblin,,Got a chuckle ,positive,vader,Shane Nelson & Jackson Babine,"want to sit on it cuz it looks comfy, but you know they're [ __ ] on it. >> I'm just jerking on it. That's all I do. >> Or they're jerking [ __ ] on a bean bag. >> Yeah. Which is why I don't go to your house and sit on your bean bag cuz you're [ __ ] jerking off all the time, dude. Someone's got to do it. >> Tell them about your bed. My bed. Well, in my defense of my bed, I want to be",true
1596.0,2026-09-07 19:43:07,@CaptainBlackBirɗ,,:expressionless_face:,neutral,vader,Shane Nelson & Jackson Babine,"bag. >> Yeah. Which is why I don't go to your house and sit on your bean bag cuz you're [ __ ] jerking off all the time, dude. Someone's got to do it. >> Tell them about your bed. My bed. Well, in my defense of my bed, I want to be going to bed really, really fast. >> And so, the best way to do this, have a",true
1598.0,2026-09-07 19:43:09,@ineverlutes,,oh these guys jork it together ,neutral,vader,Shane Nelson & Jackson Babine,"house and sit on your bean bag cuz you're [ __ ] jerking off all the time, dude. Someone's got to do it. >> Tell them about your bed. My bed. Well, in my defense of my bed, I want to be going to bed really, really fast. >> And so, the best way to do this, have a race car bed. Jackson sleeps in a",true
1599.0,2026-09-07 19:43:10,@z28diablo,,"DUDE, WHERE'S MY JOKE?",positive,vader,Shane Nelson & Jackson Babine,"house and sit on your bean bag cuz you're [ __ ] jerking off all the time, dude. Someone's got to do it. >> Tell them about your bed. My bed. Well, in my defense of my bed, I want to be going to bed really, really fast. >> And so, the best way to do this, have a race car bed. Jackson sleeps in a [ __ ] race car bed, dude. California",true
1602.0,2026-09-07 19:43:13,@Beepbop_man,,Paint and brick,neutral,vader,Shane Nelson & Jackson Babine,"dude. Someone's got to do it. >> Tell them about your bed. My bed. Well, in my defense of my bed, I want to be going to bed really, really fast. >> And so, the best way to do this, have a race car bed. Jackson sleeps in a [ __ ] race car bed, dude. California king.",true
1603.0,2026-09-07 19:43:14,@JimboTheComic,,Bahahaha ,neutral,vader,Shane Nelson & Jackson Babine,"dude. Someone's got to do it. >> Tell them about your bed. My bed. Well, in my defense of my bed, I want to be going to bed really, really fast. >> And so, the best way to do this, have a race car bed. Jackson sleeps in a [ __ ] race car bed, dude. California king.",true
1604.0,2026-09-07 19:43:15,@HollywoodStar2026,,look like they're been banned from doing school shows,negative,vader,Shane Nelson & Jackson Babine,"Someone's got to do it. >> Tell them about your bed. My bed. Well, in my defense of my bed, I want to be going to bed really, really fast. >> And so, the best way to do this, have a race car bed. Jackson sleeps in a [ __ ] race car bed, dude. California king. When you get bigger like me, you'll have",true
1613.0,2026-09-07 19:43:24,@CaptainBlackBirɗ,,I'm gonna work rather suffer than this,negative,vader,Shane Nelson & Jackson Babine,"in my defense of my bed, I want to be going to bed really, really fast. >> And so, the best way to do this, have a race car bed. Jackson sleeps in a [ __ ] race car bed, dude. California king. When you get bigger like me, you'll have to sleep in a hearse, >> right? >> Yeah. You're not fun. The sleep that you never wake up from, right? That's a deep sleep. Glad you guys are having fun.",true
1621.0,2026-09-07 19:43:32,@nevergiveup9321,,Haha,positive,vader,Joel Hewins & Abby Rose,"[ __ ] race car bed, dude. California king. When you get bigger like me, you'll have to sleep in a hearse, >> right? >> Yeah. You're not fun. The sleep that you never wake up from, right? That's a deep sleep. Glad you guys are having fun. >> That one was just right on the >> Jackson. What's a What's your favorite type of sex and your favorite position?",true
1624.0,2026-09-07 19:43:35,@JimboTheComic,,Diablo that’s comment of the night so far ,neutral,vader,Joel Hewins & Abby Rose,"When you get bigger like me, you'll have to sleep in a hearse, >> right? >> Yeah. You're not fun. The sleep that you never wake up from, right? That's a deep sleep. Glad you guys are having fun. >> That one was just right on the >> Jackson. What's a What's your favorite type of sex and your favorite position?",true
1625.0,2026-09-07 19:43:36,@IMMORTALCHAFF,,bet they share a bunk bed,positive,vader,Joel Hewins & Abby Rose,"to sleep in a hearse, >> right? >> Yeah. You're not fun. The sleep that you never wake up from, right? That's a deep sleep. Glad you guys are having fun. >> That one was just right on the >> Jackson. What's a What's your favorite type of sex and your favorite position? >> Depends if the dog's in the room cuz",true
1628.0,2026-09-07 19:43:39,@alisonwayland6057,,Is there only 1 store they both shop at?,neutral,vader,Joel Hewins & Abby Rose,">> Yeah. You're not fun. The sleep that you never wake up from, right? That's a deep sleep. Glad you guys are having fun. >> That one was just right on the >> Jackson. What's a What's your favorite type of sex and your favorite position? >> Depends if the dog's in the room cuz then I get to show off.",true
1629.0,2026-09-07 19:43:40,@QUINNHAMELIN,,Polite Chuckles,positive,vader,Joel Hewins & Abby Rose,">> Yeah. You're not fun. The sleep that you never wake up from, right? That's a deep sleep. Glad you guys are having fun. >> That one was just right on the >> Jackson. What's a What's your favorite type of sex and your favorite position? >> Depends if the dog's in the room cuz then I get to show off.",true
1632.0,2026-09-07 19:43:43,@tonyleyba6999,,it takes two to make a joke,positive,vader,Joel Hewins & Abby Rose,"never wake up from, right? That's a deep sleep. Glad you guys are having fun. >> That one was just right on the >> Jackson. What's a What's your favorite type of sex and your favorite position? >> Depends if the dog's in the room cuz then I get to show off. >> Limno is the elf of the pack. Yeah. Then",true
1632.0,2026-09-07 19:43:43,@TheSupercorky,,Im calling help,positive,vader,Joel Hewins & Abby Rose,"never wake up from, right? That's a deep sleep. Glad you guys are having fun. >> That one was just right on the >> Jackson. What's a What's your favorite type of sex and your favorite position? >> Depends if the dog's in the room cuz then I get to show off. >> Limno is the elf of the pack. Yeah. Then",true
1632.0,2026-09-07 19:43:43,@Stephen_Marszal,,More Jew who think they’re funny…..,positive,vader,Joel Hewins & Abby Rose,"never wake up from, right? That's a deep sleep. Glad you guys are having fun. >> That one was just right on the >> Jackson. What's a What's your favorite type of sex and your favorite position? >> Depends if the dog's in the room cuz then I get to show off. >> Limno is the elf of the pack. Yeah. Then",true
1638.0,2026-09-07 19:43:49,@HollywoodStar2026,,"If they had matching clown suits, they could do malls",neutral,vader,Joel Hewins & Abby Rose,">> That one was just right on the >> Jackson. What's a What's your favorite type of sex and your favorite position? >> Depends if the dog's in the room cuz then I get to show off. >> Limno is the elf of the pack. Yeah. Then I start sniffing her ass. Sniffing her ass. You're like, ""This is",true
1638.0,2026-09-07 19:43:49,@BrianKirk-wi6kd,,They both sleep in the wet spot,neutral,vader,Joel Hewins & Abby Rose,">> That one was just right on the >> Jackson. What's a What's your favorite type of sex and your favorite position? >> Depends if the dog's in the room cuz then I get to show off. >> Limno is the elf of the pack. Yeah. Then I start sniffing her ass. Sniffing her ass. You're like, ""This is",true
1638.0,2026-09-07 19:43:49,@Bellarose277,,sucks :face_with_tears_of_joy:,negative,vader,Joel Hewins & Abby Rose,">> That one was just right on the >> Jackson. What's a What's your favorite type of sex and your favorite position? >> Depends if the dog's in the room cuz then I get to show off. >> Limno is the elf of the pack. Yeah. Then I start sniffing her ass. Sniffing her ass. You're like, ""This is",true
1639.0,2026-09-07 19:43:50,@Stephen_Marszal,,A minor?,neutral,vader,Joel Hewins & Abby Rose,">> Jackson. What's a What's your favorite type of sex and your favorite position? >> Depends if the dog's in the room cuz then I get to show off. >> Limno is the elf of the pack. Yeah. Then I start sniffing her ass. Sniffing her ass. You're like, ""This is",true
1644.0,2026-09-07 19:43:55,@Hackofalltrades-mh5fq,,"hi everyone, sorry im late. What i miss??",negative,vader,Joel Hewins & Abby Rose,"type of sex and your favorite position? >> Depends if the dog's in the room cuz then I get to show off. >> Limno is the elf of the pack. Yeah. Then I start sniffing her ass. Sniffing her ass. You're like, ""This is my ass. I'm pissing here. This I piss on this bed.""",true
1645.0,2026-09-07 19:43:56,@ineverlutes,,wtf,negative,vader,Joel Hewins & Abby Rose,"type of sex and your favorite position? >> Depends if the dog's in the room cuz then I get to show off. >> Limno is the elf of the pack. Yeah. Then I start sniffing her ass. Sniffing her ass. You're like, ""This is my ass. I'm pissing here. This I piss on this bed.""",true
1646.0,2026-09-07 19:43:57,@TheSupercorky,,Rut row,neutral,vader,Joel Hewins & Abby Rose,">> Depends if the dog's in the room cuz then I get to show off. >> Limno is the elf of the pack. Yeah. Then I start sniffing her ass. Sniffing her ass. You're like, ""This is my ass. I'm pissing here. This I piss on this bed."" >> And then as soon as you leave, the dog's",true
1651.0,2026-09-07 19:44:02,@OhHerroMyNameJim,,Ya hahahaah ya,neutral,vader,Joel Hewins & Abby Rose,"then I get to show off. >> Limno is the elf of the pack. Yeah. Then I start sniffing her ass. Sniffing her ass. You're like, ""This is my ass. I'm pissing here. This I piss on this bed."" >> And then as soon as you leave, the dog's pissing on your bed. He's like, ""Fuck that bitch."" That's how I refill my race car.",true
1655.0,2026-09-07 19:44:06,@OhHerroMyNameJim,,Hahaha ya. ,positive,vader,Joel Hewins & Abby Rose,">> Limno is the elf of the pack. Yeah. Then I start sniffing her ass. Sniffing her ass. You're like, ""This is my ass. I'm pissing here. This I piss on this bed."" >> And then as soon as you leave, the dog's pissing on your bed. He's like, ""Fuck that bitch."" That's how I refill my race car. >> He's pissing on the tire of your race car bed.",true
1656.0,2026-09-07 19:44:07,@CarlCramer88,,Wow just wow,positive,vader,Joel Hewins & Abby Rose,"I start sniffing her ass. Sniffing her ass. You're like, ""This is my ass. I'm pissing here. This I piss on this bed."" >> And then as soon as you leave, the dog's pissing on your bed. He's like, ""Fuck that bitch."" That's how I refill my race car. >> He's pissing on the tire of your race car bed. >> Uh, my favorite type of sex position is",true
1661.0,2026-09-07 19:44:12,@IMMORTALCHAFF,,Golden shower boys,neutral,vader,Joel Hewins & Abby Rose,"my ass. I'm pissing here. This I piss on this bed."" >> And then as soon as you leave, the dog's pissing on your bed. He's like, ""Fuck that bitch."" That's how I refill my race car. >> He's pissing on the tire of your race car bed. >> Uh, my favorite type of sex position is In-N-Out animal style.",true
1665.0,2026-09-07 19:44:16,@whisperingbeeasmr,,wtf,negative,vader,Joel Hewins & Abby Rose,">> And then as soon as you leave, the dog's pissing on your bed. He's like, ""Fuck that bitch."" That's how I refill my race car. >> He's pissing on the tire of your race car bed. >> Uh, my favorite type of sex position is In-N-Out animal style. Hey, thank you.",true
1672.0,2026-09-07 19:44:23,@Beepbop_man,,I believe him ,neutral,vader,Joel Hewins & Abby Rose,">> He's pissing on the tire of your race car bed. >> Uh, my favorite type of sex position is In-N-Out animal style. Hey, thank you. >> Do we give Russian doll vibes, you think? >> Cuz I can fit inside of him.",true
1672.0,2026-09-07 19:44:23,@OhHerroMyNameJim,,Ahahhaah right carl. Hahahahaha,neutral,vader,Joel Hewins & Abby Rose,">> He's pissing on the tire of your race car bed. >> Uh, my favorite type of sex position is In-N-Out animal style. Hey, thank you. >> Do we give Russian doll vibes, you think? >> Cuz I can fit inside of him.",true
1677.0,2026-09-07 19:44:28,@someguy9566,,this one's funny :face_with_tears_of_joy:,positive,vader,Joel Hewins & Abby Rose,">> Uh, my favorite type of sex position is In-N-Out animal style. Hey, thank you. >> Do we give Russian doll vibes, you think? >> Cuz I can fit inside of him. >> Split me open. And there's Jackson.",true
1678.0,2026-09-07 19:44:29,@TheSupercorky,,Right now he's out,neutral,vader,Joel Hewins & Abby Rose,">> Uh, my favorite type of sex position is In-N-Out animal style. Hey, thank you. >> Do we give Russian doll vibes, you think? >> Cuz I can fit inside of him. >> Split me open. And there's Jackson.",true
1682.0,2026-09-07 19:44:33,@JayT_3,,Jesus Christ,neutral,vader,Joel Hewins & Abby Rose,"In-N-Out animal style. Hey, thank you. >> Do we give Russian doll vibes, you think? >> Cuz I can fit inside of him. >> Split me open. And there's Jackson.",true
1682.0,2026-09-07 19:44:33,@Shellshock1997,,this is horrible,negative,vader,Joel Hewins & Abby Rose,"In-N-Out animal style. Hey, thank you. >> Do we give Russian doll vibes, you think? >> Cuz I can fit inside of him. >> Split me open. And there's Jackson.",true
1685.0,2026-09-07 19:44:36,@ineverlutes,,double hat hair ,neutral,vader,Joel Hewins & Abby Rose,">> Do we give Russian doll vibes, you think? >> Cuz I can fit inside of him. >> Split me open. And there's Jackson. >> Prove it. >> Dude, I had to tape my nipples when I",true
1686.0,2026-09-07 19:44:37,@nevergiveup9321,,Haha,positive,vader,Joel Hewins & Abby Rose,">> Do we give Russian doll vibes, you think? >> Cuz I can fit inside of him. >> Split me open. And there's Jackson. >> Prove it. >> Dude, I had to tape my nipples when I wear a fishnet on here. We can't prove",true
1687.0,2026-09-07 19:44:38,@Mike89Carr,,is this supposed to be funny?,positive,vader,Joel Hewins & Abby Rose,">> Do we give Russian doll vibes, you think? >> Cuz I can fit inside of him. >> Split me open. And there's Jackson. >> Prove it. >> Dude, I had to tape my nipples when I wear a fishnet on here. We can't prove",true
1688.0,2026-09-07 19:44:39,@Conrad2311,,:grinning_squinting_face:,neutral,vader,Joel Hewins & Abby Rose,"think? >> Cuz I can fit inside of him. >> Split me open. And there's Jackson. >> Prove it. >> Dude, I had to tape my nipples when I wear a fishnet on here. We can't prove it. When I think of Russian doll, I",true
1690.0,2026-09-07 19:44:41,@jelly_jams345,,Big thumbs down :thumbs_down:,neutral,vader,Joel Hewins & Abby Rose,"think? >> Cuz I can fit inside of him. >> Split me open. And there's Jackson. >> Prove it. >> Dude, I had to tape my nipples when I wear a fishnet on here. We can't prove it. When I think of Russian doll, I think of Jackson's girlfriend.",true
1690.0,2026-09-07 19:44:41,@HollywoodStar2026,,OH SHIT REAL JOKE!!!!,negative,vader,Joel Hewins & Abby Rose,"think? >> Cuz I can fit inside of him. >> Split me open. And there's Jackson. >> Prove it. >> Dude, I had to tape my nipples when I wear a fishnet on here. We can't prove it. When I think of Russian doll, I think of Jackson's girlfriend.",true
1694.0,2026-09-07 19:44:45,@QUINNHAMELIN,,Wagging his tongue i would think,neutral,vader,Joel Hewins & Abby Rose,">> Split me open. And there's Jackson. >> Prove it. >> Dude, I had to tape my nipples when I wear a fishnet on here. We can't prove it. When I think of Russian doll, I think of Jackson's girlfriend. >> Why? Not your actual girlfriend. I'm",true
1697.0,2026-09-07 19:44:48,@JimboTheComic,,250 in the chat ,neutral,vader,Joel Hewins & Abby Rose,">> Split me open. And there's Jackson. >> Prove it. >> Dude, I had to tape my nipples when I wear a fishnet on here. We can't prove it. When I think of Russian doll, I think of Jackson's girlfriend. >> Why? Not your actual girlfriend. I'm talking about the blowup doll right next",true
1697.0,2026-09-07 19:44:48,@nevergiveup9321,,Ok that was funny,positive,vader,Joel Hewins & Abby Rose,">> Split me open. And there's Jackson. >> Prove it. >> Dude, I had to tape my nipples when I wear a fishnet on here. We can't prove it. When I think of Russian doll, I think of Jackson's girlfriend. >> Why? Not your actual girlfriend. I'm talking about the blowup doll right next",true
1700.0,2026-09-07 19:44:51,@leedlelee-l2d,,How do you think those hats smell,neutral,vader,Joel Hewins & Abby Rose,">> Prove it. >> Dude, I had to tape my nipples when I wear a fishnet on here. We can't prove it. When I think of Russian doll, I think of Jackson's girlfriend. >> Why? Not your actual girlfriend. I'm talking about the blowup doll right next to your bed. They bought from Russia.",true
1702.0,2026-09-07 19:44:53,@matttttdogg,,Hacks,neutral,vader,Joel Hewins & Abby Rose,">> Prove it. >> Dude, I had to tape my nipples when I wear a fishnet on here. We can't prove it. When I think of Russian doll, I think of Jackson's girlfriend. >> Why? Not your actual girlfriend. I'm talking about the blowup doll right next to your bed. They bought from Russia. >> Don't tell my girlfriend.",true
1701.0,2026-09-07 19:44:52,@kiethmergard,,I’m still waiting for the comedy part of this painful simulation.,negative,vader,Joel Hewins & Abby Rose,">> Prove it. >> Dude, I had to tape my nipples when I wear a fishnet on here. We can't prove it. When I think of Russian doll, I think of Jackson's girlfriend. >> Why? Not your actual girlfriend. I'm talking about the blowup doll right next to your bed. They bought from Russia. >> Don't tell my girlfriend.",true
1708.0,2026-09-07 19:44:59,@Pinkskinnedgoblin,,That was a joke but refuse to laugh ,positive,vader,Joel Hewins & Abby Rose,"it. When I think of Russian doll, I think of Jackson's girlfriend. >> Why? Not your actual girlfriend. I'm talking about the blowup doll right next to your bed. They bought from Russia. >> Don't tell my girlfriend. >> Hey, let's just look at them and see if they uh if they feel anything. >> Who we looking at?",true
1710.0,2026-09-07 19:45:01,@JayT_3,,None of this is funny,positive,vader,Joel Hewins & Abby Rose,"it. When I think of Russian doll, I think of Jackson's girlfriend. >> Why? Not your actual girlfriend. I'm talking about the blowup doll right next to your bed. They bought from Russia. >> Don't tell my girlfriend. >> Hey, let's just look at them and see if they uh if they feel anything. >> Who we looking at?",true
1713.0,2026-09-07 19:45:04,@QUINNHAMELIN,,Polite chuckles,positive,vader,Joel Hewins & Abby Rose,"think of Jackson's girlfriend. >> Why? Not your actual girlfriend. I'm talking about the blowup doll right next to your bed. They bought from Russia. >> Don't tell my girlfriend. >> Hey, let's just look at them and see if they uh if they feel anything. >> Who we looking at? >> They like us. They're not laughing, but they're paying attention. That's good.",true
1714.0,2026-09-07 19:45:05,@HanzSygnal,,Russian Doll joke was money,positive,vader,Joel Hewins & Abby Rose,">> Why? Not your actual girlfriend. I'm talking about the blowup doll right next to your bed. They bought from Russia. >> Don't tell my girlfriend. >> Hey, let's just look at them and see if they uh if they feel anything. >> Who we looking at? >> They like us. They're not laughing, but they're paying attention. That's good.",true
1715.0,2026-09-07 19:45:06,@OhHerroMyNameJim,,These dudes are pulling a dane cook and trying to force us to laugh with their awkward laughter,positive,vader,Joel Hewins & Abby Rose,">> Why? Not your actual girlfriend. I'm talking about the blowup doll right next to your bed. They bought from Russia. >> Don't tell my girlfriend. >> Hey, let's just look at them and see if they uh if they feel anything. >> Who we looking at? >> They like us. They're not laughing, but they're paying attention. That's good.",true
1717.0,2026-09-07 19:45:08,@ineverlutes,,it's simulated comedy not real comedy ,positive,vader,Joel Hewins & Abby Rose,"talking about the blowup doll right next to your bed. They bought from Russia. >> Don't tell my girlfriend. >> Hey, let's just look at them and see if they uh if they feel anything. >> Who we looking at? >> They like us. They're not laughing, but they're paying attention. That's good. You two in the back. You guys kind of",true
1724.0,2026-09-07 19:45:15,@joshuabutterwick3156,,when does the comedy show start???,positive,vader,Joel Hewins & Abby Rose,">> Hey, let's just look at them and see if they uh if they feel anything. >> Who we looking at? >> They like us. They're not laughing, but they're paying attention. That's good. You two in the back. You guys kind of look like brothers. Uh, what's your relationship? >> We're husband. >> Husbands.",true
1724.0,2026-09-07 19:45:15,@nevergiveup9321,,@leedee unwashed…,neutral,vader,Joel Hewins & Abby Rose,">> Hey, let's just look at them and see if they uh if they feel anything. >> Who we looking at? >> They like us. They're not laughing, but they're paying attention. That's good. You two in the back. You guys kind of look like brothers. Uh, what's your relationship? >> We're husband. >> Husbands.",true
1724.0,2026-09-07 19:45:15,@IMMORTALCHAFF,,my farts make me giggle harder,positive,vader,Joel Hewins & Abby Rose,">> Hey, let's just look at them and see if they uh if they feel anything. >> Who we looking at? >> They like us. They're not laughing, but they're paying attention. That's good. You two in the back. You guys kind of look like brothers. Uh, what's your relationship? >> We're husband. >> Husbands.",true
1729.0,2026-09-07 19:45:20,@EricNelson1236,,the squirrel and bird cartoon show ?,neutral,vader,Joel Hewins & Abby Rose,">> They like us. They're not laughing, but they're paying attention. That's good. You two in the back. You guys kind of look like brothers. Uh, what's your relationship? >> We're husband. >> Husbands. >> Like, are you going inside him? Like a Russian doll. Kind of husbands.",true
1732.0,2026-09-07 19:45:23,@whisperingbeeasmr,,CRINGE,neutral,vader,Joel Hewins & Abby Rose,">> They like us. They're not laughing, but they're paying attention. That's good. You two in the back. You guys kind of look like brothers. Uh, what's your relationship? >> We're husband. >> Husbands. >> Like, are you going inside him? Like a Russian doll. Kind of husbands. >> Who's splitting who open? >> I was going to say, who's the small",true
1738.0,2026-09-07 19:45:29,@whatsupworld32,,Is improv supposed to be funny?,positive,vader,Joel Hewins & Abby Rose,"look like brothers. Uh, what's your relationship? >> We're husband. >> Husbands. >> Like, are you going inside him? Like a Russian doll. Kind of husbands. >> Who's splitting who open? >> I was going to say, who's the small doll? Yeah. Who's the small doll? Stand up. Go inside each other. >> You're the small doll.",true
1739.0,2026-09-07 19:45:30,@HollywoodStar2026,,OK. Shane and Jackson kinda get this,neutral,vader,Joel Hewins & Abby Rose,"look like brothers. Uh, what's your relationship? >> We're husband. >> Husbands. >> Like, are you going inside him? Like a Russian doll. Kind of husbands. >> Who's splitting who open? >> I was going to say, who's the small doll? Yeah. Who's the small doll? Stand up. Go inside each other. >> You're the small doll.",true
1741.0,2026-09-07 19:45:32,@jacca1091,,He’s a good brother ,positive,vader,Joel Hewins & Abby Rose,"relationship? >> We're husband. >> Husbands. >> Like, are you going inside him? Like a Russian doll. Kind of husbands. >> Who's splitting who open? >> I was going to say, who's the small doll? Yeah. Who's the small doll? Stand up. Go inside each other. >> You're the small doll. >> Okay. All right. >> I can see it. I can see it.",true
1746.0,2026-09-07 19:45:37,@Pinkskinnedgoblin,,Simulated comedy sucks ,neutral,vader,Joel Hewins & Abby Rose,">> Like, are you going inside him? Like a Russian doll. Kind of husbands. >> Who's splitting who open? >> I was going to say, who's the small doll? Yeah. Who's the small doll? Stand up. Go inside each other. >> You're the small doll. >> Okay. All right. >> I can see it. I can see it. >> What else we got? Who's a small doll in this relationship?",true
1752.0,2026-09-07 19:45:43,@OhHerroMyNameJim,,Lol guy on the left just looks xanned tf out he probably won't remember this,positive,vader,Joel Hewins & Abby Rose,"doll? Yeah. Who's the small doll? Stand up. Go inside each other. >> You're the small doll. >> Okay. All right. >> I can see it. I can see it. >> What else we got? Who's a small doll in this relationship? >> Are you running at Joel? >> Yeah, >> I think we know who's going inside who. Uh Joel's getting split open.",true
1754.0,2026-09-07 19:45:45,@joshuabutterwick3156,,Boooooo,neutral,vader,Joel Hewins & Abby Rose,"doll? Yeah. Who's the small doll? Stand up. Go inside each other. >> You're the small doll. >> Okay. All right. >> I can see it. I can see it. >> What else we got? Who's a small doll in this relationship? >> Are you running at Joel? >> Yeah, >> I think we know who's going inside who. Uh Joel's getting split open. >> Yeah, I was going to say.",true
1757.0,2026-09-07 19:45:48,@BrianSV1985,,wtf,negative,vader,Joel Hewins & Abby Rose,"up. Go inside each other. >> You're the small doll. >> Okay. All right. >> I can see it. I can see it. >> What else we got? Who's a small doll in this relationship? >> Are you running at Joel? >> Yeah, >> I think we know who's going inside who. Uh Joel's getting split open. >> Yeah, I was going to say. >> Well, what else is going on? Do they",true
1758.0,2026-09-07 19:45:49,@IMMORTALCHAFF,,they switch off,neutral,vader,Joel Hewins & Abby Rose,">> Okay. All right. >> I can see it. I can see it. >> What else we got? Who's a small doll in this relationship? >> Are you running at Joel? >> Yeah, >> I think we know who's going inside who. Uh Joel's getting split open. >> Yeah, I was going to say. >> Well, what else is going on? Do they like us in the chat?",true
1762.0,2026-09-07 19:45:53,@TheSupercorky,,You are ,neutral,vader,Joel Hewins & Abby Rose,">> I can see it. I can see it. >> What else we got? Who's a small doll in this relationship? >> Are you running at Joel? >> Yeah, >> I think we know who's going inside who. Uh Joel's getting split open. >> Yeah, I was going to say. >> Well, what else is going on? Do they like us in the chat? >> No. >> No. >> They don't like us.",true
1763.0,2026-09-07 19:45:54,@alisonwayland6057,,wow,positive,vader,Joel Hewins & Abby Rose,">> What else we got? Who's a small doll in this relationship? >> Are you running at Joel? >> Yeah, >> I think we know who's going inside who. Uh Joel's getting split open. >> Yeah, I was going to say. >> Well, what else is going on? Do they like us in the chat? >> No. >> No. >> They don't like us.",true
1768.0,2026-09-07 19:45:59,@Beepbop_man,,Philly needs to be cleansed ,neutral,vader,Joel Hewins & Abby Rose,">> Yeah, >> I think we know who's going inside who. Uh Joel's getting split open. >> Yeah, I was going to say. >> Well, what else is going on? Do they like us in the chat? >> No. >> No. >> They don't like us. >> Hey, vote for us in the chat, sons of >> Dude, where's my joke?",true
1770.0,2026-09-07 19:46:01,@ineverlutes,,why are they dressed like water and fire ,neutral,vader,Joel Hewins & Abby Rose,">> I think we know who's going inside who. Uh Joel's getting split open. >> Yeah, I was going to say. >> Well, what else is going on? Do they like us in the chat? >> No. >> No. >> They don't like us. >> Hey, vote for us in the chat, sons of >> Dude, where's my joke? >> Dude, where's my joke? Oh, Nar, dude.",true
1770.0,2026-09-07 19:46:01,@Conrad2311,,My favorite retired snowboarders ,positive,vader,Joel Hewins & Abby Rose,">> I think we know who's going inside who. Uh Joel's getting split open. >> Yeah, I was going to say. >> Well, what else is going on? Do they like us in the chat? >> No. >> No. >> They don't like us. >> Hey, vote for us in the chat, sons of >> Dude, where's my joke? >> Dude, where's my joke? Oh, Nar, dude.",true
1771.0,2026-09-07 19:46:02,@kiethmergard,,Help me. This is supposed to be a comedy show and they’re not funny.,positive,vader,Joel Hewins & Abby Rose,"Uh Joel's getting split open. >> Yeah, I was going to say. >> Well, what else is going on? Do they like us in the chat? >> No. >> No. >> They don't like us. >> Hey, vote for us in the chat, sons of >> Dude, where's my joke? >> Dude, where's my joke? Oh, Nar, dude.",true
1773.0,2026-09-07 19:46:04,@TheSupercorky,,No,negative,vader,Joel Hewins & Abby Rose,"Uh Joel's getting split open. >> Yeah, I was going to say. >> Well, what else is going on? Do they like us in the chat? >> No. >> No. >> They don't like us. >> Hey, vote for us in the chat, sons of >> Dude, where's my joke? >> Dude, where's my joke? Oh, Nar, dude. All right. All right. All right. We'll",true
1775.0,2026-09-07 19:46:06,@avery42069,,I remember the Russian doll joke,positive,vader,Joel Hewins & Abby Rose,">> Yeah, I was going to say. >> Well, what else is going on? Do they like us in the chat? >> No. >> No. >> They don't like us. >> Hey, vote for us in the chat, sons of >> Dude, where's my joke? >> Dude, where's my joke? Oh, Nar, dude. All right. All right. All right. We'll bring a joke.",true
1781.0,2026-09-07 19:46:12,@samantonov2879,,love these guys,positive,vader,Joel Hewins & Abby Rose,">> No. >> They don't like us. >> Hey, vote for us in the chat, sons of >> Dude, where's my joke? >> Dude, where's my joke? Oh, Nar, dude. All right. All right. All right. We'll bring a joke. >> I smelled that. I'm going to turn this way now. Here.",true
1782.0,2026-09-07 19:46:13,@Pinkskinnedgoblin,,lol ,positive,vader,Joel Hewins & Abby Rose,">> No. >> They don't like us. >> Hey, vote for us in the chat, sons of >> Dude, where's my joke? >> Dude, where's my joke? Oh, Nar, dude. All right. All right. All right. We'll bring a joke. >> I smelled that. I'm going to turn this way now. Here.",true
1783.0,2026-09-07 19:46:14,@NateHovious,,how long have they been a couple??????,neutral,vader,Joel Hewins & Abby Rose,">> They don't like us. >> Hey, vote for us in the chat, sons of >> Dude, where's my joke? >> Dude, where's my joke? Oh, Nar, dude. All right. All right. All right. We'll bring a joke. >> I smelled that. I'm going to turn this way now. Here. Let's go butt to butt.",true
1784.0,2026-09-07 19:46:15,@alisonwayland6057,,Tia and Tamera Mowry,positive,vader,Joel Hewins & Abby Rose,">> They don't like us. >> Hey, vote for us in the chat, sons of >> Dude, where's my joke? >> Dude, where's my joke? Oh, Nar, dude. All right. All right. All right. We'll bring a joke. >> I smelled that. I'm going to turn this way now. Here. Let's go butt to butt.",true
1785.0,2026-09-07 19:46:16,@whisperingbeeasmr,,BEVIS & BUTTHEAD,neutral,vader,Joel Hewins & Abby Rose,">> Hey, vote for us in the chat, sons of >> Dude, where's my joke? >> Dude, where's my joke? Oh, Nar, dude. All right. All right. All right. We'll bring a joke. >> I smelled that. I'm going to turn this way now. Here. Let's go butt to butt. >> Actually, that's back to butt. My back.",true
1785.0,2026-09-07 19:46:16,@kenatkins3435,,Dumb & dumber,negative,vader,Joel Hewins & Abby Rose,">> Hey, vote for us in the chat, sons of >> Dude, where's my joke? >> Dude, where's my joke? Oh, Nar, dude. All right. All right. All right. We'll bring a joke. >> I smelled that. I'm going to turn this way now. Here. Let's go butt to butt. >> Actually, that's back to butt. My back.",true
1786.0,2026-09-07 19:46:17,@radiostarkilla21,,Saaaweeeeet!,neutral,vader,Joel Hewins & Abby Rose,">> Dude, where's my joke? >> Dude, where's my joke? Oh, Nar, dude. All right. All right. All right. We'll bring a joke. >> I smelled that. I'm going to turn this way now. Here. Let's go butt to butt. >> Actually, that's back to butt. My back.",true
1787.0,2026-09-07 19:46:18,@ismaeldelreal715,,Just got here so of course ,neutral,vader,Joel Hewins & Abby Rose,">> Dude, where's my joke? >> Dude, where's my joke? Oh, Nar, dude. All right. All right. All right. We'll bring a joke. >> I smelled that. I'm going to turn this way now. Here. Let's go butt to butt. >> Actually, that's back to butt. My back. My butt's on his back.",true
1787.0,2026-09-07 19:46:18,@Conrad2311,,They’re pretty good ,positive,vader,Joel Hewins & Abby Rose,">> Dude, where's my joke? >> Dude, where's my joke? Oh, Nar, dude. All right. All right. All right. We'll bring a joke. >> I smelled that. I'm going to turn this way now. Here. Let's go butt to butt. >> Actually, that's back to butt. My back. My butt's on his back.",true
1789.0,2026-09-07 19:46:20,@QUINNHAMELIN,,Polite Chuckles,positive,vader,Joel Hewins & Abby Rose,">> Dude, where's my joke? >> Dude, where's my joke? Oh, Nar, dude. All right. All right. All right. We'll bring a joke. >> I smelled that. I'm going to turn this way now. Here. Let's go butt to butt. >> Actually, that's back to butt. My back. My butt's on his back. >> It is. Bend over, dude.",true
1789.0,2026-09-07 19:46:20,@IMMORTALCHAFF,,temu galagers,neutral,vader,Joel Hewins & Abby Rose,">> Dude, where's my joke? >> Dude, where's my joke? Oh, Nar, dude. All right. All right. All right. We'll bring a joke. >> I smelled that. I'm going to turn this way now. Here. Let's go butt to butt. >> Actually, that's back to butt. My back. My butt's on his back. >> It is. Bend over, dude.",true
1793.0,2026-09-07 19:46:24,@OhHerroMyNameJim,,"The seem chill, just, not funny:man_shrugging:",neutral,vader,Joel Hewins & Abby Rose,"All right. All right. All right. We'll bring a joke. >> I smelled that. I'm going to turn this way now. Here. Let's go butt to butt. >> Actually, that's back to butt. My back. My butt's on his back. >> It is. Bend over, dude. This is weird, right? This is weird.",true
1794.0,2026-09-07 19:46:25,@JayT_3,,How funny,positive,vader,Joel Hewins & Abby Rose,"All right. All right. All right. We'll bring a joke. >> I smelled that. I'm going to turn this way now. Here. Let's go butt to butt. >> Actually, that's back to butt. My back. My butt's on his back. >> It is. Bend over, dude. This is weird, right? This is weird. >> Yeah. You guys love it.",true
1794.0,2026-09-07 19:46:25,@joshuabutterwick3156,,who has worse hair this guy or carrot top?,negative,vader,Joel Hewins & Abby Rose,"All right. All right. All right. We'll bring a joke. >> I smelled that. I'm going to turn this way now. Here. Let's go butt to butt. >> Actually, that's back to butt. My back. My butt's on his back. >> It is. Bend over, dude. This is weird, right? This is weird. >> Yeah. You guys love it.",true
1796.0,2026-09-07 19:46:27,@EricNelson1236,,with the cop mustache feel weird,negative,vader,Joel Hewins & Abby Rose,">> I smelled that. I'm going to turn this way now. Here. Let's go butt to butt. >> Actually, that's back to butt. My back. My butt's on his back. >> It is. Bend over, dude. This is weird, right? This is weird. >> Yeah. You guys love it. >> Asian girls in the back. What's up?",true
1801.0,2026-09-07 19:46:32,@Alkemystikal-c7r,,I thought Jackson was cloned to make Shane appear more funny but this disproves my theory ,positive,vader,Joel Hewins & Abby Rose,"I'm going to turn this way now. Here. Let's go butt to butt. >> Actually, that's back to butt. My back. My butt's on his back. >> It is. Bend over, dude. This is weird, right? This is weird. >> Yeah. You guys love it. >> Asian girls in the back. What's up? >> All right. All right. Yeah, they made it",true
1802.0,2026-09-07 19:46:33,@radiostarkilla21,,Even on a holiday :flexed_biceps::flexed_biceps:,positive,vader,Joel Hewins & Abby Rose,"I'm going to turn this way now. Here. Let's go butt to butt. >> Actually, that's back to butt. My back. My butt's on his back. >> It is. Bend over, dude. This is weird, right? This is weird. >> Yeah. You guys love it. >> Asian girls in the back. What's up? >> All right. All right. Yeah, they made it less weird. I promise.",true
1804.0,2026-09-07 19:46:35,@nevergiveup9321,,They have chemistry they just need material now,neutral,vader,Joel Hewins & Abby Rose,"Let's go butt to butt. >> Actually, that's back to butt. My back. My butt's on his back. >> It is. Bend over, dude. This is weird, right? This is weird. >> Yeah. You guys love it. >> Asian girls in the back. What's up? >> All right. All right. Yeah, they made it less weird. I promise. >> Yeah, dude. I know how to Don't give me",true
1808.0,2026-09-07 19:46:39,@CarlCramer88,,Weird and stupid ,negative,vader,Joel Hewins & Abby Rose,"My butt's on his back. >> It is. Bend over, dude. This is weird, right? This is weird. >> Yeah. You guys love it. >> Asian girls in the back. What's up? >> All right. All right. Yeah, they made it less weird. I promise. >> Yeah, dude. I know how to Don't give me the X, dude. This is not [ __ ] Pawn Stars. I've actually never seen Pawn",true
1808.0,2026-09-07 19:46:39,@TheSupercorky,,Yes,positive,vader,Joel Hewins & Abby Rose,"My butt's on his back. >> It is. Bend over, dude. This is weird, right? This is weird. >> Yeah. You guys love it. >> Asian girls in the back. What's up? >> All right. All right. Yeah, they made it less weird. I promise. >> Yeah, dude. I know how to Don't give me the X, dude. This is not [ __ ] Pawn Stars. I've actually never seen Pawn",true
1808.0,2026-09-07 19:46:39,@Beepbop_man,,Theyre gonna sleep in the same bed tn,neutral,vader,Joel Hewins & Abby Rose,"My butt's on his back. >> It is. Bend over, dude. This is weird, right? This is weird. >> Yeah. You guys love it. >> Asian girls in the back. What's up? >> All right. All right. Yeah, they made it less weird. I promise. >> Yeah, dude. I know how to Don't give me the X, dude. This is not [ __ ] Pawn Stars. I've actually never seen Pawn",true
1811.0,2026-09-07 19:46:42,@HollywoodStar2026,,these two could make this work...,neutral,vader,Joel Hewins & Abby Rose,">> It is. Bend over, dude. This is weird, right? This is weird. >> Yeah. You guys love it. >> Asian girls in the back. What's up? >> All right. All right. Yeah, they made it less weird. I promise. >> Yeah, dude. I know how to Don't give me the X, dude. This is not [ __ ] Pawn Stars. I've actually never seen Pawn Stars. >> You've never SEEN PAWN STARS? >> NO, DUDE. I don't have cable.",true
1813.0,2026-09-07 19:46:44,@z28diablo,,"I swear, if they flip the chair over...",negative,vader,Joel Hewins & Abby Rose,"This is weird, right? This is weird. >> Yeah. You guys love it. >> Asian girls in the back. What's up? >> All right. All right. Yeah, they made it less weird. I promise. >> Yeah, dude. I know how to Don't give me the X, dude. This is not [ __ ] Pawn Stars. I've actually never seen Pawn Stars. >> You've never SEEN PAWN STARS? >> NO, DUDE. I don't have cable. >> I thought our dad showed us both Pawn",true
1814.0,2026-09-07 19:46:45,@BrianSV1985,,they should stick to selling high schoolers shitty weed!,negative,vader,Joel Hewins & Abby Rose,">> Yeah. You guys love it. >> Asian girls in the back. What's up? >> All right. All right. Yeah, they made it less weird. I promise. >> Yeah, dude. I know how to Don't give me the X, dude. This is not [ __ ] Pawn Stars. I've actually never seen Pawn Stars. >> You've never SEEN PAWN STARS? >> NO, DUDE. I don't have cable. >> I thought our dad showed us both Pawn",true
1814.0,2026-09-07 19:46:45,@IMMORTALCHAFF,,one joint from the joint,neutral,vader,Joel Hewins & Abby Rose,">> Yeah. You guys love it. >> Asian girls in the back. What's up? >> All right. All right. Yeah, they made it less weird. I promise. >> Yeah, dude. I know how to Don't give me the X, dude. This is not [ __ ] Pawn Stars. I've actually never seen Pawn Stars. >> You've never SEEN PAWN STARS? >> NO, DUDE. I don't have cable. >> I thought our dad showed us both Pawn",true
1815.0,2026-09-07 19:46:46,@JimboTheComic,,This is funny fuck yall lol,positive,vader,Joel Hewins & Abby Rose,">> Yeah. You guys love it. >> Asian girls in the back. What's up? >> All right. All right. Yeah, they made it less weird. I promise. >> Yeah, dude. I know how to Don't give me the X, dude. This is not [ __ ] Pawn Stars. I've actually never seen Pawn Stars. >> You've never SEEN PAWN STARS? >> NO, DUDE. I don't have cable. >> I thought our dad showed us both Pawn",true
1822.0,2026-09-07 19:46:53,@CarlCramer88,,Lord help us all,positive,vader,Joel Hewins & Abby Rose,"less weird. I promise. >> Yeah, dude. I know how to Don't give me the X, dude. This is not [ __ ] Pawn Stars. I've actually never seen Pawn Stars. >> You've never SEEN PAWN STARS? >> NO, DUDE. I don't have cable. >> I thought our dad showed us both Pawn Stars. >> Which reminds me, Jax and I, back when he was single, we used to go out to the bars together and we would pull mad",true
1823.0,2026-09-07 19:46:54,@OhHerroMyNameJim,,"They seem like they'd be funnier if I was...idk, 20 and still into dk and fart jokes",positive,vader,Joel Hewins & Abby Rose,">> Yeah, dude. I know how to Don't give me the X, dude. This is not [ __ ] Pawn Stars. I've actually never seen Pawn Stars. >> You've never SEEN PAWN STARS? >> NO, DUDE. I don't have cable. >> I thought our dad showed us both Pawn Stars. >> Which reminds me, Jax and I, back when he was single, we used to go out to the bars together and we would pull mad chicks, dude. Chicks love [ __ ] dudes",true
1824.0,2026-09-07 19:46:55,@someguy9566,,best set so far at least,positive,vader,Joel Hewins & Abby Rose,">> Yeah, dude. I know how to Don't give me the X, dude. This is not [ __ ] Pawn Stars. I've actually never seen Pawn Stars. >> You've never SEEN PAWN STARS? >> NO, DUDE. I don't have cable. >> I thought our dad showed us both Pawn Stars. >> Which reminds me, Jax and I, back when he was single, we used to go out to the bars together and we would pull mad chicks, dude. Chicks love [ __ ] dudes",true
1825.0,2026-09-07 19:46:56,@GroßerBöserWolf,,Worst babushka dolls ever,negative,vader,Joel Hewins & Abby Rose,"the X, dude. This is not [ __ ] Pawn Stars. I've actually never seen Pawn Stars. >> You've never SEEN PAWN STARS? >> NO, DUDE. I don't have cable. >> I thought our dad showed us both Pawn Stars. >> Which reminds me, Jax and I, back when he was single, we used to go out to the bars together and we would pull mad chicks, dude. Chicks love [ __ ] dudes",true
1826.0,2026-09-07 19:46:57,@ismaeldelreal715,,Relax they trying ,positive,vader,Joel Hewins & Abby Rose,"the X, dude. This is not [ __ ] Pawn Stars. I've actually never seen Pawn Stars. >> You've never SEEN PAWN STARS? >> NO, DUDE. I don't have cable. >> I thought our dad showed us both Pawn Stars. >> Which reminds me, Jax and I, back when he was single, we used to go out to the bars together and we would pull mad chicks, dude. Chicks love [ __ ] dudes >> that are also brothers.",true
1828.0,2026-09-07 19:46:59,@TheSupercorky,,Last lap,neutral,vader,Joel Hewins & Abby Rose,"Stars. >> You've never SEEN PAWN STARS? >> NO, DUDE. I don't have cable. >> I thought our dad showed us both Pawn Stars. >> Which reminds me, Jax and I, back when he was single, we used to go out to the bars together and we would pull mad chicks, dude. Chicks love [ __ ] dudes >> that are also brothers. >> Yeah. We would pretend to be brothers.",true
1835.0,2026-09-07 19:47:06,@IMMORTALCHAFF,,Jimbo you eat three edibles?,neutral,vader,Joel Hewins & Abby Rose,"Stars. >> Which reminds me, Jax and I, back when he was single, we used to go out to the bars together and we would pull mad chicks, dude. Chicks love [ __ ] dudes >> that are also brothers. >> Yeah. We would pretend to be brothers. And one time we pulled sisters. I swear to God. >> Yeah. And one time I pretended to be his dad and we pulled a mom and a daughter.",true
1838.0,2026-09-07 19:47:09,@JimboTheComic,,This is hard af to do ,negative,vader,Joel Hewins & Abby Rose,">> Which reminds me, Jax and I, back when he was single, we used to go out to the bars together and we would pull mad chicks, dude. Chicks love [ __ ] dudes >> that are also brothers. >> Yeah. We would pretend to be brothers. And one time we pulled sisters. I swear to God. >> Yeah. And one time I pretended to be his dad and we pulled a mom and a daughter. >> And you're probably wondering who had",true
1845.0,2026-09-07 19:47:16,@Beepbop_man,,X isnt pawn stars he hes gonna force it,neutral,vader,Joel Hewins & Abby Rose,"chicks, dude. Chicks love [ __ ] dudes >> that are also brothers. >> Yeah. We would pretend to be brothers. And one time we pulled sisters. I swear to God. >> Yeah. And one time I pretended to be his dad and we pulled a mom and a daughter. >> And you're probably wondering who had who? >> Yeah. I was the daughter. He's his mom. >> I see you're picking your teeth. That's",true
1845.0,2026-09-07 19:47:16,@HollywoodStar2026,,Jimbo... these two could do this. for reals,neutral,vader,Joel Hewins & Abby Rose,"chicks, dude. Chicks love [ __ ] dudes >> that are also brothers. >> Yeah. We would pretend to be brothers. And one time we pulled sisters. I swear to God. >> Yeah. And one time I pretended to be his dad and we pulled a mom and a daughter. >> And you're probably wondering who had who? >> Yeah. I was the daughter. He's his mom. >> I see you're picking your teeth. That's",true
1848.0,2026-09-07 19:47:19,@kiethmergard,,"No thank you, Jimbo. I’d rather be deaf.",negative,vader,Joel Hewins & Abby Rose,">> Yeah. We would pretend to be brothers. And one time we pulled sisters. I swear to God. >> Yeah. And one time I pretended to be his dad and we pulled a mom and a daughter. >> And you're probably wondering who had who? >> Yeah. I was the daughter. He's his mom. >> I see you're picking your teeth. That's good. >> What? You get anything, bud?",true
1849.0,2026-09-07 19:47:20,@whisperingbeeasmr,,Yeezus take the wheel,neutral,vader,Joel Hewins & Abby Rose,">> Yeah. We would pretend to be brothers. And one time we pulled sisters. I swear to God. >> Yeah. And one time I pretended to be his dad and we pulled a mom and a daughter. >> And you're probably wondering who had who? >> Yeah. I was the daughter. He's his mom. >> I see you're picking your teeth. That's good. >> What? You get anything, bud? >> Not yet.",true
1849.0,2026-09-07 19:47:20,@radiostarkilla21,,Russian Jesting Dolls,neutral,vader,Joel Hewins & Abby Rose,">> Yeah. We would pretend to be brothers. And one time we pulled sisters. I swear to God. >> Yeah. And one time I pretended to be his dad and we pulled a mom and a daughter. >> And you're probably wondering who had who? >> Yeah. I was the daughter. He's his mom. >> I see you're picking your teeth. That's good. >> What? You get anything, bud? >> Not yet.",true
1852.0,2026-09-07 19:47:23,@leedlelee-l2d,,It’s not the best it’s just the loudest ,negative,vader,Joel Hewins & Abby Rose,"to God. >> Yeah. And one time I pretended to be his dad and we pulled a mom and a daughter. >> And you're probably wondering who had who? >> Yeah. I was the daughter. He's his mom. >> I see you're picking your teeth. That's good. >> What? You get anything, bud? >> Not yet. >> Not yet. You got something stuck in there that's going to be on your mind.",true
1855.0,2026-09-07 19:47:26,@ineverlutes,,yikes,neutral,vader,Joel Hewins & Abby Rose,">> Yeah. And one time I pretended to be his dad and we pulled a mom and a daughter. >> And you're probably wondering who had who? >> Yeah. I was the daughter. He's his mom. >> I see you're picking your teeth. That's good. >> What? You get anything, bud? >> Not yet. >> Not yet. You got something stuck in there that's going to be on your mind. >> We're going to get tangled getting out of this stage.",true
1857.0,2026-09-07 19:47:28,@BrianKirk-wi6kd,,They make a cute couple,positive,vader,Joel Hewins & Abby Rose,"dad and we pulled a mom and a daughter. >> And you're probably wondering who had who? >> Yeah. I was the daughter. He's his mom. >> I see you're picking your teeth. That's good. >> What? You get anything, bud? >> Not yet. >> Not yet. You got something stuck in there that's going to be on your mind. >> We're going to get tangled getting out of this stage. >> Here. Reverse it. Reverse it. Reverse it. Reverse it.",true
1858.0,2026-09-07 19:47:29,@QUINNHAMELIN,,Its not so hard to do,positive,vader,Joel Hewins & Abby Rose,">> And you're probably wondering who had who? >> Yeah. I was the daughter. He's his mom. >> I see you're picking your teeth. That's good. >> What? You get anything, bud? >> Not yet. >> Not yet. You got something stuck in there that's going to be on your mind. >> We're going to get tangled getting out of this stage. >> Here. Reverse it. Reverse it. Reverse it. Reverse it.",true
1860.0,2026-09-07 19:47:31,@TonyTony-222,,Balls for sure  ,positive,vader,Joel Hewins & Abby Rose,"who? >> Yeah. I was the daughter. He's his mom. >> I see you're picking your teeth. That's good. >> What? You get anything, bud? >> Not yet. >> Not yet. You got something stuck in there that's going to be on your mind. >> We're going to get tangled getting out of this stage. >> Here. Reverse it. Reverse it. Reverse it. Reverse it. All right.",true
1861.0,2026-09-07 19:47:32,@whatsupworld32,,I had a best friend. I tried to kill me in a drunken rage.,negative,vader,Joel Hewins & Abby Rose,"who? >> Yeah. I was the daughter. He's his mom. >> I see you're picking your teeth. That's good. >> What? You get anything, bud? >> Not yet. >> Not yet. You got something stuck in there that's going to be on your mind. >> We're going to get tangled getting out of this stage. >> Here. Reverse it. Reverse it. Reverse it. Reverse it. All right. >> One more. Reverse it. Reverse it.",true
1872.0,2026-09-07 19:47:43,@Hackofalltrades-mh5fq,,why are these guys double teaming us???,neutral,vader,Joel Hewins & Abby Rose,"there that's going to be on your mind. >> We're going to get tangled getting out of this stage. >> Here. Reverse it. Reverse it. Reverse it. Reverse it. All right. >> One more. Reverse it. Reverse it. >> Come back around. >> And then one more time. Reverse it. No. No. No. Don't. >> Come. >> You guys want anything else from us? >> No, I don't think they do. >> I don't think they do. >> Kiss. All right, we'll kiss.",true
1874.0,2026-09-07 19:47:45,@JayT_3,,They don’t have anyone else huh,neutral,vader,Joel Hewins & Abby Rose,"of this stage. >> Here. Reverse it. Reverse it. Reverse it. Reverse it. All right. >> One more. Reverse it. Reverse it. >> Come back around. >> And then one more time. Reverse it. No. No. No. Don't. >> Come. >> You guys want anything else from us? >> No, I don't think they do. >> I don't think they do. >> Kiss. All right, we'll kiss.",true
1879.0,2026-09-07 19:47:50,@CarlCramer88,,It’s very easy to suck. This is not hard.,positive,vader,Joel Hewins & Abby Rose,"All right. >> One more. Reverse it. Reverse it. >> Come back around. >> And then one more time. Reverse it. No. No. No. Don't. >> Come. >> You guys want anything else from us? >> No, I don't think they do. >> I don't think they do. >> Kiss. All right, we'll kiss. DON'T >> HE'S a skateboarder. He'll kiss me. My name's Jackson Bay.",true
1882.0,2026-09-07 19:47:53,@ineverlutes,,what on earth ,neutral,vader,Joel Hewins & Abby Rose,">> Come back around. >> And then one more time. Reverse it. No. No. No. Don't. >> Come. >> You guys want anything else from us? >> No, I don't think they do. >> I don't think they do. >> Kiss. All right, we'll kiss. DON'T >> HE'S a skateboarder. He'll kiss me. My name's Jackson Bay.",true
1884.0,2026-09-07 19:47:55,@Beepbop_man,,One brain cell ,neutral,vader,Joel Hewins & Abby Rose,"No. No. Don't. >> Come. >> You guys want anything else from us? >> No, I don't think they do. >> I don't think they do. >> Kiss. All right, we'll kiss. DON'T >> HE'S a skateboarder. He'll kiss me. My name's Jackson Bay. >> And he's Jackson Bayine. Have a good",true
1885.0,2026-09-07 19:47:56,@Pinkskinnedgoblin,,Dear god ,positive,vader,Joel Hewins & Abby Rose,"No. No. Don't. >> Come. >> You guys want anything else from us? >> No, I don't think they do. >> I don't think they do. >> Kiss. All right, we'll kiss. DON'T >> HE'S a skateboarder. He'll kiss me. My name's Jackson Bay. >> And he's Jackson Bayine. Have a good night, everyone.",true
1887.0,2026-09-07 19:47:58,@TheSupercorky,,Im good,positive,vader,Joel Hewins & Abby Rose,">> Come. >> You guys want anything else from us? >> No, I don't think they do. >> I don't think they do. >> Kiss. All right, we'll kiss. DON'T >> HE'S a skateboarder. He'll kiss me. My name's Jackson Bay. >> And he's Jackson Bayine. Have a good night, everyone.",true
1887.0,2026-09-07 19:47:58,@JimboTheComic,,They’ve actually had sex ,neutral,vader,Joel Hewins & Abby Rose,">> Come. >> You guys want anything else from us? >> No, I don't think they do. >> I don't think they do. >> Kiss. All right, we'll kiss. DON'T >> HE'S a skateboarder. He'll kiss me. My name's Jackson Bay. >> And he's Jackson Bayine. Have a good night, everyone.",true
1891.0,2026-09-07 19:48:02,@EricNelson1236,,sure bros seen all the eps on tubi,positive,vader,Joel Hewins & Abby Rose,">> I don't think they do. >> Kiss. All right, we'll kiss. DON'T >> HE'S a skateboarder. He'll kiss me. My name's Jackson Bay. >> And he's Jackson Bayine. Have a good night, everyone. That was loud.",true
1891.0,2026-09-07 19:48:02,@GroßerBöserWolf,,Wow what a great audience. ,positive,vader,Joel Hewins & Abby Rose,">> I don't think they do. >> Kiss. All right, we'll kiss. DON'T >> HE'S a skateboarder. He'll kiss me. My name's Jackson Bay. >> And he's Jackson Bayine. Have a good night, everyone. That was loud.",true
1898.0,2026-09-07 19:48:09,@Conrad2311,,:clapping_hands::clapping_hands:,neutral,vader,Joel Hewins & Abby Rose,">> HE'S a skateboarder. He'll kiss me. My name's Jackson Bay. >> And he's Jackson Bayine. Have a good night, everyone. That was loud. >> You ever open a pack of baseball cards and get the same player twice in a row",true
1900.0,2026-09-07 19:48:11,@HollywoodStar2026,,Jackson sit on his lap as a ventriloquist dummy,neutral,vader,Joel Hewins & Abby Rose,">> And he's Jackson Bayine. Have a good night, everyone. That was loud. >> You ever open a pack of baseball cards and get the same player twice in a row and you're like, ""Come on, what the",true
1901.0,2026-09-07 19:48:12,@Pinkskinnedgoblin,,Where can I see people suffer like this live? ,negative,vader,Joel Hewins & Abby Rose,">> And he's Jackson Bayine. Have a good night, everyone. That was loud. >> You ever open a pack of baseball cards and get the same player twice in a row and you're like, ""Come on, what the fuck?"" That's what that felt like. You",true
1901.0,2026-09-07 19:48:12,@Dalixx_06,,button up with sandals is crazy work,negative,vader,Joel Hewins & Abby Rose,">> And he's Jackson Bayine. Have a good night, everyone. That was loud. >> You ever open a pack of baseball cards and get the same player twice in a row and you're like, ""Come on, what the fuck?"" That's what that felt like. You",true
1902.0,2026-09-07 19:48:13,@ineverlutes,,jimbo were you there ,neutral,vader,Joel Hewins & Abby Rose,">> And he's Jackson Bayine. Have a good night, everyone. That was loud. >> You ever open a pack of baseball cards and get the same player twice in a row and you're like, ""Come on, what the fuck?"" That's what that felt like. You",true
1904.0,2026-09-07 19:48:15,@S.D.L-m1j,,Jimbooo:face-fuchsia-tongue-out:,neutral,vader,Joel Hewins & Abby Rose,">> And he's Jackson Bayine. Have a good night, everyone. That was loud. >> You ever open a pack of baseball cards and get the same player twice in a row and you're like, ""Come on, what the fuck?"" That's what that felt like. You got like two same Pokemons. I got two",true
1906.0,2026-09-07 19:48:17,@Pinkskinnedgoblin,,In person ,neutral,vader,Joel Hewins & Abby Rose,"That was loud. >> You ever open a pack of baseball cards and get the same player twice in a row and you're like, ""Come on, what the fuck?"" That's what that felt like. You got like two same Pokemons. I got two Digletts. Two Digletts. [ __ ] One more",true
1906.0,2026-09-07 19:48:17,@IMMORTALCHAFF,,jinbo did you watch?,neutral,vader,Joel Hewins & Abby Rose,"That was loud. >> You ever open a pack of baseball cards and get the same player twice in a row and you're like, ""Come on, what the fuck?"" That's what that felt like. You got like two same Pokemons. I got two Digletts. Two Digletts. [ __ ] One more",true
1907.0,2026-09-07 19:48:18,@jelly_jams345,,Bye Bye Bye,neutral,vader,Joel Hewins & Abby Rose,"That was loud. >> You ever open a pack of baseball cards and get the same player twice in a row and you're like, ""Come on, what the fuck?"" That's what that felt like. You got like two same Pokemons. I got two Digletts. Two Digletts. [ __ ] One more",true
1907.0,2026-09-07 19:48:18,@OhHerroMyNameJim,,They were cool tho,positive,vader,Joel Hewins & Abby Rose,"That was loud. >> You ever open a pack of baseball cards and get the same player twice in a row and you're like, ""Come on, what the fuck?"" That's what that felt like. You got like two same Pokemons. I got two Digletts. Two Digletts. [ __ ] One more",true
1907.0,2026-09-07 19:48:18,@Beepbop_man,,Moms worried go home kids,negative,vader,Joel Hewins & Abby Rose,"That was loud. >> You ever open a pack of baseball cards and get the same player twice in a row and you're like, ""Come on, what the fuck?"" That's what that felt like. You got like two same Pokemons. I got two Digletts. Two Digletts. [ __ ] One more",true
1913.0,2026-09-07 19:48:24,@JimboTheComic,,I am here! ,neutral,vader,Joel Hewins & Abby Rose,">> You ever open a pack of baseball cards and get the same player twice in a row and you're like, ""Come on, what the fuck?"" That's what that felt like. You got like two same Pokemons. I got two Digletts. Two Digletts. [ __ ] One more time for Shane and Jackson, ladies and gentlemen. Keep it going for those two.",true
1916.0,2026-09-07 19:48:27,@radiostarkilla21,,Lol,positive,vader,Joel Hewins & Abby Rose,">> You ever open a pack of baseball cards and get the same player twice in a row and you're like, ""Come on, what the fuck?"" That's what that felt like. You got like two same Pokemons. I got two Digletts. Two Digletts. [ __ ] One more time for Shane and Jackson, ladies and gentlemen. Keep it going for those two. Um, so if you thought that last duo was",true
1917.0,2026-09-07 19:48:28,@JimboTheComic,,That was solid ,positive,vader,Joel Hewins & Abby Rose,"and get the same player twice in a row and you're like, ""Come on, what the fuck?"" That's what that felt like. You got like two same Pokemons. I got two Digletts. Two Digletts. [ __ ] One more time for Shane and Jackson, ladies and gentlemen. Keep it going for those two. Um, so if you thought that last duo was",true
1917.0,2026-09-07 19:48:28,@ineverlutes,,lmao nice one chino ,positive,vader,Joel Hewins & Abby Rose,"and get the same player twice in a row and you're like, ""Come on, what the fuck?"" That's what that felt like. You got like two same Pokemons. I got two Digletts. Two Digletts. [ __ ] One more time for Shane and Jackson, ladies and gentlemen. Keep it going for those two. Um, so if you thought that last duo was",true
1920.0,2026-09-07 19:48:31,@whisperingbeeasmr,,:rolling_on_the_floor_laughing::rolling_on_the_floor_laughing::zipper_mouth_face:,neutral,vader,Joel Hewins & Abby Rose,"and you're like, ""Come on, what the fuck?"" That's what that felt like. You got like two same Pokemons. I got two Digletts. Two Digletts. [ __ ] One more time for Shane and Jackson, ladies and gentlemen. Keep it going for those two. Um, so if you thought that last duo was [ __ ] this next duo is definitely",true
1921.0,2026-09-07 19:48:32,@avery42069,,He’s jackson but who was shawn ,neutral,vader,Joel Hewins & Abby Rose,"fuck?"" That's what that felt like. You got like two same Pokemons. I got two Digletts. Two Digletts. [ __ ] One more time for Shane and Jackson, ladies and gentlemen. Keep it going for those two. Um, so if you thought that last duo was [ __ ] this next duo is definitely",true
1925.0,2026-09-07 19:48:36,@JayT_3,,God this sucks,negative,vader,Joel Hewins & Abby Rose,"got like two same Pokemons. I got two Digletts. Two Digletts. [ __ ] One more time for Shane and Jackson, ladies and gentlemen. Keep it going for those two. Um, so if you thought that last duo was [ __ ] this next duo is definitely [ __ ] No, they're they're two comics that are dating each other. Um, not like",true
1925.0,2026-09-07 19:48:36,@HollywoodStar2026,,Jimbo who is your partner?,neutral,vader,Joel Hewins & Abby Rose,"got like two same Pokemons. I got two Digletts. Two Digletts. [ __ ] One more time for Shane and Jackson, ladies and gentlemen. Keep it going for those two. Um, so if you thought that last duo was [ __ ] this next duo is definitely [ __ ] No, they're they're two comics that are dating each other. Um, not like",true
1926.0,2026-09-07 19:48:37,@alisonwayland6057,,david attenburough want to study them in their natural habitat,positive,vader,Joel Hewins & Abby Rose,"Digletts. Two Digletts. [ __ ] One more time for Shane and Jackson, ladies and gentlemen. Keep it going for those two. Um, so if you thought that last duo was [ __ ] this next duo is definitely [ __ ] No, they're they're two comics that are dating each other. Um, not like",true
1929.0,2026-09-07 19:48:40,@CarlCramer88,,There’s no way their parents claim them,negative,vader,Joel Hewins & Abby Rose,"time for Shane and Jackson, ladies and gentlemen. Keep it going for those two. Um, so if you thought that last duo was [ __ ] this next duo is definitely [ __ ] No, they're they're two comics that are dating each other. Um, not like Russian doll, I guess. Kind of Russian. You be the judge. Ladies and gentlemen,",true
1931.0,2026-09-07 19:48:42,@IMMORTALCHAFF,,solid as a turd jimbo,positive,vader,Joel Hewins & Abby Rose,"time for Shane and Jackson, ladies and gentlemen. Keep it going for those two. Um, so if you thought that last duo was [ __ ] this next duo is definitely [ __ ] No, they're they're two comics that are dating each other. Um, not like Russian doll, I guess. Kind of Russian. You be the judge. Ladies and gentlemen, coming to the stage, Joel Huitt and Abby",true
1935.0,2026-09-07 19:48:46,@Beepbop_man,,The shit cards are always common,negative,vader,Joel Hewins & Abby Rose,"Um, so if you thought that last duo was [ __ ] this next duo is definitely [ __ ] No, they're they're two comics that are dating each other. Um, not like Russian doll, I guess. Kind of Russian. You be the judge. Ladies and gentlemen, coming to the stage, Joel Huitt and Abby Rose.",true
1939.0,2026-09-07 19:48:50,@S.D.L-m1j,,Good evening chat how many jokes have I missed:face-green-smiling:,positive,vader,Joel Hewins & Abby Rose,"Um, so if you thought that last duo was [ __ ] this next duo is definitely [ __ ] No, they're they're two comics that are dating each other. Um, not like Russian doll, I guess. Kind of Russian. You be the judge. Ladies and gentlemen, coming to the stage, Joel Huitt and Abby Rose.",true
1939.0,2026-09-07 19:48:50,@ineverlutes,,jimbo go up with corky ,neutral,vader,Joel Hewins & Abby Rose,"Um, so if you thought that last duo was [ __ ] this next duo is definitely [ __ ] No, they're they're two comics that are dating each other. Um, not like Russian doll, I guess. Kind of Russian. You be the judge. Ladies and gentlemen, coming to the stage, Joel Huitt and Abby Rose.",true
1949.0,2026-09-07 19:49:00,@CarlCramer88,,SDL… ,neutral,vader,Joel Hewins & Abby Rose,"You be the judge. Ladies and gentlemen, coming to the stage, Joel Huitt and Abby Rose. Hello everybody. >> All right, that was a mild response. Like that. >> Uh, hey guys. What's up? I'm Joel Euans.",true
1954.0,2026-09-07 19:49:05,@OhHerroMyNameJim,,Already not looking funny,negative,vader,Joel Hewins & Abby Rose,"Hello everybody. >> All right, that was a mild response. Like that. >> Uh, hey guys. What's up? I'm Joel Euans. >> Abby Rose. >> Thank you. Thank you. Thank you very",true
1955.0,2026-09-07 19:49:06,@Pinkskinnedgoblin,,This is going to suck ,negative,vader,Joel Hewins & Abby Rose,"Hello everybody. >> All right, that was a mild response. Like that. >> Uh, hey guys. What's up? I'm Joel Euans. >> Abby Rose. >> Thank you. Thank you. Thank you very much. Uh, we are very happily in love.",true
1956.0,2026-09-07 19:49:07,@radiostarkilla21,,Tonight’s theme is comedy duos?,positive,vader,Joel Hewins & Abby Rose,"Hello everybody. >> All right, that was a mild response. Like that. >> Uh, hey guys. What's up? I'm Joel Euans. >> Abby Rose. >> Thank you. Thank you. Thank you very much. Uh, we are very happily in love.",true
1968.0,2026-09-07 19:49:19,@S.D.L-m1j,,Carl,neutral,vader,Joel Hewins & Abby Rose,"Like that. >> Uh, hey guys. What's up? I'm Joel Euans. >> Abby Rose. >> Thank you. Thank you. Thank you very much. Uh, we are very happily in love. >> Yeah. Um, >> and happy to be here. >> Very happy to be here. We're both from North Carolina. >> Uh, yeah. There's some North Kakalakians in here. I like that. It's funny how two",true
1968.0,2026-09-07 19:49:19,@Stillear,,zero sdl,neutral,vader,Joel Hewins & Abby Rose,"Like that. >> Uh, hey guys. What's up? I'm Joel Euans. >> Abby Rose. >> Thank you. Thank you. Thank you very much. Uh, we are very happily in love. >> Yeah. Um, >> and happy to be here. >> Very happy to be here. We're both from North Carolina. >> Uh, yeah. There's some North Kakalakians in here. I like that. It's funny how two",true
1972.0,2026-09-07 19:49:23,@QUINNHAMELIN,,Sisters?,neutral,vader,Joel Hewins & Abby Rose,">> Abby Rose. >> Thank you. Thank you. Thank you very much. Uh, we are very happily in love. >> Yeah. Um, >> and happy to be here. >> Very happy to be here. We're both from North Carolina. >> Uh, yeah. There's some North Kakalakians in here. I like that. It's funny how two people can be from the same part of the world and go halfway across the world to",true
1974.0,2026-09-07 19:49:25,@HollywoodStar2026,,Joel shaved!!,neutral,vader,Joel Hewins & Abby Rose,">> Thank you. Thank you. Thank you very much. Uh, we are very happily in love. >> Yeah. Um, >> and happy to be here. >> Very happy to be here. We're both from North Carolina. >> Uh, yeah. There's some North Kakalakians in here. I like that. It's funny how two people can be from the same part of the world and go halfway across the world to",true
1980.0,2026-09-07 19:49:31,@IMMORTALCHAFF,,who splits who?,neutral,vader,Joel Hewins & Abby Rose,">> and happy to be here. >> Very happy to be here. We're both from North Carolina. >> Uh, yeah. There's some North Kakalakians in here. I like that. It's funny how two people can be from the same part of the world and go halfway across the world to find each other in love. >> Love you, babe.",true
1981.0,2026-09-07 19:49:32,@OhHerroMyNameJim,,They look extremely uncomfortable,negative,vader,Joel Hewins & Abby Rose,">> Very happy to be here. We're both from North Carolina. >> Uh, yeah. There's some North Kakalakians in here. I like that. It's funny how two people can be from the same part of the world and go halfway across the world to find each other in love. >> Love you, babe. >> Yeah, there's a there's actually a lot",true
1988.0,2026-09-07 19:49:39,@OhHerroMyNameJim,,Wtf,negative,vader,Joel Hewins & Abby Rose,"in here. I like that. It's funny how two people can be from the same part of the world and go halfway across the world to find each other in love. >> Love you, babe. >> Yeah, there's a there's actually a lot of similarities between Hawaii and North Carolina. You know, you can rock a mullet, there's country living,",true
1994.0,2026-09-07 19:49:45,@Beepbop_man,,And our family hate eachother??? Wheres the jokee,negative,vader,Joel Hewins & Abby Rose,"world and go halfway across the world to find each other in love. >> Love you, babe. >> Yeah, there's a there's actually a lot of similarities between Hawaii and North Carolina. You know, you can rock a mullet, there's country living, you can get away with dating your cousin.",true
1996.0,2026-09-07 19:49:47,@radiostarkilla21,,It puts the comedy in the basket. ,positive,vader,Joel Hewins & Abby Rose,">> Love you, babe. >> Yeah, there's a there's actually a lot of similarities between Hawaii and North Carolina. You know, you can rock a mullet, there's country living, you can get away with dating your cousin. >> Best cousin ever. [ __ ] EVERYBODY GIVE",true
1996.0,2026-09-07 19:49:47,@Hackofalltrades-mh5fq,,tag teams,neutral,vader,Joel Hewins & Abby Rose,">> Love you, babe. >> Yeah, there's a there's actually a lot of similarities between Hawaii and North Carolina. You know, you can rock a mullet, there's country living, you can get away with dating your cousin. >> Best cousin ever. [ __ ] EVERYBODY GIVE",true
2000.0,2026-09-07 19:49:51,@Pinkskinnedgoblin,,Yep. This is going to suck real bad. ,negative,vader,Joel Hewins & Abby Rose,">> Love you, babe. >> Yeah, there's a there's actually a lot of similarities between Hawaii and North Carolina. You know, you can rock a mullet, there's country living, you can get away with dating your cousin. >> Best cousin ever. [ __ ] EVERYBODY GIVE IT UP FOR MY FAVORITE cousin Joel Huins.",true
2002.0,2026-09-07 19:49:53,@ineverlutes,,ok ok ,positive,vader,Joel Hewins & Abby Rose,">> Yeah, there's a there's actually a lot of similarities between Hawaii and North Carolina. You know, you can rock a mullet, there's country living, you can get away with dating your cousin. >> Best cousin ever. [ __ ] EVERYBODY GIVE IT UP FOR MY FAVORITE cousin Joel Huins. Everybody.",true
2003.0,2026-09-07 19:49:54,@OhHerroMyNameJim,,Do some jokes,positive,vader,Joel Hewins & Abby Rose,"of similarities between Hawaii and North Carolina. You know, you can rock a mullet, there's country living, you can get away with dating your cousin. >> Best cousin ever. [ __ ] EVERYBODY GIVE IT UP FOR MY FAVORITE cousin Joel Huins. Everybody. Yeah. Speaking of mullets,",true
2004.0,2026-09-07 19:49:55,@Dalixx_06,,get a room,neutral,vader,Joel Hewins & Abby Rose,"of similarities between Hawaii and North Carolina. You know, you can rock a mullet, there's country living, you can get away with dating your cousin. >> Best cousin ever. [ __ ] EVERYBODY GIVE IT UP FOR MY FAVORITE cousin Joel Huins. Everybody. Yeah. Speaking of mullets,",true
2004.0,2026-09-07 19:49:55,@S.D.L-m1j,,Stillear dang..lol:grinning_squinting_face:,neutral,vader,Joel Hewins & Abby Rose,"of similarities between Hawaii and North Carolina. You know, you can rock a mullet, there's country living, you can get away with dating your cousin. >> Best cousin ever. [ __ ] EVERYBODY GIVE IT UP FOR MY FAVORITE cousin Joel Huins. Everybody. Yeah. Speaking of mullets,",true
2010.0,2026-09-07 19:50:01,@ineverlutes,,couples night ok ,positive,vader,Joel Hewins & Abby Rose,"you can get away with dating your cousin. >> Best cousin ever. [ __ ] EVERYBODY GIVE IT UP FOR MY FAVORITE cousin Joel Huins. Everybody. Yeah. Speaking of mullets, this guy [ __ ] got a mullet after we started dating. He copied me basically",true
2011.0,2026-09-07 19:50:02,@Pinkskinnedgoblin,,:face_vomiting: ,neutral,vader,Joel Hewins & Abby Rose,"you can get away with dating your cousin. >> Best cousin ever. [ __ ] EVERYBODY GIVE IT UP FOR MY FAVORITE cousin Joel Huins. Everybody. Yeah. Speaking of mullets, this guy [ __ ] got a mullet after we started dating. He copied me basically and now he gets all the credit. Every",true
2012.0,2026-09-07 19:50:03,@QUINNHAMELIN,,Sisters? incest?,neutral,vader,Joel Hewins & Abby Rose,"you can get away with dating your cousin. >> Best cousin ever. [ __ ] EVERYBODY GIVE IT UP FOR MY FAVORITE cousin Joel Huins. Everybody. Yeah. Speaking of mullets, this guy [ __ ] got a mullet after we started dating. He copied me basically and now he gets all the credit. Every",true
2017.0,2026-09-07 19:50:08,@OhHerroMyNameJim,,You're married. Cool. Tell jokes. ,positive,vader,Joel Hewins & Abby Rose,">> Best cousin ever. [ __ ] EVERYBODY GIVE IT UP FOR MY FAVORITE cousin Joel Huins. Everybody. Yeah. Speaking of mullets, this guy [ __ ] got a mullet after we started dating. He copied me basically and now he gets all the credit. Every time Chino introduces him to the stage, it's always give it up for this guy with the best hair. It's always so quafted",true
2025.0,2026-09-07 19:50:16,@Beepbop_man,,A taste of the south,neutral,vader,Joel Hewins & Abby Rose,"Yeah. Speaking of mullets, this guy [ __ ] got a mullet after we started dating. He copied me basically and now he gets all the credit. Every time Chino introduces him to the stage, it's always give it up for this guy with the best hair. It's always so quafted and then it's and then give it up for the mulleted girlfriend. No, he's the mulleted boyfriend. I had the mullet",true
2026.0,2026-09-07 19:50:17,@whisperingbeeasmr,,AWKWARD AF,negative,vader,Joel Hewins & Abby Rose,"Yeah. Speaking of mullets, this guy [ __ ] got a mullet after we started dating. He copied me basically and now he gets all the credit. Every time Chino introduces him to the stage, it's always give it up for this guy with the best hair. It's always so quafted and then it's and then give it up for the mulleted girlfriend. No, he's the mulleted boyfriend. I had the mullet",true
2027.0,2026-09-07 19:50:18,@Hackofalltrades-mh5fq,,Joel dirt,negative,vader,Joel Hewins & Abby Rose,"this guy [ __ ] got a mullet after we started dating. He copied me basically and now he gets all the credit. Every time Chino introduces him to the stage, it's always give it up for this guy with the best hair. It's always so quafted and then it's and then give it up for the mulleted girlfriend. No, he's the mulleted boyfriend. I had the mullet first. Just so Just so that's clear.",true
2027.0,2026-09-07 19:50:18,@BrianSV1985,,"that's not a mullet, that's a woman's haircut",neutral,vader,Joel Hewins & Abby Rose,"this guy [ __ ] got a mullet after we started dating. He copied me basically and now he gets all the credit. Every time Chino introduces him to the stage, it's always give it up for this guy with the best hair. It's always so quafted and then it's and then give it up for the mulleted girlfriend. No, he's the mulleted boyfriend. I had the mullet first. Just so Just so that's clear.",true
2031.0,2026-09-07 19:50:22,@CarlCramer88,,Goofy ,neutral,vader,Joel Hewins & Abby Rose,"and now he gets all the credit. Every time Chino introduces him to the stage, it's always give it up for this guy with the best hair. It's always so quafted and then it's and then give it up for the mulleted girlfriend. No, he's the mulleted boyfriend. I had the mullet first. Just so Just so that's clear. >> You know what though? It It all works",true
2032.0,2026-09-07 19:50:23,@S.D.L-m1j,,Sister wives:grinning_squinting_face:,neutral,vader,Joel Hewins & Abby Rose,"and now he gets all the credit. Every time Chino introduces him to the stage, it's always give it up for this guy with the best hair. It's always so quafted and then it's and then give it up for the mulleted girlfriend. No, he's the mulleted boyfriend. I had the mullet first. Just so Just so that's clear. >> You know what though? It It all works",true
2036.0,2026-09-07 19:50:27,@ineverlutes,,is james herfield getting wood?,neutral,vader,Joel Hewins & Abby Rose,"it's always give it up for this guy with the best hair. It's always so quafted and then it's and then give it up for the mulleted girlfriend. No, he's the mulleted boyfriend. I had the mullet first. Just so Just so that's clear. >> You know what though? It It all works out because when we make love, you can't tell where my mullet begins and her",true
2038.0,2026-09-07 19:50:29,@joshuabutterwick3156,,WTF???? THESE GUYS ARE FUCKIN 10 PLU,negative,vader,Joel Hewins & Abby Rose,"the best hair. It's always so quafted and then it's and then give it up for the mulleted girlfriend. No, he's the mulleted boyfriend. I had the mullet first. Just so Just so that's clear. >> You know what though? It It all works out because when we make love, you can't tell where my mullet begins and her mullet ends. You know what I mean? It's",true
2044.0,2026-09-07 19:50:35,@joshuabutterwick3156,,10 ply,neutral,vader,Joel Hewins & Abby Rose,"the mulleted girlfriend. No, he's the mulleted boyfriend. I had the mullet first. Just so Just so that's clear. >> You know what though? It It all works out because when we make love, you can't tell where my mullet begins and her mullet ends. You know what I mean? It's like Avatar where they have hair sex. Dude, it's so intense. It's like a",true
2044.0,2026-09-07 19:50:35,@BrianKirk-wi6kd,,Soft core porn is not funny,negative,vader,Joel Hewins & Abby Rose,"the mulleted girlfriend. No, he's the mulleted boyfriend. I had the mullet first. Just so Just so that's clear. >> You know what though? It It all works out because when we make love, you can't tell where my mullet begins and her mullet ends. You know what I mean? It's like Avatar where they have hair sex. Dude, it's so intense. It's like a",true
2045.0,2026-09-07 19:50:36,@HollywoodStar2026,,"hard to see with your hat, Abby",negative,vader,Joel Hewins & Abby Rose,"mulleted boyfriend. I had the mullet first. Just so Just so that's clear. >> You know what though? It It all works out because when we make love, you can't tell where my mullet begins and her mullet ends. You know what I mean? It's like Avatar where they have hair sex. Dude, it's so intense. It's like a",true
2046.0,2026-09-07 19:50:37,@TJsRottingCorpse,,is she supposed to be funny,positive,vader,Joel Hewins & Abby Rose,"mulleted boyfriend. I had the mullet first. Just so Just so that's clear. >> You know what though? It It all works out because when we make love, you can't tell where my mullet begins and her mullet ends. You know what I mean? It's like Avatar where they have hair sex. Dude, it's so intense. It's like a Kentucky waterfall of ecstasy.",true
2048.0,2026-09-07 19:50:39,@JimboTheComic,,Who’s the chick here ,neutral,vader,Joel Hewins & Abby Rose,"mulleted boyfriend. I had the mullet first. Just so Just so that's clear. >> You know what though? It It all works out because when we make love, you can't tell where my mullet begins and her mullet ends. You know what I mean? It's like Avatar where they have hair sex. Dude, it's so intense. It's like a Kentucky waterfall of ecstasy.",true
2048.0,2026-09-07 19:50:39,@OhHerroMyNameJim,,Lol the one guy clapping:face_with_tears_of_joy::face_with_tears_of_joy::face_with_tears_of_joy:,positive,vader,Joel Hewins & Abby Rose,"mulleted boyfriend. I had the mullet first. Just so Just so that's clear. >> You know what though? It It all works out because when we make love, you can't tell where my mullet begins and her mullet ends. You know what I mean? It's like Avatar where they have hair sex. Dude, it's so intense. It's like a Kentucky waterfall of ecstasy.",true
2050.0,2026-09-07 19:50:41,@IMMORTALCHAFF,,my sister had same hair due in the 80s,neutral,vader,Joel Hewins & Abby Rose,">> You know what though? It It all works out because when we make love, you can't tell where my mullet begins and her mullet ends. You know what I mean? It's like Avatar where they have hair sex. Dude, it's so intense. It's like a Kentucky waterfall of ecstasy. It's incredible. We look like a We look",true
2051.0,2026-09-07 19:50:42,@EricNelson1236,,didnt say it back though,neutral,vader,Joel Hewins & Abby Rose,">> You know what though? It It all works out because when we make love, you can't tell where my mullet begins and her mullet ends. You know what I mean? It's like Avatar where they have hair sex. Dude, it's so intense. It's like a Kentucky waterfall of ecstasy. It's incredible. We look like a We look",true
2057.0,2026-09-07 19:50:48,@nevergiveup9321,,These guys are definitely into polygamy ,positive,vader,Joel Hewins & Abby Rose,"tell where my mullet begins and her mullet ends. You know what I mean? It's like Avatar where they have hair sex. Dude, it's so intense. It's like a Kentucky waterfall of ecstasy. It's incredible. We look like a We look like a couple made in the back of a pickup truck. It's a It's an amazing thing, you know. I got a mullet. She's",true
2058.0,2026-09-07 19:50:49,@QUINNHAMELIN,,The tall chick is kinda cute,positive,vader,Joel Hewins & Abby Rose,"tell where my mullet begins and her mullet ends. You know what I mean? It's like Avatar where they have hair sex. Dude, it's so intense. It's like a Kentucky waterfall of ecstasy. It's incredible. We look like a We look like a couple made in the back of a pickup truck. It's a It's an amazing thing, you know. I got a mullet. She's got a mullet. This means that Abby has",true
2060.0,2026-09-07 19:50:51,@OntologicallySteve,,These Jew broads are always the hottest. She ain't bad either.,positive,vader,Joel Hewins & Abby Rose,"mullet ends. You know what I mean? It's like Avatar where they have hair sex. Dude, it's so intense. It's like a Kentucky waterfall of ecstasy. It's incredible. We look like a We look like a couple made in the back of a pickup truck. It's a It's an amazing thing, you know. I got a mullet. She's got a mullet. This means that Abby has",true
2066.0,2026-09-07 19:50:57,@CarlCramer88,,"You know, she pegs the hell out of him",negative,vader,Joel Hewins & Abby Rose,"Dude, it's so intense. It's like a Kentucky waterfall of ecstasy. It's incredible. We look like a We look like a couple made in the back of a pickup truck. It's a It's an amazing thing, you know. I got a mullet. She's got a mullet. This means that Abby has two mullets, right? Uh we're on social media. Give us a follow if you like. Uh",true
2068.0,2026-09-07 19:50:59,@JimboTheComic,,Is this the dude from RENT ,neutral,vader,Joel Hewins & Abby Rose,"Kentucky waterfall of ecstasy. It's incredible. We look like a We look like a couple made in the back of a pickup truck. It's a It's an amazing thing, you know. I got a mullet. She's got a mullet. This means that Abby has two mullets, right? Uh we're on social media. Give us a follow if you like. Uh I have a social media. I have an Instagram. She has an Instagram. So,",true
2072.0,2026-09-07 19:51:03,@ineverlutes,,the cuck ring in his nose ,neutral,vader,Joel Hewins & Abby Rose,"like a couple made in the back of a pickup truck. It's a It's an amazing thing, you know. I got a mullet. She's got a mullet. This means that Abby has two mullets, right? Uh we're on social media. Give us a follow if you like. Uh I have a social media. I have an Instagram. She has an Instagram. So, this means that Abby has two Instagrams.",true
2072.0,2026-09-07 19:51:03,@TheSupercorky,,Oh a live breakup,neutral,vader,Joel Hewins & Abby Rose,"like a couple made in the back of a pickup truck. It's a It's an amazing thing, you know. I got a mullet. She's got a mullet. This means that Abby has two mullets, right? Uh we're on social media. Give us a follow if you like. Uh I have a social media. I have an Instagram. She has an Instagram. So, this means that Abby has two Instagrams.",true
2075.0,2026-09-07 19:51:06,@Pinkskinnedgoblin,,The real comedy would be from two exes ,positive,vader,Joel Hewins & Abby Rose,"pickup truck. It's a It's an amazing thing, you know. I got a mullet. She's got a mullet. This means that Abby has two mullets, right? Uh we're on social media. Give us a follow if you like. Uh I have a social media. I have an Instagram. She has an Instagram. So, this means that Abby has two Instagrams. You know what I mean? And my birthday is",true
2079.0,2026-09-07 19:51:10,@whisperingbeeasmr,,nope,neutral,vader,Joel Hewins & Abby Rose,"got a mullet. This means that Abby has two mullets, right? Uh we're on social media. Give us a follow if you like. Uh I have a social media. I have an Instagram. She has an Instagram. So, this means that Abby has two Instagrams. You know what I mean? And my birthday is 6 days after hers. So, this means that Abby has, say with me now,",true
2081.0,2026-09-07 19:51:12,@S.D.L-m1j,,:face-green-smiling:,neutral,vader,Joel Hewins & Abby Rose,"got a mullet. This means that Abby has two mullets, right? Uh we're on social media. Give us a follow if you like. Uh I have a social media. I have an Instagram. She has an Instagram. So, this means that Abby has two Instagrams. You know what I mean? And my birthday is 6 days after hers. So, this means that Abby has, say with me now,",true
2081.0,2026-09-07 19:51:12,@EricNelson1236,,prometheus and bob stuff,neutral,vader,Joel Hewins & Abby Rose,"got a mullet. This means that Abby has two mullets, right? Uh we're on social media. Give us a follow if you like. Uh I have a social media. I have an Instagram. She has an Instagram. So, this means that Abby has two Instagrams. You know what I mean? And my birthday is 6 days after hers. So, this means that Abby has, say with me now,",true
2084.0,2026-09-07 19:51:15,@Beepbop_man,,They should require a license to do standup,neutral,vader,Joel Hewins & Abby Rose,"two mullets, right? Uh we're on social media. Give us a follow if you like. Uh I have a social media. I have an Instagram. She has an Instagram. So, this means that Abby has two Instagrams. You know what I mean? And my birthday is 6 days after hers. So, this means that Abby has, say with me now, >> two birthdays, right?",true
2088.0,2026-09-07 19:51:19,@HollywoodStar2026,,"they may be dating, but no chemistry here",negative,vader,Joel Hewins & Abby Rose,"Instagram. She has an Instagram. So, this means that Abby has two Instagrams. You know what I mean? And my birthday is 6 days after hers. So, this means that Abby has, say with me now, >> two birthdays, right? >> Uh, Aby's birthday is April 20th, 420. Any stoners in the house?",true
2093.0,2026-09-07 19:51:24,@TheSupercorky,,Just wait @pink,neutral,vader,Joel Hewins & Abby Rose,"this means that Abby has two Instagrams. You know what I mean? And my birthday is 6 days after hers. So, this means that Abby has, say with me now, >> two birthdays, right? >> Uh, Aby's birthday is April 20th, 420. Any stoners in the house? >> Yeah. >> That's also Hitler's birthday.",true
2099.0,2026-09-07 19:51:30,@BrianSV1985,,you know he's the one taking it in the ass,negative,vader,Joel Hewins & Abby Rose,"6 days after hers. So, this means that Abby has, say with me now, >> two birthdays, right? >> Uh, Aby's birthday is April 20th, 420. Any stoners in the house? >> Yeah. >> That's also Hitler's birthday. >> And, uh, let me take an opportunity. Yeah, there's one guy. Let me take an opportunity to tell you the similarities",true
2101.0,2026-09-07 19:51:32,@CarlCramer88,,Everybody keep your fingers cross that these two do not ever reproduce,neutral,vader,Joel Hewins & Abby Rose,"Abby has, say with me now, >> two birthdays, right? >> Uh, Aby's birthday is April 20th, 420. Any stoners in the house? >> Yeah. >> That's also Hitler's birthday. >> And, uh, let me take an opportunity. Yeah, there's one guy. Let me take an opportunity to tell you the similarities between my girlfriend and Adolf Hitler.",true
2103.0,2026-09-07 19:51:34,@IMMORTALCHAFF,,looks like the Temo Ted Danson,positive,vader,Joel Hewins & Abby Rose,">> two birthdays, right? >> Uh, Aby's birthday is April 20th, 420. Any stoners in the house? >> Yeah. >> That's also Hitler's birthday. >> And, uh, let me take an opportunity. Yeah, there's one guy. Let me take an opportunity to tell you the similarities between my girlfriend and Adolf Hitler. All right. They are both obsessed",true
2103.0,2026-09-07 19:51:34,@onica2171,,he is not funny,negative,vader,Joel Hewins & Abby Rose,">> two birthdays, right? >> Uh, Aby's birthday is April 20th, 420. Any stoners in the house? >> Yeah. >> That's also Hitler's birthday. >> And, uh, let me take an opportunity. Yeah, there's one guy. Let me take an opportunity to tell you the similarities between my girlfriend and Adolf Hitler. All right. They are both obsessed",true
2105.0,2026-09-07 19:51:36,@Pinkskinnedgoblin,,Lol,positive,vader,Joel Hewins & Abby Rose,">> Uh, Aby's birthday is April 20th, 420. Any stoners in the house? >> Yeah. >> That's also Hitler's birthday. >> And, uh, let me take an opportunity. Yeah, there's one guy. Let me take an opportunity to tell you the similarities between my girlfriend and Adolf Hitler. All right. They are both obsessed",true
2107.0,2026-09-07 19:51:38,@avery42069,,Round of applause for two birthdays,positive,vader,Joel Hewins & Abby Rose,">> Uh, Aby's birthday is April 20th, 420. Any stoners in the house? >> Yeah. >> That's also Hitler's birthday. >> And, uh, let me take an opportunity. Yeah, there's one guy. Let me take an opportunity to tell you the similarities between my girlfriend and Adolf Hitler. All right. They are both obsessed",true
2107.0,2026-09-07 19:51:38,@ineverlutes,,WEED!!,neutral,vader,Joel Hewins & Abby Rose,">> Uh, Aby's birthday is April 20th, 420. Any stoners in the house? >> Yeah. >> That's also Hitler's birthday. >> And, uh, let me take an opportunity. Yeah, there's one guy. Let me take an opportunity to tell you the similarities between my girlfriend and Adolf Hitler. All right. They are both obsessed",true
2108.0,2026-09-07 19:51:39,@radiostarkilla21,,I was told there’d be no math,negative,vader,Joel Hewins & Abby Rose,"Any stoners in the house? >> Yeah. >> That's also Hitler's birthday. >> And, uh, let me take an opportunity. Yeah, there's one guy. Let me take an opportunity to tell you the similarities between my girlfriend and Adolf Hitler. All right. They are both obsessed with death and genocide, right? Adolf",true
2112.0,2026-09-07 19:51:43,@AG-nv6ml,,"ello mateys :smirking_face: in the most non gay way, lol",positive,vader,Joel Hewins & Abby Rose,">> That's also Hitler's birthday. >> And, uh, let me take an opportunity. Yeah, there's one guy. Let me take an opportunity to tell you the similarities between my girlfriend and Adolf Hitler. All right. They are both obsessed with death and genocide, right? Adolf Hitler wanted to kill all the Jews.",true
2118.0,2026-09-07 19:51:49,@EricNelson1236,,shes got the buckwheat,neutral,vader,Joel Hewins & Abby Rose,"opportunity to tell you the similarities between my girlfriend and Adolf Hitler. All right. They are both obsessed with death and genocide, right? Adolf Hitler wanted to kill all the Jews. >> Abby here wants to kill every woman that I follow on social. >> No, no, no, no, no. Joel likes to speak",true
2118.0,2026-09-07 19:51:49,@S.D.L-m1j,,When's the chair going up?:grinning_squinting_face:,neutral,vader,Joel Hewins & Abby Rose,"opportunity to tell you the similarities between my girlfriend and Adolf Hitler. All right. They are both obsessed with death and genocide, right? Adolf Hitler wanted to kill all the Jews. >> Abby here wants to kill every woman that I follow on social. >> No, no, no, no, no. Joel likes to speak",true
2118.0,2026-09-07 19:51:49,@Pinkskinnedgoblin,,They’re just telling us about their relationship ,neutral,vader,Joel Hewins & Abby Rose,"opportunity to tell you the similarities between my girlfriend and Adolf Hitler. All right. They are both obsessed with death and genocide, right? Adolf Hitler wanted to kill all the Jews. >> Abby here wants to kill every woman that I follow on social. >> No, no, no, no, no. Joel likes to speak",true
2119.0,2026-09-07 19:51:50,@BrianKirk-wi6kd,,He likes her because she has two blow dryers,positive,vader,Joel Hewins & Abby Rose,"opportunity to tell you the similarities between my girlfriend and Adolf Hitler. All right. They are both obsessed with death and genocide, right? Adolf Hitler wanted to kill all the Jews. >> Abby here wants to kill every woman that I follow on social. >> No, no, no, no, no. Joel likes to speak",true
2123.0,2026-09-07 19:51:54,@ineverlutes,,with smoking Js,neutral,vader,Joel Hewins & Abby Rose,"between my girlfriend and Adolf Hitler. All right. They are both obsessed with death and genocide, right? Adolf Hitler wanted to kill all the Jews. >> Abby here wants to kill every woman that I follow on social. >> No, no, no, no, no. Joel likes to speak in extremes, everybody. That's not true.",true
2124.0,2026-09-07 19:51:55,@TheSupercorky,,No,negative,vader,Joel Hewins & Abby Rose,"between my girlfriend and Adolf Hitler. All right. They are both obsessed with death and genocide, right? Adolf Hitler wanted to kill all the Jews. >> Abby here wants to kill every woman that I follow on social. >> No, no, no, no, no. Joel likes to speak in extremes, everybody. That's not true. That's not accurate. But you know what?",true
2131.0,2026-09-07 19:52:02,@TheSupercorky,,Joel abort,neutral,vader,Joel Hewins & Abby Rose,"with death and genocide, right? Adolf Hitler wanted to kill all the Jews. >> Abby here wants to kill every woman that I follow on social. >> No, no, no, no, no. Joel likes to speak in extremes, everybody. That's not true. That's not accurate. But you know what? Speaking of Instagram, >> I'm going to I'm going to I wonder what",true
2135.0,2026-09-07 19:52:06,@HollywoodStar2026,,"yeah, dating Hitler... epic comedy choice",positive,vader,Joel Hewins & Abby Rose,"I follow on social. >> No, no, no, no, no. Joel likes to speak in extremes, everybody. That's not true. That's not accurate. But you know what? Speaking of Instagram, >> I'm going to I'm going to I wonder what everybody has to think about this. Honestly, I'm going to tell everybody right now. I've been noticing this [ __ ]",true
2148.0,2026-09-07 19:52:19,@CarlCramer88,,The chair knows better than to throw itself into the mix with this. It just stays back in the dark.. The chair is so good no matter what it does it wins.,positive,vader,Joel Hewins & Abby Rose,"Speaking of Instagram, >> I'm going to I'm going to I wonder what everybody has to think about this. Honestly, I'm going to tell everybody right now. I've been noticing this [ __ ] Angie like your Instagram posts. So, who the [ __ ] is Angie? Who the [ __ ] Angie? >> Angie? Angie is my mother.",true
2152.0,2026-09-07 19:52:23,@TheSupercorky,,Oh ,neutral,vader,Joel Hewins & Abby Rose,"Honestly, I'm going to tell everybody right now. I've been noticing this [ __ ] Angie like your Instagram posts. So, who the [ __ ] is Angie? Who the [ __ ] Angie? >> Angie? Angie is my mother. You know your aunt,",true
2153.0,2026-09-07 19:52:24,@Conrad2311,,Ohhh trouble in paradise ,positive,vader,Joel Hewins & Abby Rose,"Honestly, I'm going to tell everybody right now. I've been noticing this [ __ ] Angie like your Instagram posts. So, who the [ __ ] is Angie? Who the [ __ ] Angie? >> Angie? Angie is my mother. You know your aunt, your father's sister. She was there when",true
2159.0,2026-09-07 19:52:30,@OntologicallySteve,,Is it possible to get a restraining order against this act?,neutral,vader,Joel Hewins & Abby Rose,"Angie like your Instagram posts. So, who the [ __ ] is Angie? Who the [ __ ] Angie? >> Angie? Angie is my mother. You know your aunt, your father's sister. She was there when we met. You don't remember that? >> Maybe I remember.",true
2161.0,2026-09-07 19:52:32,@ineverlutes,,oh it's going off the rails ,neutral,vader,Joel Hewins & Abby Rose,"Angie like your Instagram posts. So, who the [ __ ] is Angie? Who the [ __ ] Angie? >> Angie? Angie is my mother. You know your aunt, your father's sister. She was there when we met. You don't remember that? >> Maybe I remember. >> Yeah. Okay. I'm I'm sorry.",true
2162.0,2026-09-07 19:52:33,@S.D.L-m1j,,Carl:face-green-smiling:,neutral,vader,Joel Hewins & Abby Rose,"Angie like your Instagram posts. So, who the [ __ ] is Angie? Who the [ __ ] Angie? >> Angie? Angie is my mother. You know your aunt, your father's sister. She was there when we met. You don't remember that? >> Maybe I remember. >> Yeah. Okay. I'm I'm sorry. >> Yeah.",true
2163.0,2026-09-07 19:52:34,@JimboTheComic,,I usually skip this part,neutral,vader,Joel Hewins & Abby Rose,">> Angie? Angie is my mother. You know your aunt, your father's sister. She was there when we met. You don't remember that? >> Maybe I remember. >> Yeah. Okay. I'm I'm sorry. >> Yeah.",true
2163.0,2026-09-07 19:52:34,@IMMORTALCHAFF,,Angie is Jimbos alter ego?,neutral,vader,Joel Hewins & Abby Rose,">> Angie? Angie is my mother. You know your aunt, your father's sister. She was there when we met. You don't remember that? >> Maybe I remember. >> Yeah. Okay. I'm I'm sorry. >> Yeah.",true
2165.0,2026-09-07 19:52:36,@avery42069,,Round of applause for the chair,positive,vader,Joel Hewins & Abby Rose,">> Angie? Angie is my mother. You know your aunt, your father's sister. She was there when we met. You don't remember that? >> Maybe I remember. >> Yeah. Okay. I'm I'm sorry. >> Yeah.",true
2167.0,2026-09-07 19:52:38,@alisonwayland6057,,these 2 are gonna last. I can just tell,neutral,vader,Joel Hewins & Abby Rose,">> Angie? Angie is my mother. You know your aunt, your father's sister. She was there when we met. You don't remember that? >> Maybe I remember. >> Yeah. Okay. I'm I'm sorry. >> Yeah. >> You're still my favorite cousin. >> That's great.",true
2177.0,2026-09-07 19:52:48,@Beepbop_man,,Awkward ,negative,vader,Joel Hewins & Abby Rose,"we met. You don't remember that? >> Maybe I remember. >> Yeah. Okay. I'm I'm sorry. >> Yeah. >> You're still my favorite cousin. >> That's great. >> Yeah. >> That's good stuff. That's really good stuff. Um, you know what does it for me about you, dear? The way that you burp at random whenever",true
2177.0,2026-09-07 19:52:48,@radiostarkilla21,,Ted danson is not cheering me up,negative,vader,Joel Hewins & Abby Rose,"we met. You don't remember that? >> Maybe I remember. >> Yeah. Okay. I'm I'm sorry. >> Yeah. >> You're still my favorite cousin. >> That's great. >> Yeah. >> That's good stuff. That's really good stuff. Um, you know what does it for me about you, dear? The way that you burp at random whenever",true
2180.0,2026-09-07 19:52:51,@TheSupercorky,,Im confused,negative,vader,Joel Hewins & Abby Rose,">> Yeah. Okay. I'm I'm sorry. >> Yeah. >> You're still my favorite cousin. >> That's great. >> Yeah. >> That's good stuff. That's really good stuff. Um, you know what does it for me about you, dear? The way that you burp at random whenever we're having heated conversation. It's",true
2181.0,2026-09-07 19:52:52,@whisperingbeeasmr,,:six_thirty::seven_o’clock::four_o’clock::five_o’clock::one_thirty::twelve_thirty:,neutral,vader,Joel Hewins & Abby Rose,">> Yeah. Okay. I'm I'm sorry. >> Yeah. >> You're still my favorite cousin. >> That's great. >> Yeah. >> That's good stuff. That's really good stuff. Um, you know what does it for me about you, dear? The way that you burp at random whenever we're having heated conversation. It's really good.",true
2183.0,2026-09-07 19:52:54,@someguy9566,,:grinning_squinting_face:,neutral,vader,Joel Hewins & Abby Rose,">> You're still my favorite cousin. >> That's great. >> Yeah. >> That's good stuff. That's really good stuff. Um, you know what does it for me about you, dear? The way that you burp at random whenever we're having heated conversation. It's really good.",true
2183.0,2026-09-07 19:52:54,@HollywoodStar2026,,Dud where's this guys from before?,negative,vader,Joel Hewins & Abby Rose,">> You're still my favorite cousin. >> That's great. >> Yeah. >> That's good stuff. That's really good stuff. Um, you know what does it for me about you, dear? The way that you burp at random whenever we're having heated conversation. It's really good.",true
2184.0,2026-09-07 19:52:55,@QUINNHAMELIN,,Is this comedy?,positive,vader,Joel Hewins & Abby Rose,">> You're still my favorite cousin. >> That's great. >> Yeah. >> That's good stuff. That's really good stuff. Um, you know what does it for me about you, dear? The way that you burp at random whenever we're having heated conversation. It's really good. That's so",true
2188.0,2026-09-07 19:52:59,@Beepbop_man,,Im gonna call it here,neutral,vader,Joel Hewins & Abby Rose,">> Yeah. >> That's good stuff. That's really good stuff. Um, you know what does it for me about you, dear? The way that you burp at random whenever we're having heated conversation. It's really good. That's so >> Yeah, I think that's so >> what else does it for you? >> You know what else really does it for me? The way that whenever we have",true
2189.0,2026-09-07 19:53:00,@S.D.L-m1j,,Wrong turn..:grinning_squinting_face:,negative,vader,Joel Hewins & Abby Rose,">> That's good stuff. That's really good stuff. Um, you know what does it for me about you, dear? The way that you burp at random whenever we're having heated conversation. It's really good. That's so >> Yeah, I think that's so >> what else does it for you? >> You know what else really does it for me? The way that whenever we have",true
2190.0,2026-09-07 19:53:01,@BrianSV1985,,freaking weird,negative,vader,Joel Hewins & Abby Rose,">> That's good stuff. That's really good stuff. Um, you know what does it for me about you, dear? The way that you burp at random whenever we're having heated conversation. It's really good. That's so >> Yeah, I think that's so >> what else does it for you? >> You know what else really does it for me? The way that whenever we have relationship problems, you decide to",true
2194.0,2026-09-07 19:53:05,@OhHerroMyNameJim,,"Lol ""when it gets awkward, just kiss me""",positive,vader,Joel Hewins & Abby Rose,"about you, dear? The way that you burp at random whenever we're having heated conversation. It's really good. That's so >> Yeah, I think that's so >> what else does it for you? >> You know what else really does it for me? The way that whenever we have relationship problems, you decide to consult Chat GPT. >> Is that what you think?",true
2195.0,2026-09-07 19:53:06,@JimboTheComic,,Ontologically Steve best comment so far lol,positive,vader,Joel Hewins & Abby Rose,"about you, dear? The way that you burp at random whenever we're having heated conversation. It's really good. That's so >> Yeah, I think that's so >> what else does it for you? >> You know what else really does it for me? The way that whenever we have relationship problems, you decide to consult Chat GPT. >> Is that what you think? >> Yeah. >> Is that",true
2201.0,2026-09-07 19:53:12,@adawg1111,,the simulator is broken,negative,vader,Joel Hewins & Abby Rose,"we're having heated conversation. It's really good. That's so >> Yeah, I think that's so >> what else does it for you? >> You know what else really does it for me? The way that whenever we have relationship problems, you decide to consult Chat GPT. >> Is that what you think? >> Yeah. >> Is that >> That's probably the number one thing that I wish I could change about you. If anything >> is chat GPT >> is the fact that you talk to Jav TPT",true
2202.0,2026-09-07 19:53:13,@leedlelee-l2d,,I think they hate each other ,negative,vader,Joel Hewins & Abby Rose,"That's so >> Yeah, I think that's so >> what else does it for you? >> You know what else really does it for me? The way that whenever we have relationship problems, you decide to consult Chat GPT. >> Is that what you think? >> Yeah. >> Is that >> That's probably the number one thing that I wish I could change about you. If anything >> is chat GPT >> is the fact that you talk to Jav TPT",true
2203.0,2026-09-07 19:53:14,@ineverlutes,,who else strokin it to this set ,neutral,vader,Joel Hewins & Abby Rose,">> Yeah, I think that's so >> what else does it for you? >> You know what else really does it for me? The way that whenever we have relationship problems, you decide to consult Chat GPT. >> Is that what you think? >> Yeah. >> Is that >> That's probably the number one thing that I wish I could change about you. If anything >> is chat GPT >> is the fact that you talk to Jav TPT about our relationship. And the one",true
2205.0,2026-09-07 19:53:16,@TheSupercorky,,This punch and Julie routine is making me nervous,negative,vader,Joel Hewins & Abby Rose,">> what else does it for you? >> You know what else really does it for me? The way that whenever we have relationship problems, you decide to consult Chat GPT. >> Is that what you think? >> Yeah. >> Is that >> That's probably the number one thing that I wish I could change about you. If anything >> is chat GPT >> is the fact that you talk to Jav TPT about our relationship. And the one thing that you wish you could change",true
2205.0,2026-09-07 19:53:16,@AG-nv6ml,,I don't kiss :face_blowing_a_kiss: and tell :man_shrugging:,negative,vader,Joel Hewins & Abby Rose,">> what else does it for you? >> You know what else really does it for me? The way that whenever we have relationship problems, you decide to consult Chat GPT. >> Is that what you think? >> Yeah. >> Is that >> That's probably the number one thing that I wish I could change about you. If anything >> is chat GPT >> is the fact that you talk to Jav TPT about our relationship. And the one thing that you wish you could change",true
2212.0,2026-09-07 19:53:23,@S.D.L-m1j,,avery,neutral,vader,Joel Hewins & Abby Rose,consult Chat GPT. >> Is that what you think? >> Yeah. >> Is that >> That's probably the number one thing that I wish I could change about you. If anything >> is chat GPT >> is the fact that you talk to Jav TPT about our relationship. And the one thing that you wish you could change about me is probably that I fart during sex. Right. >> That's one thing. >> It's good. It's good. Everyone in this,true
2212.0,2026-09-07 19:53:23,@alisonwayland6057,,ted danson would kill to have that much hair,negative,vader,Joel Hewins & Abby Rose,consult Chat GPT. >> Is that what you think? >> Yeah. >> Is that >> That's probably the number one thing that I wish I could change about you. If anything >> is chat GPT >> is the fact that you talk to Jav TPT about our relationship. And the one thing that you wish you could change about me is probably that I fart during sex. Right. >> That's one thing. >> It's good. It's good. Everyone in this,true
2220.0,2026-09-07 19:53:31,@Beepbop_man,,This is this getting out more,neutral,vader,Joel Hewins & Abby Rose,>> is chat GPT >> is the fact that you talk to Jav TPT about our relationship. And the one thing that you wish you could change about me is probably that I fart during sex. Right. >> That's one thing. >> It's good. It's good. Everyone in this room now knows that I fart during sex. Uh >> what was your impressions of my mother? >> When you met her?,true
2225.0,2026-09-07 19:53:36,@CarlCramer88,,Where is Jeffrey Dahmer when you need him?,neutral,vader,Joel Hewins & Abby Rose,thing that you wish you could change about me is probably that I fart during sex. Right. >> That's one thing. >> It's good. It's good. Everyone in this room now knows that I fart during sex. Uh >> what was your impressions of my mother? >> When you met her? >> Your mother? >> Yeah. You both You both have uh a,true
2227.0,2026-09-07 19:53:38,@TheSupercorky,,Chino!,neutral,vader,Joel Hewins & Abby Rose,"about me is probably that I fart during sex. Right. >> That's one thing. >> It's good. It's good. Everyone in this room now knows that I fart during sex. Uh >> what was your impressions of my mother? >> When you met her? >> Your mother? >> Yeah. You both You both have uh a certain kind of tattoo, right?",true
2229.0,2026-09-07 19:53:40,@ineverlutes,,oh no ,negative,vader,Joel Hewins & Abby Rose,">> That's one thing. >> It's good. It's good. Everyone in this room now knows that I fart during sex. Uh >> what was your impressions of my mother? >> When you met her? >> Your mother? >> Yeah. You both You both have uh a certain kind of tattoo, right? >> We both have a tram stamp.",true
2233.0,2026-09-07 19:53:44,@ineverlutes,,critical ,negative,vader,Joel Hewins & Abby Rose,">> It's good. It's good. Everyone in this room now knows that I fart during sex. Uh >> what was your impressions of my mother? >> When you met her? >> Your mother? >> Yeah. You both You both have uh a certain kind of tattoo, right? >> We both have a tram stamp. >> Yes. You and my mother both have [ __ ] stamps. It's the one common ally. My",true
2234.0,2026-09-07 19:53:45,@QUINNHAMELIN,,Plan is to just kiss when they bomb,negative,vader,Joel Hewins & Abby Rose,"room now knows that I fart during sex. Uh >> what was your impressions of my mother? >> When you met her? >> Your mother? >> Yeah. You both You both have uh a certain kind of tattoo, right? >> We both have a tram stamp. >> Yes. You and my mother both have [ __ ] stamps. It's the one common ally. My mother My mother is married to a pastor",true
2238.0,2026-09-07 19:53:49,@TheSupercorky,,Nooo,neutral,vader,Joel Hewins & Abby Rose,">> what was your impressions of my mother? >> When you met her? >> Your mother? >> Yeah. You both You both have uh a certain kind of tattoo, right? >> We both have a tram stamp. >> Yes. You and my mother both have [ __ ] stamps. It's the one common ally. My mother My mother is married to a pastor of 40 years and she has a tram stamp. I",true
2238.0,2026-09-07 19:53:49,@nevergiveup9321,,After this performance they’re relationship collapses,negative,vader,Joel Hewins & Abby Rose,">> what was your impressions of my mother? >> When you met her? >> Your mother? >> Yeah. You both You both have uh a certain kind of tattoo, right? >> We both have a tram stamp. >> Yes. You and my mother both have [ __ ] stamps. It's the one common ally. My mother My mother is married to a pastor of 40 years and she has a tram stamp. I",true
2242.0,2026-09-07 19:53:53,@HollywoodStar2026,,JFC this is bad couples therapy,negative,vader,Joel Hewins & Abby Rose,">> Your mother? >> Yeah. You both You both have uh a certain kind of tattoo, right? >> We both have a tram stamp. >> Yes. You and my mother both have [ __ ] stamps. It's the one common ally. My mother My mother is married to a pastor of 40 years and she has a tram stamp. I just want that to be known for the internet and everybody watching.",true
2247.0,2026-09-07 19:53:58,@Conrad2311,,Idk if that was a joke or not ,positive,vader,Joel Hewins & Abby Rose,"certain kind of tattoo, right? >> We both have a tram stamp. >> Yes. You and my mother both have [ __ ] stamps. It's the one common ally. My mother My mother is married to a pastor of 40 years and she has a tram stamp. I just want that to be known for the internet and everybody watching. >> That's what I got. Uh, is there anything about our trip to North Carolina you",true
2253.0,2026-09-07 19:54:04,@OhHerroMyNameJim,,"Lol fr sounds like they been dating for 6 months and are still in that ""omg we're perfect for eachother lets go tell and show everyone why we're in looooooove!"":face_with_tears_of_joy::face_with_tears_of_joy::face_with_tears_of_joy:",positive,vader,Joel Hewins & Abby Rose,"stamps. It's the one common ally. My mother My mother is married to a pastor of 40 years and she has a tram stamp. I just want that to be known for the internet and everybody watching. >> That's what I got. Uh, is there anything about our trip to North Carolina you wanted to talk about? >> Oh, yeah. >> Yeah. We recently went back to North Carolina to meet each other's families",true
2253.0,2026-09-07 19:54:04,@jelly_jams345,,This is so sad,negative,vader,Joel Hewins & Abby Rose,"stamps. It's the one common ally. My mother My mother is married to a pastor of 40 years and she has a tram stamp. I just want that to be known for the internet and everybody watching. >> That's what I got. Uh, is there anything about our trip to North Carolina you wanted to talk about? >> Oh, yeah. >> Yeah. We recently went back to North Carolina to meet each other's families",true
2256.0,2026-09-07 19:54:07,@EricNelson1236,,except the peging,neutral,vader,Joel Hewins & Abby Rose,"mother My mother is married to a pastor of 40 years and she has a tram stamp. I just want that to be known for the internet and everybody watching. >> That's what I got. Uh, is there anything about our trip to North Carolina you wanted to talk about? >> Oh, yeah. >> Yeah. We recently went back to North Carolina to meet each other's families and lately I've been having some cat",true
2258.0,2026-09-07 19:54:09,@avery42069,,Okay,positive,vader,Joel Hewins & Abby Rose,"just want that to be known for the internet and everybody watching. >> That's what I got. Uh, is there anything about our trip to North Carolina you wanted to talk about? >> Oh, yeah. >> Yeah. We recently went back to North Carolina to meet each other's families and lately I've been having some cat",true
2259.0,2026-09-07 19:54:10,@alisonwayland6057,,she does mother impersonations?,neutral,vader,Joel Hewins & Abby Rose,"just want that to be known for the internet and everybody watching. >> That's what I got. Uh, is there anything about our trip to North Carolina you wanted to talk about? >> Oh, yeah. >> Yeah. We recently went back to North Carolina to meet each other's families and lately I've been having some cat issues and my cat pissed on Joel.",true
2262.0,2026-09-07 19:54:13,@TheSupercorky,,Is a roast battle?,negative,vader,Joel Hewins & Abby Rose,">> That's what I got. Uh, is there anything about our trip to North Carolina you wanted to talk about? >> Oh, yeah. >> Yeah. We recently went back to North Carolina to meet each other's families and lately I've been having some cat issues and my cat pissed on Joel.",true
2262.0,2026-09-07 19:54:13,@JimboTheComic,,Hey chat ,neutral,vader,Joel Hewins & Abby Rose,">> That's what I got. Uh, is there anything about our trip to North Carolina you wanted to talk about? >> Oh, yeah. >> Yeah. We recently went back to North Carolina to meet each other's families and lately I've been having some cat issues and my cat pissed on Joel.",true
2264.0,2026-09-07 19:54:15,@ineverlutes,,farts during sex i wanna barf i just ate cheese sauce ,neutral,vader,Joel Hewins & Abby Rose,">> That's what I got. Uh, is there anything about our trip to North Carolina you wanted to talk about? >> Oh, yeah. >> Yeah. We recently went back to North Carolina to meet each other's families and lately I've been having some cat issues and my cat pissed on Joel. >> Yep. And then we go on this vacation or",true
2265.0,2026-09-07 19:54:16,@Beepbop_man,,The mother your wife doesnt know ,neutral,vader,Joel Hewins & Abby Rose,">> That's what I got. Uh, is there anything about our trip to North Carolina you wanted to talk about? >> Oh, yeah. >> Yeah. We recently went back to North Carolina to meet each other's families and lately I've been having some cat issues and my cat pissed on Joel. >> Yep. And then we go on this vacation or whatever and his friend's cat pisses all",true
2269.0,2026-09-07 19:54:20,@HollywoodStar2026,,why cousins shouldn't date,neutral,vader,Joel Hewins & Abby Rose,"wanted to talk about? >> Oh, yeah. >> Yeah. We recently went back to North Carolina to meet each other's families and lately I've been having some cat issues and my cat pissed on Joel. >> Yep. And then we go on this vacation or whatever and his friend's cat pisses all",true
2269.0,2026-09-07 19:54:20,@ismaeldelreal715,,Imagine being miserable and posting hateful comments ,negative,vader,Joel Hewins & Abby Rose,"wanted to talk about? >> Oh, yeah. >> Yeah. We recently went back to North Carolina to meet each other's families and lately I've been having some cat issues and my cat pissed on Joel. >> Yep. And then we go on this vacation or whatever and his friend's cat pisses all",true
2273.0,2026-09-07 19:54:24,@S.D.L-m1j,,Kenny G 's lost son Kenny H.:grinning_squinting_face:,negative,vader,Joel Hewins & Abby Rose,>> Yeah. We recently went back to North Carolina to meet each other's families and lately I've been having some cat issues and my cat pissed on Joel. >> Yep. And then we go on this vacation or whatever and his friend's cat pisses all over my suitcase and then we go to my sister's and then her cat [ __ ] what,true
2281.0,2026-09-07 19:54:32,@alisonwayland6057,,"damn, missed opportunity",negative,vader,Joel Hewins & Abby Rose,issues and my cat pissed on Joel. >> Yep. And then we go on this vacation or whatever and his friend's cat pisses all over my suitcase and then we go to my sister's and then her cat [ __ ] what does her cat do? >> Her cat attacks me. Uh tries to [ __ ] me and then uh then your your,true
2283.0,2026-09-07 19:54:34,@joshuabutterwick3156,,these guys make animals feel uncomfortable,negative,vader,Joel Hewins & Abby Rose,>> Yep. And then we go on this vacation or whatever and his friend's cat pisses all over my suitcase and then we go to my sister's and then her cat [ __ ] what does her cat do? >> Her cat attacks me. Uh tries to [ __ ] me and then uh then your your brother-in-law grabbed him with an oven,true
2286.0,2026-09-07 19:54:37,@Pinkskinnedgoblin,,It’s just an interview from a weird couple ,negative,vader,Joel Hewins & Abby Rose,>> Yep. And then we go on this vacation or whatever and his friend's cat pisses all over my suitcase and then we go to my sister's and then her cat [ __ ] what does her cat do? >> Her cat attacks me. Uh tries to [ __ ] me and then uh then your your brother-in-law grabbed him with an oven mitt and stuffed him into a trash can if,true
2287.0,2026-09-07 19:54:38,@S.D.L-m1j,,Jimbo:star_struck:,neutral,vader,Joel Hewins & Abby Rose,>> Yep. And then we go on this vacation or whatever and his friend's cat pisses all over my suitcase and then we go to my sister's and then her cat [ __ ] what does her cat do? >> Her cat attacks me. Uh tries to [ __ ] me and then uh then your your brother-in-law grabbed him with an oven mitt and stuffed him into a trash can if I remember correctly.,true
2288.0,2026-09-07 19:54:39,@JimboTheComic,,lol hollywoodstar ,positive,vader,Joel Hewins & Abby Rose,whatever and his friend's cat pisses all over my suitcase and then we go to my sister's and then her cat [ __ ] what does her cat do? >> Her cat attacks me. Uh tries to [ __ ] me and then uh then your your brother-in-law grabbed him with an oven mitt and stuffed him into a trash can if I remember correctly. >> I think it was a cage but,true
2290.0,2026-09-07 19:54:41,@OhHerroMyNameJim,,This isn't even standup...just awkward stories,positive,vader,Joel Hewins & Abby Rose,over my suitcase and then we go to my sister's and then her cat [ __ ] what does her cat do? >> Her cat attacks me. Uh tries to [ __ ] me and then uh then your your brother-in-law grabbed him with an oven mitt and stuffed him into a trash can if I remember correctly. >> I think it was a cage but >> Okay.,true
2290.0,2026-09-07 19:54:41,@OntologicallySteve,,She squirted all over him,neutral,vader,Joel Hewins & Abby Rose,over my suitcase and then we go to my sister's and then her cat [ __ ] what does her cat do? >> Her cat attacks me. Uh tries to [ __ ] me and then uh then your your brother-in-law grabbed him with an oven mitt and stuffed him into a trash can if I remember correctly. >> I think it was a cage but >> Okay.,true
2292.0,2026-09-07 19:54:43,@EricNelson1236,,is he black?,neutral,vader,Joel Hewins & Abby Rose,"over my suitcase and then we go to my sister's and then her cat [ __ ] what does her cat do? >> Her cat attacks me. Uh tries to [ __ ] me and then uh then your your brother-in-law grabbed him with an oven mitt and stuffed him into a trash can if I remember correctly. >> I think it was a cage but >> Okay. >> It's great. It's good stuff. All right,",true
2292.0,2026-09-07 19:54:43,@whisperingbeeasmr,,:twelve_o’clock::twelve_thirty::one_o’clock::one_thirty::two_o’clock::six_o’clock::five_thirty::five_o’clock::four_thirty::four_o’clock::three_thirty::three_o’clock::two_thirty::six_thirty::seven_o’clock::seven_thirty::eight_o’clock::eight_thirty::nine_o’clock::nine_thirty::ten_o’clock::ten_thirty::eleven_o’clock::eleven_thirty::alarm_clock::alarm_clock::alarm_clock::alarm_clock:,neutral,vader,Joel Hewins & Abby Rose,"over my suitcase and then we go to my sister's and then her cat [ __ ] what does her cat do? >> Her cat attacks me. Uh tries to [ __ ] me and then uh then your your brother-in-law grabbed him with an oven mitt and stuffed him into a trash can if I remember correctly. >> I think it was a cage but >> Okay. >> It's great. It's good stuff. All right,",true
2293.0,2026-09-07 19:54:44,@IMMORTALCHAFF,,Have a good night all. this isn't helping co conducting my bowel movement,positive,vader,Joel Hewins & Abby Rose,"over my suitcase and then we go to my sister's and then her cat [ __ ] what does her cat do? >> Her cat attacks me. Uh tries to [ __ ] me and then uh then your your brother-in-law grabbed him with an oven mitt and stuffed him into a trash can if I remember correctly. >> I think it was a cage but >> Okay. >> It's great. It's good stuff. All right, babe. We got anything else?",true
2295.0,2026-09-07 19:54:46,@CarlCramer88,,The crowd is getting louder and louder. I think they’re losing them.,negative,vader,Joel Hewins & Abby Rose,"does her cat do? >> Her cat attacks me. Uh tries to [ __ ] me and then uh then your your brother-in-law grabbed him with an oven mitt and stuffed him into a trash can if I remember correctly. >> I think it was a cage but >> Okay. >> It's great. It's good stuff. All right, babe. We got anything else? >> Well, yeah. The other day, um, we were",true
2298.0,2026-09-07 19:54:49,@JimboTheComic,,Sdl what’s good ,positive,vader,Joel Hewins & Abby Rose,">> Her cat attacks me. Uh tries to [ __ ] me and then uh then your your brother-in-law grabbed him with an oven mitt and stuffed him into a trash can if I remember correctly. >> I think it was a cage but >> Okay. >> It's great. It's good stuff. All right, babe. We got anything else? >> Well, yeah. The other day, um, we were smoking",true
2299.0,2026-09-07 19:54:50,@HollywoodStar2026,,cat stories... are they lesbians?,neutral,vader,Joel Hewins & Abby Rose,">> Her cat attacks me. Uh tries to [ __ ] me and then uh then your your brother-in-law grabbed him with an oven mitt and stuffed him into a trash can if I remember correctly. >> I think it was a cage but >> Okay. >> It's great. It's good stuff. All right, babe. We got anything else? >> Well, yeah. The other day, um, we were smoking >> and I asked you",true
2302.0,2026-09-07 19:54:53,@TheSupercorky,,So cute,positive,vader,Joel Hewins & Abby Rose,"brother-in-law grabbed him with an oven mitt and stuffed him into a trash can if I remember correctly. >> I think it was a cage but >> Okay. >> It's great. It's good stuff. All right, babe. We got anything else? >> Well, yeah. The other day, um, we were smoking >> and I asked you",true
2302.0,2026-09-07 19:54:53,@BrianSV1985,,is this weird story time?,negative,vader,Joel Hewins & Abby Rose,"brother-in-law grabbed him with an oven mitt and stuffed him into a trash can if I remember correctly. >> I think it was a cage but >> Okay. >> It's great. It's good stuff. All right, babe. We got anything else? >> Well, yeah. The other day, um, we were smoking >> and I asked you",true
2303.0,2026-09-07 19:54:54,@Beepbop_man,,I bet she doesnt wear deodorant ,neutral,vader,Joel Hewins & Abby Rose,"brother-in-law grabbed him with an oven mitt and stuffed him into a trash can if I remember correctly. >> I think it was a cage but >> Okay. >> It's great. It's good stuff. All right, babe. We got anything else? >> Well, yeah. The other day, um, we were smoking >> and I asked you if when you eat asparagus,",true
2305.0,2026-09-07 19:54:56,@daintydayvon,,Couple comedy was a genre I don’t know I hated,positive,vader,Joel Hewins & Abby Rose,"mitt and stuffed him into a trash can if I remember correctly. >> I think it was a cage but >> Okay. >> It's great. It's good stuff. All right, babe. We got anything else? >> Well, yeah. The other day, um, we were smoking >> and I asked you if when you eat asparagus,",true
2308.0,2026-09-07 19:54:59,@samantonov2879,,stand up is really hard,negative,vader,Joel Hewins & Abby Rose,">> I think it was a cage but >> Okay. >> It's great. It's good stuff. All right, babe. We got anything else? >> Well, yeah. The other day, um, we were smoking >> and I asked you if when you eat asparagus, your pee smells like asparagus, what",true
2315.0,2026-09-07 19:55:06,@TheSupercorky,,Time?,neutral,vader,Sasha & Craig,">> Well, yeah. The other day, um, we were smoking >> and I asked you if when you eat asparagus, your pee smells like asparagus, what happens when you eat asparagus and you squirt? >> Why do you [ __ ] ask chat GPT?",true
2316.0,2026-09-07 19:55:07,@ineverlutes,,@dainty lmao,positive,vader,Sasha & Craig,">> Well, yeah. The other day, um, we were smoking >> and I asked you if when you eat asparagus, your pee smells like asparagus, what happens when you eat asparagus and you squirt? >> Why do you [ __ ] ask chat GPT?",true
2316.0,2026-09-07 19:55:07,@joshuabutterwick3156,,the guy in the orange has been in more farm animals than Purina,neutral,vader,Sasha & Craig,">> Well, yeah. The other day, um, we were smoking >> and I asked you if when you eat asparagus, your pee smells like asparagus, what happens when you eat asparagus and you squirt? >> Why do you [ __ ] ask chat GPT?",true
2317.0,2026-09-07 19:55:08,@HollywoodStar2026,,wait. They get 10 MINUTES?????,neutral,vader,Sasha & Craig,"smoking >> and I asked you if when you eat asparagus, your pee smells like asparagus, what happens when you eat asparagus and you squirt? >> Why do you [ __ ] ask chat GPT?",true
2328.0,2026-09-07 19:55:19,@TheSupercorky,,Shanes all over that,neutral,vader,Sasha & Craig,"your pee smells like asparagus, what happens when you eat asparagus and you squirt? >> Why do you [ __ ] ask chat GPT? >> That's insane. >> GPT. Can somebody Can somebody chat GPT if your squirt will smell like asparagus if you eat enough of it? >> Squirt speed, right? >> All right, guys. We're out of here. Thank you.",true
2334.0,2026-09-07 19:55:25,@BrianSV1985,,you know she has gnarly armpit hair!!,neutral,vader,Sasha & Craig,"squirt? >> Why do you [ __ ] ask chat GPT? >> That's insane. >> GPT. Can somebody Can somebody chat GPT if your squirt will smell like asparagus if you eat enough of it? >> Squirt speed, right? >> All right, guys. We're out of here. Thank you.",true
2334.0,2026-09-07 19:55:25,@Pinkskinnedgoblin,,He didn’t like that ,negative,vader,Sasha & Craig,"squirt? >> Why do you [ __ ] ask chat GPT? >> That's insane. >> GPT. Can somebody Can somebody chat GPT if your squirt will smell like asparagus if you eat enough of it? >> Squirt speed, right? >> All right, guys. We're out of here. Thank you.",true
2339.0,2026-09-07 19:55:30,@JimboTheComic,,Yes it’s duos night,positive,vader,Sasha & Craig,">> That's insane. >> GPT. Can somebody Can somebody chat GPT if your squirt will smell like asparagus if you eat enough of it? >> Squirt speed, right? >> All right, guys. We're out of here. Thank you. >> Keep it going for the lovely couple,",true
2341.0,2026-09-07 19:55:32,@Beepbop_man,,I wanna get compensation ,neutral,vader,Sasha & Craig,">> GPT. Can somebody Can somebody chat GPT if your squirt will smell like asparagus if you eat enough of it? >> Squirt speed, right? >> All right, guys. We're out of here. Thank you. >> Keep it going for the lovely couple, Joel and Abby Rose. Ladies and",true
2341.0,2026-09-07 19:55:32,@TheSupercorky,,She'll never know what squirting is,neutral,vader,Sasha & Craig,">> GPT. Can somebody Can somebody chat GPT if your squirt will smell like asparagus if you eat enough of it? >> Squirt speed, right? >> All right, guys. We're out of here. Thank you. >> Keep it going for the lovely couple, Joel and Abby Rose. Ladies and",true
2342.0,2026-09-07 19:55:33,@joshuabutterwick3156,,dude where the comedy?,positive,vader,Sasha & Craig,"if you eat enough of it? >> Squirt speed, right? >> All right, guys. We're out of here. Thank you. >> Keep it going for the lovely couple, Joel and Abby Rose. Ladies and gentlemen,",true
2343.0,2026-09-07 19:55:34,@OntologicallySteve,,This act has given me ass cancer,negative,vader,Sasha & Craig,"if you eat enough of it? >> Squirt speed, right? >> All right, guys. We're out of here. Thank you. >> Keep it going for the lovely couple, Joel and Abby Rose. Ladies and gentlemen,",true
2343.0,2026-09-07 19:55:34,@S.D.L-m1j,,Jimbo when are you going up ?,neutral,vader,Sasha & Craig,"if you eat enough of it? >> Squirt speed, right? >> All right, guys. We're out of here. Thank you. >> Keep it going for the lovely couple, Joel and Abby Rose. Ladies and gentlemen,",true
2346.0,2026-09-07 19:55:37,@Hackofalltrades-mh5fq,,wow,positive,vader,Sasha & Craig,">> All right, guys. We're out of here. Thank you. >> Keep it going for the lovely couple, Joel and Abby Rose. Ladies and gentlemen, >> this microphone smells like a Mumford and Sun song. What the hell just",true
2357.0,2026-09-07 19:55:48,@CarlCramer88,,We should be getting paid to watch this,neutral,vader,Sasha & Craig,">> Keep it going for the lovely couple, Joel and Abby Rose. Ladies and gentlemen, >> this microphone smells like a Mumford and Sun song. What the hell just happened? Boom. Clap. Yeah. I feel like you guys would make great >> Yeah. music. You guys should Someone get a guitar, get a tambourine. One of you",true
2360.0,2026-09-07 19:55:51,@JimboTheComic,,I have no idea Sdl lol,positive,vader,Sasha & Craig,"Joel and Abby Rose. Ladies and gentlemen, >> this microphone smells like a Mumford and Sun song. What the hell just happened? Boom. Clap. Yeah. I feel like you guys would make great >> Yeah. music. You guys should Someone get a guitar, get a tambourine. One of you shave your head. You got a great act",true
2360.0,2026-09-07 19:55:51,@alisonwayland6057,,keep what going?,neutral,vader,Sasha & Craig,"Joel and Abby Rose. Ladies and gentlemen, >> this microphone smells like a Mumford and Sun song. What the hell just happened? Boom. Clap. Yeah. I feel like you guys would make great >> Yeah. music. You guys should Someone get a guitar, get a tambourine. One of you shave your head. You got a great act",true
2362.0,2026-09-07 19:55:53,@OhHerroMyNameJim,,"Lol wow. He tried to end it saying ""alright babe we got anything else"" but she said ""well ya...what about asperagus?"":man_facepalming::face_with_tears_of_joy:",positive,vader,Sasha & Craig,"gentlemen, >> this microphone smells like a Mumford and Sun song. What the hell just happened? Boom. Clap. Yeah. I feel like you guys would make great >> Yeah. music. You guys should Someone get a guitar, get a tambourine. One of you shave your head. You got a great act going. All right. This next act. Can't",true
2362.0,2026-09-07 19:55:53,@HollywoodStar2026,,clock ticking on that couple,neutral,vader,Sasha & Craig,"gentlemen, >> this microphone smells like a Mumford and Sun song. What the hell just happened? Boom. Clap. Yeah. I feel like you guys would make great >> Yeah. music. You guys should Someone get a guitar, get a tambourine. One of you shave your head. You got a great act going. All right. This next act. Can't",true
2364.0,2026-09-07 19:55:55,@BrianKirk-wi6kd,,He never made her squirt,neutral,vader,Sasha & Craig,">> this microphone smells like a Mumford and Sun song. What the hell just happened? Boom. Clap. Yeah. I feel like you guys would make great >> Yeah. music. You guys should Someone get a guitar, get a tambourine. One of you shave your head. You got a great act going. All right. This next act. Can't wait to get on stage. And I can't wait",true
2365.0,2026-09-07 19:55:56,@Conrad2311,,She says “bro” in disagreements ,negative,vader,Sasha & Craig,">> this microphone smells like a Mumford and Sun song. What the hell just happened? Boom. Clap. Yeah. I feel like you guys would make great >> Yeah. music. You guys should Someone get a guitar, get a tambourine. One of you shave your head. You got a great act going. All right. This next act. Can't wait to get on stage. And I can't wait",true
2367.0,2026-09-07 19:55:58,@QUINNHAMELIN,,DaintyDayvon best joke all night,positive,vader,Sasha & Craig,"and Sun song. What the hell just happened? Boom. Clap. Yeah. I feel like you guys would make great >> Yeah. music. You guys should Someone get a guitar, get a tambourine. One of you shave your head. You got a great act going. All right. This next act. Can't wait to get on stage. And I can't wait to bring them up. Two from last week and",true
2370.0,2026-09-07 19:56:01,@JimboTheComic,,Sasha and Craig ,neutral,vader,Sasha & Craig,"Boom. Clap. Yeah. I feel like you guys would make great >> Yeah. music. You guys should Someone get a guitar, get a tambourine. One of you shave your head. You got a great act going. All right. This next act. Can't wait to get on stage. And I can't wait to bring them up. Two from last week and the past two weeks. Back for a third.",true
2376.0,2026-09-07 19:56:07,@someguy9566,,:clapping_hands:,neutral,vader,Sasha & Craig,">> Yeah. music. You guys should Someone get a guitar, get a tambourine. One of you shave your head. You got a great act going. All right. This next act. Can't wait to get on stage. And I can't wait to bring them up. Two from last week and the past two weeks. Back for a third. Ladies and gentlemen, give Sasha and Craig.",true
2377.0,2026-09-07 19:56:08,@S.D.L-m1j,,Chino rocks the best tees,positive,vader,Sasha & Craig,"a guitar, get a tambourine. One of you shave your head. You got a great act going. All right. This next act. Can't wait to get on stage. And I can't wait to bring them up. Two from last week and the past two weeks. Back for a third. Ladies and gentlemen, give Sasha and Craig. >> Thank you, Chino.",true
2381.0,2026-09-07 19:56:12,@Beepbop_man,,‘We make great love’ ,positive,vader,Sasha & Craig,"shave your head. You got a great act going. All right. This next act. Can't wait to get on stage. And I can't wait to bring them up. Two from last week and the past two weeks. Back for a third. Ladies and gentlemen, give Sasha and Craig. >> Thank you, Chino. Are there two mics? Oh, that's good. We don't have to share.",true
2388.0,2026-09-07 19:56:19,@ineverlutes,,:clapping_hands::clapping_hands::clapping_hands:,neutral,vader,Sasha & Craig,"to bring them up. Two from last week and the past two weeks. Back for a third. Ladies and gentlemen, give Sasha and Craig. >> Thank you, Chino. Are there two mics? Oh, that's good. We don't have to share. >> I'm bad at sharing. I'm probably going to be bad at this to be honest. I don't play well with others. It's why I'm",true
2398.0,2026-09-07 19:56:29,@S.D.L-m1j,,Jimbo you need a partner..lol,neutral,vader,Sasha & Craig,">> Thank you, Chino. Are there two mics? Oh, that's good. We don't have to share. >> I'm bad at sharing. I'm probably going to be bad at this to be honest. I don't play well with others. It's why I'm doing comedy cuz I'm unlikable. >> She said to me, she said to me when I first Well, she said it on stage, too. She's like, I'm on the apps, the dating",true
2401.0,2026-09-07 19:56:32,@OhHerroMyNameJim,,"Lol you could tell he was done at the end ""idk..why don't you go..fkn ask chatgpt"":face_with_tears_of_joy:",positive,vader,Sasha & Craig,"don't have to share. >> I'm bad at sharing. I'm probably going to be bad at this to be honest. I don't play well with others. It's why I'm doing comedy cuz I'm unlikable. >> She said to me, she said to me when I first Well, she said it on stage, too. She's like, I'm on the apps, the dating apps. I was like, ""Oh, my method is I",true
2402.0,2026-09-07 19:56:33,@HollywoodStar2026,,"oh god, sash the no punch story teller",neutral,vader,Sasha & Craig,"don't have to share. >> I'm bad at sharing. I'm probably going to be bad at this to be honest. I don't play well with others. It's why I'm doing comedy cuz I'm unlikable. >> She said to me, she said to me when I first Well, she said it on stage, too. She's like, I'm on the apps, the dating apps. I was like, ""Oh, my method is I",true
2406.0,2026-09-07 19:56:37,@adawg1111,,yikes,neutral,vader,Sasha & Craig,"to be bad at this to be honest. I don't play well with others. It's why I'm doing comedy cuz I'm unlikable. >> She said to me, she said to me when I first Well, she said it on stage, too. She's like, I'm on the apps, the dating apps. I was like, ""Oh, my method is I just go to Safeway and look for eye",true
2412.0,2026-09-07 19:56:43,@Conrad2311,,Lord Helmet ,neutral,vader,Sasha & Craig,"doing comedy cuz I'm unlikable. >> She said to me, she said to me when I first Well, she said it on stage, too. She's like, I'm on the apps, the dating apps. I was like, ""Oh, my method is I just go to Safeway and look for eye contact in the produce section."" >> I feel that's a very 70s way to meet somebody. And I do respect that. I feel",true
2413.0,2026-09-07 19:56:44,@CarlCramer88,,Sasha is nipplin,neutral,vader,Sasha & Craig,"doing comedy cuz I'm unlikable. >> She said to me, she said to me when I first Well, she said it on stage, too. She's like, I'm on the apps, the dating apps. I was like, ""Oh, my method is I just go to Safeway and look for eye contact in the produce section."" >> I feel that's a very 70s way to meet somebody. And I do respect that. I feel",true
2415.0,2026-09-07 19:56:46,@HanzSygnal,,B -53's,neutral,vader,Sasha & Craig,">> She said to me, she said to me when I first Well, she said it on stage, too. She's like, I'm on the apps, the dating apps. I was like, ""Oh, my method is I just go to Safeway and look for eye contact in the produce section."" >> I feel that's a very 70s way to meet somebody. And I do respect that. I feel like that was the decade. I'm sorry I",true
2416.0,2026-09-07 19:56:47,@z28diablo,,The Darth Vader hair always gets me,neutral,vader,Sasha & Craig,"first Well, she said it on stage, too. She's like, I'm on the apps, the dating apps. I was like, ""Oh, my method is I just go to Safeway and look for eye contact in the produce section."" >> I feel that's a very 70s way to meet somebody. And I do respect that. I feel like that was the decade. I'm sorry I",true
2420.0,2026-09-07 19:56:51,@avery42069,,Damn he is plastered,negative,vader,Sasha & Craig,"She's like, I'm on the apps, the dating apps. I was like, ""Oh, my method is I just go to Safeway and look for eye contact in the produce section."" >> I feel that's a very 70s way to meet somebody. And I do respect that. I feel like that was the decade. I'm sorry I missed. >> The truth to that joke is that at the marina in San Francisco, there is a",true
2421.0,2026-09-07 19:56:52,@BrianKirk-wi6kd,,Is that Dora the Explorer?,neutral,vader,Sasha & Craig,"She's like, I'm on the apps, the dating apps. I was like, ""Oh, my method is I just go to Safeway and look for eye contact in the produce section."" >> I feel that's a very 70s way to meet somebody. And I do respect that. I feel like that was the decade. I'm sorry I missed. >> The truth to that joke is that at the marina in San Francisco, there is a",true
2423.0,2026-09-07 19:56:54,@BrianSV1985,,What the hell kinda haircut is that!!,negative,vader,Sasha & Craig,"apps. I was like, ""Oh, my method is I just go to Safeway and look for eye contact in the produce section."" >> I feel that's a very 70s way to meet somebody. And I do respect that. I feel like that was the decade. I'm sorry I missed. >> The truth to that joke is that at the marina in San Francisco, there is a night one night a week that is singles",true
2426.0,2026-09-07 19:56:57,@S.D.L-m1j,,Lord farquat,neutral,vader,Sasha & Craig,"just go to Safeway and look for eye contact in the produce section."" >> I feel that's a very 70s way to meet somebody. And I do respect that. I feel like that was the decade. I'm sorry I missed. >> The truth to that joke is that at the marina in San Francisco, there is a night one night a week that is singles night. Anyway, just telling you.",true
2427.0,2026-09-07 19:56:58,@OntologicallySteve,,Put a bag over her head and she'd do quite well on a straight tequila night.,positive,vader,Sasha & Craig,"just go to Safeway and look for eye contact in the produce section."" >> I feel that's a very 70s way to meet somebody. And I do respect that. I feel like that was the decade. I'm sorry I missed. >> The truth to that joke is that at the marina in San Francisco, there is a night one night a week that is singles night. Anyway, just telling you. >> Okay. Anybody else on the apps here? Are",true
2428.0,2026-09-07 19:56:59,@joshuabutterwick3156,,these days willmbey sucking eachother's dicks backstage after this bombing,neutral,vader,Sasha & Craig,"contact in the produce section."" >> I feel that's a very 70s way to meet somebody. And I do respect that. I feel like that was the decade. I'm sorry I missed. >> The truth to that joke is that at the marina in San Francisco, there is a night one night a week that is singles night. Anyway, just telling you. >> Okay. Anybody else on the apps here? Are",true
2428.0,2026-09-07 19:56:59,@HollywoodStar2026,,Craig doing his Mitch Hedberg impression,positive,vader,Sasha & Craig,"contact in the produce section."" >> I feel that's a very 70s way to meet somebody. And I do respect that. I feel like that was the decade. I'm sorry I missed. >> The truth to that joke is that at the marina in San Francisco, there is a night one night a week that is singles night. Anyway, just telling you. >> Okay. Anybody else on the apps here? Are",true
2429.0,2026-09-07 19:57:00,@JukeSidewalker-r5m,,Her dollar general hair straightener put in overtime,neutral,vader,Sasha & Craig,"contact in the produce section."" >> I feel that's a very 70s way to meet somebody. And I do respect that. I feel like that was the decade. I'm sorry I missed. >> The truth to that joke is that at the marina in San Francisco, there is a night one night a week that is singles night. Anyway, just telling you. >> Okay. Anybody else on the apps here? Are",true
2430.0,2026-09-07 19:57:01,@ineverlutes,,lmao he's lit ,positive,vader,Sasha & Craig,">> I feel that's a very 70s way to meet somebody. And I do respect that. I feel like that was the decade. I'm sorry I missed. >> The truth to that joke is that at the marina in San Francisco, there is a night one night a week that is singles night. Anyway, just telling you. >> Okay. Anybody else on the apps here? Are you all okay? Thank you. Yeah. Or you're",true
2432.0,2026-09-07 19:57:03,@Gloobus.q,,"He’s on the apps too, appetizers ",neutral,vader,Sasha & Craig,"somebody. And I do respect that. I feel like that was the decade. I'm sorry I missed. >> The truth to that joke is that at the marina in San Francisco, there is a night one night a week that is singles night. Anyway, just telling you. >> Okay. Anybody else on the apps here? Are you all okay? Thank you. Yeah. Or you're",true
2432.0,2026-09-07 19:57:03,@alisonwayland6057,,OMG she's topless. where did he nips go?,neutral,vader,Sasha & Craig,"somebody. And I do respect that. I feel like that was the decade. I'm sorry I missed. >> The truth to that joke is that at the marina in San Francisco, there is a night one night a week that is singles night. Anyway, just telling you. >> Okay. Anybody else on the apps here? Are you all okay? Thank you. Yeah. Or you're",true
2443.0,2026-09-07 19:57:14,@ineverlutes,,talking like mitch hedberg,positive,vader,Sasha & Craig,"night one night a week that is singles night. Anyway, just telling you. >> Okay. Anybody else on the apps here? Are you all okay? Thank you. Yeah. Or you're all just like the couple that was here and they're like all happy and [ __ ] >> I don't know how you're gonna be a comedian if you're happy. It just doesn't work that way. I'm sorry.",true
2444.0,2026-09-07 19:57:15,@TheSupercorky,,I'm on MapQuest,neutral,vader,Sasha & Craig,"night one night a week that is singles night. Anyway, just telling you. >> Okay. Anybody else on the apps here? Are you all okay? Thank you. Yeah. Or you're all just like the couple that was here and they're like all happy and [ __ ] >> I don't know how you're gonna be a comedian if you're happy. It just doesn't work that way. I'm sorry.",true
2445.0,2026-09-07 19:57:16,@HanzSygnal,,MTV News Kennedy from TEMU,neutral,vader,Sasha & Craig,"night. Anyway, just telling you. >> Okay. Anybody else on the apps here? Are you all okay? Thank you. Yeah. Or you're all just like the couple that was here and they're like all happy and [ __ ] >> I don't know how you're gonna be a comedian if you're happy. It just doesn't work that way. I'm sorry.",true
2447.0,2026-09-07 19:57:18,@Pinkskinnedgoblin,,They have better chemistry than that last couple ,positive,vader,Sasha & Craig,"night. Anyway, just telling you. >> Okay. Anybody else on the apps here? Are you all okay? Thank you. Yeah. Or you're all just like the couple that was here and they're like all happy and [ __ ] >> I don't know how you're gonna be a comedian if you're happy. It just doesn't work that way. I'm sorry. Last time I was here, you know, people",true
2452.0,2026-09-07 19:57:23,@joshuabutterwick3156,,BOOOOOO OOOO,neutral,vader,Sasha & Craig,"you all okay? Thank you. Yeah. Or you're all just like the couple that was here and they're like all happy and [ __ ] >> I don't know how you're gonna be a comedian if you're happy. It just doesn't work that way. I'm sorry. Last time I was here, you know, people online like to make insults. Sometimes they strike comedy gold. This one guy",true
2456.0,2026-09-07 19:57:27,@Beepbop_man,,Har har har,neutral,vader,Sasha & Craig,"all just like the couple that was here and they're like all happy and [ __ ] >> I don't know how you're gonna be a comedian if you're happy. It just doesn't work that way. I'm sorry. Last time I was here, you know, people online like to make insults. Sometimes they strike comedy gold. This one guy said, ""That guy looks like he eats beer.",true
2459.0,2026-09-07 19:57:30,@OhHerroMyNameJim,,He's trying the 'mitch hedberg' voice,neutral,vader,Sasha & Craig,">> I don't know how you're gonna be a comedian if you're happy. It just doesn't work that way. I'm sorry. Last time I was here, you know, people online like to make insults. Sometimes they strike comedy gold. This one guy said, ""That guy looks like he eats beer.",true
2461.0,2026-09-07 19:57:32,@whisperingbeeasmr,,:face_with_tears_of_joy: @gloobus,neutral,vader,Sasha & Craig,"comedian if you're happy. It just doesn't work that way. I'm sorry. Last time I was here, you know, people online like to make insults. Sometimes they strike comedy gold. This one guy said, ""That guy looks like he eats beer. You should put that on your dating",true
2465.0,2026-09-07 19:57:36,@S.D.L-m1j,,:face-green-smiling:,neutral,vader,Sasha & Craig,"Last time I was here, you know, people online like to make insults. Sometimes they strike comedy gold. This one guy said, ""That guy looks like he eats beer. You should put that on your dating profile. >> It's a selling point.",true
2473.0,2026-09-07 19:57:44,@HollywoodStar2026,,say backpack say backpack,neutral,vader,Sasha & Craig,"they strike comedy gold. This one guy said, ""That guy looks like he eats beer. You should put that on your dating profile. >> It's a selling point. >> I was thinking after you talked about being on the apps, I should probably get on them. You know what I mean? >> I mean, it's very interesting and you know, if I have ghosted you know",true
2476.0,2026-09-07 19:57:47,@OntologicallySteve,,Booooooo bs,neutral,vader,Sasha & Craig,"they strike comedy gold. This one guy said, ""That guy looks like he eats beer. You should put that on your dating profile. >> It's a selling point. >> I was thinking after you talked about being on the apps, I should probably get on them. You know what I mean? >> I mean, it's very interesting and you know, if I have ghosted you know >> on one of the apps. I'm very sorry.",true
2478.0,2026-09-07 19:57:49,@CarlCramer88,,The last time I was here I ate then I left and I ate again,neutral,vader,Sasha & Craig,"they strike comedy gold. This one guy said, ""That guy looks like he eats beer. You should put that on your dating profile. >> It's a selling point. >> I was thinking after you talked about being on the apps, I should probably get on them. You know what I mean? >> I mean, it's very interesting and you know, if I have ghosted you know >> on one of the apps. I'm very sorry. That's probably how most people on Maui",true
2479.0,2026-09-07 19:57:50,@Pinkskinnedgoblin,,lol,positive,vader,Sasha & Craig,"You should put that on your dating profile. >> It's a selling point. >> I was thinking after you talked about being on the apps, I should probably get on them. You know what I mean? >> I mean, it's very interesting and you know, if I have ghosted you know >> on one of the apps. I'm very sorry. That's probably how most people on Maui",true
2486.0,2026-09-07 19:57:57,@someguy9566,,:grinning_squinting_face:,neutral,vader,Sasha & Craig,">> I was thinking after you talked about being on the apps, I should probably get on them. You know what I mean? >> I mean, it's very interesting and you know, if I have ghosted you know >> on one of the apps. I'm very sorry. That's probably how most people on Maui recognize me at this point. >> I I do apologize. It It wasn't you. I just get very anxious,",true
2490.0,2026-09-07 19:58:01,@RickJaeger-s4b,,It's Dark Helmet from SPACEBALLS!,neutral,vader,Sasha & Craig,"on them. You know what I mean? >> I mean, it's very interesting and you know, if I have ghosted you know >> on one of the apps. I'm very sorry. That's probably how most people on Maui recognize me at this point. >> I I do apologize. It It wasn't you. I just get very anxious, you know, about talking to strangers. But I I am I am in a long-distance",true
2492.0,2026-09-07 19:58:03,@ineverlutes,,wtf is that umbrella ass haircut,negative,vader,Sasha & Craig,">> I mean, it's very interesting and you know, if I have ghosted you know >> on one of the apps. I'm very sorry. That's probably how most people on Maui recognize me at this point. >> I I do apologize. It It wasn't you. I just get very anxious, you know, about talking to strangers. But I I am I am in a long-distance",true
2499.0,2026-09-07 19:58:10,@z28diablo,,Mitch is rolling over in his grave,negative,vader,Sasha & Craig,"That's probably how most people on Maui recognize me at this point. >> I I do apologize. It It wasn't you. I just get very anxious, you know, about talking to strangers. But I I am I am in a long-distance relationship now. And so far, he hasn't asked me to invest in Bitcoin. So, it's going really well, >> I think. >> But he has sent you,",true
2500.0,2026-09-07 19:58:11,@BrianSV1985,,that's Darlene the explorer.....to white to be Dora!!,neutral,vader,Sasha & Craig,"recognize me at this point. >> I I do apologize. It It wasn't you. I just get very anxious, you know, about talking to strangers. But I I am I am in a long-distance relationship now. And so far, he hasn't asked me to invest in Bitcoin. So, it's going really well, >> I think. >> But he has sent you,",true
2502.0,2026-09-07 19:58:13,@Pinkskinnedgoblin,,@rick :face_with_tears_of_joy: ,neutral,vader,Sasha & Craig,"recognize me at this point. >> I I do apologize. It It wasn't you. I just get very anxious, you know, about talking to strangers. But I I am I am in a long-distance relationship now. And so far, he hasn't asked me to invest in Bitcoin. So, it's going really well, >> I think. >> But he has sent you,",true
2504.0,2026-09-07 19:58:15,@TheSupercorky,,Talk about a blowout,neutral,vader,Sasha & Craig,">> I I do apologize. It It wasn't you. I just get very anxious, you know, about talking to strangers. But I I am I am in a long-distance relationship now. And so far, he hasn't asked me to invest in Bitcoin. So, it's going really well, >> I think. >> But he has sent you, >> dickpicks. >> Yes.",true
2507.0,2026-09-07 19:58:18,@avery42069,,The apps,neutral,vader,Sasha & Craig,"just get very anxious, you know, about talking to strangers. But I I am I am in a long-distance relationship now. And so far, he hasn't asked me to invest in Bitcoin. So, it's going really well, >> I think. >> But he has sent you, >> dickpicks. >> Yes. >> Yes. That's why we're still talking.",true
2513.0,2026-09-07 19:58:24,@QUINNHAMELIN,,Yeah Mitch Iceberg,positive,vader,Sasha & Craig,"relationship now. And so far, he hasn't asked me to invest in Bitcoin. So, it's going really well, >> I think. >> But he has sent you, >> dickpicks. >> Yes. >> Yes. That's why we're still talking. >> Yeah. And so my my best friend's gay and my understanding is this is actually how gay relationships start is first you",true
2518.0,2026-09-07 19:58:29,@OhHerroMyNameJim,,"She's terrible, he's a temu mitch hedberg. NEXT",negative,vader,Sasha & Craig,">> I think. >> But he has sent you, >> dickpicks. >> Yes. >> Yes. That's why we're still talking. >> Yeah. And so my my best friend's gay and my understanding is this is actually how gay relationships start is first you exchange dickpicks and then you meet up and have sex and then if you kind of",true
2518.0,2026-09-07 19:58:29,@S.D.L-m1j,,That hair is business on top and party in the back:grinning_face_with_smiling_eyes:,positive,vader,Sasha & Craig,">> I think. >> But he has sent you, >> dickpicks. >> Yes. >> Yes. That's why we're still talking. >> Yeah. And so my my best friend's gay and my understanding is this is actually how gay relationships start is first you exchange dickpicks and then you meet up and have sex and then if you kind of",true
2525.0,2026-09-07 19:58:36,@HollywoodStar2026,,lol quinn,positive,vader,Sasha & Craig,>> Yes. >> Yes. That's why we're still talking. >> Yeah. And so my my best friend's gay and my understanding is this is actually how gay relationships start is first you exchange dickpicks and then you meet up and have sex and then if you kind of like each other after that then you might start dating. So you know it's all,true
2525.0,2026-09-07 19:58:36,@ineverlutes,,mitch iceberg :face_with_tears_of_joy:,neutral,vader,Sasha & Craig,>> Yes. >> Yes. That's why we're still talking. >> Yeah. And so my my best friend's gay and my understanding is this is actually how gay relationships start is first you exchange dickpicks and then you meet up and have sex and then if you kind of like each other after that then you might start dating. So you know it's all,true
2526.0,2026-09-07 19:58:37,@whisperingbeeasmr,,not darlene the explorer :face_with_tears_of_joy::face_with_tears_of_joy::face_with_tears_of_joy:,neutral,vader,Sasha & Craig,>> Yes. >> Yes. That's why we're still talking. >> Yeah. And so my my best friend's gay and my understanding is this is actually how gay relationships start is first you exchange dickpicks and then you meet up and have sex and then if you kind of like each other after that then you might start dating. So you know it's all a little bit in reverse to straight,true
2530.0,2026-09-07 19:58:41,@Stillear,,"""make my hair look like Darth waders helmet "" hairdresser ""k""",positive,vader,Sasha & Craig,>> Yeah. And so my my best friend's gay and my understanding is this is actually how gay relationships start is first you exchange dickpicks and then you meet up and have sex and then if you kind of like each other after that then you might start dating. So you know it's all a little bit in reverse to straight people but it it's kind of more fun. It's better that way.,true
2541.0,2026-09-07 19:58:52,@OhHerroMyNameJim,,Darlene:face_with_tears_of_joy::face_with_tears_of_joy::face_with_tears_of_joy::face_with_tears_of_joy::rolling_on_the_floor_laughing:,neutral,vader,Sasha & Craig,"like each other after that then you might start dating. So you know it's all a little bit in reverse to straight people but it it's kind of more fun. It's better that way. >> I uh I've been calling this the hair of unemployment since the fire. I haven't been working, but I I got a job with this hair. Anyway, uh now I'm a guy with",true
2543.0,2026-09-07 19:58:54,@ineverlutes,,darlene the explorer :loudly_crying_face:,neutral,vader,Sasha & Craig,"like each other after that then you might start dating. So you know it's all a little bit in reverse to straight people but it it's kind of more fun. It's better that way. >> I uh I've been calling this the hair of unemployment since the fire. I haven't been working, but I I got a job with this hair. Anyway, uh now I'm a guy with",true
2543.0,2026-09-07 19:58:54,@TheSupercorky,,Chino!,neutral,vader,Sasha & Craig,"like each other after that then you might start dating. So you know it's all a little bit in reverse to straight people but it it's kind of more fun. It's better that way. >> I uh I've been calling this the hair of unemployment since the fire. I haven't been working, but I I got a job with this hair. Anyway, uh now I'm a guy with",true
2551.0,2026-09-07 19:59:02,@CarlCramer88,,Booooooo,neutral,vader,Sasha & Craig,"It's better that way. >> I uh I've been calling this the hair of unemployment since the fire. I haven't been working, but I I got a job with this hair. Anyway, uh now I'm a guy with a job and a car, which is a certain standard that's important. >> Put that on the side. I know about that.",true
2554.0,2026-09-07 19:59:05,@avery42069,,You meet on the apps first,neutral,vader,Sasha & Craig,">> I uh I've been calling this the hair of unemployment since the fire. I haven't been working, but I I got a job with this hair. Anyway, uh now I'm a guy with a job and a car, which is a certain standard that's important. >> Put that on the side. I know about that. >> Looking for a person with a job and a car.",true
2561.0,2026-09-07 19:59:12,@radiostarkilla21,,So is it duo night or hair night?,neutral,vader,Sasha & Craig,"been working, but I I got a job with this hair. Anyway, uh now I'm a guy with a job and a car, which is a certain standard that's important. >> Put that on the side. I know about that. >> Looking for a person with a job and a car. >> Job, car, you have a face, you can go out in public. Uh, I would put it back, but one of my",true
2565.0,2026-09-07 19:59:16,@S.D.L-m1j,,that's the helmet from space balls..lol,neutral,vader,Sasha & Craig,"a job and a car, which is a certain standard that's important. >> Put that on the side. I know about that. >> Looking for a person with a job and a car. >> Job, car, you have a face, you can go out in public. Uh, I would put it back, but one of my least favorite insults",true
2565.0,2026-09-07 19:59:16,@TheSupercorky,,Give me a ride then,neutral,vader,Sasha & Craig,"a job and a car, which is a certain standard that's important. >> Put that on the side. I know about that. >> Looking for a person with a job and a car. >> Job, car, you have a face, you can go out in public. Uh, I would put it back, but one of my least favorite insults",true
2567.0,2026-09-07 19:59:18,@OntologicallySteve,,Fabio has really let himself go,neutral,vader,Sasha & Craig,"standard that's important. >> Put that on the side. I know about that. >> Looking for a person with a job and a car. >> Job, car, you have a face, you can go out in public. Uh, I would put it back, but one of my least favorite insults were all the insults pertaining to me",true
2567.0,2026-09-07 19:59:18,@OhHerroMyNameJim,,STFU DARLENE,neutral,vader,Sasha & Craig,"standard that's important. >> Put that on the side. I know about that. >> Looking for a person with a job and a car. >> Job, car, you have a face, you can go out in public. Uh, I would put it back, but one of my least favorite insults were all the insults pertaining to me",true
2572.0,2026-09-07 19:59:23,@HollywoodStar2026,,dora the no morer,negative,vader,Sasha & Craig,">> Looking for a person with a job and a car. >> Job, car, you have a face, you can go out in public. Uh, I would put it back, but one of my least favorite insults were all the insults pertaining to me putting this in a ponytail comparing me to Steven Seagull.",true
2590.0,2026-09-07 19:59:41,@CarlCramer88,,"He got a stomach too, but don’t forget about the stomach",positive,vader,Sasha & Craig,"putting this in a ponytail comparing me to Steven Seagull. >> I did not enjoy those. >> I mean, okay. Well, I guess nowadays it's an insult. When I was growing up in the '9s, that was like every weekend was going to see a Steven Seagal movie. Um, so, you know, that might have been a compliment at some point. Like maybe they think that you're trying to save",true
2599.0,2026-09-07 19:59:50,@ineverlutes,,mitch iceberg feat darlene the explorer ,neutral,vader,Sasha & Craig,"it's an insult. When I was growing up in the '9s, that was like every weekend was going to see a Steven Seagal movie. Um, so, you know, that might have been a compliment at some point. Like maybe they think that you're trying to save the the nature preserve from the evil oil company. Maybe that that's what they're saying. They're not saying that like you're some weirdo who's hiding out in Russia.",true
2603.0,2026-09-07 19:59:54,@TheSupercorky,,:chair:,neutral,vader,Sasha & Craig,"going to see a Steven Seagal movie. Um, so, you know, that might have been a compliment at some point. Like maybe they think that you're trying to save the the nature preserve from the evil oil company. Maybe that that's what they're saying. They're not saying that like you're some weirdo who's hiding out in Russia. Oh, I mean I understand when you're",true
2604.0,2026-09-07 19:59:55,@RickJaeger-s4b,,I see your Schwartz is as big as mine!,neutral,vader,Sasha & Craig,"going to see a Steven Seagal movie. Um, so, you know, that might have been a compliment at some point. Like maybe they think that you're trying to save the the nature preserve from the evil oil company. Maybe that that's what they're saying. They're not saying that like you're some weirdo who's hiding out in Russia. Oh, I mean I understand when you're",true
2611.0,2026-09-07 20:00:02,@QUINNHAMELIN,,Well I guess he's gotta start somewhere,positive,vader,Sasha & Craig,"the the nature preserve from the evil oil company. Maybe that that's what they're saying. They're not saying that like you're some weirdo who's hiding out in Russia. Oh, I mean I understand when you're looking at me, you thinking that guy should lose some weight. I agree. Uh but I've been on this diet that I really",true
2613.0,2026-09-07 20:00:04,@avery42069,,Yeah that’s not a good look for the apps,negative,vader,Sasha & Craig,"oil company. Maybe that that's what they're saying. They're not saying that like you're some weirdo who's hiding out in Russia. Oh, I mean I understand when you're looking at me, you thinking that guy should lose some weight. I agree. Uh but I've been on this diet that I really like. It's called the add cheese diet.",true
2615.0,2026-09-07 20:00:06,@OhHerroMyNameJim,,Lol why is she dressed like that:face_with_tears_of_joy:,positive,vader,Sasha & Craig,"they're saying. They're not saying that like you're some weirdo who's hiding out in Russia. Oh, I mean I understand when you're looking at me, you thinking that guy should lose some weight. I agree. Uh but I've been on this diet that I really like. It's called the add cheese diet. You just add cheese to everything and of",true
2617.0,2026-09-07 20:00:08,@jelly_jams345,,@Hollywood:rolling_on_the_floor_laughing::rolling_on_the_floor_laughing::rolling_on_the_floor_laughing::rolling_on_the_floor_laughing::rolling_on_the_floor_laughing:,neutral,vader,Sasha & Craig,"like you're some weirdo who's hiding out in Russia. Oh, I mean I understand when you're looking at me, you thinking that guy should lose some weight. I agree. Uh but I've been on this diet that I really like. It's called the add cheese diet. You just add cheese to everything and of course it makes it better.",true
2630.0,2026-09-07 20:00:21,@whisperingbeeasmr,,:zipper_mouth_face::zipper_mouth_face:🫩,neutral,vader,Sasha & Craig,"I've been on this diet that I really like. It's called the add cheese diet. You just add cheese to everything and of course it makes it better. >> I fully support that diet. >> Uh, shoot. Uh, so I got a lifeguard joke. I got two lifeguard friends in the audience.",true
2638.0,2026-09-07 20:00:29,@ineverlutes,,that was wholesome,neutral,vader,Sasha & Craig,"course it makes it better. >> I fully support that diet. >> Uh, shoot. Uh, so I got a lifeguard joke. I got two lifeguard friends in the audience. I must tell it again. Ever since I became a lifeguard at a pool, I became really, really good at",true
2642.0,2026-09-07 20:00:33,@CarlCramer88,,I’m willing to bet he’s on the predators list,neutral,vader,Sasha & Craig,">> Uh, shoot. Uh, so I got a lifeguard joke. I got two lifeguard friends in the audience. I must tell it again. Ever since I became a lifeguard at a pool, I became really, really good at looking to the left, looking to the right.",true
2644.0,2026-09-07 20:00:35,@S.D.L-m1j,,Im depressed..:face-green-smiling:,neutral,vader,Sasha & Craig,">> Uh, shoot. Uh, so I got a lifeguard joke. I got two lifeguard friends in the audience. I must tell it again. Ever since I became a lifeguard at a pool, I became really, really good at looking to the left, looking to the right. Then look to the left again.",true
2654.0,2026-09-07 20:00:45,@TANE-D-80,,Woooo!,neutral,vader,Sasha & Craig,"I must tell it again. Ever since I became a lifeguard at a pool, I became really, really good at looking to the left, looking to the right. Then look to the left again. >> Very good at that. >> Oh, all right. We having fun. So sometimes when I I walk across a parking",true
2659.0,2026-09-07 20:00:50,@OntologicallySteve,,She played German #2 in the life story of H i T L e R,positive,vader,Sasha & Craig,"pool, I became really, really good at looking to the left, looking to the right. Then look to the left again. >> Very good at that. >> Oh, all right. We having fun. So sometimes when I I walk across a parking lot cuz locally we got these beautiful trucks, you know, they're like 30, $40,000 trucks on 50, $60,000",true
2661.0,2026-09-07 20:00:52,@TheSupercorky,,Im sleepy,neutral,vader,Sasha & Craig,"looking to the left, looking to the right. Then look to the left again. >> Very good at that. >> Oh, all right. We having fun. So sometimes when I I walk across a parking lot cuz locally we got these beautiful trucks, you know, they're like 30, $40,000 trucks on 50, $60,000",true
2662.0,2026-09-07 20:00:53,@z28diablo,,"Should be a Tomato night, every time they laugh at their own joke, Chino and the crowd fire away",positive,vader,Sasha & Craig,"looking to the right. Then look to the left again. >> Very good at that. >> Oh, all right. We having fun. So sometimes when I I walk across a parking lot cuz locally we got these beautiful trucks, you know, they're like 30, $40,000 trucks on 50, $60,000 suspensions.",true
2675.0,2026-09-07 20:01:06,@HollywoodStar2026,,Craig is a great lifeguard because he's a flotation device,positive,vader,Sasha & Craig,"sometimes when I I walk across a parking lot cuz locally we got these beautiful trucks, you know, they're like 30, $40,000 trucks on 50, $60,000 suspensions. And I stop and stare. I admit it. Right. So I like to just stop talk to some local guy. Hey, should I be embarrassed to admit? I like to look under the skirts of other men's trucks. Oh, have",true
2695.0,2026-09-07 20:01:26,@QUINNHAMELIN,,Predator sure he should hunt more jokes,positive,vader,Sasha & Craig,"skirts of other men's trucks. Oh, have you seen those front ends? They're so beautiful. And then the guy goes, ""Oh, me, too. And have you seen the rear ends, bro?"" That's my truck joke. Anyway, I like I like looking at other people's big trucks, but they're like a really expensive girlfriend. I'm glad you got one. I like looking at her, but uh I don't want one for myself.",true
2696.0,2026-09-07 20:01:27,@TheSupercorky,,:tomato::tomato::tomato::tomato::tomato::tomato::tomato::tomato::tomato::tomato:,neutral,vader,Sasha & Craig,"you seen those front ends? They're so beautiful. And then the guy goes, ""Oh, me, too. And have you seen the rear ends, bro?"" That's my truck joke. Anyway, I like I like looking at other people's big trucks, but they're like a really expensive girlfriend. I'm glad you got one. I like looking at her, but uh I don't want one for myself.",true
2698.0,2026-09-07 20:01:29,@legendarystuff,,shut it down terrible,negative,vader,Sasha & Craig,"beautiful. And then the guy goes, ""Oh, me, too. And have you seen the rear ends, bro?"" That's my truck joke. Anyway, I like I like looking at other people's big trucks, but they're like a really expensive girlfriend. I'm glad you got one. I like looking at her, but uh I don't want one for myself. >> Yeah. I I really know nothing about",true
2708.0,2026-09-07 20:01:39,@avery42069,,They found the truck on the apps,neutral,vader,Sasha & Craig,"like looking at other people's big trucks, but they're like a really expensive girlfriend. I'm glad you got one. I like looking at her, but uh I don't want one for myself. >> Yeah. I I really know nothing about trucks. When I see those kind of trucks, the lifted ones, I I'm a huge nerd, so I'm just like, that looks like a really disappointing transformer. Like, it",true
2717.0,2026-09-07 20:01:48,@TheSupercorky,,You don't have to fill the full 10 minutes,neutral,vader,Sasha & Craig,">> Yeah. I I really know nothing about trucks. When I see those kind of trucks, the lifted ones, I I'm a huge nerd, so I'm just like, that looks like a really disappointing transformer. Like, it looks like it's about to transform into something cool, but then it never does. Uh, huge disappointment. Can't I can't get on board with the trucks. I'm sorry.",true
2719.0,2026-09-07 20:01:50,@ineverlutes,,the drunk mitch hedberg bombs starting to wince ,negative,vader,Sasha & Craig,"trucks. When I see those kind of trucks, the lifted ones, I I'm a huge nerd, so I'm just like, that looks like a really disappointing transformer. Like, it looks like it's about to transform into something cool, but then it never does. Uh, huge disappointment. Can't I can't get on board with the trucks. I'm sorry. It's It's very uncool of me as a person",true
2720.0,2026-09-07 20:01:51,@CarlCramer88,,Somebody turn the lights off,neutral,vader,Sasha & Craig,"trucks. When I see those kind of trucks, the lifted ones, I I'm a huge nerd, so I'm just like, that looks like a really disappointing transformer. Like, it looks like it's about to transform into something cool, but then it never does. Uh, huge disappointment. Can't I can't get on board with the trucks. I'm sorry. It's It's very uncool of me as a person",true
2728.0,2026-09-07 20:01:59,@whisperingbeeasmr,,shut the whole place down...call the authorities,neutral,vader,Sasha & Craig,"disappointing transformer. Like, it looks like it's about to transform into something cool, but then it never does. Uh, huge disappointment. Can't I can't get on board with the trucks. I'm sorry. It's It's very uncool of me as a person born and raised on Maui to not like those trucks. But >> yeah, I love my Toyota car.",true
2735.0,2026-09-07 20:02:06,@BrianSV1985,,what is this abomination,neutral,vader,Sasha & Craig,"Uh, huge disappointment. Can't I can't get on board with the trucks. I'm sorry. It's It's very uncool of me as a person born and raised on Maui to not like those trucks. But >> yeah, I love my Toyota car. gets like 35 miles to the gallon. >> Yeah, that's a big dick car. The more sensible the car, the bigger",true
2738.0,2026-09-07 20:02:09,@HollywoodStar2026,,Dora is not a good listener. she'd be an improv nightnare,negative,vader,Sasha & Craig,"get on board with the trucks. I'm sorry. It's It's very uncool of me as a person born and raised on Maui to not like those trucks. But >> yeah, I love my Toyota car. gets like 35 miles to the gallon. >> Yeah, that's a big dick car. The more sensible the car, the bigger the dick. The more ridiculous the vehicle, the smaller the dick. And it's",true
2738.0,2026-09-07 20:02:09,@joshuabutterwick3156,,FLASH THE RED LIGHT,neutral,vader,Sasha & Craig,"get on board with the trucks. I'm sorry. It's It's very uncool of me as a person born and raised on Maui to not like those trucks. But >> yeah, I love my Toyota car. gets like 35 miles to the gallon. >> Yeah, that's a big dick car. The more sensible the car, the bigger the dick. The more ridiculous the vehicle, the smaller the dick. And it's",true
2748.0,2026-09-07 20:02:19,@TheSupercorky,,Security,positive,vader,Sasha & Craig,">> yeah, I love my Toyota car. gets like 35 miles to the gallon. >> Yeah, that's a big dick car. The more sensible the car, the bigger the dick. The more ridiculous the vehicle, the smaller the dick. And it's always true. It's like ladies, like you're looking for a guy in a Prius. Trust me.",true
2753.0,2026-09-07 20:02:24,@OntologicallySteve,,Gordon Ramsey is gonna show up and declare them rotten.,negative,vader,Sasha & Craig,">> Yeah, that's a big dick car. The more sensible the car, the bigger the dick. The more ridiculous the vehicle, the smaller the dick. And it's always true. It's like ladies, like you're looking for a guy in a Prius. Trust me. God, this girl is so awesome. Oh my god,",true
2754.0,2026-09-07 20:02:25,@BrianKirk-wi6kd,,Jimbo pull the fire alarm,negative,vader,Sasha & Craig,"The more sensible the car, the bigger the dick. The more ridiculous the vehicle, the smaller the dick. And it's always true. It's like ladies, like you're looking for a guy in a Prius. Trust me. God, this girl is so awesome. Oh my god, it's so cool. Anyway, shoot. So, I'm in",true
2755.0,2026-09-07 20:02:26,@S.D.L-m1j,,We're in the back rooms of comedy :grinning_squinting_face:,positive,vader,Sasha & Craig,"The more sensible the car, the bigger the dick. The more ridiculous the vehicle, the smaller the dick. And it's always true. It's like ladies, like you're looking for a guy in a Prius. Trust me. God, this girl is so awesome. Oh my god, it's so cool. Anyway, shoot. So, I'm in",true
2760.0,2026-09-07 20:02:31,@joshuabutterwick3156,,I have a feeling this guy's been bit by a pig before,positive,vader,Sasha & Craig,"vehicle, the smaller the dick. And it's always true. It's like ladies, like you're looking for a guy in a Prius. Trust me. God, this girl is so awesome. Oh my god, it's so cool. Anyway, shoot. So, I'm in a ceramics class. If I may recommend you go, if you want to be cool, okay, you",true
2761.0,2026-09-07 20:02:32,@z28diablo,,"Chino, get the hook bro",neutral,vader,Sasha & Craig,"vehicle, the smaller the dick. And it's always true. It's like ladies, like you're looking for a guy in a Prius. Trust me. God, this girl is so awesome. Oh my god, it's so cool. Anyway, shoot. So, I'm in a ceramics class. If I may recommend you go, if you want to be cool, okay, you",true
2763.0,2026-09-07 20:02:34,@someguy9566,,she seems actually low-key great at duos,positive,vader,Sasha & Craig,"always true. It's like ladies, like you're looking for a guy in a Prius. Trust me. God, this girl is so awesome. Oh my god, it's so cool. Anyway, shoot. So, I'm in a ceramics class. If I may recommend you go, if you want to be cool, okay, you you go to school. The community college",true
2767.0,2026-09-07 20:02:38,@TheSupercorky,,You don't have a chance,negative,vader,Sasha & Craig,"you're looking for a guy in a Prius. Trust me. God, this girl is so awesome. Oh my god, it's so cool. Anyway, shoot. So, I'm in a ceramics class. If I may recommend you go, if you want to be cool, okay, you you go to school. The community college is amazing. I'm taking a ceramics class.",true
2769.0,2026-09-07 20:02:40,@ineverlutes,,oh boy ,neutral,vader,Sasha & Craig,"Trust me. God, this girl is so awesome. Oh my god, it's so cool. Anyway, shoot. So, I'm in a ceramics class. If I may recommend you go, if you want to be cool, okay, you you go to school. The community college is amazing. I'm taking a ceramics class. I'm getting my hands on some clay for the first time. And I just realized, oh,",true
2770.0,2026-09-07 20:02:41,@JimboTheComic,,Sorry chat I blacked out in the bathroom ,negative,vader,Sasha & Craig,"Trust me. God, this girl is so awesome. Oh my god, it's so cool. Anyway, shoot. So, I'm in a ceramics class. If I may recommend you go, if you want to be cool, okay, you you go to school. The community college is amazing. I'm taking a ceramics class. I'm getting my hands on some clay for the first time. And I just realized, oh,",true
2774.0,2026-09-07 20:02:45,@JimboTheComic,,Did I ,neutral,vader,Sasha & Craig,"God, this girl is so awesome. Oh my god, it's so cool. Anyway, shoot. So, I'm in a ceramics class. If I may recommend you go, if you want to be cool, okay, you you go to school. The community college is amazing. I'm taking a ceramics class. I'm getting my hands on some clay for the first time. And I just realized, oh, I really want to ask my teacher if I can",true
2779.0,2026-09-07 20:02:50,@JimboTheComic,,Survive ,neutral,vader,Sasha & Craig,"a ceramics class. If I may recommend you go, if you want to be cool, okay, you you go to school. The community college is amazing. I'm taking a ceramics class. I'm getting my hands on some clay for the first time. And I just realized, oh, I really want to ask my teacher if I can if I can try to construct a vagina in clay. Not that there's anything wrong",true
2783.0,2026-09-07 20:02:54,@JimboTheComic,,Or am I dead,positive,phrase_or_manual,Sasha & Craig,"you go to school. The community college is amazing. I'm taking a ceramics class. I'm getting my hands on some clay for the first time. And I just realized, oh, I really want to ask my teacher if I can if I can try to construct a vagina in clay. Not that there's anything wrong with that or I just I just want to ask her that now that I thought of it.",true
2784.0,2026-09-07 20:02:55,@S.D.L-m1j,,jimbo:face-green-smiling:,neutral,vader,Sasha & Craig,"you go to school. The community college is amazing. I'm taking a ceramics class. I'm getting my hands on some clay for the first time. And I just realized, oh, I really want to ask my teacher if I can if I can try to construct a vagina in clay. Not that there's anything wrong with that or I just I just want to ask her that now that I thought of it. >> I'm not sure if I really want to even do",true
2785.0,2026-09-07 20:02:56,@legendarystuff,,he ruined it,negative,vader,Sasha & Craig,"you go to school. The community college is amazing. I'm taking a ceramics class. I'm getting my hands on some clay for the first time. And I just realized, oh, I really want to ask my teacher if I can if I can try to construct a vagina in clay. Not that there's anything wrong with that or I just I just want to ask her that now that I thought of it. >> I'm not sure if I really want to even do it. I just want to ask her that.",true
2790.0,2026-09-07 20:03:01,@ineverlutes,,jimbo u did great up there ,positive,vader,Sasha & Craig,"the first time. And I just realized, oh, I really want to ask my teacher if I can if I can try to construct a vagina in clay. Not that there's anything wrong with that or I just I just want to ask her that now that I thought of it. >> I'm not sure if I really want to even do it. I just want to ask her that. >> Yeah, you can make one of those cups like they have on the International Space Station. Has anybody seen the",true
2791.0,2026-09-07 20:03:02,@avery42069,,Jimbo on life support rn,positive,vader,Sasha & Craig,"the first time. And I just realized, oh, I really want to ask my teacher if I can if I can try to construct a vagina in clay. Not that there's anything wrong with that or I just I just want to ask her that now that I thought of it. >> I'm not sure if I really want to even do it. I just want to ask her that. >> Yeah, you can make one of those cups like they have on the International Space Station. Has anybody seen the coffee cups that they have on the",true
2792.0,2026-09-07 20:03:03,@OntologicallySteve,,I have a feeling this guy has bitten a few pigs,positive,vader,Sasha & Craig,"the first time. And I just realized, oh, I really want to ask my teacher if I can if I can try to construct a vagina in clay. Not that there's anything wrong with that or I just I just want to ask her that now that I thought of it. >> I'm not sure if I really want to even do it. I just want to ask her that. >> Yeah, you can make one of those cups like they have on the International Space Station. Has anybody seen the coffee cups that they have on the International Space Station? They they",true
2792.0,2026-09-07 20:03:03,@z28diablo,,Another rufie steak Jimbo?,neutral,vader,Sasha & Craig,"the first time. And I just realized, oh, I really want to ask my teacher if I can if I can try to construct a vagina in clay. Not that there's anything wrong with that or I just I just want to ask her that now that I thought of it. >> I'm not sure if I really want to even do it. I just want to ask her that. >> Yeah, you can make one of those cups like they have on the International Space Station. Has anybody seen the coffee cups that they have on the International Space Station? They they",true
2795.0,2026-09-07 20:03:06,@JimboTheComic,,It’s one more duo than me and my mystery bf ,neutral,vader,Sasha & Craig,"I really want to ask my teacher if I can if I can try to construct a vagina in clay. Not that there's anything wrong with that or I just I just want to ask her that now that I thought of it. >> I'm not sure if I really want to even do it. I just want to ask her that. >> Yeah, you can make one of those cups like they have on the International Space Station. Has anybody seen the coffee cups that they have on the International Space Station? They they literally look like [ __ ] And it's",true
2799.0,2026-09-07 20:03:10,@CarlCramer88,,Jimbo went to the bathroom to jerk off to his jokes,negative,vader,Sasha & Craig,"clay. Not that there's anything wrong with that or I just I just want to ask her that now that I thought of it. >> I'm not sure if I really want to even do it. I just want to ask her that. >> Yeah, you can make one of those cups like they have on the International Space Station. Has anybody seen the coffee cups that they have on the International Space Station? They they literally look like [ __ ] And it's because it allows you to drink coffee in zero gravity without it spilling all over you. I'm not kidding. Google it.",true
2799.0,2026-09-07 20:03:10,@radiostarkilla21,,They’re so supportive of each other,positive,vader,Sasha & Craig,"clay. Not that there's anything wrong with that or I just I just want to ask her that now that I thought of it. >> I'm not sure if I really want to even do it. I just want to ask her that. >> Yeah, you can make one of those cups like they have on the International Space Station. Has anybody seen the coffee cups that they have on the International Space Station? They they literally look like [ __ ] And it's because it allows you to drink coffee in zero gravity without it spilling all over you. I'm not kidding. Google it.",true
2804.0,2026-09-07 20:03:15,@BrianKirk-wi6kd,,Jimbo doing Coke in the bathroom,neutral,vader,Sasha & Craig,">> I'm not sure if I really want to even do it. I just want to ask her that. >> Yeah, you can make one of those cups like they have on the International Space Station. Has anybody seen the coffee cups that they have on the International Space Station? They they literally look like [ __ ] And it's because it allows you to drink coffee in zero gravity without it spilling all over you. I'm not kidding. Google it. Uh, you know, for some reason my Instagram feed when things look like",true
2809.0,2026-09-07 20:03:20,@JimboTheComic,,Lutes that’s fucking funny lol I was like oh shit ,positive,vader,Sasha & Craig,"Space Station. Has anybody seen the coffee cups that they have on the International Space Station? They they literally look like [ __ ] And it's because it allows you to drink coffee in zero gravity without it spilling all over you. I'm not kidding. Google it. Uh, you know, for some reason my Instagram feed when things look like dicks and [ __ ] they always show up in the feed and then I go straight to the comments to see how many people said that it looked like a dick or [ __ ] and",true
2810.0,2026-09-07 20:03:21,@TheSupercorky,,Chino!,neutral,vader,Sasha & Craig,"coffee cups that they have on the International Space Station? They they literally look like [ __ ] And it's because it allows you to drink coffee in zero gravity without it spilling all over you. I'm not kidding. Google it. Uh, you know, for some reason my Instagram feed when things look like dicks and [ __ ] they always show up in the feed and then I go straight to the comments to see how many people said that it looked like a dick or [ __ ] and",true
2811.0,2026-09-07 20:03:22,@QUINNHAMELIN,,She's an expert on dicks,neutral,vader,Sasha & Craig,"coffee cups that they have on the International Space Station? They they literally look like [ __ ] And it's because it allows you to drink coffee in zero gravity without it spilling all over you. I'm not kidding. Google it. Uh, you know, for some reason my Instagram feed when things look like dicks and [ __ ] they always show up in the feed and then I go straight to the comments to see how many people said that it looked like a dick or [ __ ] and then everybody does. And then there's",true
2814.0,2026-09-07 20:03:25,@JimboTheComic,,Brian you snitch ,neutral,vader,Sasha & Craig,"literally look like [ __ ] And it's because it allows you to drink coffee in zero gravity without it spilling all over you. I'm not kidding. Google it. Uh, you know, for some reason my Instagram feed when things look like dicks and [ __ ] they always show up in the feed and then I go straight to the comments to see how many people said that it looked like a dick or [ __ ] and then everybody does. And then there's always one person that's like real mature. everybody.",true
2820.0,2026-09-07 20:03:31,@avery42069,,Google it on one of the apps,neutral,vader,Sasha & Craig,"over you. I'm not kidding. Google it. Uh, you know, for some reason my Instagram feed when things look like dicks and [ __ ] they always show up in the feed and then I go straight to the comments to see how many people said that it looked like a dick or [ __ ] and then everybody does. And then there's always one person that's like real mature. everybody. But it does. It looks like a [ __ ]",true
2831.0,2026-09-07 20:03:42,@radiostarkilla21,,Jimbo bout to go full schizophrenic ,neutral,vader,Sasha & Craig,"then everybody does. And then there's always one person that's like real mature. everybody. But it does. It looks like a [ __ ] >> So, uh, what do you think? How many How many minutes have we used? >> Got two minutes left. >> 2 minutes left. >> What you think? >> 8 minutes.",true
2835.0,2026-09-07 20:03:46,@JimboTheComic,,2 mins left chino said FYI he said that out loud ,positive,vader,Sasha & Craig,"mature. everybody. But it does. It looks like a [ __ ] >> So, uh, what do you think? How many How many minutes have we used? >> Got two minutes left. >> 2 minutes left. >> What you think? >> 8 minutes. >> I got one. >> That's impressive. >> I got one thing I'd like to share with you.",true
2836.0,2026-09-07 20:03:47,@OhHerroMyNameJim,,"I mean, I can't lie, I'd bomb from anxiety too. I'd had to take 2-3 xanax before doin this shh. I feel like bombing would be a legit nightmare:face_with_tears_of_joy:",positive,vader,Sasha & Craig,"mature. everybody. But it does. It looks like a [ __ ] >> So, uh, what do you think? How many How many minutes have we used? >> Got two minutes left. >> 2 minutes left. >> What you think? >> 8 minutes. >> I got one. >> That's impressive. >> I got one thing I'd like to share with you. >> Put that on the profile.",true
2839.0,2026-09-07 20:03:50,@HollywoodStar2026,,"write a joke about the nasa twat cup, sasha",negative,vader,Sasha & Craig,"But it does. It looks like a [ __ ] >> So, uh, what do you think? How many How many minutes have we used? >> Got two minutes left. >> 2 minutes left. >> What you think? >> 8 minutes. >> I got one. >> That's impressive. >> I got one thing I'd like to share with you. >> Put that on the profile. >> Have you uh Have you heard of this thing called earththing? Have you heard of",true
2839.0,2026-09-07 20:03:50,@joshuabutterwick3156,,"when these 2, fight she gets mad because he won't give her any pussy",negative,vader,Sasha & Craig,"But it does. It looks like a [ __ ] >> So, uh, what do you think? How many How many minutes have we used? >> Got two minutes left. >> 2 minutes left. >> What you think? >> 8 minutes. >> I got one. >> That's impressive. >> I got one thing I'd like to share with you. >> Put that on the profile. >> Have you uh Have you heard of this thing called earththing? Have you heard of",true
2840.0,2026-09-07 20:03:51,@Pinkskinnedgoblin,,lol,positive,vader,Sasha & Craig,"But it does. It looks like a [ __ ] >> So, uh, what do you think? How many How many minutes have we used? >> Got two minutes left. >> 2 minutes left. >> What you think? >> 8 minutes. >> I got one. >> That's impressive. >> I got one thing I'd like to share with you. >> Put that on the profile. >> Have you uh Have you heard of this thing called earththing? Have you heard of earththing? >> Earththing. You know when you touch your",true
2843.0,2026-09-07 20:03:54,@Pinkskinnedgoblin,,Lmfao,positive,vader,Sasha & Craig,">> So, uh, what do you think? How many How many minutes have we used? >> Got two minutes left. >> 2 minutes left. >> What you think? >> 8 minutes. >> I got one. >> That's impressive. >> I got one thing I'd like to share with you. >> Put that on the profile. >> Have you uh Have you heard of this thing called earththing? Have you heard of earththing? >> Earththing. You know when you touch your feet to the ground, you're connected",true
2846.0,2026-09-07 20:03:57,@S.D.L-m1j,,she reminds me of the 80s newspaper cartoon Kathy..lol,neutral,vader,Sasha & Craig,">> Got two minutes left. >> 2 minutes left. >> What you think? >> 8 minutes. >> I got one. >> That's impressive. >> I got one thing I'd like to share with you. >> Put that on the profile. >> Have you uh Have you heard of this thing called earththing? Have you heard of earththing? >> Earththing. You know when you touch your feet to the ground, you're connected electrically. >> Oh, that's some like hippie white people",true
2848.0,2026-09-07 20:03:59,@OntologicallySteve,,"Id you turned the lights off, she'd do in a pinch",neutral,vader,Sasha & Craig,">> 2 minutes left. >> What you think? >> 8 minutes. >> I got one. >> That's impressive. >> I got one thing I'd like to share with you. >> Put that on the profile. >> Have you uh Have you heard of this thing called earththing? Have you heard of earththing? >> Earththing. You know when you touch your feet to the ground, you're connected electrically. >> Oh, that's some like hippie white people",true
2849.0,2026-09-07 20:04:00,@TheSupercorky,,I'm not impressed,negative,vader,Sasha & Craig,">> What you think? >> 8 minutes. >> I got one. >> That's impressive. >> I got one thing I'd like to share with you. >> Put that on the profile. >> Have you uh Have you heard of this thing called earththing? Have you heard of earththing? >> Earththing. You know when you touch your feet to the ground, you're connected electrically. >> Oh, that's some like hippie white people >> Yeah. >> Well, you are",true
2850.0,2026-09-07 20:04:01,@Pinkskinnedgoblin,,He’s like FUUUUUUCK,positive,vader,Sasha & Craig,">> 8 minutes. >> I got one. >> That's impressive. >> I got one thing I'd like to share with you. >> Put that on the profile. >> Have you uh Have you heard of this thing called earththing? Have you heard of earththing? >> Earththing. You know when you touch your feet to the ground, you're connected electrically. >> Oh, that's some like hippie white people >> Yeah. >> Well, you are",true
2852.0,2026-09-07 20:04:03,@Conrad2311,,Tim Dillon needs a haircut ,neutral,vader,Sasha & Craig,">> That's impressive. >> I got one thing I'd like to share with you. >> Put that on the profile. >> Have you uh Have you heard of this thing called earththing? Have you heard of earththing? >> Earththing. You know when you touch your feet to the ground, you're connected electrically. >> Oh, that's some like hippie white people >> Yeah. >> Well, you are continue. >> When Paltro is a big believer speak.",true
2858.0,2026-09-07 20:04:09,@avery42069,,Jimbo is like Kyle Gass if he never met Jack Black,positive,vader,Sasha & Craig,"earththing? >> Earththing. You know when you touch your feet to the ground, you're connected electrically. >> Oh, that's some like hippie white people >> Yeah. >> Well, you are continue. >> When Paltro is a big believer speak. >> Oh, does she sell it on goop? >> Anyway, so the idea is if you're you if",true
2860.0,2026-09-07 20:04:11,@HollywoodStar2026,,have a secret clock like the emu-michigan game,positive,vader,Sasha & Craig,">> Earththing. You know when you touch your feet to the ground, you're connected electrically. >> Oh, that's some like hippie white people >> Yeah. >> Well, you are continue. >> When Paltro is a big believer speak. >> Oh, does she sell it on goop? >> Anyway, so the idea is if you're you if you don't have rubber between yourself",true
2864.0,2026-09-07 20:04:15,@Hackofalltrades-mh5fq,,grounding?,neutral,vader,Sasha & Craig,"electrically. >> Oh, that's some like hippie white people >> Yeah. >> Well, you are continue. >> When Paltro is a big believer speak. >> Oh, does she sell it on goop? >> Anyway, so the idea is if you're you if you don't have rubber between yourself and the earth that it's good for you,",true
2869.0,2026-09-07 20:04:20,@avery42069,,Craig I mean lol,positive,vader,Sasha & Craig,">> Well, you are continue. >> When Paltro is a big believer speak. >> Oh, does she sell it on goop? >> Anyway, so the idea is if you're you if you don't have rubber between yourself and the earth that it's good for you, right? It's uh you're electrically connected like a grounded wire. So, that's this idea. There's a movie about",true
2875.0,2026-09-07 20:04:26,@ineverlutes,,this is kinda lit ngl ,neutral,vader,Sasha & Craig,">> Oh, does she sell it on goop? >> Anyway, so the idea is if you're you if you don't have rubber between yourself and the earth that it's good for you, right? It's uh you're electrically connected like a grounded wire. So, that's this idea. There's a movie about it. Whatever. I don't know. I don't know. Anyway, if if it's true",true
2879.0,2026-09-07 20:04:30,@HollywoodStar2026,,WMU-Mich game,neutral,vader,Sasha & Craig,"you don't have rubber between yourself and the earth that it's good for you, right? It's uh you're electrically connected like a grounded wire. So, that's this idea. There's a movie about it. Whatever. I don't know. I don't know. Anyway, if if it's true that just like touching the earth with your feet is good for you, right?",true
2880.0,2026-09-07 20:04:31,@z28diablo,,Jimbo is going to pair with the chair and tell IKEA jokes,positive,vader,Sasha & Craig,"you don't have rubber between yourself and the earth that it's good for you, right? It's uh you're electrically connected like a grounded wire. So, that's this idea. There's a movie about it. Whatever. I don't know. I don't know. Anyway, if if it's true that just like touching the earth with your feet is good for you, right?",true
2882.0,2026-09-07 20:04:33,@legendarystuff,,end it,neutral,vader,Sasha & Craig,"you don't have rubber between yourself and the earth that it's good for you, right? It's uh you're electrically connected like a grounded wire. So, that's this idea. There's a movie about it. Whatever. I don't know. I don't know. Anyway, if if it's true that just like touching the earth with your feet is good for you, right? >> Okay. >> Then like if you jump into the water in",true
2887.0,2026-09-07 20:04:38,@TheSupercorky,,:tomato::tomato::tomato::chair::tomato::tomato::tomato::tomato:,neutral,vader,Sasha & Craig,"connected like a grounded wire. So, that's this idea. There's a movie about it. Whatever. I don't know. I don't know. Anyway, if if it's true that just like touching the earth with your feet is good for you, right? >> Okay. >> Then like if you jump into the water in the ocean, the pool, a lake, a stream, then that's kind of like making love to",true
2887.0,2026-09-07 20:04:38,@QUINNHAMELIN,,2 minutes is too long,neutral,vader,Sasha & Craig,"connected like a grounded wire. So, that's this idea. There's a movie about it. Whatever. I don't know. I don't know. Anyway, if if it's true that just like touching the earth with your feet is good for you, right? >> Okay. >> Then like if you jump into the water in the ocean, the pool, a lake, a stream, then that's kind of like making love to",true
2889.0,2026-09-07 20:04:40,@JukeSidewalker-r5m,,This dude looks the way stale beer smells,neutral,vader,Sasha & Craig,"that's this idea. There's a movie about it. Whatever. I don't know. I don't know. Anyway, if if it's true that just like touching the earth with your feet is good for you, right? >> Okay. >> Then like if you jump into the water in the ocean, the pool, a lake, a stream, then that's kind of like making love to the planet.",true
2900.0,2026-09-07 20:04:51,@HollywoodStar2026,,Jimbo+ Chair. ahh romance,positive,vader,Sasha & Craig,">> Okay. >> Then like if you jump into the water in the ocean, the pool, a lake, a stream, then that's kind of like making love to the planet. >> I mean, you're going to get an STD. >> You're touching the earth on every millimeter of your body. So, it's got to be the healthiest thing ever. I mean to the planet though like at the very least",true
2901.0,2026-09-07 20:04:52,@ineverlutes,,@juke lmao,positive,vader,Sasha & Craig,">> Okay. >> Then like if you jump into the water in the ocean, the pool, a lake, a stream, then that's kind of like making love to the planet. >> I mean, you're going to get an STD. >> You're touching the earth on every millimeter of your body. So, it's got to be the healthiest thing ever. I mean to the planet though like at the very least the earth has the clap. I'm sorry. Like",true
2907.0,2026-09-07 20:04:58,@TheSupercorky,,:tomato::tomato::tomato::tomato::tomato::tomato::tomato::tomato::tomato::tomato::tomato::tomato:,neutral,vader,Sasha & Craig,"then that's kind of like making love to the planet. >> I mean, you're going to get an STD. >> You're touching the earth on every millimeter of your body. So, it's got to be the healthiest thing ever. I mean to the planet though like at the very least the earth has the clap. I'm sorry. Like you know wear a rubber if you're gonna the staff infection might be.",true
2907.0,2026-09-07 20:04:58,@adawg1111,,he actually had nicer hair than her,positive,vader,Sasha & Craig,"then that's kind of like making love to the planet. >> I mean, you're going to get an STD. >> You're touching the earth on every millimeter of your body. So, it's got to be the healthiest thing ever. I mean to the planet though like at the very least the earth has the clap. I'm sorry. Like you know wear a rubber if you're gonna the staff infection might be.",true
2908.0,2026-09-07 20:04:59,@legendarystuff,,stop Craig go home,negative,vader,Sasha & Craig,"the planet. >> I mean, you're going to get an STD. >> You're touching the earth on every millimeter of your body. So, it's got to be the healthiest thing ever. I mean to the planet though like at the very least the earth has the clap. I'm sorry. Like you know wear a rubber if you're gonna the staff infection might be. >> Okay.",true
2910.0,2026-09-07 20:05:01,@OhHerroMyNameJim,,Why is she nippin out,neutral,vader,Sasha & Craig,">> I mean, you're going to get an STD. >> You're touching the earth on every millimeter of your body. So, it's got to be the healthiest thing ever. I mean to the planet though like at the very least the earth has the clap. I'm sorry. Like you know wear a rubber if you're gonna the staff infection might be. >> Okay. >> But I think it's kind of Anyway, so that",true
2919.0,2026-09-07 20:05:10,@Brantnitz,,id smash,neutral,vader,Sasha & Craig,"the planet though like at the very least the earth has the clap. I'm sorry. Like you know wear a rubber if you're gonna the staff infection might be. >> Okay. >> But I think it's kind of Anyway, so that joke may not be funny right now but when you get in the water in the future if you think oh it's like making love to the planet an angel gets its wings. And",true
2920.0,2026-09-07 20:05:11,@S.D.L-m1j,,:loudly_crying_face: I cant..lol,neutral,vader,Sasha & Craig,"the planet though like at the very least the earth has the clap. I'm sorry. Like you know wear a rubber if you're gonna the staff infection might be. >> Okay. >> But I think it's kind of Anyway, so that joke may not be funny right now but when you get in the water in the future if you think oh it's like making love to the planet an angel gets its wings. And",true
2923.0,2026-09-07 20:05:14,@avery42069,,I prefer durfing ,neutral,vader,Sasha & Craig,"the earth has the clap. I'm sorry. Like you know wear a rubber if you're gonna the staff infection might be. >> Okay. >> But I think it's kind of Anyway, so that joke may not be funny right now but when you get in the water in the future if you think oh it's like making love to the planet an angel gets its wings. And if that happens like a year from now then freaking right on. Anyway,",true
2925.0,2026-09-07 20:05:16,@CarlCramer88,,His name is Craig? ,neutral,vader,Sasha & Craig,"you know wear a rubber if you're gonna the staff infection might be. >> Okay. >> But I think it's kind of Anyway, so that joke may not be funny right now but when you get in the water in the future if you think oh it's like making love to the planet an angel gets its wings. And if that happens like a year from now then freaking right on. Anyway,",true
2925.0,2026-09-07 20:05:16,@JimboTheComic,,I love you chat ,positive,vader,Sasha & Craig,"you know wear a rubber if you're gonna the staff infection might be. >> Okay. >> But I think it's kind of Anyway, so that joke may not be funny right now but when you get in the water in the future if you think oh it's like making love to the planet an angel gets its wings. And if that happens like a year from now then freaking right on. Anyway,",true
2926.0,2026-09-07 20:05:17,@TheSupercorky,,:tomato::tomato::tomato::tomato::tomato::tomato::tomato::tomato::tomato::tomato::tomato::tomato::tomato::tomato::tomato::tomato::tomato::tomato::tomato::tomato::tomato::tomato::tomato::tomato:,neutral,vader,Sasha & Craig,"the staff infection might be. >> Okay. >> But I think it's kind of Anyway, so that joke may not be funny right now but when you get in the water in the future if you think oh it's like making love to the planet an angel gets its wings. And if that happens like a year from now then freaking right on. Anyway, >> don't you have like a water thing going",true
2929.0,2026-09-07 20:05:20,@JimboTheComic,,I really do ,neutral,vader,Sasha & Craig,">> But I think it's kind of Anyway, so that joke may not be funny right now but when you get in the water in the future if you think oh it's like making love to the planet an angel gets its wings. And if that happens like a year from now then freaking right on. Anyway, >> don't you have like a water thing going on >> at airport?",true
2931.0,2026-09-07 20:05:22,@CarlCramer88,,What a stupid name,negative,vader,Sasha & Craig,"joke may not be funny right now but when you get in the water in the future if you think oh it's like making love to the planet an angel gets its wings. And if that happens like a year from now then freaking right on. Anyway, >> don't you have like a water thing going on >> at airport? >> Oh, yeah. Sophie. Okay. So, yeah, thanks",true
2938.0,2026-09-07 20:05:29,@TheSupercorky,,Go,neutral,vader,Sasha & Craig,"you think oh it's like making love to the planet an angel gets its wings. And if that happens like a year from now then freaking right on. Anyway, >> don't you have like a water thing going on >> at airport? >> Oh, yeah. Sophie. Okay. So, yeah, thanks for thanks for thanks for putting up with us. Uh the Sophie swim is next Sunday at Airport Beach. If you want to",true
2947.0,2026-09-07 20:05:38,@Hackofalltrades-mh5fq,,what?!!,neutral,vader,Sasha & Craig,"on >> at airport? >> Oh, yeah. Sophie. Okay. So, yeah, thanks for thanks for thanks for putting up with us. Uh the Sophie swim is next Sunday at Airport Beach. If you want to do a good thing, if you can swim a mile, come on down and swim a mile and hang out. >> It's right in front of the West End. So, you can annoy all the tourists that were",true
2948.0,2026-09-07 20:05:39,@QUINNHAMELIN,,Please someone laugh,positive,vader,Sasha & Craig,"on >> at airport? >> Oh, yeah. Sophie. Okay. So, yeah, thanks for thanks for thanks for putting up with us. Uh the Sophie swim is next Sunday at Airport Beach. If you want to do a good thing, if you can swim a mile, come on down and swim a mile and hang out. >> It's right in front of the West End. So, you can annoy all the tourists that were",true
2954.0,2026-09-07 20:05:45,@BrianSV1985,,Darlene the explorer and her chubby sidekick,neutral,vader,Sasha & Craig,"for thanks for thanks for putting up with us. Uh the Sophie swim is next Sunday at Airport Beach. If you want to do a good thing, if you can swim a mile, come on down and swim a mile and hang out. >> It's right in front of the West End. So, you can annoy all the tourists that were like, I paid $1,000 to be here and now all the locals are here ruining it. ruin",true
2954.0,2026-09-07 20:05:45,@alisonwayland6057,,I heard that Chair being paired up with Bar Table,neutral,vader,Sasha & Craig,"for thanks for thanks for putting up with us. Uh the Sophie swim is next Sunday at Airport Beach. If you want to do a good thing, if you can swim a mile, come on down and swim a mile and hang out. >> It's right in front of the West End. So, you can annoy all the tourists that were like, I paid $1,000 to be here and now all the locals are here ruining it. ruin",true
2965.0,2026-09-07 20:05:56,@OhHerroMyNameJim,,Longest two minutes ever,neutral,vader,Sasha & Craig,">> It's right in front of the West End. So, you can annoy all the tourists that were like, I paid $1,000 to be here and now all the locals are here ruining it. ruin things for tourists. And unless you are a tourist, then I'm I'm sorry. Welcome to Maui. >> All right. Aloha. Thank you everybody. Well, and I got a YouTube channel called All Good Things and All Good Time. I got",true
2968.0,2026-09-07 20:05:59,@HollywoodStar2026,,no one is listening except us,negative,vader,Sasha & Craig,"you can annoy all the tourists that were like, I paid $1,000 to be here and now all the locals are here ruining it. ruin things for tourists. And unless you are a tourist, then I'm I'm sorry. Welcome to Maui. >> All right. Aloha. Thank you everybody. Well, and I got a YouTube channel called All Good Things and All Good Time. I got 7,000 subscribers. I'm trying to get to eight, maybe uh 10. Get that black.",true
2970.0,2026-09-07 20:06:01,@TheSupercorky,,Go,neutral,vader,Sasha & Craig,"like, I paid $1,000 to be here and now all the locals are here ruining it. ruin things for tourists. And unless you are a tourist, then I'm I'm sorry. Welcome to Maui. >> All right. Aloha. Thank you everybody. Well, and I got a YouTube channel called All Good Things and All Good Time. I got 7,000 subscribers. I'm trying to get to eight, maybe uh 10. Get that black.",true
2971.0,2026-09-07 20:06:02,@Conrad2311,,He sounds like a slave owner ,positive,vader,Sasha & Craig,"like, I paid $1,000 to be here and now all the locals are here ruining it. ruin things for tourists. And unless you are a tourist, then I'm I'm sorry. Welcome to Maui. >> All right. Aloha. Thank you everybody. Well, and I got a YouTube channel called All Good Things and All Good Time. I got 7,000 subscribers. I'm trying to get to eight, maybe uh 10. Get that black.",true
2977.0,2026-09-07 20:06:08,@S.D.L-m1j,,:police_car_light::police_car_light::police_car_light:,neutral,vader,Sasha & Craig,"a tourist, then I'm I'm sorry. Welcome to Maui. >> All right. Aloha. Thank you everybody. Well, and I got a YouTube channel called All Good Things and All Good Time. I got 7,000 subscribers. I'm trying to get to eight, maybe uh 10. Get that black. Keep it going for Sasha and Craig. Ladies and gentlemen,",true
2979.0,2026-09-07 20:06:10,@OhHerroMyNameJim,,Swiper needs to swiper her tf up outta here,neutral,vader,Sasha & Craig,"to Maui. >> All right. Aloha. Thank you everybody. Well, and I got a YouTube channel called All Good Things and All Good Time. I got 7,000 subscribers. I'm trying to get to eight, maybe uh 10. Get that black. Keep it going for Sasha and Craig. Ladies and gentlemen, if you want more of that and you're",true
2979.0,2026-09-07 20:06:10,@Pinkskinnedgoblin,,Says the Houlie ,neutral,vader,Sasha & Craig,"to Maui. >> All right. Aloha. Thank you everybody. Well, and I got a YouTube channel called All Good Things and All Good Time. I got 7,000 subscribers. I'm trying to get to eight, maybe uh 10. Get that black. Keep it going for Sasha and Craig. Ladies and gentlemen, if you want more of that and you're",true
2984.0,2026-09-07 20:06:15,@ineverlutes,,:clapping_hands::clapping_hands::clapping_hands:,neutral,vader,Sasha & Craig,"All Good Things and All Good Time. I got 7,000 subscribers. I'm trying to get to eight, maybe uh 10. Get that black. Keep it going for Sasha and Craig. Ladies and gentlemen, if you want more of that and you're single, check your local dating apps. That's what's waiting for you. All right. You got one man, one one woman.",true
2986.0,2026-09-07 20:06:17,@CarlCramer88,,I’m gonna look up his YouTube channel just a comment that he fucking sucks,negative,vader,Sasha & Craig,"7,000 subscribers. I'm trying to get to eight, maybe uh 10. Get that black. Keep it going for Sasha and Craig. Ladies and gentlemen, if you want more of that and you're single, check your local dating apps. That's what's waiting for you. All right. You got one man, one one woman.",true
2986.0,2026-09-07 20:06:17,@AdamAdam-vu3qt,,Atleast her tits were nice to look at. ,positive,vader,Sasha & Craig,"7,000 subscribers. I'm trying to get to eight, maybe uh 10. Get that black. Keep it going for Sasha and Craig. Ladies and gentlemen, if you want more of that and you're single, check your local dating apps. That's what's waiting for you. All right. You got one man, one one woman.",true
2986.0,2026-09-07 20:06:17,@avery42069,,Look him up on the apps,neutral,vader,Sasha & Craig,"7,000 subscribers. I'm trying to get to eight, maybe uh 10. Get that black. Keep it going for Sasha and Craig. Ladies and gentlemen, if you want more of that and you're single, check your local dating apps. That's what's waiting for you. All right. You got one man, one one woman.",true
2988.0,2026-09-07 20:06:19,@JimboTheComic,,Ok how we doin chat we good?!,positive,vader,Sasha & Craig,"7,000 subscribers. I'm trying to get to eight, maybe uh 10. Get that black. Keep it going for Sasha and Craig. Ladies and gentlemen, if you want more of that and you're single, check your local dating apps. That's what's waiting for you. All right. You got one man, one one woman. You know, depending what you're looking for, that's what's in the singles list.",true
2990.0,2026-09-07 20:06:21,@TheSupercorky,,Fuck,negative,vader,Sasha & Craig,"7,000 subscribers. I'm trying to get to eight, maybe uh 10. Get that black. Keep it going for Sasha and Craig. Ladies and gentlemen, if you want more of that and you're single, check your local dating apps. That's what's waiting for you. All right. You got one man, one one woman. You know, depending what you're looking for, that's what's in the singles list. Everybody who's in a relationship right",true
2991.0,2026-09-07 20:06:22,@legendarystuff,,get off stage craig,neutral,vader,Sasha & Craig,"eight, maybe uh 10. Get that black. Keep it going for Sasha and Craig. Ladies and gentlemen, if you want more of that and you're single, check your local dating apps. That's what's waiting for you. All right. You got one man, one one woman. You know, depending what you're looking for, that's what's in the singles list. Everybody who's in a relationship right",true
2993.0,2026-09-07 20:06:24,@Pinkskinnedgoblin,,White girl calls the others tourists rich ,positive,vader,Sasha & Craig,"Keep it going for Sasha and Craig. Ladies and gentlemen, if you want more of that and you're single, check your local dating apps. That's what's waiting for you. All right. You got one man, one one woman. You know, depending what you're looking for, that's what's in the singles list. Everybody who's in a relationship right now is just like, ""Oh, thank God.""",true
2994.0,2026-09-07 20:06:25,@radiostarkilla21,,Keep it going?? Stay silent?,neutral,vader,Sasha & Craig,"Keep it going for Sasha and Craig. Ladies and gentlemen, if you want more of that and you're single, check your local dating apps. That's what's waiting for you. All right. You got one man, one one woman. You know, depending what you're looking for, that's what's in the singles list. Everybody who's in a relationship right now is just like, ""Oh, thank God.""",true
3000.0,2026-09-07 20:06:31,@JimboTheComic,,Chat HOW WE DOIN ,neutral,vader,Sasha & Craig,"if you want more of that and you're single, check your local dating apps. That's what's waiting for you. All right. You got one man, one one woman. You know, depending what you're looking for, that's what's in the singles list. Everybody who's in a relationship right now is just like, ""Oh, thank God."" Breathing a sigh of relief. I know it's tough here on my from what I hear. I don't really know. I'm doing just fine.",true
3001.0,2026-09-07 20:06:32,@avery42069,,The apps wooooo,neutral,vader,Sasha & Craig,"single, check your local dating apps. That's what's waiting for you. All right. You got one man, one one woman. You know, depending what you're looking for, that's what's in the singles list. Everybody who's in a relationship right now is just like, ""Oh, thank God."" Breathing a sigh of relief. I know it's tough here on my from what I hear. I don't really know. I'm doing just fine. All right. Uh I'm going to walk around",true
3001.0,2026-09-07 20:06:32,@ineverlutes,,lmao chino,positive,vader,Sasha & Craig,"single, check your local dating apps. That's what's waiting for you. All right. You got one man, one one woman. You know, depending what you're looking for, that's what's in the singles list. Everybody who's in a relationship right now is just like, ""Oh, thank God."" Breathing a sigh of relief. I know it's tough here on my from what I hear. I don't really know. I'm doing just fine. All right. Uh I'm going to walk around",true
3007.0,2026-09-07 20:06:38,@HollywoodStar2026,,how many couples left?,neutral,vader,Sasha & Craig,"You know, depending what you're looking for, that's what's in the singles list. Everybody who's in a relationship right now is just like, ""Oh, thank God."" Breathing a sigh of relief. I know it's tough here on my from what I hear. I don't really know. I'm doing just fine. All right. Uh I'm going to walk around uh with the tip bucket in just a second. Real quick, want to give a shout out to our show sponsor, ladies and gentlemen.",true
3007.0,2026-09-07 20:06:38,@OntologicallySteve,,This guy looks like Judd Apatow's ballsack.,positive,vader,Sasha & Craig,"You know, depending what you're looking for, that's what's in the singles list. Everybody who's in a relationship right now is just like, ""Oh, thank God."" Breathing a sigh of relief. I know it's tough here on my from what I hear. I don't really know. I'm doing just fine. All right. Uh I'm going to walk around uh with the tip bucket in just a second. Real quick, want to give a shout out to our show sponsor, ladies and gentlemen.",true
3013.0,2026-09-07 20:06:44,@JimboTheComic,,IM ON DECK CHAT I NEED YOU TI GET HYPE MFS ,neutral,vader,Sasha & Craig,"now is just like, ""Oh, thank God."" Breathing a sigh of relief. I know it's tough here on my from what I hear. I don't really know. I'm doing just fine. All right. Uh I'm going to walk around uh with the tip bucket in just a second. Real quick, want to give a shout out to our show sponsor, ladies and gentlemen. Highspice hot sauce. That's right. Handmade, locally grown",true
3016.0,2026-09-07 20:06:47,@CarlCramer88,,We were doing good now we are depressed,negative,vader,Sasha & Craig,"Breathing a sigh of relief. I know it's tough here on my from what I hear. I don't really know. I'm doing just fine. All right. Uh I'm going to walk around uh with the tip bucket in just a second. Real quick, want to give a shout out to our show sponsor, ladies and gentlemen. Highspice hot sauce. That's right. Handmade, locally grown hot sauce made here on the island of",true
3017.0,2026-09-07 20:06:48,@S.D.L-m1j,,Jimbo I'm checking my pulse,neutral,vader,Sasha & Craig,"tough here on my from what I hear. I don't really know. I'm doing just fine. All right. Uh I'm going to walk around uh with the tip bucket in just a second. Real quick, want to give a shout out to our show sponsor, ladies and gentlemen. Highspice hot sauce. That's right. Handmade, locally grown hot sauce made here on the island of Maui. I can say handcrafted cuz it's",true
3018.0,2026-09-07 20:06:49,@pijinFPS,,whasssssupppp chadssss,neutral,vader,Sasha & Craig,"tough here on my from what I hear. I don't really know. I'm doing just fine. All right. Uh I'm going to walk around uh with the tip bucket in just a second. Real quick, want to give a shout out to our show sponsor, ladies and gentlemen. Highspice hot sauce. That's right. Handmade, locally grown hot sauce made here on the island of Maui. I can say handcrafted cuz it's",true
3022.0,2026-09-07 20:06:53,@avery42069,,Jimboooo,neutral,vader,Sasha & Craig,"All right. Uh I'm going to walk around uh with the tip bucket in just a second. Real quick, want to give a shout out to our show sponsor, ladies and gentlemen. Highspice hot sauce. That's right. Handmade, locally grown hot sauce made here on the island of Maui. I can say handcrafted cuz it's these hands that craft them. If you want my hands in your mouth, get my hot",true
3024.0,2026-09-07 20:06:55,@AdamAdam-vu3qt,,You can’t be funny with tits. This is laws of nature. ,negative,vader,Sasha & Craig,"uh with the tip bucket in just a second. Real quick, want to give a shout out to our show sponsor, ladies and gentlemen. Highspice hot sauce. That's right. Handmade, locally grown hot sauce made here on the island of Maui. I can say handcrafted cuz it's these hands that craft them. If you want my hands in your mouth, get my hot sauce. I should change that tagline. You",true
3026.0,2026-09-07 20:06:57,@ineverlutes,,JIMBO :folded_hands::folded_hands::folded_hands:,neutral,vader,Sasha & Craig,"Real quick, want to give a shout out to our show sponsor, ladies and gentlemen. Highspice hot sauce. That's right. Handmade, locally grown hot sauce made here on the island of Maui. I can say handcrafted cuz it's these hands that craft them. If you want my hands in your mouth, get my hot sauce. I should change that tagline. You can find it anywhere locally. Uh you can",true
3029.0,2026-09-07 20:07:00,@leedlelee-l2d,,I bet it’s tough look at ts,negative,vader,Sasha & Craig,"our show sponsor, ladies and gentlemen. Highspice hot sauce. That's right. Handmade, locally grown hot sauce made here on the island of Maui. I can say handcrafted cuz it's these hands that craft them. If you want my hands in your mouth, get my hot sauce. I should change that tagline. You can find it anywhere locally. Uh you can find at Monof Foods right down the street. Check us out at the farmers market, swap meat, or on the website.",true
3036.0,2026-09-07 20:07:07,@TheSupercorky,,What was that Jimbo?,neutral,vader,Sasha & Craig,"hot sauce made here on the island of Maui. I can say handcrafted cuz it's these hands that craft them. If you want my hands in your mouth, get my hot sauce. I should change that tagline. You can find it anywhere locally. Uh you can find at Monof Foods right down the street. Check us out at the farmers market, swap meat, or on the website. Type in coms sim10 on icepice.com to get 10% off your order and give us credit",true
3039.0,2026-09-07 20:07:10,@legendarystuff,,yuck,neutral,vader,Sasha & Craig,"these hands that craft them. If you want my hands in your mouth, get my hot sauce. I should change that tagline. You can find it anywhere locally. Uh you can find at Monof Foods right down the street. Check us out at the farmers market, swap meat, or on the website. Type in coms sim10 on icepice.com to get 10% off your order and give us credit for this order. Uh like and subscribe",true
3041.0,2026-09-07 20:07:12,@ineverlutes,,jimbo do the porn as joke ,positive,vader,Sasha & Craig,"my hands in your mouth, get my hot sauce. I should change that tagline. You can find it anywhere locally. Uh you can find at Monof Foods right down the street. Check us out at the farmers market, swap meat, or on the website. Type in coms sim10 on icepice.com to get 10% off your order and give us credit for this order. Uh like and subscribe all the online viewers. All right, we're",true
3042.0,2026-09-07 20:07:13,@BrianSV1985,,Jumbo don't fuck it up!!,positive,vader,Sasha & Craig,"my hands in your mouth, get my hot sauce. I should change that tagline. You can find it anywhere locally. Uh you can find at Monof Foods right down the street. Check us out at the farmers market, swap meat, or on the website. Type in coms sim10 on icepice.com to get 10% off your order and give us credit for this order. Uh like and subscribe all the online viewers. All right, we're going to keep it moving right along. We",true
3043.0,2026-09-07 20:07:14,@joshuabutterwick3156,,SHOW US YOUR TITS,negative,vader,Sasha & Craig,"sauce. I should change that tagline. You can find it anywhere locally. Uh you can find at Monof Foods right down the street. Check us out at the farmers market, swap meat, or on the website. Type in coms sim10 on icepice.com to get 10% off your order and give us credit for this order. Uh like and subscribe all the online viewers. All right, we're going to keep it moving right along. We",true
3043.0,2026-09-07 20:07:14,@radiostarkilla21,,Go jimbo!!!!! You can do it the bar is very very low,negative,vader,Sasha & Craig,"sauce. I should change that tagline. You can find it anywhere locally. Uh you can find at Monof Foods right down the street. Check us out at the farmers market, swap meat, or on the website. Type in coms sim10 on icepice.com to get 10% off your order and give us credit for this order. Uh like and subscribe all the online viewers. All right, we're going to keep it moving right along. We",true
3047.0,2026-09-07 20:07:18,@ineverlutes,,ad*,neutral,vader,Sasha & Craig,"street. Check us out at the farmers market, swap meat, or on the website. Type in coms sim10 on icepice.com to get 10% off your order and give us credit for this order. Uh like and subscribe all the online viewers. All right, we're going to keep it moving right along. We got some more comedians coming to the stage right now. We have a very special guest, a comic joining us all the way",true
3049.0,2026-09-07 20:07:20,@QUINNHAMELIN,,Gross,negative,vader,Sasha & Craig,"street. Check us out at the farmers market, swap meat, or on the website. Type in coms sim10 on icepice.com to get 10% off your order and give us credit for this order. Uh like and subscribe all the online viewers. All right, we're going to keep it moving right along. We got some more comedians coming to the stage right now. We have a very special guest, a comic joining us all the way from Los Angeles, one of my friends, as",true
3051.0,2026-09-07 20:07:22,@JimboTheComic,,Let’s gooooo,neutral,vader,Sasha & Craig,"market, swap meat, or on the website. Type in coms sim10 on icepice.com to get 10% off your order and give us credit for this order. Uh like and subscribe all the online viewers. All right, we're going to keep it moving right along. We got some more comedians coming to the stage right now. We have a very special guest, a comic joining us all the way from Los Angeles, one of my friends, as well as one of our local comics that you",true
3056.0,2026-09-07 20:07:27,@alisonwayland6057,,I feel so violated,negative,vader,Sasha & Craig,"10% off your order and give us credit for this order. Uh like and subscribe all the online viewers. All right, we're going to keep it moving right along. We got some more comedians coming to the stage right now. We have a very special guest, a comic joining us all the way from Los Angeles, one of my friends, as well as one of our local comics that you all know, the Birdman, Eddie V and Aaron Guette. Keep it going.",true
3058.0,2026-09-07 20:07:29,@AdamAdam-vu3qt,,God punished this guy with baldness for not being funny. ,negative,vader,Sasha & Craig,"for this order. Uh like and subscribe all the online viewers. All right, we're going to keep it moving right along. We got some more comedians coming to the stage right now. We have a very special guest, a comic joining us all the way from Los Angeles, one of my friends, as well as one of our local comics that you all know, the Birdman, Eddie V and Aaron Guette. Keep it going.",true
3059.0,2026-09-07 20:07:30,@JimboTheComic,,Edddieeeee vvvv I KNOW HIM ,neutral,vader,Sasha & Craig,"for this order. Uh like and subscribe all the online viewers. All right, we're going to keep it moving right along. We got some more comedians coming to the stage right now. We have a very special guest, a comic joining us all the way from Los Angeles, one of my friends, as well as one of our local comics that you all know, the Birdman, Eddie V and Aaron Guette. Keep it going.",true
3062.0,2026-09-07 20:07:33,@Hackofalltrades-mh5fq,,Give me your sauce Chino,neutral,vader,Sasha & Craig,"going to keep it moving right along. We got some more comedians coming to the stage right now. We have a very special guest, a comic joining us all the way from Los Angeles, one of my friends, as well as one of our local comics that you all know, the Birdman, Eddie V and Aaron Guette. Keep it going.",true
3066.0,2026-09-07 20:07:37,@CarlCramer88,,I’ll stick with Tabasco,neutral,vader,Sasha & Craig,"stage right now. We have a very special guest, a comic joining us all the way from Los Angeles, one of my friends, as well as one of our local comics that you all know, the Birdman, Eddie V and Aaron Guette. Keep it going. Don't want no short mic stand. Don't",true
3068.0,2026-09-07 20:07:39,@EricNelson1236,,prius powered by sissi,neutral,vader,Sasha & Craig,"guest, a comic joining us all the way from Los Angeles, one of my friends, as well as one of our local comics that you all know, the Birdman, Eddie V and Aaron Guette. Keep it going. Don't want no short mic stand. Don't want no short mic stand. Itsybitsy",true
3071.0,2026-09-07 20:07:42,@MartinFelix1,,Oh these are comedians? I couldn’t tell chat,positive,vader,Sasha & Craig,"well as one of our local comics that you all know, the Birdman, Eddie V and Aaron Guette. Keep it going. Don't want no short mic stand. Don't want no short mic stand. Itsybitsy teensyweensy short mic stand. Hey, give",true
3077.0,2026-09-07 20:07:48,@S.D.L-m1j,,:face-turquoise-covering-eyes:,neutral,vader,Sasha & Craig,"all know, the Birdman, Eddie V and Aaron Guette. Keep it going. Don't want no short mic stand. Don't want no short mic stand. Itsybitsy teensyweensy short mic stand. Hey, give it up for Aaron coming back for a year. It's been a year. We were We were all",true
3078.0,2026-09-07 20:07:49,@someguy9566,,"I like the dora the explorer girl, y'all hating :face_with_tears_of_joy:",negative,vader,Sasha & Craig,"Don't want no short mic stand. Don't want no short mic stand. Itsybitsy teensyweensy short mic stand. Hey, give it up for Aaron coming back for a year. It's been a year. We were We were all the way up at Story last time you were",true
3085.0,2026-09-07 20:07:56,@AdamAdam-vu3qt,,Can anyone see my comments? ,neutral,vader,Sasha & Craig,"Don't want no short mic stand. Don't want no short mic stand. Itsybitsy teensyweensy short mic stand. Hey, give it up for Aaron coming back for a year. It's been a year. We were We were all the way up at Story last time you were here, right? >> Yeah. Yeah. New you guys. >> We're going to be doing jokes and probably some roasting. So,",true
3087.0,2026-09-07 20:07:58,@ineverlutes,,him and his schizophrenia duo ,neutral,vader,Sasha & Craig,"Don't want no short mic stand. Don't want no short mic stand. Itsybitsy teensyweensy short mic stand. Hey, give it up for Aaron coming back for a year. It's been a year. We were We were all the way up at Story last time you were here, right? >> Yeah. Yeah. New you guys. >> We're going to be doing jokes and probably some roasting. So, >> let me make myself more roastable. We",true
3087.0,2026-09-07 20:07:58,@TheSupercorky,,This out be interesting,positive,vader,Sasha & Craig,"Don't want no short mic stand. Don't want no short mic stand. Itsybitsy teensyweensy short mic stand. Hey, give it up for Aaron coming back for a year. It's been a year. We were We were all the way up at Story last time you were here, right? >> Yeah. Yeah. New you guys. >> We're going to be doing jokes and probably some roasting. So, >> let me make myself more roastable. We",true
3093.0,2026-09-07 20:08:04,@Gloobus.q,,Kid rock back on the meth again,neutral,vader,Sasha & Craig,"teensyweensy short mic stand. Hey, give it up for Aaron coming back for a year. It's been a year. We were We were all the way up at Story last time you were here, right? >> Yeah. Yeah. New you guys. >> We're going to be doing jokes and probably some roasting. So, >> let me make myself more roastable. We also really want to mix it up because the last I mean all the couples so far have had the same haircut. So I just,",true
3098.0,2026-09-07 20:08:09,@S.D.L-m1j,,That's some Purty hair,neutral,vader,Sasha & Craig,"It's been a year. We were We were all the way up at Story last time you were here, right? >> Yeah. Yeah. New you guys. >> We're going to be doing jokes and probably some roasting. So, >> let me make myself more roastable. We also really want to mix it up because the last I mean all the couples so far have had the same haircut. So I just, you know, perfect.",true
3101.0,2026-09-07 20:08:12,@CarlCramer88,,Does Hawaii have a barbershop at all?,neutral,vader,Sasha & Craig,"here, right? >> Yeah. Yeah. New you guys. >> We're going to be doing jokes and probably some roasting. So, >> let me make myself more roastable. We also really want to mix it up because the last I mean all the couples so far have had the same haircut. So I just, you know, perfect. >> I'm more roastable. >> I'm more roastable now.",true
3116.0,2026-09-07 20:08:27,@ineverlutes,,whoa she kinda smokin,neutral,vader,Sasha & Craig,"have had the same haircut. So I just, you know, perfect. >> I'm more roastable. >> I'm more roastable now. >> And you wake up roastable. I mean, funny thing is we both work on rooftops but in very different capacities. I was realizing that. Like you keep people dry and I'm a bartender. So it's",true
3124.0,2026-09-07 20:08:35,@pijinFPS,,barber is terrorizing hawaii,negative,vader,Sasha & Craig,">> I'm more roastable now. >> And you wake up roastable. I mean, funny thing is we both work on rooftops but in very different capacities. I was realizing that. Like you keep people dry and I'm a bartender. So it's >> Oh. Yeah, she works at a rooftop bar. I didn't know that. That's good. >> Um, >> that's [ __ ] boring. Moving on. >> Aaron Aaron came all the way from LA to",true
3125.0,2026-09-07 20:08:36,@TheSupercorky,,Peptide Hulk Hogan ,neutral,vader,Sasha & Craig,">> I'm more roastable now. >> And you wake up roastable. I mean, funny thing is we both work on rooftops but in very different capacities. I was realizing that. Like you keep people dry and I'm a bartender. So it's >> Oh. Yeah, she works at a rooftop bar. I didn't know that. That's good. >> Um, >> that's [ __ ] boring. Moving on. >> Aaron Aaron came all the way from LA to",true
3129.0,2026-09-07 20:08:40,@Stillear,,she looks like She's from Kansas,positive,vader,Sasha & Craig,"thing is we both work on rooftops but in very different capacities. I was realizing that. Like you keep people dry and I'm a bartender. So it's >> Oh. Yeah, she works at a rooftop bar. I didn't know that. That's good. >> Um, >> that's [ __ ] boring. Moving on. >> Aaron Aaron came all the way from LA to to to do to do a a Latina dance festival",true
3130.0,2026-09-07 20:08:41,@EricNelson1236,,jew ?,neutral,vader,Sasha & Craig,"thing is we both work on rooftops but in very different capacities. I was realizing that. Like you keep people dry and I'm a bartender. So it's >> Oh. Yeah, she works at a rooftop bar. I didn't know that. That's good. >> Um, >> that's [ __ ] boring. Moving on. >> Aaron Aaron came all the way from LA to to to do to do a a Latina dance festival",true
3136.0,2026-09-07 20:08:47,@OntologicallySteve,,I developed herpes once she opened her mouth,neutral,vader,Sasha & Craig,"and I'm a bartender. So it's >> Oh. Yeah, she works at a rooftop bar. I didn't know that. That's good. >> Um, >> that's [ __ ] boring. Moving on. >> Aaron Aaron came all the way from LA to to to do to do a a Latina dance festival in Honolulu. And I'm just thinking that she's trying to like put some color in",true
3137.0,2026-09-07 20:08:48,@alisonwayland6057,,Prius... reliable and the top choice of lesbians,positive,vader,Sasha & Craig,"and I'm a bartender. So it's >> Oh. Yeah, she works at a rooftop bar. I didn't know that. That's good. >> Um, >> that's [ __ ] boring. Moving on. >> Aaron Aaron came all the way from LA to to to do to do a a Latina dance festival in Honolulu. And I'm just thinking that she's trying to like put some color in her gan pool,",true
3140.0,2026-09-07 20:08:51,@z28diablo,,"More roastable? As Nirvana said, Come as you are.",neutral,vader,Sasha & Craig,">> Um, >> that's [ __ ] boring. Moving on. >> Aaron Aaron came all the way from LA to to to do to do a a Latina dance festival in Honolulu. And I'm just thinking that she's trying to like put some color in her gan pool, >> you know? Let's read the comments right now.",true
3146.0,2026-09-07 20:08:57,@S.D.L-m1j,,Woody Harelson meets Pauly Shore,neutral,vader,Sasha & Craig,">> Aaron Aaron came all the way from LA to to to do to do a a Latina dance festival in Honolulu. And I'm just thinking that she's trying to like put some color in her gan pool, >> you know? Let's read the comments right now. She looks like she might have as many possibly as many diet plans as",true
3146.0,2026-09-07 20:08:57,@CarlCramer88,,He looks like he’s from Mississippi,positive,vader,Sasha & Craig,">> Aaron Aaron came all the way from LA to to to do to do a a Latina dance festival in Honolulu. And I'm just thinking that she's trying to like put some color in her gan pool, >> you know? Let's read the comments right now. She looks like she might have as many possibly as many diet plans as",true
3147.0,2026-09-07 20:08:58,@pijinFPS,,kid rock barbie,neutral,vader,Sasha & Craig,">> Aaron Aaron came all the way from LA to to to do to do a a Latina dance festival in Honolulu. And I'm just thinking that she's trying to like put some color in her gan pool, >> you know? Let's read the comments right now. She looks like she might have as many possibly as many diet plans as",true
3161.0,2026-09-07 20:09:12,@QUINNHAMELIN,,Couples night is promoting Divorce,positive,vader,Sasha & Craig,"She looks like she might have as many possibly as many diet plans as therapists. >> I don't know. >> Well, you look like you escaped the set of the Vikings TV show and we're like, let's make it Beach Bum, you know? Let's >> maybe no one will notice me.",true
3165.0,2026-09-07 20:09:16,@TheSupercorky,,100%,neutral,vader,Sasha & Craig,"She looks like she might have as many possibly as many diet plans as therapists. >> I don't know. >> Well, you look like you escaped the set of the Vikings TV show and we're like, let's make it Beach Bum, you know? Let's >> maybe no one will notice me. >> Right. She She went to Turtle Town to have a whole new experience and then",true
3169.0,2026-09-07 20:09:20,@Pinkskinnedgoblin,,Color in the Hawaiian gene poole? You mean like before whites came? ,positive,vader,Sasha & Craig,"possibly as many diet plans as therapists. >> I don't know. >> Well, you look like you escaped the set of the Vikings TV show and we're like, let's make it Beach Bum, you know? Let's >> maybe no one will notice me. >> Right. She She went to Turtle Town to have a whole new experience and then went to the west side to throw rocks at seals.",true
3175.0,2026-09-07 20:09:26,@avery42069,,They’re turning on eachother!,neutral,vader,Sasha & Craig,">> Well, you look like you escaped the set of the Vikings TV show and we're like, let's make it Beach Bum, you know? Let's >> maybe no one will notice me. >> Right. She She went to Turtle Town to have a whole new experience and then went to the west side to throw rocks at seals. >> Actually, I went on a run and almost stepped on a sea turtle. >> Like I almost full on all my body weight",true
3180.0,2026-09-07 20:09:31,@Pinkskinnedgoblin,,The fuck is this retardctalking about? ,negative,vader,Sasha & Craig,"let's make it Beach Bum, you know? Let's >> maybe no one will notice me. >> Right. She She went to Turtle Town to have a whole new experience and then went to the west side to throw rocks at seals. >> Actually, I went on a run and almost stepped on a sea turtle. >> Like I almost full on all my body weight landed on one cuz it was right there and I was like, ""Fuck, I must have committed like a horrible felony."" Do you guys",true
3187.0,2026-09-07 20:09:38,@S.D.L-m1j,,I like his tee shirt though..lol,positive,vader,Sasha & Craig,"went to the west side to throw rocks at seals. >> Actually, I went on a run and almost stepped on a sea turtle. >> Like I almost full on all my body weight landed on one cuz it was right there and I was like, ""Fuck, I must have committed like a horrible felony."" Do you guys have like the the wildlife? Somehow you have managed this is genius. You guys have managed to wrangle the wildlife to",true
3187.0,2026-09-07 20:09:38,@BrianKirk-wi6kd,,Why do the guys have better hair than the girls???,positive,vader,Sasha & Craig,"went to the west side to throw rocks at seals. >> Actually, I went on a run and almost stepped on a sea turtle. >> Like I almost full on all my body weight landed on one cuz it was right there and I was like, ""Fuck, I must have committed like a horrible felony."" Do you guys have like the the wildlife? Somehow you have managed this is genius. You guys have managed to wrangle the wildlife to",true
3193.0,2026-09-07 20:09:44,@ineverlutes,,honestly i'm becoming a fan of his drip ,positive,vader,Sasha & Craig,"stepped on a sea turtle. >> Like I almost full on all my body weight landed on one cuz it was right there and I was like, ""Fuck, I must have committed like a horrible felony."" Do you guys have like the the wildlife? Somehow you have managed this is genius. You guys have managed to wrangle the wildlife to work for your government, right? Cuz the fees are crazy, right? If you get within six feet of a sea turtle, is that right?",true
3195.0,2026-09-07 20:09:46,@HollywoodStar2026,,stiller and killer,negative,vader,Sasha & Craig,">> Like I almost full on all my body weight landed on one cuz it was right there and I was like, ""Fuck, I must have committed like a horrible felony."" Do you guys have like the the wildlife? Somehow you have managed this is genius. You guys have managed to wrangle the wildlife to work for your government, right? Cuz the fees are crazy, right? If you get within six feet of a sea turtle, is that right? >> Yes. I think it's 12 feet or something.",true
3201.0,2026-09-07 20:09:52,@CarlCramer88,,I wonder how good her blowjobs are,positive,vader,Sasha & Craig,"have like the the wildlife? Somehow you have managed this is genius. You guys have managed to wrangle the wildlife to work for your government, right? Cuz the fees are crazy, right? If you get within six feet of a sea turtle, is that right? >> Yes. I think it's 12 feet or something. >> But they're always coming to you. Have you noticed that? They're always they're trying. It's like it's like our meter maze in LA,",true
3202.0,2026-09-07 20:09:53,@TheSupercorky,,Turtle time,neutral,vader,Sasha & Craig,"have like the the wildlife? Somehow you have managed this is genius. You guys have managed to wrangle the wildlife to work for your government, right? Cuz the fees are crazy, right? If you get within six feet of a sea turtle, is that right? >> Yes. I think it's 12 feet or something. >> But they're always coming to you. Have you noticed that? They're always they're trying. It's like it's like our meter maze in LA, >> right? >> You know,",true
3203.0,2026-09-07 20:09:54,@alisonwayland6057,,Couples night is having me question my life decisions,neutral,vader,Eddie V & Erin,"have managed this is genius. You guys have managed to wrangle the wildlife to work for your government, right? Cuz the fees are crazy, right? If you get within six feet of a sea turtle, is that right? >> Yes. I think it's 12 feet or something. >> But they're always coming to you. Have you noticed that? They're always they're trying. It's like it's like our meter maze in LA, >> right? >> You know, >> so so uh she she lives in WeHo and I was",true
3210.0,2026-09-07 20:10:01,@MartinFelix1,,Axl Rose after he was burnt out ,neutral,vader,Eddie V & Erin,"fees are crazy, right? If you get within six feet of a sea turtle, is that right? >> Yes. I think it's 12 feet or something. >> But they're always coming to you. Have you noticed that? They're always they're trying. It's like it's like our meter maze in LA, >> right? >> You know, >> so so uh she she lives in WeHo and I was in WeHo and uh I looked for three days and I never found",true
3211.0,2026-09-07 20:10:02,@adawg1111,,it's Hawaii you have to have long hair,neutral,vader,Eddie V & Erin,"fees are crazy, right? If you get within six feet of a sea turtle, is that right? >> Yes. I think it's 12 feet or something. >> But they're always coming to you. Have you noticed that? They're always they're trying. It's like it's like our meter maze in LA, >> right? >> You know, >> so so uh she she lives in WeHo and I was in WeHo and uh I looked for three days and I never found",true
3218.0,2026-09-07 20:10:09,@joshuabutterwick3156,,hahahaha Allison,neutral,vader,Eddie V & Erin,"trying. It's like it's like our meter maze in LA, >> right? >> You know, >> so so uh she she lives in WeHo and I was in WeHo and uh I looked for three days and I never found a little person prostitute the whole time.",true
3221.0,2026-09-07 20:10:12,@AdamAdam-vu3qt,,Can anyone see my comments? ,neutral,vader,Eddie V & Erin,">> You know, >> so so uh she she lives in WeHo and I was in WeHo and uh I looked for three days and I never found a little person prostitute the whole time. >> The broken dolphin, everyone. The broken dolphin.",true
3222.0,2026-09-07 20:10:13,@avery42069,,Eddie V would be a cool uncle,positive,vader,Eddie V & Erin,">> You know, >> so so uh she she lives in WeHo and I was in WeHo and uh I looked for three days and I never found a little person prostitute the whole time. >> The broken dolphin, everyone. The broken dolphin. >> Step into the light. It will not hurt",true
3232.0,2026-09-07 20:10:23,@ineverlutes,,@adam no,negative,vader,Eddie V & Erin,"and I never found a little person prostitute the whole time. >> The broken dolphin, everyone. The broken dolphin. >> Step into the light. It will not hurt you. >> Yeah, that does. I've heard that before. >> Oh, yeah. >> We've heard that one. That was >> Walk into the light, my child. >> That was not triggering at all. Um,",true
3238.0,2026-09-07 20:10:29,@someguy9566,,what :hushed_face: :face_with_tears_of_joy:,neutral,vader,Eddie V & Erin,">> The broken dolphin, everyone. The broken dolphin. >> Step into the light. It will not hurt you. >> Yeah, that does. I've heard that before. >> Oh, yeah. >> We've heard that one. That was >> Walk into the light, my child. >> That was not triggering at all. Um, >> are you are you doing okay? Are you hung",true
3245.0,2026-09-07 20:10:36,@z28diablo,,"Rumor going around that Jimbo is dueting with his right hand, hope that isn't true",positive,vader,Eddie V & Erin,"you. >> Yeah, that does. I've heard that before. >> Oh, yeah. >> We've heard that one. That was >> Walk into the light, my child. >> That was not triggering at all. Um, >> are you are you doing okay? Are you hung over? What's going with the sunglasses? Also, why did you steal those from my mom in Orange County? Well, I So, a",true
3245.0,2026-09-07 20:10:36,@TheSupercorky,,Adam,neutral,vader,Eddie V & Erin,"you. >> Yeah, that does. I've heard that before. >> Oh, yeah. >> We've heard that one. That was >> Walk into the light, my child. >> That was not triggering at all. Um, >> are you are you doing okay? Are you hung over? What's going with the sunglasses? Also, why did you steal those from my mom in Orange County? Well, I So, a",true
3246.0,2026-09-07 20:10:37,@QUINNHAMELIN,,BrianKirk strange,negative,vader,Eddie V & Erin,">> Yeah, that does. I've heard that before. >> Oh, yeah. >> We've heard that one. That was >> Walk into the light, my child. >> That was not triggering at all. Um, >> are you are you doing okay? Are you hung over? What's going with the sunglasses? Also, why did you steal those from my mom in Orange County? Well, I So, a",true
3246.0,2026-09-07 20:10:37,@BrianSV1985,,This dude stole his wife's sunglasses,neutral,vader,Eddie V & Erin,">> Yeah, that does. I've heard that before. >> Oh, yeah. >> We've heard that one. That was >> Walk into the light, my child. >> That was not triggering at all. Um, >> are you are you doing okay? Are you hung over? What's going with the sunglasses? Also, why did you steal those from my mom in Orange County? Well, I So, a",true
3247.0,2026-09-07 20:10:38,@BrianKirk-wi6kd,,"Can’t see your comments, Adam",neutral,vader,Eddie V & Erin,">> Oh, yeah. >> We've heard that one. That was >> Walk into the light, my child. >> That was not triggering at all. Um, >> are you are you doing okay? Are you hung over? What's going with the sunglasses? Also, why did you steal those from my mom in Orange County? Well, I So, a little a little thing is these these",true
3248.0,2026-09-07 20:10:39,@radiostarkilla21,,She’s funny,positive,vader,Eddie V & Erin,">> We've heard that one. That was >> Walk into the light, my child. >> That was not triggering at all. Um, >> are you are you doing okay? Are you hung over? What's going with the sunglasses? Also, why did you steal those from my mom in Orange County? Well, I So, a little a little thing is these these",true
3259.0,2026-09-07 20:10:50,@Conrad2311,,"Vegan, CrossFit, yogi fs",neutral,vader,Eddie V & Erin,">> are you are you doing okay? Are you hung over? What's going with the sunglasses? Also, why did you steal those from my mom in Orange County? Well, I So, a little a little thing is these these glasses were $6 and I just had Cadillac or cataract surgery, but it >> Cadillac surgery, >> but but but it was done in Japan, so I think it's Cadillac surgery. And it",true
3259.0,2026-09-07 20:10:50,@TheFonz545,,omg this is dramatic,neutral,vader,Eddie V & Erin,">> are you are you doing okay? Are you hung over? What's going with the sunglasses? Also, why did you steal those from my mom in Orange County? Well, I So, a little a little thing is these these glasses were $6 and I just had Cadillac or cataract surgery, but it >> Cadillac surgery, >> but but but it was done in Japan, so I think it's Cadillac surgery. And it",true
3263.0,2026-09-07 20:10:54,@S.D.L-m1j,,Brian..lol,neutral,vader,Eddie V & Erin,"Also, why did you steal those from my mom in Orange County? Well, I So, a little a little thing is these these glasses were $6 and I just had Cadillac or cataract surgery, but it >> Cadillac surgery, >> but but but it was done in Japan, so I think it's Cadillac surgery. And it worked. I haven't bought a Cadillac yet. At my age, everybody owns a Cadillac.",true
3266.0,2026-09-07 20:10:57,@nevergiveup9321,,They r a couple?,neutral,vader,Eddie V & Erin,"mom in Orange County? Well, I So, a little a little thing is these these glasses were $6 and I just had Cadillac or cataract surgery, but it >> Cadillac surgery, >> but but but it was done in Japan, so I think it's Cadillac surgery. And it worked. I haven't bought a Cadillac yet. At my age, everybody owns a Cadillac. >> Did it work? Based on that word slip up,",true
3279.0,2026-09-07 20:11:10,@joshuabutterwick3156,,this guy's been pregnant for 10 years,neutral,vader,Eddie V & Erin,"think it's Cadillac surgery. And it worked. I haven't bought a Cadillac yet. At my age, everybody owns a Cadillac. >> Did it work? Based on that word slip up, I'm not sure. I don't know. We'll see when the side effects go away, >> right? We'll we'll see what's happening. Um, so, so how tell what what's your where are you from? What's your bloodline? What >> what is my bloodline? Wow. I thought",true
3281.0,2026-09-07 20:11:12,@QUINNHAMELIN,,Father and Daughter,neutral,vader,Eddie V & Erin,"worked. I haven't bought a Cadillac yet. At my age, everybody owns a Cadillac. >> Did it work? Based on that word slip up, I'm not sure. I don't know. We'll see when the side effects go away, >> right? We'll we'll see what's happening. Um, so, so how tell what what's your where are you from? What's your bloodline? What >> what is my bloodline? Wow. I thought where are you from? What do you you're",true
3284.0,2026-09-07 20:11:15,@TheFonz545,,I just had not funny surgery,negative,vader,Eddie V & Erin,"At my age, everybody owns a Cadillac. >> Did it work? Based on that word slip up, I'm not sure. I don't know. We'll see when the side effects go away, >> right? We'll we'll see what's happening. Um, so, so how tell what what's your where are you from? What's your bloodline? What >> what is my bloodline? Wow. I thought where are you from? What do you you're like social security number. Um,",true
3284.0,2026-09-07 20:11:15,@Pinkskinnedgoblin,,Ahh yes the famous Japanese car Cadillac ,positive,vader,Eddie V & Erin,"At my age, everybody owns a Cadillac. >> Did it work? Based on that word slip up, I'm not sure. I don't know. We'll see when the side effects go away, >> right? We'll we'll see what's happening. Um, so, so how tell what what's your where are you from? What's your bloodline? What >> what is my bloodline? Wow. I thought where are you from? What do you you're like social security number. Um,",true
3287.0,2026-09-07 20:11:18,@SlabHunters92,,no,negative,vader,Eddie V & Erin,"I'm not sure. I don't know. We'll see when the side effects go away, >> right? We'll we'll see what's happening. Um, so, so how tell what what's your where are you from? What's your bloodline? What >> what is my bloodline? Wow. I thought where are you from? What do you you're like social security number. Um, step into the light. This is a lot. Uh,",true
3292.0,2026-09-07 20:11:23,@S.D.L-m1j,,A couple of ...lol,positive,vader,Eddie V & Erin,">> right? We'll we'll see what's happening. Um, so, so how tell what what's your where are you from? What's your bloodline? What >> what is my bloodline? Wow. I thought where are you from? What do you you're like social security number. Um, step into the light. This is a lot. Uh, my bloodline is uh it's mostly German",true
3297.0,2026-09-07 20:11:28,@joshuabutterwick3156,,this guy got fired for being misty,negative,vader,Eddie V & Erin,"bloodline? What >> what is my bloodline? Wow. I thought where are you from? What do you you're like social security number. Um, step into the light. This is a lot. Uh, my bloodline is uh it's mostly German actually. You can tell when I sneeze. >> Fargan pretty much. It's like it's very",true
3299.0,2026-09-07 20:11:30,@CarlCramer88,,He’s probably pimping her out ,neutral,vader,Eddie V & Erin,">> what is my bloodline? Wow. I thought where are you from? What do you you're like social security number. Um, step into the light. This is a lot. Uh, my bloodline is uh it's mostly German actually. You can tell when I sneeze. >> Fargan pretty much. It's like it's very intense. Um,",true
3302.0,2026-09-07 20:11:33,@joshuabutterwick3156,,musty,neutral,vader,Eddie V & Erin,"where are you from? What do you you're like social security number. Um, step into the light. This is a lot. Uh, my bloodline is uh it's mostly German actually. You can tell when I sneeze. >> Fargan pretty much. It's like it's very intense. Um, >> yeah. No, I don't sneeze like most girls",true
3303.0,2026-09-07 20:11:34,@TheSupercorky,,Bloodline?,neutral,vader,Eddie V & Erin,"where are you from? What do you you're like social security number. Um, step into the light. This is a lot. Uh, my bloodline is uh it's mostly German actually. You can tell when I sneeze. >> Fargan pretty much. It's like it's very intense. Um, >> yeah. No, I don't sneeze like most girls are like like the broken sprinkler",true
3303.0,2026-09-07 20:11:34,@SlabHunters92,,cadirracs,neutral,vader,Eddie V & Erin,"where are you from? What do you you're like social security number. Um, step into the light. This is a lot. Uh, my bloodline is uh it's mostly German actually. You can tell when I sneeze. >> Fargan pretty much. It's like it's very intense. Um, >> yeah. No, I don't sneeze like most girls are like like the broken sprinkler",true
3307.0,2026-09-07 20:11:38,@ineverlutes,,the old bloodline pickup line ,neutral,vader,Eddie V & Erin,"step into the light. This is a lot. Uh, my bloodline is uh it's mostly German actually. You can tell when I sneeze. >> Fargan pretty much. It's like it's very intense. Um, >> yeah. No, I don't sneeze like most girls are like like the broken sprinkler >> out here. We sneeze like",true
3310.0,2026-09-07 20:11:41,@TheFonz545,,he blood line is once a month,neutral,vader,Eddie V & Erin,"step into the light. This is a lot. Uh, my bloodline is uh it's mostly German actually. You can tell when I sneeze. >> Fargan pretty much. It's like it's very intense. Um, >> yeah. No, I don't sneeze like most girls are like like the broken sprinkler >> out here. We sneeze like >> No, that's just you.",true
3314.0,2026-09-07 20:11:45,@alisonwayland6057,,go towards the light carol anne,neutral,vader,Eddie V & Erin,"actually. You can tell when I sneeze. >> Fargan pretty much. It's like it's very intense. Um, >> yeah. No, I don't sneeze like most girls are like like the broken sprinkler >> out here. We sneeze like >> No, that's just you. >> Oh, >> but yeah, I'm that. I'm an Eastern European, which is why everyone thinks",true
3314.0,2026-09-07 20:11:45,@Pinkskinnedgoblin,,Clearly not Polynesian ,positive,vader,Eddie V & Erin,"actually. You can tell when I sneeze. >> Fargan pretty much. It's like it's very intense. Um, >> yeah. No, I don't sneeze like most girls are like like the broken sprinkler >> out here. We sneeze like >> No, that's just you. >> Oh, >> but yeah, I'm that. I'm an Eastern European, which is why everyone thinks",true
3315.0,2026-09-07 20:11:46,@joshuabutterwick3156,,the top of this guy's belt stinks,negative,vader,Eddie V & Erin,"actually. You can tell when I sneeze. >> Fargan pretty much. It's like it's very intense. Um, >> yeah. No, I don't sneeze like most girls are like like the broken sprinkler >> out here. We sneeze like >> No, that's just you. >> Oh, >> but yeah, I'm that. I'm an Eastern European, which is why everyone thinks I'm Russian.",true
3315.0,2026-09-07 20:11:46,@JimboTheComic,,Chat we about to crush ,negative,vader,Eddie V & Erin,"actually. You can tell when I sneeze. >> Fargan pretty much. It's like it's very intense. Um, >> yeah. No, I don't sneeze like most girls are like like the broken sprinkler >> out here. We sneeze like >> No, that's just you. >> Oh, >> but yeah, I'm that. I'm an Eastern European, which is why everyone thinks I'm Russian.",true
3317.0,2026-09-07 20:11:48,@Conrad2311,,I like her ,positive,vader,Eddie V & Erin,">> Fargan pretty much. It's like it's very intense. Um, >> yeah. No, I don't sneeze like most girls are like like the broken sprinkler >> out here. We sneeze like >> No, that's just you. >> Oh, >> but yeah, I'm that. I'm an Eastern European, which is why everyone thinks I'm Russian. >> Ah, >> also because I worked with teenagers and",true
3321.0,2026-09-07 20:11:52,@HollywoodStar2026,,omg she's the Pastor's wife!,neutral,vader,Eddie V & Erin,">> yeah. No, I don't sneeze like most girls are like like the broken sprinkler >> out here. We sneeze like >> No, that's just you. >> Oh, >> but yeah, I'm that. I'm an Eastern European, which is why everyone thinks I'm Russian. >> Ah, >> also because I worked with teenagers and they permanently damaged my face. >> So, you just have resting this [ __ ]",true
3322.0,2026-09-07 20:11:53,@TheSupercorky,,@inever:face_with_tears_of_joy:,neutral,vader,Eddie V & Erin,">> yeah. No, I don't sneeze like most girls are like like the broken sprinkler >> out here. We sneeze like >> No, that's just you. >> Oh, >> but yeah, I'm that. I'm an Eastern European, which is why everyone thinks I'm Russian. >> Ah, >> also because I worked with teenagers and they permanently damaged my face. >> So, you just have resting this [ __ ]",true
3324.0,2026-09-07 20:11:55,@someguy9566,,"bloodline, dude doin Dracula interviews :grinning_squinting_face:",neutral,vader,Eddie V & Erin,"are like like the broken sprinkler >> out here. We sneeze like >> No, that's just you. >> Oh, >> but yeah, I'm that. I'm an Eastern European, which is why everyone thinks I'm Russian. >> Ah, >> also because I worked with teenagers and they permanently damaged my face. >> So, you just have resting this [ __ ] face all the time?",true
3326.0,2026-09-07 20:11:57,@TheFonz545,,Jimbo sucks,negative,vader,Eddie V & Erin,"are like like the broken sprinkler >> out here. We sneeze like >> No, that's just you. >> Oh, >> but yeah, I'm that. I'm an Eastern European, which is why everyone thinks I'm Russian. >> Ah, >> also because I worked with teenagers and they permanently damaged my face. >> So, you just have resting this [ __ ] face all the time? >> No, it's Russian [ __ ] face. >> Oh, okay. I'm not Russian. I'm Dutch.",true
3330.0,2026-09-07 20:12:01,@JimboTheComic,,I miss corky ,negative,vader,Eddie V & Erin,">> No, that's just you. >> Oh, >> but yeah, I'm that. I'm an Eastern European, which is why everyone thinks I'm Russian. >> Ah, >> also because I worked with teenagers and they permanently damaged my face. >> So, you just have resting this [ __ ] face all the time? >> No, it's Russian [ __ ] face. >> Oh, okay. I'm not Russian. I'm Dutch.",true
3332.0,2026-09-07 20:12:03,@z28diablo,,GL Jimbo,positive,vader,Eddie V & Erin,">> but yeah, I'm that. I'm an Eastern European, which is why everyone thinks I'm Russian. >> Ah, >> also because I worked with teenagers and they permanently damaged my face. >> So, you just have resting this [ __ ] face all the time? >> No, it's Russian [ __ ] face. >> Oh, okay. I'm not Russian. I'm Dutch. >> Stupid. Um, >> wait. Is that what is that how they is",true
3334.0,2026-09-07 20:12:05,@radiostarkilla21,,He has cataracts and she wants a rack,neutral,vader,Eddie V & Erin,"European, which is why everyone thinks I'm Russian. >> Ah, >> also because I worked with teenagers and they permanently damaged my face. >> So, you just have resting this [ __ ] face all the time? >> No, it's Russian [ __ ] face. >> Oh, okay. I'm not Russian. I'm Dutch. >> Stupid. Um, >> wait. Is that what is that how they is that how they speak? Is that where the",true
3335.0,2026-09-07 20:12:06,@EricNelson1236,,vampires exposed,negative,vader,Eddie V & Erin,">> Ah, >> also because I worked with teenagers and they permanently damaged my face. >> So, you just have resting this [ __ ] face all the time? >> No, it's Russian [ __ ] face. >> Oh, okay. I'm not Russian. I'm Dutch. >> Stupid. Um, >> wait. Is that what is that how they is that how they speak? Is that where the",true
3336.0,2026-09-07 20:12:07,@JimboTheComic,,Fonz and I swallow mf ,neutral,vader,Eddie V & Erin,">> Ah, >> also because I worked with teenagers and they permanently damaged my face. >> So, you just have resting this [ __ ] face all the time? >> No, it's Russian [ __ ] face. >> Oh, okay. I'm not Russian. I'm Dutch. >> Stupid. Um, >> wait. Is that what is that how they is that how they speak? Is that where the broken dolphin comes from?",true
3337.0,2026-09-07 20:12:08,@avery42069,,If you tell a joke you’re gonna mop with these people Jimbo ,positive,vader,Eddie V & Erin,">> also because I worked with teenagers and they permanently damaged my face. >> So, you just have resting this [ __ ] face all the time? >> No, it's Russian [ __ ] face. >> Oh, okay. I'm not Russian. I'm Dutch. >> Stupid. Um, >> wait. Is that what is that how they is that how they speak? Is that where the broken dolphin comes from?",true
3338.0,2026-09-07 20:12:09,@TheFonz545,,I miss meth,negative,vader,Eddie V & Erin,">> also because I worked with teenagers and they permanently damaged my face. >> So, you just have resting this [ __ ] face all the time? >> No, it's Russian [ __ ] face. >> Oh, okay. I'm not Russian. I'm Dutch. >> Stupid. Um, >> wait. Is that what is that how they is that how they speak? Is that where the broken dolphin comes from? >> No, they speak more like pigeon English.",true
3345.0,2026-09-07 20:12:16,@AdamAdam-vu3qt,,Did they write this shit ten minutes ago ,negative,vader,Eddie V & Erin,">> No, it's Russian [ __ ] face. >> Oh, okay. I'm not Russian. I'm Dutch. >> Stupid. Um, >> wait. Is that what is that how they is that how they speak? Is that where the broken dolphin comes from? >> No, they speak more like pigeon English. >> So, animal noises. So, I wasn't too far.",true
3345.0,2026-09-07 20:12:16,@joshuabutterwick3156,,this guy couldn't sell a broken door,positive,vader,Eddie V & Erin,">> No, it's Russian [ __ ] face. >> Oh, okay. I'm not Russian. I'm Dutch. >> Stupid. Um, >> wait. Is that what is that how they is that how they speak? Is that where the broken dolphin comes from? >> No, they speak more like pigeon English. >> So, animal noises. So, I wasn't too far.",true
3347.0,2026-09-07 20:12:18,@Conrad2311,,JIMBO JIMBO JIMBO ,neutral,vader,Eddie V & Erin,">> No, it's Russian [ __ ] face. >> Oh, okay. I'm not Russian. I'm Dutch. >> Stupid. Um, >> wait. Is that what is that how they is that how they speak? Is that where the broken dolphin comes from? >> No, they speak more like pigeon English. >> So, animal noises. So, I wasn't too far. >> No, that's that's >> the birdman. Everyone,",true
3349.0,2026-09-07 20:12:20,@CarlCramer88,,I now officially miss the days of no Internet,negative,vader,Eddie V & Erin,">> Oh, okay. I'm not Russian. I'm Dutch. >> Stupid. Um, >> wait. Is that what is that how they is that how they speak? Is that where the broken dolphin comes from? >> No, they speak more like pigeon English. >> So, animal noises. So, I wasn't too far. >> No, that's that's >> the birdman. Everyone, >> when I'm trying to pick someone up, that's what I do. And then I usually",true
3351.0,2026-09-07 20:12:22,@ineverlutes,,#TeamCorky,neutral,vader,Eddie V & Erin,">> Stupid. Um, >> wait. Is that what is that how they is that how they speak? Is that where the broken dolphin comes from? >> No, they speak more like pigeon English. >> So, animal noises. So, I wasn't too far. >> No, that's that's >> the birdman. Everyone, >> when I'm trying to pick someone up, that's what I do. And then I usually walk away. It's terrible. IT WORKS FOR",true
3356.0,2026-09-07 20:12:27,@JimboTheComic,,Lll Avery we don’t tell jokes ,negative,vader,Eddie V & Erin,"broken dolphin comes from? >> No, they speak more like pigeon English. >> So, animal noises. So, I wasn't too far. >> No, that's that's >> the birdman. Everyone, >> when I'm trying to pick someone up, that's what I do. And then I usually walk away. It's terrible. IT WORKS FOR THE PIGEONS. THEY'RE >> That doesn't work. No.",true
3357.0,2026-09-07 20:12:28,@S.D.L-m1j,,Jimbo we're squashed at this point:face-green-smiling:,neutral,vader,Eddie V & Erin,"broken dolphin comes from? >> No, they speak more like pigeon English. >> So, animal noises. So, I wasn't too far. >> No, that's that's >> the birdman. Everyone, >> when I'm trying to pick someone up, that's what I do. And then I usually walk away. It's terrible. IT WORKS FOR THE PIGEONS. THEY'RE >> That doesn't work. No. I was shocked.",true
3359.0,2026-09-07 20:12:30,@radiostarkilla21,,"How’s your hair tho, Jimbo?",neutral,vader,Eddie V & Erin,"broken dolphin comes from? >> No, they speak more like pigeon English. >> So, animal noises. So, I wasn't too far. >> No, that's that's >> the birdman. Everyone, >> when I'm trying to pick someone up, that's what I do. And then I usually walk away. It's terrible. IT WORKS FOR THE PIGEONS. THEY'RE >> That doesn't work. No. I was shocked. >> No, it did work one time and I've used",true
3366.0,2026-09-07 20:12:37,@avery42069,,She hates animals,negative,vader,Eddie V & Erin,">> the birdman. Everyone, >> when I'm trying to pick someone up, that's what I do. And then I usually walk away. It's terrible. IT WORKS FOR THE PIGEONS. THEY'RE >> That doesn't work. No. I was shocked. >> No, it did work one time and I've used it ever since. And it hasn't worked. >> I mean, I know your daughter, so I know it's worked. >> Right. >> Fun fact, I grew up with birds.",true
3367.0,2026-09-07 20:12:38,@JimboTheComic,,#tearmcorky,neutral,vader,Eddie V & Erin,">> when I'm trying to pick someone up, that's what I do. And then I usually walk away. It's terrible. IT WORKS FOR THE PIGEONS. THEY'RE >> That doesn't work. No. I was shocked. >> No, it did work one time and I've used it ever since. And it hasn't worked. >> I mean, I know your daughter, so I know it's worked. >> Right. >> Fun fact, I grew up with birds.",true
3370.0,2026-09-07 20:12:41,@S.D.L-m1j,,Carl..lol,neutral,vader,Eddie V & Erin,"that's what I do. And then I usually walk away. It's terrible. IT WORKS FOR THE PIGEONS. THEY'RE >> That doesn't work. No. I was shocked. >> No, it did work one time and I've used it ever since. And it hasn't worked. >> I mean, I know your daughter, so I know it's worked. >> Right. >> Fun fact, I grew up with birds. >> Oh, okay. >> Yeah, I accidentally starved all of them.",true
3373.0,2026-09-07 20:12:44,@HappyLauFarms,,I miss corky too ,negative,vader,Eddie V & Erin,"THE PIGEONS. THEY'RE >> That doesn't work. No. I was shocked. >> No, it did work one time and I've used it ever since. And it hasn't worked. >> I mean, I know your daughter, so I know it's worked. >> Right. >> Fun fact, I grew up with birds. >> Oh, okay. >> Yeah, I accidentally starved all of them. >> Technically, I blame my mom for this.",true
3374.0,2026-09-07 20:12:45,@Pinkskinnedgoblin,,What island are the Dutch tribe from? ,neutral,vader,Eddie V & Erin,"THE PIGEONS. THEY'RE >> That doesn't work. No. I was shocked. >> No, it did work one time and I've used it ever since. And it hasn't worked. >> I mean, I know your daughter, so I know it's worked. >> Right. >> Fun fact, I grew up with birds. >> Oh, okay. >> Yeah, I accidentally starved all of them. >> Technically, I blame my mom for this.",true
3374.0,2026-09-07 20:12:45,@TheSupercorky,,Birds the word,neutral,vader,Eddie V & Erin,"THE PIGEONS. THEY'RE >> That doesn't work. No. I was shocked. >> No, it did work one time and I've used it ever since. And it hasn't worked. >> I mean, I know your daughter, so I know it's worked. >> Right. >> Fun fact, I grew up with birds. >> Oh, okay. >> Yeah, I accidentally starved all of them. >> Technically, I blame my mom for this.",true
3377.0,2026-09-07 20:12:48,@nevergiveup9321,,His shirt screams successful comedian ,positive,vader,Eddie V & Erin,"I was shocked. >> No, it did work one time and I've used it ever since. And it hasn't worked. >> I mean, I know your daughter, so I know it's worked. >> Right. >> Fun fact, I grew up with birds. >> Oh, okay. >> Yeah, I accidentally starved all of them. >> Technically, I blame my mom for this. She's a burer. She Okay. You know how",true
3378.0,2026-09-07 20:12:49,@CarlCramer88,,"Jimbo, are you going on stay with your boyfriend?",neutral,vader,Eddie V & Erin,">> No, it did work one time and I've used it ever since. And it hasn't worked. >> I mean, I know your daughter, so I know it's worked. >> Right. >> Fun fact, I grew up with birds. >> Oh, okay. >> Yeah, I accidentally starved all of them. >> Technically, I blame my mom for this. She's a burer. She Okay. You know how like every white woman after menopause",true
3379.0,2026-09-07 20:12:50,@leedlelee-l2d,,all the people here look like they have hiv,positive,vader,Eddie V & Erin,">> No, it did work one time and I've used it ever since. And it hasn't worked. >> I mean, I know your daughter, so I know it's worked. >> Right. >> Fun fact, I grew up with birds. >> Oh, okay. >> Yeah, I accidentally starved all of them. >> Technically, I blame my mom for this. She's a burer. She Okay. You know how like every white woman after menopause",true
3380.0,2026-09-07 20:12:51,@JimboTheComic,,Oh we gunna bring this back ,neutral,vader,Eddie V & Erin,"it ever since. And it hasn't worked. >> I mean, I know your daughter, so I know it's worked. >> Right. >> Fun fact, I grew up with birds. >> Oh, okay. >> Yeah, I accidentally starved all of them. >> Technically, I blame my mom for this. She's a burer. She Okay. You know how like every white woman after menopause becomes obsessed with birds? It's just a",true
3382.0,2026-09-07 20:12:53,@TheFonz545,,hash tag Jimbo out,neutral,vader,Eddie V & Erin,">> I mean, I know your daughter, so I know it's worked. >> Right. >> Fun fact, I grew up with birds. >> Oh, okay. >> Yeah, I accidentally starved all of them. >> Technically, I blame my mom for this. She's a burer. She Okay. You know how like every white woman after menopause becomes obsessed with birds? It's just a biological thing that happens. She will",true
3385.0,2026-09-07 20:12:56,@AdamAdam-vu3qt,,This level of unfunny is flaring up my colon. ,neutral,vader,Eddie V & Erin,">> Right. >> Fun fact, I grew up with birds. >> Oh, okay. >> Yeah, I accidentally starved all of them. >> Technically, I blame my mom for this. She's a burer. She Okay. You know how like every white woman after menopause becomes obsessed with birds? It's just a biological thing that happens. She will like send me videos of birds that she's",true
3387.0,2026-09-07 20:12:58,@CarlCramer88,,Stage ,neutral,vader,Eddie V & Erin,">> Oh, okay. >> Yeah, I accidentally starved all of them. >> Technically, I blame my mom for this. She's a burer. She Okay. You know how like every white woman after menopause becomes obsessed with birds? It's just a biological thing that happens. She will like send me videos of birds that she's rescued from their natural habitats.",true
3388.0,2026-09-07 20:12:59,@JimboTheComic,,Yes Carl a surprise bf ,positive,vader,Eddie V & Erin,">> Yeah, I accidentally starved all of them. >> Technically, I blame my mom for this. She's a burer. She Okay. You know how like every white woman after menopause becomes obsessed with birds? It's just a biological thing that happens. She will like send me videos of birds that she's rescued from their natural habitats.",true
3397.0,2026-09-07 20:13:08,@OhHerroMyNameJim,,#tearmcorky,neutral,vader,Eddie V & Erin,"She's a burer. She Okay. You know how like every white woman after menopause becomes obsessed with birds? It's just a biological thing that happens. She will like send me videos of birds that she's rescued from their natural habitats. It's getting out of hand. Like she >> So So she's she's got birds on life support. >> Well, she thinks she's put them on life support, but she like Okay, so like she",true
3397.0,2026-09-07 20:13:08,@avery42069,,She steps on turtles and starves birds,negative,vader,Eddie V & Erin,"She's a burer. She Okay. You know how like every white woman after menopause becomes obsessed with birds? It's just a biological thing that happens. She will like send me videos of birds that she's rescued from their natural habitats. It's getting out of hand. Like she >> So So she's she's got birds on life support. >> Well, she thinks she's put them on life support, but she like Okay, so like she",true
3401.0,2026-09-07 20:13:12,@TheFonz545,,she murdered this week,negative,vader,Eddie V & Erin,"becomes obsessed with birds? It's just a biological thing that happens. She will like send me videos of birds that she's rescued from their natural habitats. It's getting out of hand. Like she >> So So she's she's got birds on life support. >> Well, she thinks she's put them on life support, but she like Okay, so like she sent me a video of this hummingbird, right? And she's like, ""It was too tired to drink water, but it was really",true
3401.0,2026-09-07 20:13:12,@CarlCramer88,,:rolling_on_the_floor_laughing::rolling_on_the_floor_laughing:,neutral,vader,Eddie V & Erin,"becomes obsessed with birds? It's just a biological thing that happens. She will like send me videos of birds that she's rescued from their natural habitats. It's getting out of hand. Like she >> So So she's she's got birds on life support. >> Well, she thinks she's put them on life support, but she like Okay, so like she sent me a video of this hummingbird, right? And she's like, ""It was too tired to drink water, but it was really",true
3403.0,2026-09-07 20:13:14,@TheSupercorky,,:red_heart:,neutral,vader,Eddie V & Erin,"biological thing that happens. She will like send me videos of birds that she's rescued from their natural habitats. It's getting out of hand. Like she >> So So she's she's got birds on life support. >> Well, she thinks she's put them on life support, but she like Okay, so like she sent me a video of this hummingbird, right? And she's like, ""It was too tired to drink water, but it was really parched."" So I took it in and I got it",true
3404.0,2026-09-07 20:13:15,@JimboTheComic,,Fonz I have too much power to talk shit. Them the rules ,negative,vader,Eddie V & Erin,"biological thing that happens. She will like send me videos of birds that she's rescued from their natural habitats. It's getting out of hand. Like she >> So So she's she's got birds on life support. >> Well, she thinks she's put them on life support, but she like Okay, so like she sent me a video of this hummingbird, right? And she's like, ""It was too tired to drink water, but it was really parched."" So I took it in and I got it to drink water and then it finally",true
3406.0,2026-09-07 20:13:17,@EricNelson1236,,that red hair means evile,neutral,vader,Eddie V & Erin,"like send me videos of birds that she's rescued from their natural habitats. It's getting out of hand. Like she >> So So she's she's got birds on life support. >> Well, she thinks she's put them on life support, but she like Okay, so like she sent me a video of this hummingbird, right? And she's like, ""It was too tired to drink water, but it was really parched."" So I took it in and I got it to drink water and then it finally slept. But she like she sent a video she",true
3407.0,2026-09-07 20:13:18,@S.D.L-m1j,,:eye::nose::eye:,neutral,vader,Eddie V & Erin,"rescued from their natural habitats. It's getting out of hand. Like she >> So So she's she's got birds on life support. >> Well, she thinks she's put them on life support, but she like Okay, so like she sent me a video of this hummingbird, right? And she's like, ""It was too tired to drink water, but it was really parched."" So I took it in and I got it to drink water and then it finally slept. But she like she sent a video she",true
3409.0,2026-09-07 20:13:20,@BrianKirk-wi6kd,,Here’s a bird for you:middle_finger:,neutral,vader,Eddie V & Erin,"It's getting out of hand. Like she >> So So she's she's got birds on life support. >> Well, she thinks she's put them on life support, but she like Okay, so like she sent me a video of this hummingbird, right? And she's like, ""It was too tired to drink water, but it was really parched."" So I took it in and I got it to drink water and then it finally slept. But she like she sent a video she she waterboarded the hummingbird.",true
3412.0,2026-09-07 20:13:23,@nevergiveup9321,,Who could trust her to feed birds she barely feeds herself ,positive,vader,Eddie V & Erin,">> So So she's she's got birds on life support. >> Well, she thinks she's put them on life support, but she like Okay, so like she sent me a video of this hummingbird, right? And she's like, ""It was too tired to drink water, but it was really parched."" So I took it in and I got it to drink water and then it finally slept. But she like she sent a video she she waterboarded the hummingbird. >> Oh my god. >> I had to tell her I was like, ""Please get a hobby."" And then she got into",true
3420.0,2026-09-07 20:13:31,@TheSupercorky,,I can't drive with the checkpoints ,neutral,vader,Eddie V & Erin,"to drink water, but it was really parched."" So I took it in and I got it to drink water and then it finally slept. But she like she sent a video she she waterboarded the hummingbird. >> Oh my god. >> I had to tell her I was like, ""Please get a hobby."" And then she got into musical theater and like just started Mary Poppins as Guess Who? It >> was like a moment of karma for my mom.",true
3421.0,2026-09-07 20:13:32,@JimboTheComic,,I didn’t make them I enforce them 1: Jimbo is law and order and sexiest mod,neutral,vader,Eddie V & Erin,"to drink water, but it was really parched."" So I took it in and I got it to drink water and then it finally slept. But she like she sent a video she she waterboarded the hummingbird. >> Oh my god. >> I had to tell her I was like, ""Please get a hobby."" And then she got into musical theater and like just started Mary Poppins as Guess Who? It >> was like a moment of karma for my mom.",true
3422.0,2026-09-07 20:13:33,@TheFonz545,,hash tag Jimbo has power,neutral,vader,Eddie V & Erin,"parched."" So I took it in and I got it to drink water and then it finally slept. But she like she sent a video she she waterboarded the hummingbird. >> Oh my god. >> I had to tell her I was like, ""Please get a hobby."" And then she got into musical theater and like just started Mary Poppins as Guess Who? It >> was like a moment of karma for my mom. She was the bird lady.",true
3423.0,2026-09-07 20:13:34,@AdamAdam-vu3qt,,Atleast the other broad bad tits. ,negative,vader,Eddie V & Erin,"to drink water and then it finally slept. But she like she sent a video she she waterboarded the hummingbird. >> Oh my god. >> I had to tell her I was like, ""Please get a hobby."" And then she got into musical theater and like just started Mary Poppins as Guess Who? It >> was like a moment of karma for my mom. She was the bird lady. >> Oh, okay.",true
3424.0,2026-09-07 20:13:35,@JimboTheComic,,All the rules ,neutral,vader,Eddie V & Erin,"to drink water and then it finally slept. But she like she sent a video she she waterboarded the hummingbird. >> Oh my god. >> I had to tell her I was like, ""Please get a hobby."" And then she got into musical theater and like just started Mary Poppins as Guess Who? It >> was like a moment of karma for my mom. She was the bird lady. >> Oh, okay.",true
3425.0,2026-09-07 20:13:36,@TheSupercorky,,I'm with you ,neutral,vader,Eddie V & Erin,"to drink water and then it finally slept. But she like she sent a video she she waterboarded the hummingbird. >> Oh my god. >> I had to tell her I was like, ""Please get a hobby."" And then she got into musical theater and like just started Mary Poppins as Guess Who? It >> was like a moment of karma for my mom. She was the bird lady. >> Oh, okay. >> You know, the feed the birds.",true
3430.0,2026-09-07 20:13:41,@SlabHunters92,,hahahaha fr bulimia,neutral,vader,Eddie V & Erin,">> I had to tell her I was like, ""Please get a hobby."" And then she got into musical theater and like just started Mary Poppins as Guess Who? It >> was like a moment of karma for my mom. She was the bird lady. >> Oh, okay. >> You know, the feed the birds. >> So, if we were on a date and I wanted to like I got the ick somehow, I would say",true
3438.0,2026-09-07 20:13:49,@TheSupercorky,,Full circle!,neutral,vader,Eddie V & Erin,"It >> was like a moment of karma for my mom. She was the bird lady. >> Oh, okay. >> You know, the feed the birds. >> So, if we were on a date and I wanted to like I got the ick somehow, I would say >> somehow by like the 30-year age gap, maybe. >> No, I would be like I would be like, ""Dude, I bet your mom's super hot.""",true
3438.0,2026-09-07 20:13:49,@OhHerroMyNameJim,,#tearmcorky,neutral,vader,Eddie V & Erin,"It >> was like a moment of karma for my mom. She was the bird lady. >> Oh, okay. >> You know, the feed the birds. >> So, if we were on a date and I wanted to like I got the ick somehow, I would say >> somehow by like the 30-year age gap, maybe. >> No, I would be like I would be like, ""Dude, I bet your mom's super hot.""",true
3442.0,2026-09-07 20:13:53,@JimboTheComic,,Jahahahahahaha,neutral,vader,Eddie V & Erin,">> Oh, okay. >> You know, the feed the birds. >> So, if we were on a date and I wanted to like I got the ick somehow, I would say >> somehow by like the 30-year age gap, maybe. >> No, I would be like I would be like, ""Dude, I bet your mom's super hot."" >> Would that work? >> You know what? I think Can I help you",true
3443.0,2026-09-07 20:13:54,@TheFonz545,,hash tag Jimbo has power and sucks,negative,vader,Eddie V & Erin,">> Oh, okay. >> You know, the feed the birds. >> So, if we were on a date and I wanted to like I got the ick somehow, I would say >> somehow by like the 30-year age gap, maybe. >> No, I would be like I would be like, ""Dude, I bet your mom's super hot."" >> Would that work? >> You know what? I think Can I help you with your pickup lines, Eddie? Cuz",true
3447.0,2026-09-07 20:13:58,@JimboTheComic,,Eddie lmao ,positive,vader,Eddie V & Erin,">> You know, the feed the birds. >> So, if we were on a date and I wanted to like I got the ick somehow, I would say >> somehow by like the 30-year age gap, maybe. >> No, I would be like I would be like, ""Dude, I bet your mom's super hot."" >> Would that work? >> You know what? I think Can I help you with your pickup lines, Eddie? Cuz >> anytime I'm I'm wide open. I feel like we've got room for grope.",true
3455.0,2026-09-07 20:14:06,@Komrad_Yuri,,I have tangerine bone grinding disease,neutral,vader,Morgen Thomasian & Jamie,">> No, I would be like I would be like, ""Dude, I bet your mom's super hot."" >> Would that work? >> You know what? I think Can I help you with your pickup lines, Eddie? Cuz >> anytime I'm I'm wide open. I feel like we've got room for grope. >> Room for grope. >> That's a new business plan for me, right? Pick up lines for comics. >> No hope, room for grope.",true
3456.0,2026-09-07 20:14:07,@TheSupercorky,,You could help him with everything,positive,vader,Morgen Thomasian & Jamie,">> No, I would be like I would be like, ""Dude, I bet your mom's super hot."" >> Would that work? >> You know what? I think Can I help you with your pickup lines, Eddie? Cuz >> anytime I'm I'm wide open. I feel like we've got room for grope. >> Room for grope. >> That's a new business plan for me, right? Pick up lines for comics. >> No hope, room for grope.",true
3465.0,2026-09-07 20:14:16,@S.D.L-m1j,,Are we there yet? Are we there yet:eyes:,neutral,vader,Morgen Thomasian & Jamie,">> anytime I'm I'm wide open. I feel like we've got room for grope. >> Room for grope. >> That's a new business plan for me, right? Pick up lines for comics. >> No hope, room for grope. >> Do you I'd love to be a dating coach for comedians. >> I it I mean I I look at Aaron and I'm like, is it is it Ukraine and Russia",true
3466.0,2026-09-07 20:14:17,@BrianSV1985,,This chick would be a fun night full of red flags!!,positive,vader,Morgen Thomasian & Jamie,">> anytime I'm I'm wide open. I feel like we've got room for grope. >> Room for grope. >> That's a new business plan for me, right? Pick up lines for comics. >> No hope, room for grope. >> Do you I'd love to be a dating coach for comedians. >> I it I mean I I look at Aaron and I'm like, is it is it Ukraine and Russia",true
3466.0,2026-09-07 20:14:17,@alisonwayland6057,,we got the ick the minute you started,neutral,vader,Morgen Thomasian & Jamie,">> anytime I'm I'm wide open. I feel like we've got room for grope. >> Room for grope. >> That's a new business plan for me, right? Pick up lines for comics. >> No hope, room for grope. >> Do you I'd love to be a dating coach for comedians. >> I it I mean I I look at Aaron and I'm like, is it is it Ukraine and Russia",true
3470.0,2026-09-07 20:14:21,@TheFonz545,,Jimbo do an impression of a comedian,positive,vader,Morgen Thomasian & Jamie,">> That's a new business plan for me, right? Pick up lines for comics. >> No hope, room for grope. >> Do you I'd love to be a dating coach for comedians. >> I it I mean I I look at Aaron and I'm like, is it is it Ukraine and Russia like they had a baby? >> No, they're at war.",true
3478.0,2026-09-07 20:14:29,@Conrad2311,,He’s the yacht rock Targaryen ,neutral,vader,Morgen Thomasian & Jamie,"comedians. >> I it I mean I I look at Aaron and I'm like, is it is it Ukraine and Russia like they had a baby? >> No, they're at war. >> No, but I mean >> they also had a baby. And that is kind of what I do look like. I'm at war and unified at the same time. >> That's why I think >> does make sense. >> It was like a little twist on",true
3478.0,2026-09-07 20:14:29,@ineverlutes,,"30 year age gap ""so what's your bloodline""",neutral,vader,Morgen Thomasian & Jamie,"comedians. >> I it I mean I I look at Aaron and I'm like, is it is it Ukraine and Russia like they had a baby? >> No, they're at war. >> No, but I mean >> they also had a baby. And that is kind of what I do look like. I'm at war and unified at the same time. >> That's why I think >> does make sense. >> It was like a little twist on",true
3480.0,2026-09-07 20:14:31,@radiostarkilla21,,Her top has room for growth,positive,vader,Morgen Thomasian & Jamie,"comedians. >> I it I mean I I look at Aaron and I'm like, is it is it Ukraine and Russia like they had a baby? >> No, they're at war. >> No, but I mean >> they also had a baby. And that is kind of what I do look like. I'm at war and unified at the same time. >> That's why I think >> does make sense. >> It was like a little twist on >> something about this",true
3489.0,2026-09-07 20:14:40,@JimboTheComic,,Ok time to go jork it before the set ,positive,vader,Morgen Thomasian & Jamie,">> No, but I mean >> they also had a baby. And that is kind of what I do look like. I'm at war and unified at the same time. >> That's why I think >> does make sense. >> It was like a little twist on >> something about this >> like like I think I think Zalinski and and and Putin I think they're just gay and they just need to like just get get",true
3490.0,2026-09-07 20:14:41,@TheSupercorky,,Rasputins got me worried ,negative,vader,Morgen Thomasian & Jamie,">> No, but I mean >> they also had a baby. And that is kind of what I do look like. I'm at war and unified at the same time. >> That's why I think >> does make sense. >> It was like a little twist on >> something about this >> like like I think I think Zalinski and and and Putin I think they're just gay and they just need to like just get get together like they just need",true
3490.0,2026-09-07 20:14:41,@AdamAdam-vu3qt,,More laughs while watching Schindler’s list. ,positive,vader,Morgen Thomasian & Jamie,">> No, but I mean >> they also had a baby. And that is kind of what I do look like. I'm at war and unified at the same time. >> That's why I think >> does make sense. >> It was like a little twist on >> something about this >> like like I think I think Zalinski and and and Putin I think they're just gay and they just need to like just get get together like they just need",true
3499.0,2026-09-07 20:14:50,@EricNelson1236,,sounds like a big bbw,positive,vader,Morgen Thomasian & Jamie,>> something about this >> like like I think I think Zalinski and and and Putin I think they're just gay and they just need to like just get get together like they just need >> most politicians do. >> Right. That's true. So how how is the political climate in in in California? Things good? Are are you still hanging,true
3502.0,2026-09-07 20:14:53,@HollywoodStar2026,,jimbo the gooner,neutral,vader,Morgen Thomasian & Jamie,">> something about this >> like like I think I think Zalinski and and and Putin I think they're just gay and they just need to like just get get together like they just need >> most politicians do. >> Right. That's true. So how how is the political climate in in in California? Things good? Are are you still hanging out at, you know, Skid Row and checking",true
3505.0,2026-09-07 20:14:56,@S.D.L-m1j,,Radiostar lmao!,positive,vader,Morgen Thomasian & Jamie,">> like like I think I think Zalinski and and and Putin I think they're just gay and they just need to like just get get together like they just need >> most politicians do. >> Right. That's true. So how how is the political climate in in in California? Things good? Are are you still hanging out at, you know, Skid Row and checking out the fentanyl scene and all that good stuff? >> I, you know, I've never done that. Okay.",true
3507.0,2026-09-07 20:14:58,@TheSupercorky,,Time?,neutral,vader,Morgen Thomasian & Jamie,"and and Putin I think they're just gay and they just need to like just get get together like they just need >> most politicians do. >> Right. That's true. So how how is the political climate in in in California? Things good? Are are you still hanging out at, you know, Skid Row and checking out the fentanyl scene and all that good stuff? >> I, you know, I've never done that. Okay.",true
3510.0,2026-09-07 20:15:01,@TheFonz545,,she's missing boobies for that top,negative,vader,Morgen Thomasian & Jamie,"together like they just need >> most politicians do. >> Right. That's true. So how how is the political climate in in in California? Things good? Are are you still hanging out at, you know, Skid Row and checking out the fentanyl scene and all that good stuff? >> I, you know, I've never done that. Okay. But how was it when you tried it? >> Uh, I make sure I run through every",true
3511.0,2026-09-07 20:15:02,@CarlCramer88,,lol Adam ,positive,vader,Morgen Thomasian & Jamie,"together like they just need >> most politicians do. >> Right. That's true. So how how is the political climate in in in California? Things good? Are are you still hanging out at, you know, Skid Row and checking out the fentanyl scene and all that good stuff? >> I, you know, I've never done that. Okay. But how was it when you tried it? >> Uh, I make sure I run through every",true
3515.0,2026-09-07 20:15:06,@avery42069,,Jimbo has the right idea,neutral,vader,Morgen Thomasian & Jamie,">> Right. That's true. So how how is the political climate in in in California? Things good? Are are you still hanging out at, you know, Skid Row and checking out the fentanyl scene and all that good stuff? >> I, you know, I've never done that. Okay. But how was it when you tried it? >> Uh, I make sure I run through every time. There's always some fun to be had.",true
3523.0,2026-09-07 20:15:14,@Pinkskinnedgoblin,,lol ,positive,vader,Morgen Thomasian & Jamie,"stuff? >> I, you know, I've never done that. Okay. But how was it when you tried it? >> Uh, I make sure I run through every time. There's always some fun to be had. >> Well, you could get some secondhand substance abuse if you don't run through. >> True. And some secondhand smoke.",true
3525.0,2026-09-07 20:15:16,@TheFonz545,,gooner Jim strikes again,negative,vader,Morgen Thomasian & Jamie,"stuff? >> I, you know, I've never done that. Okay. But how was it when you tried it? >> Uh, I make sure I run through every time. There's always some fun to be had. >> Well, you could get some secondhand substance abuse if you don't run through. >> True. And some secondhand smoke. >> A little dabble. Do you right, Chino?",true
3527.0,2026-09-07 20:15:18,@someguy9566,,lol,positive,vader,Morgen Thomasian & Jamie,">> I, you know, I've never done that. Okay. But how was it when you tried it? >> Uh, I make sure I run through every time. There's always some fun to be had. >> Well, you could get some secondhand substance abuse if you don't run through. >> True. And some secondhand smoke. >> A little dabble. Do you right, Chino? No.",true
3528.0,2026-09-07 20:15:19,@OhHerroMyNameJim,,#tearmcorky,neutral,vader,Morgen Thomasian & Jamie,"But how was it when you tried it? >> Uh, I make sure I run through every time. There's always some fun to be had. >> Well, you could get some secondhand substance abuse if you don't run through. >> True. And some secondhand smoke. >> A little dabble. Do you right, Chino? No. All right. Well, you know, I really",true
3529.0,2026-09-07 20:15:20,@avery42069,,Wolf of Wallstreet technique,neutral,vader,Morgen Thomasian & Jamie,"But how was it when you tried it? >> Uh, I make sure I run through every time. There's always some fun to be had. >> Well, you could get some secondhand substance abuse if you don't run through. >> True. And some secondhand smoke. >> A little dabble. Do you right, Chino? No. All right. Well, you know, I really",true
3540.0,2026-09-07 20:15:31,@S.D.L-m1j,,The goonies:face-green-smiling:,neutral,vader,Morgen Thomasian & Jamie,"through. >> True. And some secondhand smoke. >> A little dabble. Do you right, Chino? No. All right. Well, you know, I really enjoy So, >> this this gal right here, she runs the Deadpan show. So, >> if you're ever running through, check her out. >> Also, because I do like uh um",true
3540.0,2026-09-07 20:15:31,@TheSupercorky,,Looks like more than a dab,positive,vader,Morgen Thomasian & Jamie,"through. >> True. And some secondhand smoke. >> A little dabble. Do you right, Chino? No. All right. Well, you know, I really enjoy So, >> this this gal right here, she runs the Deadpan show. So, >> if you're ever running through, check her out. >> Also, because I do like uh um",true
3542.0,2026-09-07 20:15:33,@BrianSV1985,,Ol Jimbo snorting coke and beatin the meat!!,neutral,vader,Morgen Thomasian & Jamie,">> True. And some secondhand smoke. >> A little dabble. Do you right, Chino? No. All right. Well, you know, I really enjoy So, >> this this gal right here, she runs the Deadpan show. So, >> if you're ever running through, check her out. >> Also, because I do like uh um appropriate culture of comedy, I do run",true
3543.0,2026-09-07 20:15:34,@TheFonz545,,wolf of gay street,neutral,vader,Morgen Thomasian & Jamie,">> True. And some secondhand smoke. >> A little dabble. Do you right, Chino? No. All right. Well, you know, I really enjoy So, >> this this gal right here, she runs the Deadpan show. So, >> if you're ever running through, check her out. >> Also, because I do like uh um appropriate culture of comedy, I do run",true
3561.0,2026-09-07 20:15:52,@BrianKirk-wi6kd,,I wonder what their probation officer thinks of this,neutral,vader,Morgen Thomasian & Jamie,">> Also, because I do like uh um appropriate culture of comedy, I do run a show is a salsa comedy show called Last Comic Dancing. >> Just took it to Australia, so maybe I'll bring it here sometime. But >> yes, that'd be cool. >> Anyway, it's good to be back. >> It's good to see you. >> Nice. Yeah, it's great to see you. >> I I do have one last question for you. >> Okay.",true
3561.0,2026-09-07 20:15:52,@pijinFPS,,skelabore,neutral,vader,Morgen Thomasian & Jamie,">> Also, because I do like uh um appropriate culture of comedy, I do run a show is a salsa comedy show called Last Comic Dancing. >> Just took it to Australia, so maybe I'll bring it here sometime. But >> yes, that'd be cool. >> Anyway, it's good to be back. >> It's good to see you. >> Nice. Yeah, it's great to see you. >> I I do have one last question for you. >> Okay.",true
3565.0,2026-09-07 20:15:56,@HollywoodStar2026,,tonight needs a gong. *old time 70s tv reference,neutral,vader,Morgen Thomasian & Jamie,"a show is a salsa comedy show called Last Comic Dancing. >> Just took it to Australia, so maybe I'll bring it here sometime. But >> yes, that'd be cool. >> Anyway, it's good to be back. >> It's good to see you. >> Nice. Yeah, it's great to see you. >> I I do have one last question for you. >> Okay. >> What happened to that cat before you murdered it? >> Oh. Um I",true
3565.0,2026-09-07 20:15:56,@TheSupercorky,,Erin is cool,positive,vader,Morgen Thomasian & Jamie,"a show is a salsa comedy show called Last Comic Dancing. >> Just took it to Australia, so maybe I'll bring it here sometime. But >> yes, that'd be cool. >> Anyway, it's good to be back. >> It's good to see you. >> Nice. Yeah, it's great to see you. >> I I do have one last question for you. >> Okay. >> What happened to that cat before you murdered it? >> Oh. Um I",true
3569.0,2026-09-07 20:16:00,@JimboTheComic,,Ok time to go be gay wish me bad luck ,positive,vader,Morgen Thomasian & Jamie,"bring it here sometime. But >> yes, that'd be cool. >> Anyway, it's good to be back. >> It's good to see you. >> Nice. Yeah, it's great to see you. >> I I do have one last question for you. >> Okay. >> What happened to that cat before you murdered it? >> Oh. Um I >> This cat I I dropped acid",true
3569.0,2026-09-07 20:16:00,@CarlCramer88,,"No, just keep it in Australia",neutral,vader,Morgen Thomasian & Jamie,"bring it here sometime. But >> yes, that'd be cool. >> Anyway, it's good to be back. >> It's good to see you. >> Nice. Yeah, it's great to see you. >> I I do have one last question for you. >> Okay. >> What happened to that cat before you murdered it? >> Oh. Um I >> This cat I I dropped acid",true
3571.0,2026-09-07 20:16:02,@TheFonz545,,hulk hogan and his lesbian daughter,neutral,vader,Morgen Thomasian & Jamie,">> yes, that'd be cool. >> Anyway, it's good to be back. >> It's good to see you. >> Nice. Yeah, it's great to see you. >> I I do have one last question for you. >> Okay. >> What happened to that cat before you murdered it? >> Oh. Um I >> This cat I I dropped acid >> in the cat's.",true
3576.0,2026-09-07 20:16:07,@Conrad2311,,JIMBO ,neutral,vader,Morgen Thomasian & Jamie,">> It's good to see you. >> Nice. Yeah, it's great to see you. >> I I do have one last question for you. >> Okay. >> What happened to that cat before you murdered it? >> Oh. Um I >> This cat I I dropped acid >> in the cat's. >> No, in the cat's water and the cat has never recovered.",true
3579.0,2026-09-07 20:16:10,@TheSupercorky,,Don't look,neutral,vader,Morgen Thomasian & Jamie,">> I I do have one last question for you. >> Okay. >> What happened to that cat before you murdered it? >> Oh. Um I >> This cat I I dropped acid >> in the cat's. >> No, in the cat's water and the cat has never recovered. >> It looks like you dropped acid in the cat's eye drops. That's what it That's",true
3581.0,2026-09-07 20:16:12,@QUINNHAMELIN,,Deadpan dead jokes too,positive,phrase_or_manual,Morgen Thomasian & Jamie,">> What happened to that cat before you murdered it? >> Oh. Um I >> This cat I I dropped acid >> in the cat's. >> No, in the cat's water and the cat has never recovered. >> It looks like you dropped acid in the cat's eye drops. That's what it That's what it looks like.",true
3582.0,2026-09-07 20:16:13,@EricNelson1236,,shades from 2030 bros a time teaveler,neutral,vader,Morgen Thomasian & Jamie,"murdered it? >> Oh. Um I >> This cat I I dropped acid >> in the cat's. >> No, in the cat's water and the cat has never recovered. >> It looks like you dropped acid in the cat's eye drops. That's what it That's what it looks like. >> All right. Well, this has been fun.",true
3591.0,2026-09-07 20:16:22,@Stillear,,she's looking forward to menopause,neutral,vader,Morgen Thomasian & Jamie,">> in the cat's. >> No, in the cat's water and the cat has never recovered. >> It looks like you dropped acid in the cat's eye drops. That's what it That's what it looks like. >> All right. Well, this has been fun. >> This has been amazing. Thank you. Thanks for having >> chat. We can't wait to read the cesspool of comments.",true
3592.0,2026-09-07 20:16:23,@AdamAdam-vu3qt,,Get these boomers a restaurant booth to nap in. ,neutral,vader,Morgen Thomasian & Jamie,">> in the cat's. >> No, in the cat's water and the cat has never recovered. >> It looks like you dropped acid in the cat's eye drops. That's what it That's what it looks like. >> All right. Well, this has been fun. >> This has been amazing. Thank you. Thanks for having >> chat. We can't wait to read the cesspool of comments. >> So excited.",true
3592.0,2026-09-07 20:16:23,@Pinkskinnedgoblin,,This guy 100% moved to the islands solely to surf all day. ,neutral,vader,Morgen Thomasian & Jamie,">> in the cat's. >> No, in the cat's water and the cat has never recovered. >> It looks like you dropped acid in the cat's eye drops. That's what it That's what it looks like. >> All right. Well, this has been fun. >> This has been amazing. Thank you. Thanks for having >> chat. We can't wait to read the cesspool of comments. >> So excited.",true
3593.0,2026-09-07 20:16:24,@radiostarkilla21,,Go jimbo! How bad can it be? ,negative,vader,Morgen Thomasian & Jamie,">> in the cat's. >> No, in the cat's water and the cat has never recovered. >> It looks like you dropped acid in the cat's eye drops. That's what it That's what it looks like. >> All right. Well, this has been fun. >> This has been amazing. Thank you. Thanks for having >> chat. We can't wait to read the cesspool of comments. >> So excited.",true
3599.0,2026-09-07 20:16:30,@S.D.L-m1j,,Jimbo break a leg :leg: :crossed_fingers:,neutral,vader,Morgen Thomasian & Jamie,"cat's eye drops. That's what it That's what it looks like. >> All right. Well, this has been fun. >> This has been amazing. Thank you. Thanks for having >> chat. We can't wait to read the cesspool of comments. >> So excited.",true
3608.0,2026-09-07 20:16:39,@Pinkskinnedgoblin,,Or military brat that thinks he’s a real islander ,neutral,vader,Morgen Thomasian & Jamie,">> chat. We can't wait to read the cesspool of comments. >> So excited. >> Keep it going for Aaron and Eddie, ladies and gentlemen. >> It was funny. Somebody in the comment section was like, ""Are they dating?"" And",true
3611.0,2026-09-07 20:16:42,@someguy9566,,:clapping_hands:,neutral,vader,Morgen Thomasian & Jamie,"of comments. >> So excited. >> Keep it going for Aaron and Eddie, ladies and gentlemen. >> It was funny. Somebody in the comment section was like, ""Are they dating?"" And then you pointed out the age gap, and I was like, ""I think he should date her",true
3613.0,2026-09-07 20:16:44,@TheFonz545,,looks like yous both took the cats medication,positive,vader,Morgen Thomasian & Jamie,">> Keep it going for Aaron and Eddie, ladies and gentlemen. >> It was funny. Somebody in the comment section was like, ""Are they dating?"" And then you pointed out the age gap, and I was like, ""I think he should date her mom. That sounds pretty hot, right?",true
3615.0,2026-09-07 20:16:46,@alisonwayland6057,,50 shades of no humor,negative,vader,Morgen Thomasian & Jamie,">> Keep it going for Aaron and Eddie, ladies and gentlemen. >> It was funny. Somebody in the comment section was like, ""Are they dating?"" And then you pointed out the age gap, and I was like, ""I think he should date her mom. That sounds pretty hot, right? After Where's mama at? I don't know.",true
3615.0,2026-09-07 20:16:46,@adawg1111,,so they mean these comments?,neutral,vader,Morgen Thomasian & Jamie,">> Keep it going for Aaron and Eddie, ladies and gentlemen. >> It was funny. Somebody in the comment section was like, ""Are they dating?"" And then you pointed out the age gap, and I was like, ""I think he should date her mom. That sounds pretty hot, right? After Where's mama at? I don't know.",true
3628.0,2026-09-07 20:16:59,@nevergiveup9321,,I always feel bad that they read are comments :rolling_on_the_floor_laughing::rolling_on_the_floor_laughing::rolling_on_the_floor_laughing:,negative,vader,Morgen Thomasian & Jamie,"then you pointed out the age gap, and I was like, ""I think he should date her mom. That sounds pretty hot, right? After Where's mama at? I don't know. Could be could be exciting. The internet is now invested. They want to know what happens from here. All right. Uh, someone named Ye signed up. Who is that? Is that you? Okay. Hold on. Hold on, partner.",true
3634.0,2026-09-07 20:17:05,@QUINNHAMELIN,,Polite chuckles,positive,vader,Morgen Thomasian & Jamie,"After Where's mama at? I don't know. Could be could be exciting. The internet is now invested. They want to know what happens from here. All right. Uh, someone named Ye signed up. Who is that? Is that you? Okay. Hold on. Hold on, partner. Breaking the rules. >> I just wanted to identify you. Um, we got like one, two, two more left and",true
3635.0,2026-09-07 20:17:06,@AdamAdam-vu3qt,,Wasn’t this guy in street fighter ,positive,vader,Morgen Thomasian & Jamie,"After Where's mama at? I don't know. Could be could be exciting. The internet is now invested. They want to know what happens from here. All right. Uh, someone named Ye signed up. Who is that? Is that you? Okay. Hold on. Hold on, partner. Breaking the rules. >> I just wanted to identify you. Um, we got like one, two, two more left and",true
3644.0,2026-09-07 20:17:15,@EricNelson1236,,lol dont,positive,vader,Morgen Thomasian & Jamie,"someone named Ye signed up. Who is that? Is that you? Okay. Hold on. Hold on, partner. Breaking the rules. >> I just wanted to identify you. Um, we got like one, two, two more left and we'll get you up. You cool? >> Cool. That cool. I just want to make sure cuz I I didn't know that was you. Right on. All right. Uh, by the way, this list is almost full. If anybody else wants to come up here and do a duo",true
3665.0,2026-09-07 20:17:36,@Stillear,,he heard Maui had no extradition treaty with the united states,positive,vader,Morgen Thomasian & Jamie,"set, uh, he doesn't have a partner, so if anybody wants to join him, I'll allow it. [ __ ] that could be fun. That could be weird. Who knows what kind of first date situation? No, not yet. Not yet. See soon. >> We'll get you a partner. >> Yeah, we got we got a couple more comments. >> Make fun of me. >> Oh, no. No. I was just confirming cuz I didn't know. I was not familiar with the name. Unfamiliar name. Just got to",true
3667.0,2026-09-07 20:17:38,@TheFonz545,,Yoo tell yish you chill,neutral,vader,Morgen Thomasian & Jamie,"if anybody wants to join him, I'll allow it. [ __ ] that could be fun. That could be weird. Who knows what kind of first date situation? No, not yet. Not yet. See soon. >> We'll get you a partner. >> Yeah, we got we got a couple more comments. >> Make fun of me. >> Oh, no. No. I was just confirming cuz I didn't know. I was not familiar with the name. Unfamiliar name. Just got to double check. All right, we'll get Edge up here soon. coming to the stage right",true
3672.0,2026-09-07 20:17:43,@radiostarkilla21,,"Easy, turbo",positive,vader,Morgen Thomasian & Jamie,"be weird. Who knows what kind of first date situation? No, not yet. Not yet. See soon. >> We'll get you a partner. >> Yeah, we got we got a couple more comments. >> Make fun of me. >> Oh, no. No. I was just confirming cuz I didn't know. I was not familiar with the name. Unfamiliar name. Just got to double check. All right, we'll get Edge up here soon. coming to the stage right now. We got uh the return of a comedian who hasn't joined us for a while and",true
3674.0,2026-09-07 20:17:45,@TheFonz545,,hash tag Jimbo sucks,negative,vader,Morgen Thomasian & Jamie,"See soon. >> We'll get you a partner. >> Yeah, we got we got a couple more comments. >> Make fun of me. >> Oh, no. No. I was just confirming cuz I didn't know. I was not familiar with the name. Unfamiliar name. Just got to double check. All right, we'll get Edge up here soon. coming to the stage right now. We got uh the return of a comedian who hasn't joined us for a while and then our comment moderator uh comment",true
3674.0,2026-09-07 20:17:45,@AdamAdam-vu3qt,,This guy is the safety net for the unfunny people before him. ,positive,vader,Morgen Thomasian & Jamie,"See soon. >> We'll get you a partner. >> Yeah, we got we got a couple more comments. >> Make fun of me. >> Oh, no. No. I was just confirming cuz I didn't know. I was not familiar with the name. Unfamiliar name. Just got to double check. All right, we'll get Edge up here soon. coming to the stage right now. We got uh the return of a comedian who hasn't joined us for a while and then our comment moderator uh comment",true
3677.0,2026-09-07 20:17:48,@Pinkskinnedgoblin,,Interesting way of spelling our ,positive,vader,Morgen Thomasian & Jamie,"comments. >> Make fun of me. >> Oh, no. No. I was just confirming cuz I didn't know. I was not familiar with the name. Unfamiliar name. Just got to double check. All right, we'll get Edge up here soon. coming to the stage right now. We got uh the return of a comedian who hasn't joined us for a while and then our comment moderator uh comment section knows him of his Jimbo and Mr. John Cay.",true
3687.0,2026-09-07 20:17:58,@S.D.L-m1j,,Chair and stool ,neutral,vader,Morgen Thomasian & Jamie,"up here soon. coming to the stage right now. We got uh the return of a comedian who hasn't joined us for a while and then our comment moderator uh comment section knows him of his Jimbo and Mr. John Cay. >> What up, Pa?",true
3689.0,2026-09-07 20:18:00,@TheSupercorky,,Oh boy,neutral,vader,Morgen Thomasian & Jamie,"now. We got uh the return of a comedian who hasn't joined us for a while and then our comment moderator uh comment section knows him of his Jimbo and Mr. John Cay. >> What up, Pa? >> What's up, guys? Give it up for Pa Bay",true
3698.0,2026-09-07 20:18:09,@TheFonz545,,oh no,negative,vader,Morgen Thomasian & Jamie,"section knows him of his Jimbo and Mr. John Cay. >> What up, Pa? >> What's up, guys? Give it up for Pa Bay Coffee Bar. Give it up for the the staff at the bar. >> No, you're right. We're not We're not doing Let's get after the people not",true
3698.0,2026-09-07 20:18:09,@ineverlutes,,JIMBO :clapping_hands::clapping_hands::clapping_hands:,neutral,vader,Morgen Thomasian & Jamie,"section knows him of his Jimbo and Mr. John Cay. >> What up, Pa? >> What's up, guys? Give it up for Pa Bay Coffee Bar. Give it up for the the staff at the bar. >> No, you're right. We're not We're not doing Let's get after the people not",true
3700.0,2026-09-07 20:18:11,@radiostarkilla21,,Jimbo and his himbo,neutral,vader,Morgen Thomasian & Jamie,">> What up, Pa? >> What's up, guys? Give it up for Pa Bay Coffee Bar. Give it up for the the staff at the bar. >> No, you're right. We're not We're not doing Let's get after the people not paying attention the whole show at the",true
3704.0,2026-09-07 20:18:15,@TheFonz545,,Jimbo sucks,negative,vader,Morgen Thomasian & Jamie,">> What up, Pa? >> What's up, guys? Give it up for Pa Bay Coffee Bar. Give it up for the the staff at the bar. >> No, you're right. We're not We're not doing Let's get after the people not paying attention the whole show at the bar. What up? >> Bar people. Bar people. WHAT UP?",true
3709.0,2026-09-07 20:18:20,@S.D.L-m1j,,Jimboooo:face-fuchsia-tongue-out:,neutral,vader,Morgen Thomasian & Jamie,">> What's up, guys? Give it up for Pa Bay Coffee Bar. Give it up for the the staff at the bar. >> No, you're right. We're not We're not doing Let's get after the people not paying attention the whole show at the bar. What up? >> Bar people. Bar people. WHAT UP? >> YOU HAVE TO JOIN this fever dream with",true
3710.0,2026-09-07 20:18:21,@avery42069,,jimbooo,neutral,vader,Morgen Thomasian & Jamie,">> What's up, guys? Give it up for Pa Bay Coffee Bar. Give it up for the the staff at the bar. >> No, you're right. We're not We're not doing Let's get after the people not paying attention the whole show at the bar. What up? >> Bar people. Bar people. WHAT UP? >> YOU HAVE TO JOIN this fever dream with us. Okay.",true
3710.0,2026-09-07 20:18:21,@CarlCramer88,,"Damn, look at the tits on that guy",negative,vader,Morgen Thomasian & Jamie,">> What's up, guys? Give it up for Pa Bay Coffee Bar. Give it up for the the staff at the bar. >> No, you're right. We're not We're not doing Let's get after the people not paying attention the whole show at the bar. What up? >> Bar people. Bar people. WHAT UP? >> YOU HAVE TO JOIN this fever dream with us. Okay.",true
3715.0,2026-09-07 20:18:26,@ineverlutes,,@radio lmao,positive,vader,Morgen Thomasian & Jamie,">> No, you're right. We're not We're not doing Let's get after the people not paying attention the whole show at the bar. What up? >> Bar people. Bar people. WHAT UP? >> YOU HAVE TO JOIN this fever dream with us. Okay. >> YOU DON'T GET TO CHECK OUT AND NOT experience the hell that happens up here. That's why your burger is only",true
3717.0,2026-09-07 20:18:28,@TheFonz545,,Jimbo and the bimbo,neutral,vader,Morgen Thomasian & Jamie,">> No, you're right. We're not We're not doing Let's get after the people not paying attention the whole show at the bar. What up? >> Bar people. Bar people. WHAT UP? >> YOU HAVE TO JOIN this fever dream with us. Okay. >> YOU DON'T GET TO CHECK OUT AND NOT experience the hell that happens up here. That's why your burger is only $30.",true
3719.0,2026-09-07 20:18:30,@AdamAdam-vu3qt,,Finally someone else with some tits,negative,vader,Morgen Thomasian & Jamie,"paying attention the whole show at the bar. What up? >> Bar people. Bar people. WHAT UP? >> YOU HAVE TO JOIN this fever dream with us. Okay. >> YOU DON'T GET TO CHECK OUT AND NOT experience the hell that happens up here. That's why your burger is only $30. >> I don't know. What's up, John?",true
3721.0,2026-09-07 20:18:32,@TheSupercorky,,Jimbo,neutral,vader,Morgen Thomasian & Jamie,"paying attention the whole show at the bar. What up? >> Bar people. Bar people. WHAT UP? >> YOU HAVE TO JOIN this fever dream with us. Okay. >> YOU DON'T GET TO CHECK OUT AND NOT experience the hell that happens up here. That's why your burger is only $30. >> I don't know. What's up, John? >> Uh, you know, uh, been busy, been",true
3722.0,2026-09-07 20:18:33,@Donnieboy24,,Jim rules chair rules,neutral,vader,Morgen Thomasian & Jamie,"bar. What up? >> Bar people. Bar people. WHAT UP? >> YOU HAVE TO JOIN this fever dream with us. Okay. >> YOU DON'T GET TO CHECK OUT AND NOT experience the hell that happens up here. That's why your burger is only $30. >> I don't know. What's up, John? >> Uh, you know, uh, been busy, been",true
3723.0,2026-09-07 20:18:34,@S.D.L-m1j,,Nice couple:face-green-smiling:,positive,vader,Morgen Thomasian & Jamie,"bar. What up? >> Bar people. Bar people. WHAT UP? >> YOU HAVE TO JOIN this fever dream with us. Okay. >> YOU DON'T GET TO CHECK OUT AND NOT experience the hell that happens up here. That's why your burger is only $30. >> I don't know. What's up, John? >> Uh, you know, uh, been busy, been working a lot. You know, I I'm a tour",true
3732.0,2026-09-07 20:18:43,@HollywoodStar2026,,Jimbo gained the weight that Chino lost,positive,vader,Jimbo & John Calle,">> YOU DON'T GET TO CHECK OUT AND NOT experience the hell that happens up here. That's why your burger is only $30. >> I don't know. What's up, John? >> Uh, you know, uh, been busy, been working a lot. You know, I I'm a tour guide. Uh, so I work a lot and I meet a lot of tourists and I realize I I'm actually pretty judgmental. Uh, but I meet I meet about 10 new people a day",true
3734.0,2026-09-07 20:18:45,@Stillear,,they wrote these jokes while gaming. bet,positive,vader,Jimbo & John Calle,"experience the hell that happens up here. That's why your burger is only $30. >> I don't know. What's up, John? >> Uh, you know, uh, been busy, been working a lot. You know, I I'm a tour guide. Uh, so I work a lot and I meet a lot of tourists and I realize I I'm actually pretty judgmental. Uh, but I meet I meet about 10 new people a day and I really get to know them over 10 hours. And I don't judge these people,",true
3735.0,2026-09-07 20:18:46,@avery42069,,I’m having gay fever dreams about the chaiiiirrrrr,positive,vader,Jimbo & John Calle,"here. That's why your burger is only $30. >> I don't know. What's up, John? >> Uh, you know, uh, been busy, been working a lot. You know, I I'm a tour guide. Uh, so I work a lot and I meet a lot of tourists and I realize I I'm actually pretty judgmental. Uh, but I meet I meet about 10 new people a day and I really get to know them over 10 hours. And I don't judge these people,",true
3738.0,2026-09-07 20:18:49,@TheFonz545,,is Jimbo Jewish,neutral,vader,Jimbo & John Calle,"$30. >> I don't know. What's up, John? >> Uh, you know, uh, been busy, been working a lot. You know, I I'm a tour guide. Uh, so I work a lot and I meet a lot of tourists and I realize I I'm actually pretty judgmental. Uh, but I meet I meet about 10 new people a day and I really get to know them over 10 hours. And I don't judge these people, but I found out I judge people because on my day off, which I treasure, I go to",true
3749.0,2026-09-07 20:19:00,@TheFonz545,,omg it's John the 5rh,neutral,vader,Jimbo & John Calle,"actually pretty judgmental. Uh, but I meet I meet about 10 new people a day and I really get to know them over 10 hours. And I don't judge these people, but I found out I judge people because on my day off, which I treasure, I go to Costco. >> And I judge people based on what they have in their cart. John, are you running a [ __ ] two-minute bid on me right now? I'm going to lose my [ __ ] >> I'm in the audience with you guys",true
3752.0,2026-09-07 20:19:03,@Pinkskinnedgoblin,,Why can’t you tell? ,neutral,vader,Jimbo & John Calle,"and I really get to know them over 10 hours. And I don't judge these people, but I found out I judge people because on my day off, which I treasure, I go to Costco. >> And I judge people based on what they have in their cart. John, are you running a [ __ ] two-minute bid on me right now? I'm going to lose my [ __ ] >> I'm in the audience with you guys listening to John's joke. Continue.",true
3756.0,2026-09-07 20:19:07,@ineverlutes,,jimbo is EXTREMELY jewish,neutral,vader,Jimbo & John Calle,"but I found out I judge people because on my day off, which I treasure, I go to Costco. >> And I judge people based on what they have in their cart. John, are you running a [ __ ] two-minute bid on me right now? I'm going to lose my [ __ ] >> I'm in the audience with you guys listening to John's joke. Continue. Oh, I was hoping >> Put your manifesto away. Calm down.",true
3758.0,2026-09-07 20:19:09,@QUINNHAMELIN,,Hay Fever,neutral,vader,Jimbo & John Calle,"on my day off, which I treasure, I go to Costco. >> And I judge people based on what they have in their cart. John, are you running a [ __ ] two-minute bid on me right now? I'm going to lose my [ __ ] >> I'm in the audience with you guys listening to John's joke. Continue. Oh, I was hoping >> Put your manifesto away. Calm down. >> Okay. All right. All right. All right. >> Why do white men that look like him",true
3763.0,2026-09-07 20:19:14,@CarlCramer88,,They wrote their jokes and their mother’s car while getting a ride to the comedy club. Their mom says it was funny.,positive,vader,Jimbo & John Calle,"have in their cart. John, are you running a [ __ ] two-minute bid on me right now? I'm going to lose my [ __ ] >> I'm in the audience with you guys listening to John's joke. Continue. Oh, I was hoping >> Put your manifesto away. Calm down. >> Okay. All right. All right. All right. >> Why do white men that look like him always have to have a book? Why? What is that? >> It's a fair point. You know, something",true
3764.0,2026-09-07 20:19:15,@leedlelee-l2d,,Who’s this Mormon ,neutral,vader,Jimbo & John Calle,"running a [ __ ] two-minute bid on me right now? I'm going to lose my [ __ ] >> I'm in the audience with you guys listening to John's joke. Continue. Oh, I was hoping >> Put your manifesto away. Calm down. >> Okay. All right. All right. All right. >> Why do white men that look like him always have to have a book? Why? What is that? >> It's a fair point. You know, something",true
3764.0,2026-09-07 20:19:15,@AdamAdam-vu3qt,,Someone made a wrong turn for the star wars convention. ,negative,vader,Jimbo & John Calle,"running a [ __ ] two-minute bid on me right now? I'm going to lose my [ __ ] >> I'm in the audience with you guys listening to John's joke. Continue. Oh, I was hoping >> Put your manifesto away. Calm down. >> Okay. All right. All right. All right. >> Why do white men that look like him always have to have a book? Why? What is that? >> It's a fair point. You know, something",true
3766.0,2026-09-07 20:19:17,@TheFonz545,,he's ewish,neutral,vader,Jimbo & John Calle,"running a [ __ ] two-minute bid on me right now? I'm going to lose my [ __ ] >> I'm in the audience with you guys listening to John's joke. Continue. Oh, I was hoping >> Put your manifesto away. Calm down. >> Okay. All right. All right. All right. >> Why do white men that look like him always have to have a book? Why? What is that? >> It's a fair point. You know, something that I think Jimbo and I both have in",true
3768.0,2026-09-07 20:19:19,@EricNelson1236,,theyre kid just dyed bro,neutral,vader,Jimbo & John Calle,"right now? I'm going to lose my [ __ ] >> I'm in the audience with you guys listening to John's joke. Continue. Oh, I was hoping >> Put your manifesto away. Calm down. >> Okay. All right. All right. All right. >> Why do white men that look like him always have to have a book? Why? What is that? >> It's a fair point. You know, something that I think Jimbo and I both have in common is that we look like a TSA agent",true
3769.0,2026-09-07 20:19:20,@TheSupercorky,,He's giving too much,positive,vader,Jimbo & John Calle,">> I'm in the audience with you guys listening to John's joke. Continue. Oh, I was hoping >> Put your manifesto away. Calm down. >> Okay. All right. All right. All right. >> Why do white men that look like him always have to have a book? Why? What is that? >> It's a fair point. You know, something that I think Jimbo and I both have in common is that we look like a TSA agent who's already decided who we're going to",true
3770.0,2026-09-07 20:19:21,@radiostarkilla21,,Jimbo taking no prisoners!,positive,vader,Jimbo & John Calle,">> I'm in the audience with you guys listening to John's joke. Continue. Oh, I was hoping >> Put your manifesto away. Calm down. >> Okay. All right. All right. All right. >> Why do white men that look like him always have to have a book? Why? What is that? >> It's a fair point. You know, something that I think Jimbo and I both have in common is that we look like a TSA agent who's already decided who we're going to",true
3777.0,2026-09-07 20:19:28,@MexiHoney17,,:grinning_squinting_face::grinning_squinting_face:,neutral,vader,Jimbo & John Calle,">> Okay. All right. All right. All right. >> Why do white men that look like him always have to have a book? Why? What is that? >> It's a fair point. You know, something that I think Jimbo and I both have in common is that we look like a TSA agent who's already decided who we're going to randomly search. >> John's me before I gave up.",true
3786.0,2026-09-07 20:19:37,@Stillear,,dude brings his journal everywhere,neutral,vader,Jimbo & John Calle,"that I think Jimbo and I both have in common is that we look like a TSA agent who's already decided who we're going to randomly search. >> John's me before I gave up. >> John's like holding on to the last straw that I saw 5 years ago. So, this is what I have to look forward to is way worse. >> Bombing in Minnesota.",true
3787.0,2026-09-07 20:19:38,@TheFonz545,,Jimbo wish he was white,positive,vader,Jimbo & John Calle,"common is that we look like a TSA agent who's already decided who we're going to randomly search. >> John's me before I gave up. >> John's like holding on to the last straw that I saw 5 years ago. So, this is what I have to look forward to is way worse. >> Bombing in Minnesota. >> I did I did",true
3786.0,2026-09-07 20:19:37,@alisonwayland6057,,so he's constantly directing tourists to where public bathrooms are,neutral,vader,Jimbo & John Calle,"that I think Jimbo and I both have in common is that we look like a TSA agent who's already decided who we're going to randomly search. >> John's me before I gave up. >> John's like holding on to the last straw that I saw 5 years ago. So, this is what I have to look forward to is way worse. >> Bombing in Minnesota.",true
3789.0,2026-09-07 20:19:40,@S.D.L-m1j,,:face-turquoise-covering-eyes::face-orange-biting-nails:,neutral,vader,Jimbo & John Calle,"common is that we look like a TSA agent who's already decided who we're going to randomly search. >> John's me before I gave up. >> John's like holding on to the last straw that I saw 5 years ago. So, this is what I have to look forward to is way worse. >> Bombing in Minnesota. >> I did I did >> I did bomb in Minnesota. Um I went",true
3790.0,2026-09-07 20:19:41,@radiostarkilla21,,Lol,positive,vader,Jimbo & John Calle,"who's already decided who we're going to randomly search. >> John's me before I gave up. >> John's like holding on to the last straw that I saw 5 years ago. So, this is what I have to look forward to is way worse. >> Bombing in Minnesota. >> I did I did >> I did bomb in Minnesota. Um I went",true
3800.0,2026-09-07 20:19:51,@CarlCramer88,,"Hey Jimbo, have you ever heard of an iron? He pulled those pants from the bottom dresser drawer.",neutral,vader,Jimbo & John Calle,"that I saw 5 years ago. So, this is what I have to look forward to is way worse. >> Bombing in Minnesota. >> I did I did >> I did bomb in Minnesota. Um I went >> in the Middle East, guys. >> Yeah, I was in the Middle East. In Minnesota, I um That's the Midwest. Ohio is the Middle East. >> Oh, sorry. Your geography, right? I was in Minnesota recently and I did realize.",true
3803.0,2026-09-07 20:19:54,@nevergiveup9321,,Jimbo has a hole in his pocket ,neutral,vader,Jimbo & John Calle,"I have to look forward to is way worse. >> Bombing in Minnesota. >> I did I did >> I did bomb in Minnesota. Um I went >> in the Middle East, guys. >> Yeah, I was in the Middle East. In Minnesota, I um That's the Midwest. Ohio is the Middle East. >> Oh, sorry. Your geography, right? I was in Minnesota recently and I did realize. Is anyone from Minnesota in here?",true
3813.0,2026-09-07 20:20:04,@EricNelson1236,,novelty book has a flask,neutral,vader,Jimbo & John Calle,">> Yeah, I was in the Middle East. In Minnesota, I um That's the Midwest. Ohio is the Middle East. >> Oh, sorry. Your geography, right? I was in Minnesota recently and I did realize. Is anyone from Minnesota in here? >> One escapee. Sick. I was in Minnesota. There's not as many Somalians as they say there are in there. I'm just telling you guys, boots on the ground. I would",true
3815.0,2026-09-07 20:20:06,@z28diablo,,"Dear Diary, bombed again tonight on stage.",positive,vader,Jimbo & John Calle,"is the Middle East. >> Oh, sorry. Your geography, right? I was in Minnesota recently and I did realize. Is anyone from Minnesota in here? >> One escapee. Sick. I was in Minnesota. There's not as many Somalians as they say there are in there. I'm just telling you guys, boots on the ground. I would say there's the perfect amount of Somalians there.",true
3815.0,2026-09-07 20:20:06,@TheFonz545,,look like they sell old iPhones to the homeless,positive,vader,Jimbo & John Calle,"is the Middle East. >> Oh, sorry. Your geography, right? I was in Minnesota recently and I did realize. Is anyone from Minnesota in here? >> One escapee. Sick. I was in Minnesota. There's not as many Somalians as they say there are in there. I'm just telling you guys, boots on the ground. I would say there's the perfect amount of Somalians there.",true
3818.0,2026-09-07 20:20:09,@AdamAdam-vu3qt,,I don’t go to car shop and pretend to be a mechanic so why get on stage and pretend to be funny?,positive,vader,Jimbo & John Calle,">> Oh, sorry. Your geography, right? I was in Minnesota recently and I did realize. Is anyone from Minnesota in here? >> One escapee. Sick. I was in Minnesota. There's not as many Somalians as they say there are in there. I'm just telling you guys, boots on the ground. I would say there's the perfect amount of Somalians there. >> I realize no matter how I say that,",true
3823.0,2026-09-07 20:20:14,@ineverlutes,,WOO MINNESOTA,positive,vader,Jimbo & John Calle,"in Minnesota recently and I did realize. Is anyone from Minnesota in here? >> One escapee. Sick. I was in Minnesota. There's not as many Somalians as they say there are in there. I'm just telling you guys, boots on the ground. I would say there's the perfect amount of Somalians there. >> I realize no matter how I say that, >> how many Somalians is it? >> I don't know. Everyone's got their own level for me. Perfect. I don't know.",true
3828.0,2026-09-07 20:20:19,@MichaelBrogans-q3e,,get these fellas a couple bras and a box of cake mix let them start a new life together,neutral,vader,Jimbo & John Calle,"There's not as many Somalians as they say there are in there. I'm just telling you guys, boots on the ground. I would say there's the perfect amount of Somalians there. >> I realize no matter how I say that, >> how many Somalians is it? >> I don't know. Everyone's got their own level for me. Perfect. I don't know. It's >> terrible. That's as racist as I'll get tonight.",true
3835.0,2026-09-07 20:20:26,@MexiHoney17,,Tough crowd ,negative,vader,Jimbo & John Calle,"Somalians there. >> I realize no matter how I say that, >> how many Somalians is it? >> I don't know. Everyone's got their own level for me. Perfect. I don't know. It's >> terrible. That's as racist as I'll get tonight. >> Why is that the funniest joke I told him? >> Jimbo seems like the kind of guy that would know a lot about Lindsay Clancy",true
3842.0,2026-09-07 20:20:33,@CarlCramer88,,Dreamville is that where you go to think you’re funny,positive,vader,Jimbo & John Calle,>> I don't know. Everyone's got their own level for me. Perfect. I don't know. It's >> terrible. That's as racist as I'll get tonight. >> Why is that the funniest joke I told him? >> Jimbo seems like the kind of guy that would know a lot about Lindsay Clancy and surprisingly not a lot about Andrew Tate. >> I know more about Tom Clansancy. I don't,true
3845.0,2026-09-07 20:20:36,@TheFonz545,,Jimbo looks like he sells Pokémon to blind kids,negative,vader,Jimbo & John Calle,It's >> terrible. That's as racist as I'll get tonight. >> Why is that the funniest joke I told him? >> Jimbo seems like the kind of guy that would know a lot about Lindsay Clancy and surprisingly not a lot about Andrew Tate. >> I know more about Tom Clansancy. I don't That's a dated joke for you with old [ __ ] I don't care. I don't care what,true
3849.0,2026-09-07 20:20:40,@S.D.L-m1j,,:grinning_squinting_face:,neutral,vader,Jimbo & John Calle,>> Why is that the funniest joke I told him? >> Jimbo seems like the kind of guy that would know a lot about Lindsay Clancy and surprisingly not a lot about Andrew Tate. >> I know more about Tom Clansancy. I don't That's a dated joke for you with old [ __ ] I don't care. I don't care what happens in the news and court cases. I,true
3852.0,2026-09-07 20:20:43,@TheSupercorky,,Ha!,neutral,vader,Jimbo & John Calle,>> Jimbo seems like the kind of guy that would know a lot about Lindsay Clancy and surprisingly not a lot about Andrew Tate. >> I know more about Tom Clansancy. I don't That's a dated joke for you with old [ __ ] I don't care. I don't care what happens in the news and court cases. I uh I really just care when you're going to cut your hair. That's what I It's all,true
3853.0,2026-09-07 20:20:44,@ineverlutes,,just the right amount of somalians :pinched_fingers:,neutral,vader,Jimbo & John Calle,>> Jimbo seems like the kind of guy that would know a lot about Lindsay Clancy and surprisingly not a lot about Andrew Tate. >> I know more about Tom Clansancy. I don't That's a dated joke for you with old [ __ ] I don't care. I don't care what happens in the news and court cases. I uh I really just care when you're going to cut your hair. That's what I It's all,true
3865.0,2026-09-07 20:20:56,@Pinkskinnedgoblin,,Lol,positive,vader,Jimbo & John Calle,"[ __ ] I don't care. I don't care what happens in the news and court cases. I uh I really just care when you're going to cut your hair. That's what I It's all that's been on my radar lately. >> Yeah. >> The chat's been asking. They're like, ""Jimbo, can you talk to John? We're worried about him."" >> Sorry, guys. I'll work on it. >> No, just cut it.",true
3873.0,2026-09-07 20:21:04,@nevergiveup9321,,That book holds all his best material ,positive,vader,Jimbo & John Calle,"to cut your hair. That's what I It's all that's been on my radar lately. >> Yeah. >> The chat's been asking. They're like, ""Jimbo, can you talk to John? We're worried about him."" >> Sorry, guys. I'll work on it. >> No, just cut it. >> Or get a perm. Go all in. Don't lose one of this half. Perm's not a bad idea. I could do something like her back there. That will",true
3876.0,2026-09-07 20:21:07,@avery42069,,Jimbo promised no jokes what the fuck??,negative,vader,Jimbo & John Calle,">> The chat's been asking. They're like, ""Jimbo, can you talk to John? We're worried about him."" >> Sorry, guys. I'll work on it. >> No, just cut it. >> Or get a perm. Go all in. Don't lose one of this half. Perm's not a bad idea. I could do something like her back there. That will look good. Damn, that's some good hair.",true
3881.0,2026-09-07 20:21:12,@MichaelBrogans-q3e,,Tom Clancy jokes are coming back in a big way,positive,vader,Jimbo & John Calle,"worried about him."" >> Sorry, guys. I'll work on it. >> No, just cut it. >> Or get a perm. Go all in. Don't lose one of this half. Perm's not a bad idea. I could do something like her back there. That will look good. Damn, that's some good hair. I see what John's going for. That's funnier than you're giving us.",true
3887.0,2026-09-07 20:21:18,@TheSupercorky,,Perm ,neutral,vader,Jimbo & John Calle,">> Or get a perm. Go all in. Don't lose one of this half. Perm's not a bad idea. I could do something like her back there. That will look good. Damn, that's some good hair. I see what John's going for. That's funnier than you're giving us. Okay, that's really >> All right, chat. You can't see her. It's okay.",true
3890.0,2026-09-07 20:21:21,@QUINNHAMELIN,,Tough crowd with weak jokes,negative,vader,Jimbo & John Calle,"Perm's not a bad idea. I could do something like her back there. That will look good. Damn, that's some good hair. I see what John's going for. That's funnier than you're giving us. Okay, that's really >> All right, chat. You can't see her. It's okay. Manifesto",true
3892.0,2026-09-07 20:21:23,@HollywoodStar2026,,John needs a low taper fade,negative,vader,Jimbo & John Calle,"something like her back there. That will look good. Damn, that's some good hair. I see what John's going for. That's funnier than you're giving us. Okay, that's really >> All right, chat. You can't see her. It's okay. Manifesto says >> Joe Rogan Bible every morning. Okay,",true
3903.0,2026-09-07 20:21:34,@MexiHoney17,,:woozy_face:,neutral,vader,Jimbo & John Calle,"Okay, that's really >> All right, chat. You can't see her. It's okay. Manifesto says >> Joe Rogan Bible every morning. Okay, sorry. >> What? What? Does anyone have a guess? Does anyone have a guess? Uh, what John has written in that notebook?",true
3903.0,2026-09-07 20:21:34,@pijinFPS,,Brokeback Mountain 2,neutral,vader,Jimbo & John Calle,"Okay, that's really >> All right, chat. You can't see her. It's okay. Manifesto says >> Joe Rogan Bible every morning. Okay, sorry. >> What? What? Does anyone have a guess? Does anyone have a guess? Uh, what John has written in that notebook?",true
3905.0,2026-09-07 20:21:36,@HollywoodStar2026,,John ready to preach,positive,vader,Jimbo & John Calle,">> All right, chat. You can't see her. It's okay. Manifesto says >> Joe Rogan Bible every morning. Okay, sorry. >> What? What? Does anyone have a guess? Does anyone have a guess? Uh, what John has written in that notebook? >> Take a guess. Mustache.",true
3907.0,2026-09-07 20:21:38,@TheFonz545,,Jimbo sells ramen to old people,neutral,vader,Jimbo & John Calle,"okay. Manifesto says >> Joe Rogan Bible every morning. Okay, sorry. >> What? What? Does anyone have a guess? Does anyone have a guess? Uh, what John has written in that notebook? >> Take a guess. Mustache. >> Yeah. Addresses of women.",true
3907.0,2026-09-07 20:21:38,@ineverlutes,,jimbo you do be lookin fresh up there ,positive,vader,Jimbo & John Calle,"okay. Manifesto says >> Joe Rogan Bible every morning. Okay, sorry. >> What? What? Does anyone have a guess? Does anyone have a guess? Uh, what John has written in that notebook? >> Take a guess. Mustache. >> Yeah. Addresses of women.",true
3916.0,2026-09-07 20:21:47,@S.D.L-m1j,,Cut them some slack they're in manopause:face-green-smiling:,negative,vader,Jimbo & John Calle,"sorry. >> What? What? Does anyone have a guess? Does anyone have a guess? Uh, what John has written in that notebook? >> Take a guess. Mustache. >> Yeah. Addresses of women. Anyone else also share that? That he might have addresses of women. >> That was my guess, too. >> Yikes, dude.",true
3916.0,2026-09-07 20:21:47,@CarlCramer88,,lol fps,positive,vader,Jimbo & John Calle,"sorry. >> What? What? Does anyone have a guess? Does anyone have a guess? Uh, what John has written in that notebook? >> Take a guess. Mustache. >> Yeah. Addresses of women. Anyone else also share that? That he might have addresses of women. >> That was my guess, too. >> Yikes, dude.",true
3916.0,2026-09-07 20:21:47,@EricNelson1236,,stop listening to kenny rogers man,negative,vader,Jimbo & John Calle,"sorry. >> What? What? Does anyone have a guess? Does anyone have a guess? Uh, what John has written in that notebook? >> Take a guess. Mustache. >> Yeah. Addresses of women. Anyone else also share that? That he might have addresses of women. >> That was my guess, too. >> Yikes, dude.",true
3917.0,2026-09-07 20:21:48,@AdamAdam-vu3qt,,Maybe if they both spin around there’s bonus tits on the other side. ,positive,vader,Jimbo & John Calle,">> What? What? Does anyone have a guess? Does anyone have a guess? Uh, what John has written in that notebook? >> Take a guess. Mustache. >> Yeah. Addresses of women. Anyone else also share that? That he might have addresses of women. >> That was my guess, too. >> Yikes, dude.",true
3919.0,2026-09-07 20:21:50,@BrianKirk-wi6kd,,Tom Clancy was on the New York Times bestseller list 20 years ago,neutral,vader,Jimbo & John Calle,"Does anyone have a guess? Uh, what John has written in that notebook? >> Take a guess. Mustache. >> Yeah. Addresses of women. Anyone else also share that? That he might have addresses of women. >> That was my guess, too. >> Yikes, dude. >> Johnson. Holy [ __ ] How did they know?",true
3920.0,2026-09-07 20:21:51,@ineverlutes,,jimbo read the notebook,neutral,vader,Jimbo & John Calle,"Does anyone have a guess? Uh, what John has written in that notebook? >> Take a guess. Mustache. >> Yeah. Addresses of women. Anyone else also share that? That he might have addresses of women. >> That was my guess, too. >> Yikes, dude. >> Johnson. Holy [ __ ] How did they know?",true
3923.0,2026-09-07 20:21:54,@adawg1111,,penis drawings,neutral,vader,Jimbo & John Calle,"has written in that notebook? >> Take a guess. Mustache. >> Yeah. Addresses of women. Anyone else also share that? That he might have addresses of women. >> That was my guess, too. >> Yikes, dude. >> Johnson. Holy [ __ ] How did they know? >> Over. Well,",true
3923.0,2026-09-07 20:21:54,@nevergiveup9321,,John Rockin the Stephan king doo,neutral,vader,Jimbo & John Calle,"has written in that notebook? >> Take a guess. Mustache. >> Yeah. Addresses of women. Anyone else also share that? That he might have addresses of women. >> That was my guess, too. >> Yikes, dude. >> Johnson. Holy [ __ ] How did they know? >> Over. Well,",true
3926.0,2026-09-07 20:21:57,@avery42069,,Women from the apps,neutral,vader,Jimbo & John Calle,">> Take a guess. Mustache. >> Yeah. Addresses of women. Anyone else also share that? That he might have addresses of women. >> That was my guess, too. >> Yikes, dude. >> Johnson. Holy [ __ ] How did they know? >> Over. Well, >> are you a gambler? >> I am. Are you a gambler?",true
3934.0,2026-09-07 20:22:05,@ineverlutes,,JIMBO TAKE THE BOOK,neutral,vader,Jimbo & John Calle,">> That was my guess, too. >> Yikes, dude. >> Johnson. Holy [ __ ] How did they know? >> Over. Well, >> are you a gambler? >> I am. Are you a gambler? >> I I was I was >> How much How much would you put on that you can outdrive me? >> Cuz I've been I've been asking I've been",true
3936.0,2026-09-07 20:22:07,@TheFonz545,,it's his restraining order collection,neutral,vader,Jimbo & John Calle,">> Yikes, dude. >> Johnson. Holy [ __ ] How did they know? >> Over. Well, >> are you a gambler? >> I am. Are you a gambler? >> I I was I was >> How much How much would you put on that you can outdrive me? >> Cuz I've been I've been asking I've been requesting and it's gone unresponsive.",true
3936.0,2026-09-07 20:22:07,@MexiHoney17,,He has Jason Bateman hair ,neutral,vader,Jimbo & John Calle,">> Yikes, dude. >> Johnson. Holy [ __ ] How did they know? >> Over. Well, >> are you a gambler? >> I am. Are you a gambler? >> I I was I was >> How much How much would you put on that you can outdrive me? >> Cuz I've been I've been asking I've been requesting and it's gone unresponsive.",true
3937.0,2026-09-07 20:22:08,@OhHerroMyNameJim,,"He's funnier than any of the other comics, way better energy too",positive,vader,Jimbo & John Calle,">> Yikes, dude. >> Johnson. Holy [ __ ] How did they know? >> Over. Well, >> are you a gambler? >> I am. Are you a gambler? >> I I was I was >> How much How much would you put on that you can outdrive me? >> Cuz I've been I've been asking I've been requesting and it's gone unresponsive.",true
3948.0,2026-09-07 20:22:19,@ineverlutes,,@thefonz lmaoo,neutral,vader,Jimbo & John Calle,">> I I was I was >> How much How much would you put on that you can outdrive me? >> Cuz I've been I've been asking I've been requesting and it's gone unresponsive. I've been challenging this guy to a drive off. Oh. Oh, and golf. Oh, golf. Okay. Yes. Um I was like driving on an island. Not many places. Um golf. Yeah. I I have a lot of belly here. I don't",true
3953.0,2026-09-07 20:22:24,@TheSupercorky,,Clear and Present Danger,negative,vader,Jimbo & John Calle,"you can outdrive me? >> Cuz I've been I've been asking I've been requesting and it's gone unresponsive. I've been challenging this guy to a drive off. Oh. Oh, and golf. Oh, golf. Okay. Yes. Um I was like driving on an island. Not many places. Um golf. Yeah. I I have a lot of belly here. I don't know if he noticed that, >> but I can sling a club. Um but I have seen you working. John looks like he is",true
3955.0,2026-09-07 20:22:26,@pijinFPS,,there's no i in diabetes,negative,vader,Jimbo & John Calle,">> Cuz I've been I've been asking I've been requesting and it's gone unresponsive. I've been challenging this guy to a drive off. Oh. Oh, and golf. Oh, golf. Okay. Yes. Um I was like driving on an island. Not many places. Um golf. Yeah. I I have a lot of belly here. I don't know if he noticed that, >> but I can sling a club. Um but I have seen you working. John looks like he is a golfer. done",true
3956.0,2026-09-07 20:22:27,@TheFonz545,,:rolling_on_the_floor_laughing:,neutral,vader,Jimbo & John Calle,"requesting and it's gone unresponsive. I've been challenging this guy to a drive off. Oh. Oh, and golf. Oh, golf. Okay. Yes. Um I was like driving on an island. Not many places. Um golf. Yeah. I I have a lot of belly here. I don't know if he noticed that, >> but I can sling a club. Um but I have seen you working. John looks like he is a golfer. done",true
3957.0,2026-09-07 20:22:28,@HollywoodStar2026,,Johns book is a list of girls who have done him wrong,negative,vader,Jimbo & John Calle,"requesting and it's gone unresponsive. I've been challenging this guy to a drive off. Oh. Oh, and golf. Oh, golf. Okay. Yes. Um I was like driving on an island. Not many places. Um golf. Yeah. I I have a lot of belly here. I don't know if he noticed that, >> but I can sling a club. Um but I have seen you working. John looks like he is a golfer. done or wanting to try to be a golfer.",true
3959.0,2026-09-07 20:22:30,@CarlCramer88,,That book got everything listed that he has to stay at least 1000 feet away from,neutral,vader,Jimbo & John Calle,"I've been challenging this guy to a drive off. Oh. Oh, and golf. Oh, golf. Okay. Yes. Um I was like driving on an island. Not many places. Um golf. Yeah. I I have a lot of belly here. I don't know if he noticed that, >> but I can sling a club. Um but I have seen you working. John looks like he is a golfer. done or wanting to try to be a golfer.",true
3964.0,2026-09-07 20:22:35,@ineverlutes,,jimbo is a big strong man ,positive,vader,Jimbo & John Calle,"Okay. Yes. Um I was like driving on an island. Not many places. Um golf. Yeah. I I have a lot of belly here. I don't know if he noticed that, >> but I can sling a club. Um but I have seen you working. John looks like he is a golfer. done or wanting to try to be a golfer. >> I I did golf in a senior's only league. >> It was senior high school women.",true
3967.0,2026-09-07 20:22:38,@BrianSV1985,,he has all the local addresses of daycare and playgrounds in his little book,neutral,vader,Jimbo & John Calle,"I I have a lot of belly here. I don't know if he noticed that, >> but I can sling a club. Um but I have seen you working. John looks like he is a golfer. done or wanting to try to be a golfer. >> I I did golf in a senior's only league. >> It was senior high school women.",true
3967.0,2026-09-07 20:22:38,@nevergiveup9321,,That joke book is actually a manifesto ,positive,vader,Jimbo & John Calle,"I I have a lot of belly here. I don't know if he noticed that, >> but I can sling a club. Um but I have seen you working. John looks like he is a golfer. done or wanting to try to be a golfer. >> I I did golf in a senior's only league. >> It was senior high school women.",true
3970.0,2026-09-07 20:22:41,@avery42069,,Honestly tho it felt like every comic was preparing to bomb,positive,vader,Jimbo & John Calle,"know if he noticed that, >> but I can sling a club. Um but I have seen you working. John looks like he is a golfer. done or wanting to try to be a golfer. >> I I did golf in a senior's only league. >> It was senior high school women.",true
3971.0,2026-09-07 20:22:42,@Alkemystikal-c7r,,Is he paying you all,neutral,vader,Jimbo & John Calle,>> but I can sling a club. Um but I have seen you working. John looks like he is a golfer. done or wanting to try to be a golfer. >> I I did golf in a senior's only league. >> It was senior high school women. >> You lost,true
3973.0,2026-09-07 20:22:44,@TheFonz545,,Jimbo show us your restraining order collection,neutral,vader,Jimbo & John Calle,seen you working. John looks like he is a golfer. done or wanting to try to be a golfer. >> I I did golf in a senior's only league. >> It was senior high school women. >> You lost,true
3978.0,2026-09-07 20:22:49,@TheSupercorky,,It's -why your life sucks and what you can do about it-,negative,vader,Jimbo & John Calle,or wanting to try to be a golfer. >> I I did golf in a senior's only league. >> It was senior high school women. >> You lost the court case cuz I don't know. >> I hadn't started the hormones yet. Yeah.,true
3980.0,2026-09-07 20:22:51,@HollywoodStar2026,,John was in Teen Wolf,neutral,vader,Jimbo & John Calle,or wanting to try to be a golfer. >> I I did golf in a senior's only league. >> It was senior high school women. >> You lost the court case cuz I don't know. >> I hadn't started the hormones yet. Yeah.,true
3981.0,2026-09-07 20:22:52,@Pinkskinnedgoblin,,@nevergive lmfao ,positive,vader,Jimbo & John Calle,or wanting to try to be a golfer. >> I I did golf in a senior's only league. >> It was senior high school women. >> You lost the court case cuz I don't know. >> I hadn't started the hormones yet. Yeah. >> Holy [ __ ] Where? I swear I was going to,true
3988.0,2026-09-07 20:22:59,@z28diablo,,Jimbo was patient zero for the Hot Sauce trials,neutral,vader,Jimbo & John Calle,>> You lost the court case cuz I don't know. >> I hadn't started the hormones yet. Yeah. >> Holy [ __ ] Where? I swear I was going to get into trans sports.,true
3990.0,2026-09-07 20:23:01,@EricNelson1236,,the taco bell appointment coming up,neutral,vader,Jimbo & John Calle,>> You lost the court case cuz I don't know. >> I hadn't started the hormones yet. Yeah. >> Holy [ __ ] Where? I swear I was going to get into trans sports. >> Everyone's paying attention now. I can't believe I asked them to pay attention to,true
3991.0,2026-09-07 20:23:02,@MexiHoney17,,Next :beaming_face_with_smiling_eyes:,neutral,vader,Jimbo & John Calle,>> You lost the court case cuz I don't know. >> I hadn't started the hormones yet. Yeah. >> Holy [ __ ] Where? I swear I was going to get into trans sports. >> Everyone's paying attention now. I can't believe I asked them to pay attention to this. This is embarrassing.,true
3991.0,2026-09-07 20:23:02,@someguy9566,,dude holding epstines list... :grinning_squinting_face:,neutral,vader,Jimbo & John Calle,>> You lost the court case cuz I don't know. >> I hadn't started the hormones yet. Yeah. >> Holy [ __ ] Where? I swear I was going to get into trans sports. >> Everyone's paying attention now. I can't believe I asked them to pay attention to this. This is embarrassing.,true
3999.0,2026-09-07 20:23:10,@TheSupercorky,,What did you play Jimbo?,positive,vader,Jimbo & John Calle,>> I hadn't started the hormones yet. Yeah. >> Holy [ __ ] Where? I swear I was going to get into trans sports. >> Everyone's paying attention now. I can't believe I asked them to pay attention to this. This is embarrassing. >> You brought a lot to the table for us. >> Thank you. I I I always have a lot on my table.,true
4000.0,2026-09-07 20:23:11,@S.D.L-m1j,,:face-green-smiling::face-purple-crying:,neutral,vader,Jimbo & John Calle,>> I hadn't started the hormones yet. Yeah. >> Holy [ __ ] Where? I swear I was going to get into trans sports. >> Everyone's paying attention now. I can't believe I asked them to pay attention to this. This is embarrassing. >> You brought a lot to the table for us. >> Thank you. I I I always have a lot on my table.,true
4002.0,2026-09-07 20:23:13,@HollywoodStar2026,,"JFC Jimbo, you're on stage with 2 chairs",neutral,vader,Jimbo & John Calle,>> Holy [ __ ] Where? I swear I was going to get into trans sports. >> Everyone's paying attention now. I can't believe I asked them to pay attention to this. This is embarrassing. >> You brought a lot to the table for us. >> Thank you. I I I always have a lot on my table. >> Me and John are so similar. Can I tell,true
4002.0,2026-09-07 20:23:13,@ineverlutes,,they all have manifestos,neutral,vader,Jimbo & John Calle,>> Holy [ __ ] Where? I swear I was going to get into trans sports. >> Everyone's paying attention now. I can't believe I asked them to pay attention to this. This is embarrassing. >> You brought a lot to the table for us. >> Thank you. I I I always have a lot on my table. >> Me and John are so similar. Can I tell,true
4006.0,2026-09-07 20:23:17,@BrianKirk-wi6kd,,Jimbo has court in the morning,neutral,vader,Jimbo & John Calle,>> Everyone's paying attention now. I can't believe I asked them to pay attention to this. This is embarrassing. >> You brought a lot to the table for us. >> Thank you. I I I always have a lot on my table. >> Me and John are so similar. Can I tell you how similar we are? We both were named after a white man from the Bible.,true
4012.0,2026-09-07 20:23:23,@TheSupercorky,,#snow,neutral,vader,Jimbo & John Calle,this. This is embarrassing. >> You brought a lot to the table for us. >> Thank you. I I I always have a lot on my table. >> Me and John are so similar. Can I tell you how similar we are? We both were named after a white man from the Bible. >> There's a white guy in the Bible named Jimbo. >> Yeah.,true
4014.0,2026-09-07 20:23:25,@alisonwayland6057,,yikes,neutral,vader,Jimbo & John Calle,>> You brought a lot to the table for us. >> Thank you. I I I always have a lot on my table. >> Me and John are so similar. Can I tell you how similar we are? We both were named after a white man from the Bible. >> There's a white guy in the Bible named Jimbo. >> Yeah.,true
4016.0,2026-09-07 20:23:27,@nevergiveup9321,,@avery to close to 9/11 to make that kinda statement ,neutral,vader,Jimbo & John Calle,>> Thank you. I I I always have a lot on my table. >> Me and John are so similar. Can I tell you how similar we are? We both were named after a white man from the Bible. >> There's a white guy in the Bible named Jimbo. >> Yeah.,true
4016.0,2026-09-07 20:23:27,@ineverlutes,,jimbo plays tight end in the bathroom ,positive,vader,Jimbo & John Calle,>> Thank you. I I I always have a lot on my table. >> Me and John are so similar. Can I tell you how similar we are? We both were named after a white man from the Bible. >> There's a white guy in the Bible named Jimbo. >> Yeah.,true
4019.0,2026-09-07 20:23:30,@R_Eve_volution,,St. Jimbo ,neutral,vader,Jimbo & John Calle,">> Me and John are so similar. Can I tell you how similar we are? We both were named after a white man from the Bible. >> There's a white guy in the Bible named Jimbo. >> Yeah. All right, let's get started.",true
4025.0,2026-09-07 20:23:36,@juanhartman1081,,I got here just in time to watch Jimbo BOMB!? ,negative,vader,Jimbo & John Calle,"you how similar we are? We both were named after a white man from the Bible. >> There's a white guy in the Bible named Jimbo. >> Yeah. All right, let's get started. >> Oh, Jimbo and the technicolor dream coke. The dream's dead. There's no code. He's poor homeless. It's",true
4029.0,2026-09-07 20:23:40,@HollywoodStar2026,,uh no white guys in the bible,negative,vader,Jimbo & John Calle,"Jimbo. >> Yeah. All right, let's get started. >> Oh, Jimbo and the technicolor dream coke. The dream's dead. There's no code. He's poor homeless. It's >> If you want a visualization of that, just find Mr. E tonight.",true
4031.0,2026-09-07 20:23:42,@MexiHoney17,,:face-red-droopy-eyes:,neutral,vader,Jimbo & John Calle,"All right, let's get started. >> Oh, Jimbo and the technicolor dream coke. The dream's dead. There's no code. He's poor homeless. It's >> If you want a visualization of that, just find Mr. E tonight. >> I like how John just called me out on",true
4036.0,2026-09-07 20:23:47,@TheFonz545,,Jimbo goes to KFC and orders beans,neutral,vader,Jimbo & John Calle,"All right, let's get started. >> Oh, Jimbo and the technicolor dream coke. The dream's dead. There's no code. He's poor homeless. It's >> If you want a visualization of that, just find Mr. E tonight. >> I like how John just called me out on gambling and then like that. We do. You gamble, Jimbo?",true
4039.0,2026-09-07 20:23:50,@Conrad2311,,JIMBO JIMBO JIMBO ,neutral,vader,Jimbo & John Calle,"All right, let's get started. >> Oh, Jimbo and the technicolor dream coke. The dream's dead. There's no code. He's poor homeless. It's >> If you want a visualization of that, just find Mr. E tonight. >> I like how John just called me out on gambling and then like that. We do. You gamble, Jimbo? You watch porn?",true
4041.0,2026-09-07 20:23:52,@MrFunkadeIic,,JimBOMB,neutral,vader,Jimbo & John Calle,">> Oh, Jimbo and the technicolor dream coke. The dream's dead. There's no code. He's poor homeless. It's >> If you want a visualization of that, just find Mr. E tonight. >> I like how John just called me out on gambling and then like that. We do. You gamble, Jimbo? You watch porn? >> Who' you vote for? He definitely knows how to use an incognito tab. That's for",true
4048.0,2026-09-07 20:23:59,@juanhartman1081,,Pearl Harbor was FUNNIER than this ….,positive,vader,Jimbo & John Calle,">> If you want a visualization of that, just find Mr. E tonight. >> I like how John just called me out on gambling and then like that. We do. You gamble, Jimbo? You watch porn? >> Who' you vote for? He definitely knows how to use an incognito tab. That's for sure. >> Yeah. >> Wait, I I just learned that people open their browsers not incognito and it bothered me.",true
4048.0,2026-09-07 20:23:59,@ineverlutes,,BOMBO,neutral,vader,Jimbo & John Calle,">> If you want a visualization of that, just find Mr. E tonight. >> I like how John just called me out on gambling and then like that. We do. You gamble, Jimbo? You watch porn? >> Who' you vote for? He definitely knows how to use an incognito tab. That's for sure. >> Yeah. >> Wait, I I just learned that people open their browsers not incognito and it bothered me.",true
4049.0,2026-09-07 20:24:00,@alisonwayland6057,,kinda walked into that,neutral,vader,Jimbo & John Calle,"just find Mr. E tonight. >> I like how John just called me out on gambling and then like that. We do. You gamble, Jimbo? You watch porn? >> Who' you vote for? He definitely knows how to use an incognito tab. That's for sure. >> Yeah. >> Wait, I I just learned that people open their browsers not incognito and it bothered me.",true
4052.0,2026-09-07 20:24:03,@Pinkskinnedgoblin,,The Roman’s who killed Jesus  ,neutral,vader,Jimbo & John Calle,">> I like how John just called me out on gambling and then like that. We do. You gamble, Jimbo? You watch porn? >> Who' you vote for? He definitely knows how to use an incognito tab. That's for sure. >> Yeah. >> Wait, I I just learned that people open their browsers not incognito and it bothered me. >> I don't know how you do it. The bravery.",true
4052.0,2026-09-07 20:24:03,@pijinFPS,,the short big,neutral,vader,Jimbo & John Calle,">> I like how John just called me out on gambling and then like that. We do. You gamble, Jimbo? You watch porn? >> Who' you vote for? He definitely knows how to use an incognito tab. That's for sure. >> Yeah. >> Wait, I I just learned that people open their browsers not incognito and it bothered me. >> I don't know how you do it. The bravery.",true
4053.0,2026-09-07 20:24:04,@S.D.L-m1j,,At least he's not named Jumbo:grinning_squinting_face:,neutral,vader,Jimbo & John Calle,"gambling and then like that. We do. You gamble, Jimbo? You watch porn? >> Who' you vote for? He definitely knows how to use an incognito tab. That's for sure. >> Yeah. >> Wait, I I just learned that people open their browsers not incognito and it bothered me. >> I don't know how you do it. The bravery.",true
4055.0,2026-09-07 20:24:06,@ineverlutes,,:bomb::bomb::bomb:,neutral,vader,Jimbo & John Calle,"gamble, Jimbo? You watch porn? >> Who' you vote for? He definitely knows how to use an incognito tab. That's for sure. >> Yeah. >> Wait, I I just learned that people open their browsers not incognito and it bothered me. >> I don't know how you do it. The bravery.",true
4067.0,2026-09-07 20:24:18,@ineverlutes,,Jewbo,neutral,vader,Jimbo & John Calle,"their browsers not incognito and it bothered me. >> I don't know how you do it. The bravery. I don't know. I would I would not want to see John search history. Not cuz it's like anything bad, but >> it would just it would just show me a side of you that I couldn't unsee. It's like this haircut. It's",true
4069.0,2026-09-07 20:24:20,@CarlCramer88,,I hope everyone who’s drinking tonight leaves his place and gets a DUI,positive,vader,Jimbo & John Calle,"bothered me. >> I don't know how you do it. The bravery. I don't know. I would I would not want to see John search history. Not cuz it's like anything bad, but >> it would just it would just show me a side of you that I couldn't unsee. It's like this haircut. It's >> Yeah. It's like a car accident. Yeah,",true
4074.0,2026-09-07 20:24:25,@MichaelBrogans-q3e,,jimbo obviously gambles with his fashion choices,neutral,vader,Jimbo & John Calle,"I don't know. I would I would not want to see John search history. Not cuz it's like anything bad, but >> it would just it would just show me a side of you that I couldn't unsee. It's like this haircut. It's >> Yeah. It's like a car accident. Yeah, >> he Googles car accidents. He has a sick fetish.",true
4076.0,2026-09-07 20:24:27,@TheFonz545,,gumbo,neutral,vader,Jimbo & John Calle,"I don't know. I would I would not want to see John search history. Not cuz it's like anything bad, but >> it would just it would just show me a side of you that I couldn't unsee. It's like this haircut. It's >> Yeah. It's like a car accident. Yeah, >> he Googles car accidents. He has a sick fetish. >> What else is in that book? Give us Give",true
4078.0,2026-09-07 20:24:29,@radiostarkilla21,,Jumbo has never opened a brassiere ,neutral,vader,Jimbo & John Calle,"to see John search history. Not cuz it's like anything bad, but >> it would just it would just show me a side of you that I couldn't unsee. It's like this haircut. It's >> Yeah. It's like a car accident. Yeah, >> he Googles car accidents. He has a sick fetish. >> What else is in that book? Give us Give us",true
4081.0,2026-09-07 20:24:32,@juanhartman1081,,Jimbo the male Bimbo ,neutral,vader,Jimbo & John Calle,"like anything bad, but >> it would just it would just show me a side of you that I couldn't unsee. It's like this haircut. It's >> Yeah. It's like a car accident. Yeah, >> he Googles car accidents. He has a sick fetish. >> What else is in that book? Give us Give us >> You want another? >> I do.",true
4093.0,2026-09-07 20:24:44,@HollywoodStar2026,,oy the audience is goooone,neutral,vader,Jimbo & John Calle,">> he Googles car accidents. He has a sick fetish. >> What else is in that book? Give us Give us >> You want another? >> I do. >> All right. Put it on my back, guys. >> Lindsay Clancy might not have did it. >> [ __ ] >> Okay. So, uh I lowkey am a supporter. That's that's that's why. Um, I think",true
4099.0,2026-09-07 20:24:50,@MrFunkadeIic,,This is painful,negative,vader,Jimbo & John Calle,">> You want another? >> I do. >> All right. Put it on my back, guys. >> Lindsay Clancy might not have did it. >> [ __ ] >> Okay. So, uh I lowkey am a supporter. That's that's that's why. Um, I think that I >> I stand with the uh the 10 out of 11",true
4102.0,2026-09-07 20:24:53,@S.D.L-m1j,,You can do it Jimbo  :grinning_squinting_face:,neutral,vader,Jimbo & John Calle,">> All right. Put it on my back, guys. >> Lindsay Clancy might not have did it. >> [ __ ] >> Okay. So, uh I lowkey am a supporter. That's that's that's why. Um, I think that I >> I stand with the uh the 10 out of 11 jurors. I feel like that's a majority,",true
4103.0,2026-09-07 20:24:54,@TheSupercorky,,What?,neutral,vader,Jimbo & John Calle,">> All right. Put it on my back, guys. >> Lindsay Clancy might not have did it. >> [ __ ] >> Okay. So, uh I lowkey am a supporter. That's that's that's why. Um, I think that I >> I stand with the uh the 10 out of 11 jurors. I feel like that's a majority, right?",true
4104.0,2026-09-07 20:24:55,@Batmite2112,,ouch,neutral,vader,Jimbo & John Calle,">> All right. Put it on my back, guys. >> Lindsay Clancy might not have did it. >> [ __ ] >> Okay. So, uh I lowkey am a supporter. That's that's that's why. Um, I think that I >> I stand with the uh the 10 out of 11 jurors. I feel like that's a majority, right? >> Are you on the minority there?",true
4111.0,2026-09-07 20:25:02,@BrianSV1985,,Its like they don't plan their jokes!,positive,vader,Jimbo & John Calle,">> Okay. So, uh I lowkey am a supporter. That's that's that's why. Um, I think that I >> I stand with the uh the 10 out of 11 jurors. I feel like that's a majority, right? >> Are you on the minority there? >> Oh, I you know I really uh I in that sense I'd like to be a minority. Uh",true
4118.0,2026-09-07 20:25:09,@freeaudiobooks7469,,clown,neutral,vader,Jimbo & John Calle,"I >> I stand with the uh the 10 out of 11 jurors. I feel like that's a majority, right? >> Are you on the minority there? >> Oh, I you know I really uh I in that sense I'd like to be a minority. Uh okay, that was that was my second racist joke of the night.",true
4119.0,2026-09-07 20:25:10,@TheSupercorky,,Free Clancy,positive,vader,Jimbo & John Calle,">> I stand with the uh the 10 out of 11 jurors. I feel like that's a majority, right? >> Are you on the minority there? >> Oh, I you know I really uh I in that sense I'd like to be a minority. Uh okay, that was that was my second racist joke of the night. Someone with melon cure me. I don't",true
4120.0,2026-09-07 20:25:11,@ineverlutes,,what are we doing ,neutral,vader,Jimbo & John Calle,">> I stand with the uh the 10 out of 11 jurors. I feel like that's a majority, right? >> Are you on the minority there? >> Oh, I you know I really uh I in that sense I'd like to be a minority. Uh okay, that was that was my second racist joke of the night. Someone with melon cure me. I don't",true
4121.0,2026-09-07 20:25:12,@juanhartman1081,,Is tonight UNFUNNY night or what’s the theme?! ,neutral,vader,Jimbo & John Calle,"jurors. I feel like that's a majority, right? >> Are you on the minority there? >> Oh, I you know I really uh I in that sense I'd like to be a minority. Uh okay, that was that was my second racist joke of the night. Someone with melon cure me. I don't",true
4124.0,2026-09-07 20:25:15,@nevergiveup9321,,Haha ,positive,vader,Jimbo & John Calle,">> Are you on the minority there? >> Oh, I you know I really uh I in that sense I'd like to be a minority. Uh okay, that was that was my second racist joke of the night. Someone with melon cure me. I don't know. It's terrible. >> I realized I realized after getting to",true
4126.0,2026-09-07 20:25:17,@EricNelson1236,,ole jimmy boa at it again,neutral,vader,Jimbo & John Calle,">> Are you on the minority there? >> Oh, I you know I really uh I in that sense I'd like to be a minority. Uh okay, that was that was my second racist joke of the night. Someone with melon cure me. I don't know. It's terrible. >> I realized I realized after getting to know Jimbo a little bit better that",true
4126.0,2026-09-07 20:25:17,@CarlCramer88,,What jokes are there to plan?,positive,vader,Jimbo & John Calle,">> Are you on the minority there? >> Oh, I you know I really uh I in that sense I'd like to be a minority. Uh okay, that was that was my second racist joke of the night. Someone with melon cure me. I don't know. It's terrible. >> I realized I realized after getting to know Jimbo a little bit better that",true
4128.0,2026-09-07 20:25:19,@ineverlutes,,jimbo speak your TRUTH,positive,vader,Jimbo & John Calle,">> Oh, I you know I really uh I in that sense I'd like to be a minority. Uh okay, that was that was my second racist joke of the night. Someone with melon cure me. I don't know. It's terrible. >> I realized I realized after getting to know Jimbo a little bit better that Lindsay Clansancy supporters are really",true
4132.0,2026-09-07 20:25:23,@TheSupercorky,,Jimbo!,neutral,vader,Jimbo & John Calle,"sense I'd like to be a minority. Uh okay, that was that was my second racist joke of the night. Someone with melon cure me. I don't know. It's terrible. >> I realized I realized after getting to know Jimbo a little bit better that Lindsay Clansancy supporters are really no different than Andrew Tate supporters.",true
4134.0,2026-09-07 20:25:25,@TheFonz545,,gay Steve hand jobs is funny,positive,vader,Jimbo & John Calle,"okay, that was that was my second racist joke of the night. Someone with melon cure me. I don't know. It's terrible. >> I realized I realized after getting to know Jimbo a little bit better that Lindsay Clansancy supporters are really no different than Andrew Tate supporters. >> Uh she uh ended up in a wheelchair",true
4136.0,2026-09-07 20:25:27,@freeaudiobooks7469,,hang Clancy,neutral,vader,Jimbo & John Calle,"okay, that was that was my second racist joke of the night. Someone with melon cure me. I don't know. It's terrible. >> I realized I realized after getting to know Jimbo a little bit better that Lindsay Clansancy supporters are really no different than Andrew Tate supporters. >> Uh she uh ended up in a wheelchair",true
4143.0,2026-09-07 20:25:34,@Pinkskinnedgoblin,,With a J. Cole shirt on lol ,positive,vader,Jimbo & John Calle,know. It's terrible. >> I realized I realized after getting to know Jimbo a little bit better that Lindsay Clansancy supporters are really no different than Andrew Tate supporters. >> Uh she uh ended up in a wheelchair somehow. I think that's what the case is about. >> I really only know Tom Clancy. I used to play Rainbow 6 games with people in,true
4146.0,2026-09-07 20:25:37,@avery42069,,Jimbo is the least racist sounding name we’re surprised ,positive,vader,Jimbo & John Calle,know Jimbo a little bit better that Lindsay Clansancy supporters are really no different than Andrew Tate supporters. >> Uh she uh ended up in a wheelchair somehow. I think that's what the case is about. >> I really only know Tom Clancy. I used to play Rainbow 6 games with people in other states and murder people. That was,true
4147.0,2026-09-07 20:25:38,@CarlCramer88,,Can we just point the camera to the floor?,neutral,vader,Jimbo & John Calle,Lindsay Clansancy supporters are really no different than Andrew Tate supporters. >> Uh she uh ended up in a wheelchair somehow. I think that's what the case is about. >> I really only know Tom Clancy. I used to play Rainbow 6 games with people in other states and murder people. That was what raised me. Grand Theft Auto and,true
4150.0,2026-09-07 20:25:41,@S.D.L-m1j,,:ring_buoy::ring_buoy::ring_buoy:,neutral,vader,Jimbo & John Calle,no different than Andrew Tate supporters. >> Uh she uh ended up in a wheelchair somehow. I think that's what the case is about. >> I really only know Tom Clancy. I used to play Rainbow 6 games with people in other states and murder people. That was what raised me. Grand Theft Auto and Rainbow 6. This is who I am. A white,true
4152.0,2026-09-07 20:25:43,@adawg1111,,is this the headliner,neutral,vader,Jimbo & John Calle,>> Uh she uh ended up in a wheelchair somehow. I think that's what the case is about. >> I really only know Tom Clancy. I used to play Rainbow 6 games with people in other states and murder people. That was what raised me. Grand Theft Auto and Rainbow 6. This is who I am. A white man. I'm on no list for the record.,true
4152.0,2026-09-07 20:25:43,@juanhartman1081,,What was his first actual joke? Jimbo hasn’t been funny yet…,negative,vader,Jimbo & John Calle,>> Uh she uh ended up in a wheelchair somehow. I think that's what the case is about. >> I really only know Tom Clancy. I used to play Rainbow 6 games with people in other states and murder people. That was what raised me. Grand Theft Auto and Rainbow 6. This is who I am. A white man. I'm on no list for the record.,true
4155.0,2026-09-07 20:25:46,@TheSupercorky,,Here we go again,neutral,vader,Jimbo & John Calle,>> Uh she uh ended up in a wheelchair somehow. I think that's what the case is about. >> I really only know Tom Clancy. I used to play Rainbow 6 games with people in other states and murder people. That was what raised me. Grand Theft Auto and Rainbow 6. This is who I am. A white man. I'm on no list for the record. None.,true
4160.0,2026-09-07 20:25:51,@ineverlutes,,GHOST RECON,negative,vader,Jimbo & John Calle,>> I really only know Tom Clancy. I used to play Rainbow 6 games with people in other states and murder people. That was what raised me. Grand Theft Auto and Rainbow 6. This is who I am. A white man. I'm on no list for the record. None. >> None. >> No. >> Surprising. It's all that incognito use.,true
4160.0,2026-09-07 20:25:51,@Alkemystikal-c7r,,Most comics didn’t know who they were going on with until we got here to sign up,neutral,vader,Jimbo & John Calle,>> I really only know Tom Clancy. I used to play Rainbow 6 games with people in other states and murder people. That was what raised me. Grand Theft Auto and Rainbow 6. This is who I am. A white man. I'm on no list for the record. None. >> None. >> No. >> Surprising. It's all that incognito use.,true
4161.0,2026-09-07 20:25:52,@MichaelBrogans-q3e,,why this dude doesn't know what racism or jokes are?,positive,vader,Jimbo & John Calle,">> I really only know Tom Clancy. I used to play Rainbow 6 games with people in other states and murder people. That was what raised me. Grand Theft Auto and Rainbow 6. This is who I am. A white man. I'm on no list for the record. None. >> None. >> No. >> Surprising. It's all that incognito use. >> After this set, he's going to put me on",true
4162.0,2026-09-07 20:25:53,@BrianSV1985,,fucking knock knock jokes would be better!!,positive,vader,Jimbo & John Calle,">> I really only know Tom Clancy. I used to play Rainbow 6 games with people in other states and murder people. That was what raised me. Grand Theft Auto and Rainbow 6. This is who I am. A white man. I'm on no list for the record. None. >> None. >> No. >> Surprising. It's all that incognito use. >> After this set, he's going to put me on his though, for sure.",true
4166.0,2026-09-07 20:25:57,@joshuabutterwick3156,,this guy smokes cigarettes while reading the Bible,neutral,vader,Jimbo & John Calle,"other states and murder people. That was what raised me. Grand Theft Auto and Rainbow 6. This is who I am. A white man. I'm on no list for the record. None. >> None. >> No. >> Surprising. It's all that incognito use. >> After this set, he's going to put me on his though, for sure. >> You look like the guy that Adam Sandler",true
4167.0,2026-09-07 20:25:58,@chadocho5141,,Tell a black joke ,positive,vader,Jimbo & John Calle,"what raised me. Grand Theft Auto and Rainbow 6. This is who I am. A white man. I'm on no list for the record. None. >> None. >> No. >> Surprising. It's all that incognito use. >> After this set, he's going to put me on his though, for sure. >> You look like the guy that Adam Sandler",true
4169.0,2026-09-07 20:26:00,@z28diablo,,The jury was going to give her the chair but she beat them to it.,neutral,vader,Jimbo & John Calle,"Rainbow 6. This is who I am. A white man. I'm on no list for the record. None. >> None. >> No. >> Surprising. It's all that incognito use. >> After this set, he's going to put me on his though, for sure. >> You look like the guy that Adam Sandler apologized to in Billy Madison.",true
4178.0,2026-09-07 20:26:09,@TheFonz545,,rainbow six sounds gay bro,neutral,vader,Jimbo & John Calle,">> No. >> Surprising. It's all that incognito use. >> After this set, he's going to put me on his though, for sure. >> You look like the guy that Adam Sandler apologized to in Billy Madison. Oh, Vani. I like that. >> John doesn't Does John give off school",true
4178.0,2026-09-07 20:26:09,@HollywoodStar2026,,Lindsay Clancy killed her children. Start the jokes...,positive,vader,Jimbo & John Calle,">> No. >> Surprising. It's all that incognito use. >> After this set, he's going to put me on his though, for sure. >> You look like the guy that Adam Sandler apologized to in Billy Madison. Oh, Vani. I like that. >> John doesn't Does John give off school",true
4183.0,2026-09-07 20:26:14,@freeaudiobooks7469,,this is horrid.,negative,vader,Jimbo & John Calle,">> After this set, he's going to put me on his though, for sure. >> You look like the guy that Adam Sandler apologized to in Billy Madison. Oh, Vani. I like that. >> John doesn't Does John give off school shooter vibes or is it just me? Yeah, >> but he's really politically drawn, so",true
4186.0,2026-09-07 20:26:17,@QUINNHAMELIN,,I think they win a prize if no one laughs,positive,vader,Jimbo & John Calle,">> You look like the guy that Adam Sandler apologized to in Billy Madison. Oh, Vani. I like that. >> John doesn't Does John give off school shooter vibes or is it just me? Yeah, >> but he's really politically drawn, so it's like President shooter vibes. >> Is that the joke that he's trans? Yes.",true
4188.0,2026-09-07 20:26:19,@juanhartman1081,,"Yo on the real though, i got Chino’s hot sauce in and the family LOVES IT!!!! ",positive,vader,Jimbo & John Calle,">> You look like the guy that Adam Sandler apologized to in Billy Madison. Oh, Vani. I like that. >> John doesn't Does John give off school shooter vibes or is it just me? Yeah, >> but he's really politically drawn, so it's like President shooter vibes. >> Is that the joke that he's trans? Yes.",true
4190.0,2026-09-07 20:26:21,@nevergiveup9321,,@z :clapping_hands: ,neutral,vader,Jimbo & John Calle,"apologized to in Billy Madison. Oh, Vani. I like that. >> John doesn't Does John give off school shooter vibes or is it just me? Yeah, >> but he's really politically drawn, so it's like President shooter vibes. >> Is that the joke that he's trans? Yes. >> Am I proud of it? No. >> Wouldn't be presidential then. It would",true
4191.0,2026-09-07 20:26:22,@CarlCramer88,,Why don’t Chinese kids believe in Santa Claus? Because they make the toys.,neutral,vader,Jimbo & John Calle,"apologized to in Billy Madison. Oh, Vani. I like that. >> John doesn't Does John give off school shooter vibes or is it just me? Yeah, >> but he's really politically drawn, so it's like President shooter vibes. >> Is that the joke that he's trans? Yes. >> Am I proud of it? No. >> Wouldn't be presidential then. It would",true
4193.0,2026-09-07 20:26:24,@TheSupercorky,,Jimbo!,neutral,vader,Jimbo & John Calle,"apologized to in Billy Madison. Oh, Vani. I like that. >> John doesn't Does John give off school shooter vibes or is it just me? Yeah, >> but he's really politically drawn, so it's like President shooter vibes. >> Is that the joke that he's trans? Yes. >> Am I proud of it? No. >> Wouldn't be presidential then. It would be CEO of another healthcare company. Or",true
4201.0,2026-09-07 20:26:32,@HollywoodStar2026,,"This act is not gonna get the chicks, lads",neutral,vader,Jimbo & John Calle,"Yeah, >> but he's really politically drawn, so it's like President shooter vibes. >> Is that the joke that he's trans? Yes. >> Am I proud of it? No. >> Wouldn't be presidential then. It would be CEO of another healthcare company. Or who's going to be the next Charlie Kirk? That seems like your alley. >> The next Charlie Kirk.",true
4201.0,2026-09-07 20:26:32,@Pinkskinnedgoblin,,Yeah thanks to that one sensible man in the jury. ,positive,vader,Jimbo & John Calle,"Yeah, >> but he's really politically drawn, so it's like President shooter vibes. >> Is that the joke that he's trans? Yes. >> Am I proud of it? No. >> Wouldn't be presidential then. It would be CEO of another healthcare company. Or who's going to be the next Charlie Kirk? That seems like your alley. >> The next Charlie Kirk.",true
4202.0,2026-09-07 20:26:33,@EricNelson1236,,she liked black ppl,positive,vader,Jimbo & John Calle,">> but he's really politically drawn, so it's like President shooter vibes. >> Is that the joke that he's trans? Yes. >> Am I proud of it? No. >> Wouldn't be presidential then. It would be CEO of another healthcare company. Or who's going to be the next Charlie Kirk? That seems like your alley. >> The next Charlie Kirk. >> It's a neck joke. Sorry. We have two",true
4202.0,2026-09-07 20:26:33,@yerlambt,, is this real,neutral,vader,Jimbo & John Calle,">> but he's really politically drawn, so it's like President shooter vibes. >> Is that the joke that he's trans? Yes. >> Am I proud of it? No. >> Wouldn't be presidential then. It would be CEO of another healthcare company. Or who's going to be the next Charlie Kirk? That seems like your alley. >> The next Charlie Kirk. >> It's a neck joke. Sorry. We have two",true
4206.0,2026-09-07 20:26:37,@S.D.L-m1j,,Carl:grinning_squinting_face:,neutral,vader,Jimbo & John Calle,it's like President shooter vibes. >> Is that the joke that he's trans? Yes. >> Am I proud of it? No. >> Wouldn't be presidential then. It would be CEO of another healthcare company. Or who's going to be the next Charlie Kirk? That seems like your alley. >> The next Charlie Kirk. >> It's a neck joke. Sorry. We have two minutes of this. Should we just be the heroes of the night and not make you do,true
4207.0,2026-09-07 20:26:38,@TheSupercorky,,Uh,neutral,vader,Jimbo & John Calle,>> Is that the joke that he's trans? Yes. >> Am I proud of it? No. >> Wouldn't be presidential then. It would be CEO of another healthcare company. Or who's going to be the next Charlie Kirk? That seems like your alley. >> The next Charlie Kirk. >> It's a neck joke. Sorry. We have two minutes of this. Should we just be the heroes of the night and not make you do,true
4208.0,2026-09-07 20:26:39,@chadocho5141,,I’d get Lindsay Clancy pregnant again ,neutral,vader,Jimbo & John Calle,">> Am I proud of it? No. >> Wouldn't be presidential then. It would be CEO of another healthcare company. Or who's going to be the next Charlie Kirk? That seems like your alley. >> The next Charlie Kirk. >> It's a neck joke. Sorry. We have two minutes of this. Should we just be the heroes of the night and not make you do two more minutes of couples? Guys, my",true
4210.0,2026-09-07 20:26:41,@TheFonz545,,office shooter vibes,neutral,vader,Jimbo & John Calle,">> Wouldn't be presidential then. It would be CEO of another healthcare company. Or who's going to be the next Charlie Kirk? That seems like your alley. >> The next Charlie Kirk. >> It's a neck joke. Sorry. We have two minutes of this. Should we just be the heroes of the night and not make you do two more minutes of couples? Guys, my",true
4211.0,2026-09-07 20:26:42,@MikeHawk-j1z,,Never trust a fart. ,negative,vader,Jimbo & John Calle,">> Wouldn't be presidential then. It would be CEO of another healthcare company. Or who's going to be the next Charlie Kirk? That seems like your alley. >> The next Charlie Kirk. >> It's a neck joke. Sorry. We have two minutes of this. Should we just be the heroes of the night and not make you do two more minutes of couples? Guys, my name is John Kai. This is Jimbo. Thank",true
4216.0,2026-09-07 20:26:47,@MrFunkadeIic,,What the fawk,neutral,vader,Jimbo & John Calle,"who's going to be the next Charlie Kirk? That seems like your alley. >> The next Charlie Kirk. >> It's a neck joke. Sorry. We have two minutes of this. Should we just be the heroes of the night and not make you do two more minutes of couples? Guys, my name is John Kai. This is Jimbo. Thank you so much. I love it. >> I just want to say I love you, Chad. That's all I care for.",true
4217.0,2026-09-07 20:26:48,@TheSupercorky,,Pull the plug,neutral,vader,Jimbo & John Calle,"That seems like your alley. >> The next Charlie Kirk. >> It's a neck joke. Sorry. We have two minutes of this. Should we just be the heroes of the night and not make you do two more minutes of couples? Guys, my name is John Kai. This is Jimbo. Thank you so much. I love it. >> I just want to say I love you, Chad. That's all I care for.",true
4217.0,2026-09-07 20:26:48,@Pinkskinnedgoblin,,lol ,positive,vader,Jimbo & John Calle,"That seems like your alley. >> The next Charlie Kirk. >> It's a neck joke. Sorry. We have two minutes of this. Should we just be the heroes of the night and not make you do two more minutes of couples? Guys, my name is John Kai. This is Jimbo. Thank you so much. I love it. >> I just want to say I love you, Chad. That's all I care for.",true
4223.0,2026-09-07 20:26:54,@ineverlutes,,oh no,negative,vader,Jimbo & John Calle,">> It's a neck joke. Sorry. We have two minutes of this. Should we just be the heroes of the night and not make you do two more minutes of couples? Guys, my name is John Kai. This is Jimbo. Thank you so much. I love it. >> I just want to say I love you, Chad. That's all I care for. >> You took the power out of Jimbo's hands.",true
4226.0,2026-09-07 20:26:57,@Stillear,,dude literally said the unfunniest fkn thing that's ever been said here.,neutral,vader,Jimbo & John Calle,"heroes of the night and not make you do two more minutes of couples? Guys, my name is John Kai. This is Jimbo. Thank you so much. I love it. >> I just want to say I love you, Chad. That's all I care for. >> You took the power out of Jimbo's hands. John and Jimbo. Ladies and gentlemen,",true
4227.0,2026-09-07 20:26:58,@TheFonz545,,the neck Charlie,neutral,vader,Jimbo & John Calle,"heroes of the night and not make you do two more minutes of couples? Guys, my name is John Kai. This is Jimbo. Thank you so much. I love it. >> I just want to say I love you, Chad. That's all I care for. >> You took the power out of Jimbo's hands. John and Jimbo. Ladies and gentlemen,",true
4229.0,2026-09-07 20:27:00,@BrianKirk-wi6kd,,John gives off Gloryhole worker vibes,neutral,vader,Jimbo & John Calle,"two more minutes of couples? Guys, my name is John Kai. This is Jimbo. Thank you so much. I love it. >> I just want to say I love you, Chad. That's all I care for. >> You took the power out of Jimbo's hands. John and Jimbo. Ladies and gentlemen, the one who looks forward to the school",true
4231.0,2026-09-07 20:27:02,@MichaelBrogans-q3e,,ouch,neutral,vader,Jimbo & John Calle,"name is John Kai. This is Jimbo. Thank you so much. I love it. >> I just want to say I love you, Chad. That's all I care for. >> You took the power out of Jimbo's hands. John and Jimbo. Ladies and gentlemen, the one who looks forward to the school shooting and the one who looks forward to the school pizza. Those two guys.",true
4232.0,2026-09-07 20:27:03,@S.D.L-m1j,,Where even are we:upside_down_face::face_with_tears_of_joy:,neutral,vader,Jimbo & John Calle,"name is John Kai. This is Jimbo. Thank you so much. I love it. >> I just want to say I love you, Chad. That's all I care for. >> You took the power out of Jimbo's hands. John and Jimbo. Ladies and gentlemen, the one who looks forward to the school shooting and the one who looks forward to the school pizza. Those two guys.",true
4233.0,2026-09-07 20:27:04,@avery42069,,I vote for the chair tonight,neutral,vader,Jimbo & John Calle,"you so much. I love it. >> I just want to say I love you, Chad. That's all I care for. >> You took the power out of Jimbo's hands. John and Jimbo. Ladies and gentlemen, the one who looks forward to the school shooting and the one who looks forward to the school pizza. Those two guys.",true
4233.0,2026-09-07 20:27:04,@radiostarkilla21,,John fn pissed!,negative,vader,Jimbo & John Calle,"you so much. I love it. >> I just want to say I love you, Chad. That's all I care for. >> You took the power out of Jimbo's hands. John and Jimbo. Ladies and gentlemen, the one who looks forward to the school shooting and the one who looks forward to the school pizza. Those two guys.",true
4238.0,2026-09-07 20:27:09,@yerlambt,,jesus christ,neutral,vader,Jimbo & John Calle,">> You took the power out of Jimbo's hands. John and Jimbo. Ladies and gentlemen, the one who looks forward to the school shooting and the one who looks forward to the school pizza. Those two guys. >> Oh, come on. Don't act like you don't remember the square cut school pizza.",true
4239.0,2026-09-07 20:27:10,@JimboTheComic,,That hurt me I know ,negative,vader,Jimbo & John Calle,">> You took the power out of Jimbo's hands. John and Jimbo. Ladies and gentlemen, the one who looks forward to the school shooting and the one who looks forward to the school pizza. Those two guys. >> Oh, come on. Don't act like you don't remember the square cut school pizza. Two pepperonis. Like that wasn't enough.",true
4240.0,2026-09-07 20:27:11,@HollywoodStar2026,,jfc Jimbo drew a coma patient,neutral,vader,Jimbo & John Calle,">> You took the power out of Jimbo's hands. John and Jimbo. Ladies and gentlemen, the one who looks forward to the school shooting and the one who looks forward to the school pizza. Those two guys. >> Oh, come on. Don't act like you don't remember the square cut school pizza. Two pepperonis. Like that wasn't enough.",true
4240.0,2026-09-07 20:27:11,@Conrad2311,,Yeah Jimbo:clapping_hands:,positive,vader,Jimbo & John Calle,">> You took the power out of Jimbo's hands. John and Jimbo. Ladies and gentlemen, the one who looks forward to the school shooting and the one who looks forward to the school pizza. Those two guys. >> Oh, come on. Don't act like you don't remember the square cut school pizza. Two pepperonis. Like that wasn't enough.",true
4242.0,2026-09-07 20:27:13,@Pinkskinnedgoblin,,The necks Charlie Kirk ,neutral,vader,Jimbo & John Calle,">> You took the power out of Jimbo's hands. John and Jimbo. Ladies and gentlemen, the one who looks forward to the school shooting and the one who looks forward to the school pizza. Those two guys. >> Oh, come on. Don't act like you don't remember the square cut school pizza. Two pepperonis. Like that wasn't enough. >> With the chocolate milk,",true
4245.0,2026-09-07 20:27:16,@JimboTheComic,,Pretend you didn’t see that ,negative,vader,Jimbo & John Calle,">> You took the power out of Jimbo's hands. John and Jimbo. Ladies and gentlemen, the one who looks forward to the school shooting and the one who looks forward to the school pizza. Those two guys. >> Oh, come on. Don't act like you don't remember the square cut school pizza. Two pepperonis. Like that wasn't enough. >> With the chocolate milk, >> dude. Hey, with the chocolate milk, right? Stuffing you full of dairy at",true
4246.0,2026-09-07 20:27:17,@QUINNHAMELIN,,He ran off stage,neutral,vader,Jimbo & John Calle,"John and Jimbo. Ladies and gentlemen, the one who looks forward to the school shooting and the one who looks forward to the school pizza. Those two guys. >> Oh, come on. Don't act like you don't remember the square cut school pizza. Two pepperonis. Like that wasn't enough. >> With the chocolate milk, >> dude. Hey, with the chocolate milk, right? Stuffing you full of dairy at",true
4251.0,2026-09-07 20:27:22,@OhHerroMyNameJim,,Lol ,positive,vader,Jimbo & John Calle,"shooting and the one who looks forward to the school pizza. Those two guys. >> Oh, come on. Don't act like you don't remember the square cut school pizza. Two pepperonis. Like that wasn't enough. >> With the chocolate milk, >> dude. Hey, with the chocolate milk, right? Stuffing you full of dairy at 11:15 in the morning and then sending you back to fourth period. Try not to [ __ ] your pants in PE, kid. That's what",true
4254.0,2026-09-07 20:27:25,@freeaudiobooks7469,,delete vod,neutral,vader,Jimbo & John Calle,">> Oh, come on. Don't act like you don't remember the square cut school pizza. Two pepperonis. Like that wasn't enough. >> With the chocolate milk, >> dude. Hey, with the chocolate milk, right? Stuffing you full of dairy at 11:15 in the morning and then sending you back to fourth period. Try not to [ __ ] your pants in PE, kid. That's what it was like. All right.",true
4255.0,2026-09-07 20:27:26,@Hackofalltrades-mh5fq,,damn John stormed off,negative,vader,Jimbo & John Calle,">> Oh, come on. Don't act like you don't remember the square cut school pizza. Two pepperonis. Like that wasn't enough. >> With the chocolate milk, >> dude. Hey, with the chocolate milk, right? Stuffing you full of dairy at 11:15 in the morning and then sending you back to fourth period. Try not to [ __ ] your pants in PE, kid. That's what it was like. All right. We had stronger digestive systems then,",true
4260.0,2026-09-07 20:27:31,@pijinFPS,,Jimbo yall doubled the viewer count :rolling_on_the_floor_laughing::rolling_on_the_floor_laughing::rolling_on_the_floor_laughing:,neutral,vader,Jimbo & John Calle,"Two pepperonis. Like that wasn't enough. >> With the chocolate milk, >> dude. Hey, with the chocolate milk, right? Stuffing you full of dairy at 11:15 in the morning and then sending you back to fourth period. Try not to [ __ ] your pants in PE, kid. That's what it was like. All right. We had stronger digestive systems then, right? Can Hey, beard. And I know your",true
4261.0,2026-09-07 20:27:32,@ineverlutes,,the necks jimbo,neutral,vader,Jimbo & John Calle,">> With the chocolate milk, >> dude. Hey, with the chocolate milk, right? Stuffing you full of dairy at 11:15 in the morning and then sending you back to fourth period. Try not to [ __ ] your pants in PE, kid. That's what it was like. All right. We had stronger digestive systems then, right? Can Hey, beard. And I know your name, but for audience purposes, your",true
4262.0,2026-09-07 20:27:33,@radiostarkilla21,,"John hates you, dude",negative,vader,Jimbo & John Calle,">> dude. Hey, with the chocolate milk, right? Stuffing you full of dairy at 11:15 in the morning and then sending you back to fourth period. Try not to [ __ ] your pants in PE, kid. That's what it was like. All right. We had stronger digestive systems then, right? Can Hey, beard. And I know your name, but for audience purposes, your",true
4263.0,2026-09-07 20:27:34,@S.D.L-m1j,,Oh Jimbo you were Spectacular :rolling_on_the_floor_laughing:,neutral,vader,Jimbo & John Calle,">> dude. Hey, with the chocolate milk, right? Stuffing you full of dairy at 11:15 in the morning and then sending you back to fourth period. Try not to [ __ ] your pants in PE, kid. That's what it was like. All right. We had stronger digestive systems then, right? Can Hey, beard. And I know your name, but for audience purposes, your beard. When's the last time you had two",true
4264.0,2026-09-07 20:27:35,@JimboTheComic,,John hates me ,negative,vader,Jimbo & John Calle,"right? Stuffing you full of dairy at 11:15 in the morning and then sending you back to fourth period. Try not to [ __ ] your pants in PE, kid. That's what it was like. All right. We had stronger digestive systems then, right? Can Hey, beard. And I know your name, but for audience purposes, your beard. When's the last time you had two",true
4267.0,2026-09-07 20:27:38,@z28diablo,,"Chino, you know it had pineapple on it",neutral,vader,Jimbo & John Calle,"11:15 in the morning and then sending you back to fourth period. Try not to [ __ ] your pants in PE, kid. That's what it was like. All right. We had stronger digestive systems then, right? Can Hey, beard. And I know your name, but for audience purposes, your beard. When's the last time you had two slices of pizza and a chocolate milk for breakfast?",true
4268.0,2026-09-07 20:27:39,@avery42069,,Poop wooooo,neutral,vader,Jimbo & John Calle,"you back to fourth period. Try not to [ __ ] your pants in PE, kid. That's what it was like. All right. We had stronger digestive systems then, right? Can Hey, beard. And I know your name, but for audience purposes, your beard. When's the last time you had two slices of pizza and a chocolate milk for breakfast?",true
4272.0,2026-09-07 20:27:43,@JimboTheComic,,Did I do good? Hahahaha,positive,vader,Jimbo & John Calle,"[ __ ] your pants in PE, kid. That's what it was like. All right. We had stronger digestive systems then, right? Can Hey, beard. And I know your name, but for audience purposes, your beard. When's the last time you had two slices of pizza and a chocolate milk for breakfast? and didn't [ __ ] yourself. >> Never. Maybe a birthday at best, right?",true
4274.0,2026-09-07 20:27:45,@ineverlutes,,hey it's pijin!,neutral,vader,Jimbo & John Calle,"it was like. All right. We had stronger digestive systems then, right? Can Hey, beard. And I know your name, but for audience purposes, your beard. When's the last time you had two slices of pizza and a chocolate milk for breakfast? and didn't [ __ ] yourself. >> Never. Maybe a birthday at best, right? That's right. All right. No, avoid the",true
4277.0,2026-09-07 20:27:48,@freeaudiobooks7469,,that was cringe tbh,neutral,vader,Jimbo & John Calle,"We had stronger digestive systems then, right? Can Hey, beard. And I know your name, but for audience purposes, your beard. When's the last time you had two slices of pizza and a chocolate milk for breakfast? and didn't [ __ ] yourself. >> Never. Maybe a birthday at best, right? That's right. All right. No, avoid the pizza. And And",true
4278.0,2026-09-07 20:27:49,@JimboTheComic,,I’m so high I couldn’t tell ,neutral,vader,Jimbo & John Calle,"We had stronger digestive systems then, right? Can Hey, beard. And I know your name, but for audience purposes, your beard. When's the last time you had two slices of pizza and a chocolate milk for breakfast? and didn't [ __ ] yourself. >> Never. Maybe a birthday at best, right? That's right. All right. No, avoid the pizza. And And",true
4279.0,2026-09-07 20:27:50,@Conrad2311,,The other guy ran to the bar ,neutral,vader,Jimbo & John Calle,"right? Can Hey, beard. And I know your name, but for audience purposes, your beard. When's the last time you had two slices of pizza and a chocolate milk for breakfast? and didn't [ __ ] yourself. >> Never. Maybe a birthday at best, right? That's right. All right. No, avoid the pizza. And And",true
4279.0,2026-09-07 20:27:50,@Pinkskinnedgoblin,,Yall were hyping Jimbo up like he was gonna crush it lol ,positive,vader,Jimbo & John Calle,"right? Can Hey, beard. And I know your name, but for audience purposes, your beard. When's the last time you had two slices of pizza and a chocolate milk for breakfast? and didn't [ __ ] yourself. >> Never. Maybe a birthday at best, right? That's right. All right. No, avoid the pizza. And And",true
4283.0,2026-09-07 20:27:54,@nevergiveup9321,,Cheese n warm milk,positive,vader,Jimbo & John Calle,"beard. When's the last time you had two slices of pizza and a chocolate milk for breakfast? and didn't [ __ ] yourself. >> Never. Maybe a birthday at best, right? That's right. All right. No, avoid the pizza. And And I still think about that pizza. By the way, guys, just so you know, I was a",true
4283.0,2026-09-07 20:27:54,@Stillear,,"Jimbo, send that bish back to Portland",neutral,vader,Jimbo & John Calle,"beard. When's the last time you had two slices of pizza and a chocolate milk for breakfast? and didn't [ __ ] yourself. >> Never. Maybe a birthday at best, right? That's right. All right. No, avoid the pizza. And And I still think about that pizza. By the way, guys, just so you know, I was a",true
4286.0,2026-09-07 20:27:57,@ineverlutes,,jimbo got aura ,neutral,vader,Jimbo & John Calle,"slices of pizza and a chocolate milk for breakfast? and didn't [ __ ] yourself. >> Never. Maybe a birthday at best, right? That's right. All right. No, avoid the pizza. And And I still think about that pizza. By the way, guys, just so you know, I was a corrections officer for an entire month",true
4290.0,2026-09-07 20:28:01,@z28diablo,,You've been up twice Jimbo,neutral,vader,Jimbo & John Calle,"and didn't [ __ ] yourself. >> Never. Maybe a birthday at best, right? That's right. All right. No, avoid the pizza. And And I still think about that pizza. By the way, guys, just so you know, I was a corrections officer for an entire month at MC. If you miss Maui High Food, they still",true
4291.0,2026-09-07 20:28:02,@pijinFPS,,what up ineverlutes,neutral,vader,Jimbo & John Calle,"and didn't [ __ ] yourself. >> Never. Maybe a birthday at best, right? That's right. All right. No, avoid the pizza. And And I still think about that pizza. By the way, guys, just so you know, I was a corrections officer for an entire month at MC. If you miss Maui High Food, they still",true
4292.0,2026-09-07 20:28:03,@yerlambt,,this is pain,negative,vader,Jimbo & John Calle,">> Never. Maybe a birthday at best, right? That's right. All right. No, avoid the pizza. And And I still think about that pizza. By the way, guys, just so you know, I was a corrections officer for an entire month at MC. If you miss Maui High Food, they still serve it in our local jail.",true
4293.0,2026-09-07 20:28:04,@user-xr6lt7ed2p,,hell I do that daily,negative,vader,Jimbo & John Calle,">> Never. Maybe a birthday at best, right? That's right. All right. No, avoid the pizza. And And I still think about that pizza. By the way, guys, just so you know, I was a corrections officer for an entire month at MC. If you miss Maui High Food, they still serve it in our local jail.",true
4295.0,2026-09-07 20:28:06,@OhHerroMyNameJim,,Lol did he call him 'beard'?,positive,vader,Jimbo & John Calle,"That's right. All right. No, avoid the pizza. And And I still think about that pizza. By the way, guys, just so you know, I was a corrections officer for an entire month at MC. If you miss Maui High Food, they still serve it in our local jail.",true
4295.0,2026-09-07 20:28:06,@CarlCramer88,,I’m officially convinced that Hawaii does not have not one single barber,positive,vader,Jimbo & John Calle,"That's right. All right. No, avoid the pizza. And And I still think about that pizza. By the way, guys, just so you know, I was a corrections officer for an entire month at MC. If you miss Maui High Food, they still serve it in our local jail.",true
4295.0,2026-09-07 20:28:06,@JimboTheComic,,It’s couples night sorry ,negative,vader,Jimbo & John Calle,"That's right. All right. No, avoid the pizza. And And I still think about that pizza. By the way, guys, just so you know, I was a corrections officer for an entire month at MC. If you miss Maui High Food, they still serve it in our local jail.",true
4296.0,2026-09-07 20:28:07,@BrianSV1985,,Jimbo we hate John!!,negative,vader,Jimbo & John Calle,"That's right. All right. No, avoid the pizza. And And I still think about that pizza. By the way, guys, just so you know, I was a corrections officer for an entire month at MC. If you miss Maui High Food, they still serve it in our local jail. You're literally two misdemeanor away",true
4301.0,2026-09-07 20:28:12,@freeaudiobooks7469,,I never wanna see that guy again,neutral,vader,Jimbo & John Calle,"I still think about that pizza. By the way, guys, just so you know, I was a corrections officer for an entire month at MC. If you miss Maui High Food, they still serve it in our local jail. You're literally two misdemeanor away from having school breakfast again. Just try it out. I'll see you there. All",true
4303.0,2026-09-07 20:28:14,@TheFonz545,,Jimbo got diarrhea,neutral,vader,Jimbo & John Calle,"way, guys, just so you know, I was a corrections officer for an entire month at MC. If you miss Maui High Food, they still serve it in our local jail. You're literally two misdemeanor away from having school breakfast again. Just try it out. I'll see you there. All right, we got a couple more sets. We're",true
4305.0,2026-09-07 20:28:16,@MichaelBrogans-q3e,,I shit myself after every meal,negative,vader,Jimbo & John Calle,"corrections officer for an entire month at MC. If you miss Maui High Food, they still serve it in our local jail. You're literally two misdemeanor away from having school breakfast again. Just try it out. I'll see you there. All right, we got a couple more sets. We're coming close to the end of the night. Don't worry, guys. I got you coming",true
4306.0,2026-09-07 20:28:17,@Hackofalltrades-mh5fq,,Jimbo was kinda roasting him,neutral,vader,Jimbo & John Calle,"at MC. If you miss Maui High Food, they still serve it in our local jail. You're literally two misdemeanor away from having school breakfast again. Just try it out. I'll see you there. All right, we got a couple more sets. We're coming close to the end of the night. Don't worry, guys. I got you coming soon. Coming up to the stage right now,",true
4307.0,2026-09-07 20:28:18,@JimboTheComic,,That was hard. Lol,positive,vader,Jimbo & John Calle,"at MC. If you miss Maui High Food, they still serve it in our local jail. You're literally two misdemeanor away from having school breakfast again. Just try it out. I'll see you there. All right, we got a couple more sets. We're coming close to the end of the night. Don't worry, guys. I got you coming soon. Coming up to the stage right now,",true
4308.0,2026-09-07 20:28:19,@EricNelson1236,,kid smells like chili crisp oil,positive,vader,Jimbo & John Calle,"at MC. If you miss Maui High Food, they still serve it in our local jail. You're literally two misdemeanor away from having school breakfast again. Just try it out. I'll see you there. All right, we got a couple more sets. We're coming close to the end of the night. Don't worry, guys. I got you coming soon. Coming up to the stage right now, we got Mystery and Brady.",true
4311.0,2026-09-07 20:28:22,@TheSupercorky,,That's actually company,neutral,vader,Jimbo & John Calle,"If you miss Maui High Food, they still serve it in our local jail. You're literally two misdemeanor away from having school breakfast again. Just try it out. I'll see you there. All right, we got a couple more sets. We're coming close to the end of the night. Don't worry, guys. I got you coming soon. Coming up to the stage right now, we got Mystery and Brady.",true
4315.0,2026-09-07 20:28:26,@S.D.L-m1j,,Jimbo is my hero:zany_face::star_struck:,neutral,vader,Jimbo & John Calle,"serve it in our local jail. You're literally two misdemeanor away from having school breakfast again. Just try it out. I'll see you there. All right, we got a couple more sets. We're coming close to the end of the night. Don't worry, guys. I got you coming soon. Coming up to the stage right now, we got Mystery and Brady.",true
4321.0,2026-09-07 20:28:32,@juanhartman1081,,"Jimbo, I need to see you bee funny once ",positive,vader,Jimbo & John Calle,"try it out. I'll see you there. All right, we got a couple more sets. We're coming close to the end of the night. Don't worry, guys. I got you coming soon. Coming up to the stage right now, we got Mystery and Brady. >> Keep it going for Chino. EVERYBODY,",true
4322.0,2026-09-07 20:28:33,@phatt777,,who's Mr meaner,neutral,vader,Jimbo & John Calle,"right, we got a couple more sets. We're coming close to the end of the night. Don't worry, guys. I got you coming soon. Coming up to the stage right now, we got Mystery and Brady. >> Keep it going for Chino. EVERYBODY,",true
4324.0,2026-09-07 20:28:35,@radiostarkilla21,,John is definitely writing about you in his book tonight ,positive,vader,Jimbo & John Calle,"Don't worry, guys. I got you coming soon. Coming up to the stage right now, we got Mystery and Brady. >> Keep it going for Chino. EVERYBODY, >> what an awesome Monday night. So great",true
4329.0,2026-09-07 20:28:40,@HollywoodStar2026,,how are the duos picked?,neutral,vader,Jimbo & John Calle,"soon. Coming up to the stage right now, we got Mystery and Brady. >> Keep it going for Chino. EVERYBODY, >> what an awesome Monday night. So great to see so many people in in PA. >> I want to say a nice place to meet",true
4330.0,2026-09-07 20:28:41,@avery42069,,You talked about John’s book and he got angry be careful Jimbo ,negative,vader,Jimbo & John Calle,">> Keep it going for Chino. EVERYBODY, >> what an awesome Monday night. So great to see so many people in in PA. >> I want to say a nice place to meet",true
4338.0,2026-09-07 20:28:49,@TheFonz545,,Kurt cocaine,neutral,vader,Jimbo & John Calle,">> Keep it going for Chino. EVERYBODY, >> what an awesome Monday night. So great to see so many people in in PA. >> I want to say a nice place to meet interesting people, but I think peculiar might be more accurate. >> Yeah. By the way, speaking of peculiar people, my name is Brady Sparkman. Um,",true
4339.0,2026-09-07 20:28:50,@nevergiveup9321,,There was always one kid who couldn’t hold it in,neutral,vader,Jimbo & John Calle,">> Keep it going for Chino. EVERYBODY, >> what an awesome Monday night. So great to see so many people in in PA. >> I want to say a nice place to meet interesting people, but I think peculiar might be more accurate. >> Yeah. By the way, speaking of peculiar people, my name is Brady Sparkman. Um,",true
4342.0,2026-09-07 20:28:53,@z28diablo,,"Chino, chat demands Uncle Waikiki and Dumpster Dan",negative,vader,Jimbo & John Calle,">> what an awesome Monday night. So great to see so many people in in PA. >> I want to say a nice place to meet interesting people, but I think peculiar might be more accurate. >> Yeah. By the way, speaking of peculiar people, my name is Brady Sparkman. Um, you might have seen my name come up in",true
4345.0,2026-09-07 20:28:56,@pijinFPS,,mr e is pissed he missed burning man,negative,vader,Jimbo & John Calle,">> what an awesome Monday night. So great to see so many people in in PA. >> I want to say a nice place to meet interesting people, but I think peculiar might be more accurate. >> Yeah. By the way, speaking of peculiar people, my name is Brady Sparkman. Um, you might have seen my name come up in the Epstein files a few times. I",true
4346.0,2026-09-07 20:28:57,@HollywoodStar2026,,Jimbo's in john's book now,neutral,vader,Jimbo & John Calle,">> what an awesome Monday night. So great to see so many people in in PA. >> I want to say a nice place to meet interesting people, but I think peculiar might be more accurate. >> Yeah. By the way, speaking of peculiar people, my name is Brady Sparkman. Um, you might have seen my name come up in the Epstein files a few times. I",true
4347.0,2026-09-07 20:28:58,@OhHerroMyNameJim,,This dude looks methedTF out,neutral,vader,Jimbo & John Calle,"to see so many people in in PA. >> I want to say a nice place to meet interesting people, but I think peculiar might be more accurate. >> Yeah. By the way, speaking of peculiar people, my name is Brady Sparkman. Um, you might have seen my name come up in the Epstein files a few times. I",true
4350.0,2026-09-07 20:29:01,@CarlCramer88,,"Oh, we got the LGBTQ supporter on stage",positive,vader,Mister E & Brady,">> I want to say a nice place to meet interesting people, but I think peculiar might be more accurate. >> Yeah. By the way, speaking of peculiar people, my name is Brady Sparkman. Um, you might have seen my name come up in the Epstein files a few times. I I had a bit of a rough childhood. So,",true
4351.0,2026-09-07 20:29:02,@nevergiveup9321,,Nice shirt ,positive,vader,Mister E & Brady,"interesting people, but I think peculiar might be more accurate. >> Yeah. By the way, speaking of peculiar people, my name is Brady Sparkman. Um, you might have seen my name come up in the Epstein files a few times. I I had a bit of a rough childhood. So, you know, they weren't really good about",true
4351.0,2026-09-07 20:29:02,@QUINNHAMELIN,,More school unalivers,neutral,vader,Mister E & Brady,"interesting people, but I think peculiar might be more accurate. >> Yeah. By the way, speaking of peculiar people, my name is Brady Sparkman. Um, you might have seen my name come up in the Epstein files a few times. I I had a bit of a rough childhood. So, you know, they weren't really good about",true
4355.0,2026-09-07 20:29:06,@pijinFPS,,ok mr e your shirt is fly as fuck,negative,vader,Mister E & Brady,"might be more accurate. >> Yeah. By the way, speaking of peculiar people, my name is Brady Sparkman. Um, you might have seen my name come up in the Epstein files a few times. I I had a bit of a rough childhood. So, you know, they weren't really good about keeping the victims hidden. So, you",true
4355.0,2026-09-07 20:29:06,@Stillear,,these guys are obviously Canadian,neutral,vader,Mister E & Brady,"might be more accurate. >> Yeah. By the way, speaking of peculiar people, my name is Brady Sparkman. Um, you might have seen my name come up in the Epstein files a few times. I I had a bit of a rough childhood. So, you know, they weren't really good about keeping the victims hidden. So, you",true
4359.0,2026-09-07 20:29:10,@avery42069,,Mister E looks like he owns a food truck,positive,vader,Mister E & Brady,">> Yeah. By the way, speaking of peculiar people, my name is Brady Sparkman. Um, you might have seen my name come up in the Epstein files a few times. I I had a bit of a rough childhood. So, you know, they weren't really good about keeping the victims hidden. So, you know, anyways, victim of child molestation. Uh, what",true
4361.0,2026-09-07 20:29:12,@S.D.L-m1j,,:face-green-smiling:,neutral,vader,Mister E & Brady,"people, my name is Brady Sparkman. Um, you might have seen my name come up in the Epstein files a few times. I I had a bit of a rough childhood. So, you know, they weren't really good about keeping the victims hidden. So, you know, anyways, victim of child molestation. Uh, what",true
4364.0,2026-09-07 20:29:15,@TheFonz545,,Kurt cocaine and the crack head kid,neutral,vader,Mister E & Brady,"you might have seen my name come up in the Epstein files a few times. I I had a bit of a rough childhood. So, you know, they weren't really good about keeping the victims hidden. So, you know, anyways, victim of child molestation. Uh, what you got going?",true
4370.0,2026-09-07 20:29:21,@user-xr6lt7ed2p,,kamehameha high,neutral,vader,Mister E & Brady,"I had a bit of a rough childhood. So, you know, they weren't really good about keeping the victims hidden. So, you know, anyways, victim of child molestation. Uh, what you got going? >> Is that the Birds of Lindsay? >> No, >> we're we're not there yet.",true
4372.0,2026-09-07 20:29:23,@juanhartman1081,,I just want Chino to tell me about his Hot Sauce ,positive,vader,Mister E & Brady,"you know, they weren't really good about keeping the victims hidden. So, you know, anyways, victim of child molestation. Uh, what you got going? >> Is that the Birds of Lindsay? >> No, >> we're we're not there yet. >> Getting a little uh ahead of ourselves.",true
4372.0,2026-09-07 20:29:23,@TheSupercorky,,Nirvana got a facelift,neutral,vader,Mister E & Brady,"you know, they weren't really good about keeping the victims hidden. So, you know, anyways, victim of child molestation. Uh, what you got going? >> Is that the Birds of Lindsay? >> No, >> we're we're not there yet. >> Getting a little uh ahead of ourselves.",true
4373.0,2026-09-07 20:29:24,@ineverlutes,,:index_pointing_at_the_viewer: epstein mentioned ,neutral,vader,Mister E & Brady,"you know, they weren't really good about keeping the victims hidden. So, you know, anyways, victim of child molestation. Uh, what you got going? >> Is that the Birds of Lindsay? >> No, >> we're we're not there yet. >> Getting a little uh ahead of ourselves. I thought I was up here to help you",true
4374.0,2026-09-07 20:29:25,@EricNelson1236,,hobo powers unite,neutral,vader,Mister E & Brady,"you know, they weren't really good about keeping the victims hidden. So, you know, anyways, victim of child molestation. Uh, what you got going? >> Is that the Birds of Lindsay? >> No, >> we're we're not there yet. >> Getting a little uh ahead of ourselves. I thought I was up here to help you",true
4387.0,2026-09-07 20:29:38,@S.D.L-m1j,,The foo..d fighters,negative,vader,Mister E & Brady,">> No, >> we're we're not there yet. >> Getting a little uh ahead of ourselves. I thought I was up here to help you address your schizophrenia issues. Can we Can we see the real you? I mean, this I mean, where's Earl? >> Earl, >> I came up here to break Earl. >> Okay. For the for the 15th time, Earl is",true
4390.0,2026-09-07 20:29:41,@OhHerroMyNameJim,,Lol self SA jokes... off to a rough start,positive,vader,Mister E & Brady,">> we're we're not there yet. >> Getting a little uh ahead of ourselves. I thought I was up here to help you address your schizophrenia issues. Can we Can we see the real you? I mean, this I mean, where's Earl? >> Earl, >> I came up here to break Earl. >> Okay. For the for the 15th time, Earl is a is a personality I do",true
4390.0,2026-09-07 20:29:41,@nevergiveup9321,,Starting with a trauma dump always wins,negative,vader,Mister E & Brady,">> we're we're not there yet. >> Getting a little uh ahead of ourselves. I thought I was up here to help you address your schizophrenia issues. Can we Can we see the real you? I mean, this I mean, where's Earl? >> Earl, >> I came up here to break Earl. >> Okay. For the for the 15th time, Earl is a is a personality I do",true
4392.0,2026-09-07 20:29:43,@user-xr6lt7ed2p,,hipster comedy,positive,vader,Mister E & Brady,">> Getting a little uh ahead of ourselves. I thought I was up here to help you address your schizophrenia issues. Can we Can we see the real you? I mean, this I mean, where's Earl? >> Earl, >> I came up here to break Earl. >> Okay. For the for the 15th time, Earl is a is a personality I do >> and I'm trying to break away from it,",true
4397.0,2026-09-07 20:29:48,@radiostarkilla21,,John still fuming,negative,vader,Mister E & Brady,"address your schizophrenia issues. Can we Can we see the real you? I mean, this I mean, where's Earl? >> Earl, >> I came up here to break Earl. >> Okay. For the for the 15th time, Earl is a is a personality I do >> and I'm trying to break away from it, but I you keep trying. If I >> I don't even think the chat crowd would",true
4401.0,2026-09-07 20:29:52,@TheSupercorky,,Charcter,neutral,vader,Mister E & Brady,">> Earl, >> I came up here to break Earl. >> Okay. For the for the 15th time, Earl is a is a personality I do >> and I'm trying to break away from it, but I you keep trying. If I >> I don't even think the chat crowd would recognize you as anything but Earl.",true
4406.0,2026-09-07 20:29:57,@TheSupercorky,,:rolling_on_the_floor_laughing::rolling_on_the_floor_laughing::rolling_on_the_floor_laughing::rolling_on_the_floor_laughing:,neutral,vader,Mister E & Brady,">> Okay. For the for the 15th time, Earl is a is a personality I do >> and I'm trying to break away from it, but I you keep trying. If I >> I don't even think the chat crowd would recognize you as anything but Earl. Oh, you want to do Earl now? >> No, no, I don't. But I did say peculiar,",true
4408.0,2026-09-07 20:29:59,@freeaudiobooks7469,,shouldn't this take place in a Starbucks,neutral,vader,Mister E & Brady,">> Okay. For the for the 15th time, Earl is a is a personality I do >> and I'm trying to break away from it, but I you keep trying. If I >> I don't even think the chat crowd would recognize you as anything but Earl. Oh, you want to do Earl now? >> No, no, I don't. But I did say peculiar, so why not bring it out?",true
4408.0,2026-09-07 20:29:59,@HollywoodStar2026,,oh shit this is EARL,negative,vader,Mister E & Brady,">> Okay. For the for the 15th time, Earl is a is a personality I do >> and I'm trying to break away from it, but I you keep trying. If I >> I don't even think the chat crowd would recognize you as anything but Earl. Oh, you want to do Earl now? >> No, no, I don't. But I did say peculiar, so why not bring it out?",true
4413.0,2026-09-07 20:30:04,@EricNelson1236,,lol he topped you,positive,vader,Mister E & Brady,">> and I'm trying to break away from it, but I you keep trying. If I >> I don't even think the chat crowd would recognize you as anything but Earl. Oh, you want to do Earl now? >> No, no, I don't. But I did say peculiar, so why not bring it out? >> So, [ __ ] I can't do this on like",true
4416.0,2026-09-07 20:30:07,@TheSupercorky,,Dont ,neutral,vader,Mister E & Brady,"but I you keep trying. If I >> I don't even think the chat crowd would recognize you as anything but Earl. Oh, you want to do Earl now? >> No, no, I don't. But I did say peculiar, so why not bring it out? >> So, [ __ ] I can't do this on like command.",true
4418.0,2026-09-07 20:30:09,@JukeSidewalker-r5m,,Seth Rogain and Asmonmold,neutral,vader,Mister E & Brady,">> I don't even think the chat crowd would recognize you as anything but Earl. Oh, you want to do Earl now? >> No, no, I don't. But I did say peculiar, so why not bring it out? >> So, [ __ ] I can't do this on like command. >> ALL RIGHT. GOD damn it. This is You",true
4419.0,2026-09-07 20:30:10,@avery42069,,Earl is his personality on the apps,neutral,vader,Mister E & Brady,">> I don't even think the chat crowd would recognize you as anything but Earl. Oh, you want to do Earl now? >> No, no, I don't. But I did say peculiar, so why not bring it out? >> So, [ __ ] I can't do this on like command. >> ALL RIGHT. GOD damn it. This is You",true
4422.0,2026-09-07 20:30:13,@user-xr6lt7ed2p,,my name is earl,neutral,vader,Mister E & Brady,"recognize you as anything but Earl. Oh, you want to do Earl now? >> No, no, I don't. But I did say peculiar, so why not bring it out? >> So, [ __ ] I can't do this on like command. >> ALL RIGHT. GOD damn it. This is You brought out the [ __ ] beast in me. What? What do you want?",true
4423.0,2026-09-07 20:30:14,@OhHerroMyNameJim,,Bring jimbo back,neutral,vader,Mister E & Brady,"recognize you as anything but Earl. Oh, you want to do Earl now? >> No, no, I don't. But I did say peculiar, so why not bring it out? >> So, [ __ ] I can't do this on like command. >> ALL RIGHT. GOD damn it. This is You brought out the [ __ ] beast in me. What? What do you want?",true
4423.0,2026-09-07 20:30:14,@juanhartman1081,,Both these guys are Schizophrenic RIGHT?! ,neutral,vader,Mister E & Brady,"recognize you as anything but Earl. Oh, you want to do Earl now? >> No, no, I don't. But I did say peculiar, so why not bring it out? >> So, [ __ ] I can't do this on like command. >> ALL RIGHT. GOD damn it. This is You brought out the [ __ ] beast in me. What? What do you want?",true
4427.0,2026-09-07 20:30:18,@TheFonz545,,just rap at this point,neutral,vader,Mister E & Brady,">> No, no, I don't. But I did say peculiar, so why not bring it out? >> So, [ __ ] I can't do this on like command. >> ALL RIGHT. GOD damn it. This is You brought out the [ __ ] beast in me. What? What do you want? >> Wow. >> Where are we going with this? >> I don't know where to begin. I mean,",true
4428.0,2026-09-07 20:30:19,@z28diablo,,"Brady = ""Sober"" Earl",neutral,vader,Mister E & Brady,">> No, no, I don't. But I did say peculiar, so why not bring it out? >> So, [ __ ] I can't do this on like command. >> ALL RIGHT. GOD damn it. This is You brought out the [ __ ] beast in me. What? What do you want? >> Wow. >> Where are we going with this? >> I don't know where to begin. I mean,",true
4431.0,2026-09-07 20:30:22,@CarlCramer88,,Somebody play the jukebox,positive,vader,Mister E & Brady,"so why not bring it out? >> So, [ __ ] I can't do this on like command. >> ALL RIGHT. GOD damn it. This is You brought out the [ __ ] beast in me. What? What do you want? >> Wow. >> Where are we going with this? >> I don't know where to begin. I mean, >> do you have any questions? >> Yeah. What's your I I know you're a run",true
4432.0,2026-09-07 20:30:23,@S.D.L-m1j,,Juke..lmao!,neutral,vader,Mister E & Brady,"so why not bring it out? >> So, [ __ ] I can't do this on like command. >> ALL RIGHT. GOD damn it. This is You brought out the [ __ ] beast in me. What? What do you want? >> Wow. >> Where are we going with this? >> I don't know where to begin. I mean, >> do you have any questions? >> Yeah. What's your I I know you're a run for president. What's your plans to to",true
4435.0,2026-09-07 20:30:26,@TheFonz545,,hillbilly rap battle,negative,vader,Mister E & Brady,"command. >> ALL RIGHT. GOD damn it. This is You brought out the [ __ ] beast in me. What? What do you want? >> Wow. >> Where are we going with this? >> I don't know where to begin. I mean, >> do you have any questions? >> Yeah. What's your I I know you're a run for president. What's your plans to to uh intercept and mitigate police",true
4440.0,2026-09-07 20:30:31,@OhHerroMyNameJim,,Nope. Don't ,neutral,vader,Mister E & Brady,"brought out the [ __ ] beast in me. What? What do you want? >> Wow. >> Where are we going with this? >> I don't know where to begin. I mean, >> do you have any questions? >> Yeah. What's your I I know you're a run for president. What's your plans to to uh intercept and mitigate police brutality? >> Are you [ __ ] serious? You wake my ass",true
4444.0,2026-09-07 20:30:35,@HollywoodStar2026,,that's shitty Mr E.... let Brady be who he wants to be tonight,negative,vader,Mister E & Brady,">> Wow. >> Where are we going with this? >> I don't know where to begin. I mean, >> do you have any questions? >> Yeah. What's your I I know you're a run for president. What's your plans to to uh intercept and mitigate police brutality? >> Are you [ __ ] serious? You wake my ass up and you start with a question like that. I'mma give the cops billy clubs.",true
4446.0,2026-09-07 20:30:37,@JimboTheComic,,Juan I’ll try.again next week,neutral,vader,Mister E & Brady,">> Where are we going with this? >> I don't know where to begin. I mean, >> do you have any questions? >> Yeah. What's your I I know you're a run for president. What's your plans to to uh intercept and mitigate police brutality? >> Are you [ __ ] serious? You wake my ass up and you start with a question like that. I'mma give the cops billy clubs. That's what we're going to do with this.",true
4454.0,2026-09-07 20:30:45,@Leroid-Footlong1488,,jews,neutral,vader,Mister E & Brady,uh intercept and mitigate police brutality? >> Are you [ __ ] serious? You wake my ass up and you start with a question like that. I'mma give the cops billy clubs. That's what we're going to do with this. No more guns. You got to earn the gun. >> The sad truth is he's got a better policy than Trump.,true
4456.0,2026-09-07 20:30:47,@TheFonz545,,Jimbo sucks,negative,vader,Mister E & Brady,"brutality? >> Are you [ __ ] serious? You wake my ass up and you start with a question like that. I'mma give the cops billy clubs. That's what we're going to do with this. No more guns. You got to earn the gun. >> The sad truth is he's got a better policy than Trump. >> Probably. Well, it ain't hard to have a",true
4462.0,2026-09-07 20:30:53,@QUINNHAMELIN,,15 personalities and none of them funny,negative,vader,Mister E & Brady,"up and you start with a question like that. I'mma give the cops billy clubs. That's what we're going to do with this. No more guns. You got to earn the gun. >> The sad truth is he's got a better policy than Trump. >> Probably. Well, it ain't hard to have a better [ __ ] policy than that. That guy just makes [ __ ] up as he goes and",true
4464.0,2026-09-07 20:30:55,@Harryptrolling,,Is this funny ,positive,vader,Mister E & Brady,"that. I'mma give the cops billy clubs. That's what we're going to do with this. No more guns. You got to earn the gun. >> The sad truth is he's got a better policy than Trump. >> Probably. Well, it ain't hard to have a better [ __ ] policy than that. That guy just makes [ __ ] up as he goes and then he prays that reality lines up with",true
4470.0,2026-09-07 20:31:01,@S.D.L-m1j,,Seth Rogaine..That's hilarious!!,positive,vader,Mister E & Brady,"No more guns. You got to earn the gun. >> The sad truth is he's got a better policy than Trump. >> Probably. Well, it ain't hard to have a better [ __ ] policy than that. That guy just makes [ __ ] up as he goes and then he prays that reality lines up with it and [ __ ] >> It's way better that you made this up last night.",true
4473.0,2026-09-07 20:31:04,@Mama_Tee_7,,people thinking traumatic events are funny is a fail lol,negative,vader,Mister E & Brady,">> The sad truth is he's got a better policy than Trump. >> Probably. Well, it ain't hard to have a better [ __ ] policy than that. That guy just makes [ __ ] up as he goes and then he prays that reality lines up with it and [ __ ] >> It's way better that you made this up last night. >> What? >> It's way better that you made this up last night.",true
4474.0,2026-09-07 20:31:05,@freeaudiobooks7469,,:zzz::sleeping_face:,neutral,vader,Mister E & Brady,"policy than Trump. >> Probably. Well, it ain't hard to have a better [ __ ] policy than that. That guy just makes [ __ ] up as he goes and then he prays that reality lines up with it and [ __ ] >> It's way better that you made this up last night. >> What? >> It's way better that you made this up last night. >> I didn't make [ __ ] up. I made that up",true
4475.0,2026-09-07 20:31:06,@JimboTheComic,,Fonz don’t get out in timeout I have the power ,neutral,vader,Mister E & Brady,"policy than Trump. >> Probably. Well, it ain't hard to have a better [ __ ] policy than that. That guy just makes [ __ ] up as he goes and then he prays that reality lines up with it and [ __ ] >> It's way better that you made this up last night. >> What? >> It's way better that you made this up last night. >> I didn't make [ __ ] up. I made that up like right now. Like",true
4481.0,2026-09-07 20:31:12,@ineverlutes,,IT AINT HARD :clapping_hands::clapping_hands:,positive,vader,Mister E & Brady,guy just makes [ __ ] up as he goes and then he prays that reality lines up with it and [ __ ] >> It's way better that you made this up last night. >> What? >> It's way better that you made this up last night. >> I didn't make [ __ ] up. I made that up like right now. Like >> Fair. >> Last night I played video games until I,true
4486.0,2026-09-07 20:31:17,@JimboTheComic,,I don’t deserve it but I have it ,neutral,vader,Mister E & Brady,it and [ __ ] >> It's way better that you made this up last night. >> What? >> It's way better that you made this up last night. >> I didn't make [ __ ] up. I made that up like right now. Like >> Fair. >> Last night I played video games until I [ __ ] fell asleep. Tequila Haze. And I'm not proud of that.,true
4486.0,2026-09-07 20:31:17,@TheFonz545,,noooooo,neutral,vader,Mister E & Brady,it and [ __ ] >> It's way better that you made this up last night. >> What? >> It's way better that you made this up last night. >> I didn't make [ __ ] up. I made that up like right now. Like >> Fair. >> Last night I played video games until I [ __ ] fell asleep. Tequila Haze. And I'm not proud of that.,true
4487.0,2026-09-07 20:31:18,@alisonwayland6057,,is this a demon possession,neutral,vader,Mister E & Brady,>> It's way better that you made this up last night. >> What? >> It's way better that you made this up last night. >> I didn't make [ __ ] up. I made that up like right now. Like >> Fair. >> Last night I played video games until I [ __ ] fell asleep. Tequila Haze. And I'm not proud of that. But that's what happened is Red Dead,true
4488.0,2026-09-07 20:31:19,@TheSupercorky,,Work together boys,neutral,vader,Mister E & Brady,>> It's way better that you made this up last night. >> What? >> It's way better that you made this up last night. >> I didn't make [ __ ] up. I made that up like right now. Like >> Fair. >> Last night I played video games until I [ __ ] fell asleep. Tequila Haze. And I'm not proud of that. But that's what happened is Red Dead Redemption. How you gonna not drink,true
4490.0,2026-09-07 20:31:21,@user-xr6lt7ed2p,,get a haircut hippy,neutral,vader,Mister E & Brady,>> What? >> It's way better that you made this up last night. >> I didn't make [ __ ] up. I made that up like right now. Like >> Fair. >> Last night I played video games until I [ __ ] fell asleep. Tequila Haze. And I'm not proud of that. But that's what happened is Red Dead Redemption. How you gonna not drink tequila while you [ __ ] invaded,true
4490.0,2026-09-07 20:31:21,@HanzSygnal,,where am I!!,neutral,vader,Mister E & Brady,>> What? >> It's way better that you made this up last night. >> I didn't make [ __ ] up. I made that up like right now. Like >> Fair. >> Last night I played video games until I [ __ ] fell asleep. Tequila Haze. And I'm not proud of that. But that's what happened is Red Dead Redemption. How you gonna not drink tequila while you [ __ ] invaded,true
4491.0,2026-09-07 20:31:22,@juanhartman1081,,"Jimbo, Chino didn’t send me HOT SAUCE for no reason….I WILL HONOR HIS SPICE! ",positive,vader,Mister E & Brady,>> It's way better that you made this up last night. >> I didn't make [ __ ] up. I made that up like right now. Like >> Fair. >> Last night I played video games until I [ __ ] fell asleep. Tequila Haze. And I'm not proud of that. But that's what happened is Red Dead Redemption. How you gonna not drink tequila while you [ __ ] invaded,true
4496.0,2026-09-07 20:31:27,@TheFonz545,,booooooo :tomato::tomato::tomato::tomato::tomato::tomato::tomato:,neutral,vader,Mister E & Brady,like right now. Like >> Fair. >> Last night I played video games until I [ __ ] fell asleep. Tequila Haze. And I'm not proud of that. But that's what happened is Red Dead Redemption. How you gonna not drink tequila while you [ __ ] invaded a [ __ ] fort in Mexico? >> Are you talking about a video game?,true
4497.0,2026-09-07 20:31:28,@phatt777,,yes its funny you can tell by how loud everyone is laughing,positive,vader,Mister E & Brady,>> Fair. >> Last night I played video games until I [ __ ] fell asleep. Tequila Haze. And I'm not proud of that. But that's what happened is Red Dead Redemption. How you gonna not drink tequila while you [ __ ] invaded a [ __ ] fort in Mexico? >> Are you talking about a video game?,true
4500.0,2026-09-07 20:31:31,@TheFonz545,,:tomato::tomato::tomato::tomato::tomato::tomato:,neutral,vader,Mister E & Brady,>> Last night I played video games until I [ __ ] fell asleep. Tequila Haze. And I'm not proud of that. But that's what happened is Red Dead Redemption. How you gonna not drink tequila while you [ __ ] invaded a [ __ ] fort in Mexico? >> Are you talking about a video game? >> Yes. >> Earl's a [ __ ] nerd. Okay. A lot of,true
4501.0,2026-09-07 20:31:32,@OhHerroMyNameJim,,Put the two on stage in timeout,neutral,vader,Mister E & Brady,>> Last night I played video games until I [ __ ] fell asleep. Tequila Haze. And I'm not proud of that. But that's what happened is Red Dead Redemption. How you gonna not drink tequila while you [ __ ] invaded a [ __ ] fort in Mexico? >> Are you talking about a video game? >> Yes. >> Earl's a [ __ ] nerd. Okay. A lot of,true
4503.0,2026-09-07 20:31:34,@TheFonz545,,boooooo,neutral,vader,Mister E & Brady,[ __ ] fell asleep. Tequila Haze. And I'm not proud of that. But that's what happened is Red Dead Redemption. How you gonna not drink tequila while you [ __ ] invaded a [ __ ] fort in Mexico? >> Are you talking about a video game? >> Yes. >> Earl's a [ __ ] nerd. Okay. A lot of people don't. I I'm a little nerd type,true
4504.0,2026-09-07 20:31:35,@radiostarkilla21,,Hopefully you make it to next week what with john’s vitriol,positive,vader,Mister E & Brady,Tequila Haze. And I'm not proud of that. But that's what happened is Red Dead Redemption. How you gonna not drink tequila while you [ __ ] invaded a [ __ ] fort in Mexico? >> Are you talking about a video game? >> Yes. >> Earl's a [ __ ] nerd. Okay. A lot of people don't. I I'm a little nerd type,true
4504.0,2026-09-07 20:31:35,@Branson420,,When does the comedy start? ,positive,vader,Mister E & Brady,Tequila Haze. And I'm not proud of that. But that's what happened is Red Dead Redemption. How you gonna not drink tequila while you [ __ ] invaded a [ __ ] fort in Mexico? >> Are you talking about a video game? >> Yes. >> Earl's a [ __ ] nerd. Okay. A lot of people don't. I I'm a little nerd type,true
4507.0,2026-09-07 20:31:38,@TheFonz545,,:tomato::tomato::tomato::tomato::tomato::tomato:,neutral,vader,Mister E & Brady,But that's what happened is Red Dead Redemption. How you gonna not drink tequila while you [ __ ] invaded a [ __ ] fort in Mexico? >> Are you talking about a video game? >> Yes. >> Earl's a [ __ ] nerd. Okay. A lot of people don't. I I'm a little nerd type mentality to walk into other people's games and realities.,true
4513.0,2026-09-07 20:31:44,@TANE-D-80,,Yay,positive,vader,Mister E & Brady,"tequila while you [ __ ] invaded a [ __ ] fort in Mexico? >> Are you talking about a video game? >> Yes. >> Earl's a [ __ ] nerd. Okay. A lot of people don't. I I'm a little nerd type mentality to walk into other people's games and realities. >> What? Bro, I said we ought to do DMT on stage.",true
4513.0,2026-09-07 20:31:44,@Mama_Tee_7,,7 minutes of this :loudly_crying_face:,neutral,vader,Mister E & Brady,"tequila while you [ __ ] invaded a [ __ ] fort in Mexico? >> Are you talking about a video game? >> Yes. >> Earl's a [ __ ] nerd. Okay. A lot of people don't. I I'm a little nerd type mentality to walk into other people's games and realities. >> What? Bro, I said we ought to do DMT on stage.",true
4514.0,2026-09-07 20:31:45,@user-xr6lt7ed2p,,shoulda drank whiskey,neutral,vader,Mister E & Brady,"a [ __ ] fort in Mexico? >> Are you talking about a video game? >> Yes. >> Earl's a [ __ ] nerd. Okay. A lot of people don't. I I'm a little nerd type mentality to walk into other people's games and realities. >> What? Bro, I said we ought to do DMT on stage.",true
4521.0,2026-09-07 20:31:52,@freeaudiobooks7469,,:tomato::tomato::tomato:,neutral,vader,Mister E & Brady,">> Earl's a [ __ ] nerd. Okay. A lot of people don't. I I'm a little nerd type mentality to walk into other people's games and realities. >> What? Bro, I said we ought to do DMT on stage. Did you go? >> Dude, I am not bringing felonies out on live stage. I told you I'm not doing you anything tonight.",true
4521.0,2026-09-07 20:31:52,@MichaelBrogans-q3e,,machine is broken. instead of comedy it's just simulating shit.,negative,vader,Mister E & Brady,">> Earl's a [ __ ] nerd. Okay. A lot of people don't. I I'm a little nerd type mentality to walk into other people's games and realities. >> What? Bro, I said we ought to do DMT on stage. Did you go? >> Dude, I am not bringing felonies out on live stage. I told you I'm not doing you anything tonight.",true
4523.0,2026-09-07 20:31:54,@TheFonz545,,booooooo :tomato::tomato::tomato::tomato::tomato:,neutral,vader,Mister E & Brady,"people don't. I I'm a little nerd type mentality to walk into other people's games and realities. >> What? Bro, I said we ought to do DMT on stage. Did you go? >> Dude, I am not bringing felonies out on live stage. I told you I'm not doing you anything tonight. >> That is a federal offense. And um",true
4525.0,2026-09-07 20:31:56,@TANE-D-80,,Woooo!,neutral,vader,Mister E & Brady,"mentality to walk into other people's games and realities. >> What? Bro, I said we ought to do DMT on stage. Did you go? >> Dude, I am not bringing felonies out on live stage. I told you I'm not doing you anything tonight. >> That is a federal offense. And um >> plus what's DMT?",true
4526.0,2026-09-07 20:31:57,@TheSupercorky,,Thats all the redemption you're gonna find,neutral,vader,Mister E & Brady,"mentality to walk into other people's games and realities. >> What? Bro, I said we ought to do DMT on stage. Did you go? >> Dude, I am not bringing felonies out on live stage. I told you I'm not doing you anything tonight. >> That is a federal offense. And um >> plus what's DMT?",true
4526.0,2026-09-07 20:31:57,@freeaudiobooks7469,,booo,neutral,vader,Mister E & Brady,"mentality to walk into other people's games and realities. >> What? Bro, I said we ought to do DMT on stage. Did you go? >> Dude, I am not bringing felonies out on live stage. I told you I'm not doing you anything tonight. >> That is a federal offense. And um >> plus what's DMT?",true
4527.0,2026-09-07 20:31:58,@juanhartman1081,,Jimbo if you TACKLE these guys off the stage I’ll forgive you….,positive,vader,Mister E & Brady,"games and realities. >> What? Bro, I said we ought to do DMT on stage. Did you go? >> Dude, I am not bringing felonies out on live stage. I told you I'm not doing you anything tonight. >> That is a federal offense. And um >> plus what's DMT?",true
4528.0,2026-09-07 20:31:59,@avery42069,,Fight fight fight fight fight fight,negative,vader,Mister E & Brady,"games and realities. >> What? Bro, I said we ought to do DMT on stage. Did you go? >> Dude, I am not bringing felonies out on live stage. I told you I'm not doing you anything tonight. >> That is a federal offense. And um >> plus what's DMT? >> Uh",true
4531.0,2026-09-07 20:32:02,@JimboTheComic,,HahahahHa Juan ,neutral,vader,Mister E & Brady,">> What? Bro, I said we ought to do DMT on stage. Did you go? >> Dude, I am not bringing felonies out on live stage. I told you I'm not doing you anything tonight. >> That is a federal offense. And um >> plus what's DMT? >> Uh >> I've never heard of dimethylryptony. >> No, it's a",true
4534.0,2026-09-07 20:32:05,@ineverlutes,,wish i had more alcohol ,positive,vader,Mister E & Brady,"Did you go? >> Dude, I am not bringing felonies out on live stage. I told you I'm not doing you anything tonight. >> That is a federal offense. And um >> plus what's DMT? >> Uh >> I've never heard of dimethylryptony. >> No, it's a dag gone metal thrash. It's a type of",true
4534.0,2026-09-07 20:32:05,@QUINNHAMELIN,,Branson420 next week :grinning_squinting_face:,neutral,vader,Mister E & Brady,"Did you go? >> Dude, I am not bringing felonies out on live stage. I told you I'm not doing you anything tonight. >> That is a federal offense. And um >> plus what's DMT? >> Uh >> I've never heard of dimethylryptony. >> No, it's a dag gone metal thrash. It's a type of",true
4535.0,2026-09-07 20:32:06,@TheFonz545,,:tomato::tomato::tomato::tomato::tomato::tomato::tomato::tomato::tomato::tomato:,neutral,vader,Mister E & Brady,"Did you go? >> Dude, I am not bringing felonies out on live stage. I told you I'm not doing you anything tonight. >> That is a federal offense. And um >> plus what's DMT? >> Uh >> I've never heard of dimethylryptony. >> No, it's a dag gone metal thrash. It's a type of",true
4538.0,2026-09-07 20:32:09,@S.D.L-m1j,,Chair:face-fuchsia-tongue-out:,neutral,vader,Mister E & Brady,"live stage. I told you I'm not doing you anything tonight. >> That is a federal offense. And um >> plus what's DMT? >> Uh >> I've never heard of dimethylryptony. >> No, it's a dag gone metal thrash. It's a type of music.",true
4538.0,2026-09-07 20:32:09,@TheSupercorky,,Strike 3,negative,vader,Mister E & Brady,"live stage. I told you I'm not doing you anything tonight. >> That is a federal offense. And um >> plus what's DMT? >> Uh >> I've never heard of dimethylryptony. >> No, it's a dag gone metal thrash. It's a type of music.",true
4541.0,2026-09-07 20:32:12,@HanzSygnal,,"YES, AND, YES, AND",positive,vader,Mister E & Brady,"anything tonight. >> That is a federal offense. And um >> plus what's DMT? >> Uh >> I've never heard of dimethylryptony. >> No, it's a dag gone metal thrash. It's a type of music. >> Metal thrash. Huh. Yeah.",true
4541.0,2026-09-07 20:32:12,@z28diablo,,KICK HIS ASS SEABASS!,negative,vader,Mister E & Brady,"anything tonight. >> That is a federal offense. And um >> plus what's DMT? >> Uh >> I've never heard of dimethylryptony. >> No, it's a dag gone metal thrash. It's a type of music. >> Metal thrash. Huh. Yeah.",true
4541.0,2026-09-07 20:32:12,@user-xr6lt7ed2p,,that's methed up,neutral,vader,Mister E & Brady,"anything tonight. >> That is a federal offense. And um >> plus what's DMT? >> Uh >> I've never heard of dimethylryptony. >> No, it's a dag gone metal thrash. It's a type of music. >> Metal thrash. Huh. Yeah.",true
4542.0,2026-09-07 20:32:13,@JimboTheComic,,I had a hard on I can’t tackle rn ,negative,vader,Mister E & Brady,"anything tonight. >> That is a federal offense. And um >> plus what's DMT? >> Uh >> I've never heard of dimethylryptony. >> No, it's a dag gone metal thrash. It's a type of music. >> Metal thrash. Huh. Yeah. >> I guess that's why I don't know about",true
4546.0,2026-09-07 20:32:17,@TheSupercorky,,5th,neutral,vader,Mister E & Brady,">> plus what's DMT? >> Uh >> I've never heard of dimethylryptony. >> No, it's a dag gone metal thrash. It's a type of music. >> Metal thrash. Huh. Yeah. >> I guess that's why I don't know about it. >> You like headaches, don't you? Is that why Earl comes?",true
4547.0,2026-09-07 20:32:18,@CarlCramer88,,Chair for sure ,positive,vader,Mister E & Brady,">> Uh >> I've never heard of dimethylryptony. >> No, it's a dag gone metal thrash. It's a type of music. >> Metal thrash. Huh. Yeah. >> I guess that's why I don't know about it. >> You like headaches, don't you? Is that why Earl comes?",true
4551.0,2026-09-07 20:32:22,@EricNelson1236,,tom green weed,neutral,vader,Mister E & Brady,">> I've never heard of dimethylryptony. >> No, it's a dag gone metal thrash. It's a type of music. >> Metal thrash. Huh. Yeah. >> I guess that's why I don't know about it. >> You like headaches, don't you? Is that why Earl comes? >> [ __ ] love them. >> Wow. >> Anyways, like this Earl bit I just ain't",true
4551.0,2026-09-07 20:32:22,@TheFonz545,,:tomato::tomato::tomato::tomato::tomato::tomato::tomato:,neutral,vader,Mister E & Brady,">> I've never heard of dimethylryptony. >> No, it's a dag gone metal thrash. It's a type of music. >> Metal thrash. Huh. Yeah. >> I guess that's why I don't know about it. >> You like headaches, don't you? Is that why Earl comes? >> [ __ ] love them. >> Wow. >> Anyways, like this Earl bit I just ain't",true
4553.0,2026-09-07 20:32:24,@jimbritt2874,,tell some jokes guys,positive,vader,Mister E & Brady,">> No, it's a dag gone metal thrash. It's a type of music. >> Metal thrash. Huh. Yeah. >> I guess that's why I don't know about it. >> You like headaches, don't you? Is that why Earl comes? >> [ __ ] love them. >> Wow. >> Anyways, like this Earl bit I just ain't",true
4558.0,2026-09-07 20:32:29,@TheFonz545,,JIMBO SUCKS,negative,vader,Mister E & Brady,"music. >> Metal thrash. Huh. Yeah. >> I guess that's why I don't know about it. >> You like headaches, don't you? Is that why Earl comes? >> [ __ ] love them. >> Wow. >> Anyways, like this Earl bit I just ain't working. I >> Yeah, we clearly got more attention with DMT. I think my I think my bit I mean,",true
4559.0,2026-09-07 20:32:30,@JimboTheComic,,This is a difficult comedy muscle ,neutral,vader,Mister E & Brady,"music. >> Metal thrash. Huh. Yeah. >> I guess that's why I don't know about it. >> You like headaches, don't you? Is that why Earl comes? >> [ __ ] love them. >> Wow. >> Anyways, like this Earl bit I just ain't working. I >> Yeah, we clearly got more attention with DMT. I think my I think my bit I mean,",true
4560.0,2026-09-07 20:32:31,@TheSupercorky,,:hand-pink-waving:,neutral,vader,Mister E & Brady,">> Metal thrash. Huh. Yeah. >> I guess that's why I don't know about it. >> You like headaches, don't you? Is that why Earl comes? >> [ __ ] love them. >> Wow. >> Anyways, like this Earl bit I just ain't working. I >> Yeah, we clearly got more attention with DMT. I think my I think my bit I mean,",true
4562.0,2026-09-07 20:32:33,@adawg1111,,be funny,positive,vader,Mister E & Brady,"it. >> You like headaches, don't you? Is that why Earl comes? >> [ __ ] love them. >> Wow. >> Anyways, like this Earl bit I just ain't working. I >> Yeah, we clearly got more attention with DMT. I think my I think my bit I mean, you're right. Maybe I should have brought my DMT on stage.",true
4568.0,2026-09-07 20:32:39,@juanhartman1081,,These guys are finna give me nightmares ,neutral,vader,Mister E & Brady,">> [ __ ] love them. >> Wow. >> Anyways, like this Earl bit I just ain't working. I >> Yeah, we clearly got more attention with DMT. I think my I think my bit I mean, you're right. Maybe I should have brought my DMT on stage. >> No, you shouldn't have done that. That's That's not a good idea. >> Look, this is all an act. Yeah. Well, I",true
4574.0,2026-09-07 20:32:45,@TheSupercorky,,:chair::chair::chair::chair::chair::chair::chair::chair:,neutral,vader,Mister E & Brady,"working. I >> Yeah, we clearly got more attention with DMT. I think my I think my bit I mean, you're right. Maybe I should have brought my DMT on stage. >> No, you shouldn't have done that. That's That's not a good idea. >> Look, this is all an act. Yeah. Well, I I had a friend >> the DMT is not real like girls.",true
4575.0,2026-09-07 20:32:46,@avery42069,,Fight fight fight fight,negative,vader,Mister E & Brady,">> Yeah, we clearly got more attention with DMT. I think my I think my bit I mean, you're right. Maybe I should have brought my DMT on stage. >> No, you shouldn't have done that. That's That's not a good idea. >> Look, this is all an act. Yeah. Well, I I had a friend >> the DMT is not real like girls. >> I had a friend one time light up a blunt",true
4576.0,2026-09-07 20:32:47,@freeaudiobooks7469,,your comedy is saying trump randomly. wtf is this life,negative,vader,Mister E & Brady,">> Yeah, we clearly got more attention with DMT. I think my I think my bit I mean, you're right. Maybe I should have brought my DMT on stage. >> No, you shouldn't have done that. That's That's not a good idea. >> Look, this is all an act. Yeah. Well, I I had a friend >> the DMT is not real like girls. >> I had a friend one time light up a blunt",true
4578.0,2026-09-07 20:32:49,@JimboTheComic,,This is my world ,neutral,vader,Mister E & Brady,">> Yeah, we clearly got more attention with DMT. I think my I think my bit I mean, you're right. Maybe I should have brought my DMT on stage. >> No, you shouldn't have done that. That's That's not a good idea. >> Look, this is all an act. Yeah. Well, I I had a friend >> the DMT is not real like girls. >> I had a friend one time light up a blunt in front of the whole audience, which",true
4583.0,2026-09-07 20:32:54,@TheFonz545,,so a impression of a comedian,positive,vader,Mister E & Brady,"brought my DMT on stage. >> No, you shouldn't have done that. That's That's not a good idea. >> Look, this is all an act. Yeah. Well, I I had a friend >> the DMT is not real like girls. >> I had a friend one time light up a blunt in front of the whole audience, which works if you're killing it, but like he had like seven people in the [ __ ]",true
4583.0,2026-09-07 20:32:54,@TheSupercorky,,Work of fiction,neutral,vader,Mister E & Brady,"brought my DMT on stage. >> No, you shouldn't have done that. That's That's not a good idea. >> Look, this is all an act. Yeah. Well, I I had a friend >> the DMT is not real like girls. >> I had a friend one time light up a blunt in front of the whole audience, which works if you're killing it, but like he had like seven people in the [ __ ]",true
4584.0,2026-09-07 20:32:55,@avery42069,,CHAIR!!!!,neutral,vader,Mister E & Brady,">> No, you shouldn't have done that. That's That's not a good idea. >> Look, this is all an act. Yeah. Well, I I had a friend >> the DMT is not real like girls. >> I had a friend one time light up a blunt in front of the whole audience, which works if you're killing it, but like he had like seven people in the [ __ ]",true
4585.0,2026-09-07 20:32:56,@S.D.L-m1j,,VH1 VJays,neutral,vader,Mister E & Brady,">> No, you shouldn't have done that. That's That's not a good idea. >> Look, this is all an act. Yeah. Well, I I had a friend >> the DMT is not real like girls. >> I had a friend one time light up a blunt in front of the whole audience, which works if you're killing it, but like he had like seven people in the [ __ ]",true
4587.0,2026-09-07 20:32:58,@Donnieboy24,,hello chair,neutral,vader,Mister E & Brady,"That's not a good idea. >> Look, this is all an act. Yeah. Well, I I had a friend >> the DMT is not real like girls. >> I had a friend one time light up a blunt in front of the whole audience, which works if you're killing it, but like he had like seven people in the [ __ ] audience and he just lights up a blunt",true
4588.0,2026-09-07 20:32:59,@JimboTheComic,,"I don’t deserve it, BUT I HAVE POWER ",neutral,vader,Mister E & Brady,"That's not a good idea. >> Look, this is all an act. Yeah. Well, I I had a friend >> the DMT is not real like girls. >> I had a friend one time light up a blunt in front of the whole audience, which works if you're killing it, but like he had like seven people in the [ __ ] audience and he just lights up a blunt",true
4588.0,2026-09-07 20:32:59,@HollywoodStar2026,,YES CHAIR CHAIR CAIR,positive,vader,Mister E & Brady,"That's not a good idea. >> Look, this is all an act. Yeah. Well, I I had a friend >> the DMT is not real like girls. >> I had a friend one time light up a blunt in front of the whole audience, which works if you're killing it, but like he had like seven people in the [ __ ] audience and he just lights up a blunt",true
4589.0,2026-09-07 20:33:00,@CarlCramer88,,It looks like it’s getting a little windy outside. Let’s hope a hurricane comes through here in a minute.,positive,vader,Mister E & Brady,">> Look, this is all an act. Yeah. Well, I I had a friend >> the DMT is not real like girls. >> I had a friend one time light up a blunt in front of the whole audience, which works if you're killing it, but like he had like seven people in the [ __ ] audience and he just lights up a blunt and just and you got to be cool.",true
4594.0,2026-09-07 20:33:05,@Stillear,,CHAIR!,neutral,vader,Mister E & Brady,">> the DMT is not real like girls. >> I had a friend one time light up a blunt in front of the whole audience, which works if you're killing it, but like he had like seven people in the [ __ ] audience and he just lights up a blunt and just and you got to be cool. >> I used to live in San Francisco and Oakland. You can light a blunt anywhere",true
4594.0,2026-09-07 20:33:05,@QUINNHAMELIN,,Electric Chair :seat:,neutral,vader,Mister E & Brady,">> the DMT is not real like girls. >> I had a friend one time light up a blunt in front of the whole audience, which works if you're killing it, but like he had like seven people in the [ __ ] audience and he just lights up a blunt and just and you got to be cool. >> I used to live in San Francisco and Oakland. You can light a blunt anywhere",true
4597.0,2026-09-07 20:33:08,@z28diablo,,We saw that Sklyer!,neutral,vader,Mister E & Brady,">> I had a friend one time light up a blunt in front of the whole audience, which works if you're killing it, but like he had like seven people in the [ __ ] audience and he just lights up a blunt and just and you got to be cool. >> I used to live in San Francisco and Oakland. You can light a blunt anywhere there. >> Well, fair. This was in [ __ ] Lahina.",true
4598.0,2026-09-07 20:33:09,@JimboTheComic,,Hahaha Carl ,positive,vader,Mister E & Brady,"in front of the whole audience, which works if you're killing it, but like he had like seven people in the [ __ ] audience and he just lights up a blunt and just and you got to be cool. >> I used to live in San Francisco and Oakland. You can light a blunt anywhere there. >> Well, fair. This was in [ __ ] Lahina.",true
4598.0,2026-09-07 20:33:09,@CarlCramer88,,Chair ,neutral,vader,Mister E & Brady,"in front of the whole audience, which works if you're killing it, but like he had like seven people in the [ __ ] audience and he just lights up a blunt and just and you got to be cool. >> I used to live in San Francisco and Oakland. You can light a blunt anywhere there. >> Well, fair. This was in [ __ ] Lahina.",true
4599.0,2026-09-07 20:33:10,@phatt777,,empty chair was funnier,positive,vader,Mister E & Brady,"in front of the whole audience, which works if you're killing it, but like he had like seven people in the [ __ ] audience and he just lights up a blunt and just and you got to be cool. >> I used to live in San Francisco and Oakland. You can light a blunt anywhere there. >> Well, fair. This was in [ __ ] Lahina. >> You know, there was a legitimate sta",true
4600.0,2026-09-07 20:33:11,@avery42069,,YYYYESSSSS CHAIR,neutral,vader,Mister E & Brady,"in front of the whole audience, which works if you're killing it, but like he had like seven people in the [ __ ] audience and he just lights up a blunt and just and you got to be cool. >> I used to live in San Francisco and Oakland. You can light a blunt anywhere there. >> Well, fair. This was in [ __ ] Lahina. >> You know, there was a legitimate sta",true
4600.0,2026-09-07 20:33:11,@someguy9566,,why they show the chair :chair: :face_with_tears_of_joy:,neutral,vader,Mister E & Brady,"in front of the whole audience, which works if you're killing it, but like he had like seven people in the [ __ ] audience and he just lights up a blunt and just and you got to be cool. >> I used to live in San Francisco and Oakland. You can light a blunt anywhere there. >> Well, fair. This was in [ __ ] Lahina. >> You know, there was a legitimate sta",true
4601.0,2026-09-07 20:33:12,@S.D.L-m1j,,Chair!!!!!! yes,positive,vader,Mister E & Brady,"works if you're killing it, but like he had like seven people in the [ __ ] audience and he just lights up a blunt and just and you got to be cool. >> I used to live in San Francisco and Oakland. You can light a blunt anywhere there. >> Well, fair. This was in [ __ ] Lahina. >> You know, there was a legitimate sta",true
4603.0,2026-09-07 20:33:14,@justsumrandom3882,,"Guys this is a Hawaiian bar comedy show, these guys are nust rich white people, i can say this i'm white",positive,vader,Mister E & Brady,"works if you're killing it, but like he had like seven people in the [ __ ] audience and he just lights up a blunt and just and you got to be cool. >> I used to live in San Francisco and Oakland. You can light a blunt anywhere there. >> Well, fair. This was in [ __ ] Lahina. >> You know, there was a legitimate sta legitimate comedy show where Cat",true
4606.0,2026-09-07 20:33:17,@D.M.ggww21,,Ant funny I’m funnier. Then that. ,positive,vader,Mister E & Brady,"had like seven people in the [ __ ] audience and he just lights up a blunt and just and you got to be cool. >> I used to live in San Francisco and Oakland. You can light a blunt anywhere there. >> Well, fair. This was in [ __ ] Lahina. >> You know, there was a legitimate sta legitimate comedy show where Cat Williams was in Oakland and made it 5",true
4606.0,2026-09-07 20:33:17,@NoSpeedLimit_00,,finish him,neutral,vader,Mister E & Brady,"had like seven people in the [ __ ] audience and he just lights up a blunt and just and you got to be cool. >> I used to live in San Francisco and Oakland. You can light a blunt anywhere there. >> Well, fair. This was in [ __ ] Lahina. >> You know, there was a legitimate sta legitimate comedy show where Cat Williams was in Oakland and made it 5",true
4607.0,2026-09-07 20:33:18,@BrianKirk-wi6kd,,They met at the Dollar General,neutral,vader,Mister E & Brady,"audience and he just lights up a blunt and just and you got to be cool. >> I used to live in San Francisco and Oakland. You can light a blunt anywhere there. >> Well, fair. This was in [ __ ] Lahina. >> You know, there was a legitimate sta legitimate comedy show where Cat Williams was in Oakland and made it 5 minutes to y'all crack is too good and",true
4608.0,2026-09-07 20:33:19,@freeaudiobooks7469,,:tomato::tomato::tomato::tomato:,neutral,vader,Mister E & Brady,"audience and he just lights up a blunt and just and you got to be cool. >> I used to live in San Francisco and Oakland. You can light a blunt anywhere there. >> Well, fair. This was in [ __ ] Lahina. >> You know, there was a legitimate sta legitimate comedy show where Cat Williams was in Oakland and made it 5 minutes to y'all crack is too good and",true
4609.0,2026-09-07 20:33:20,@HanzSygnal,,chair cut was cinema,negative,vader,Mister E & Brady,"audience and he just lights up a blunt and just and you got to be cool. >> I used to live in San Francisco and Oakland. You can light a blunt anywhere there. >> Well, fair. This was in [ __ ] Lahina. >> You know, there was a legitimate sta legitimate comedy show where Cat Williams was in Oakland and made it 5 minutes to y'all crack is too good and",true
4611.0,2026-09-07 20:33:22,@CarlCramer88,,:rolling_on_the_floor_laughing:,neutral,vader,Mister E & Brady,">> I used to live in San Francisco and Oakland. You can light a blunt anywhere there. >> Well, fair. This was in [ __ ] Lahina. >> You know, there was a legitimate sta legitimate comedy show where Cat Williams was in Oakland and made it 5 minutes to y'all crack is too good and got walked off stage.",true
4614.0,2026-09-07 20:33:25,@makingchangesbye,,can you send me $5 cash app for some beer?,neutral,vader,Mister E & Brady,"Oakland. You can light a blunt anywhere there. >> Well, fair. This was in [ __ ] Lahina. >> You know, there was a legitimate sta legitimate comedy show where Cat Williams was in Oakland and made it 5 minutes to y'all crack is too good and got walked off stage. >> That's the Bay Area >> and [ __ ] happens.",true
4616.0,2026-09-07 20:33:27,@Mama_Tee_7,,the chair is more interesting atp :loudly_crying_face:,positive,vader,Mister E & Brady,"there. >> Well, fair. This was in [ __ ] Lahina. >> You know, there was a legitimate sta legitimate comedy show where Cat Williams was in Oakland and made it 5 minutes to y'all crack is too good and got walked off stage. >> That's the Bay Area >> and [ __ ] happens. >> You know what I got right here? This is",true
4620.0,2026-09-07 20:33:31,@HollywoodStar2026,,"work together, boys or no cookies after the show",negative,vader,Mister E & Brady,">> You know, there was a legitimate sta legitimate comedy show where Cat Williams was in Oakland and made it 5 minutes to y'all crack is too good and got walked off stage. >> That's the Bay Area >> and [ __ ] happens. >> You know what I got right here? This is a cigarette.",true
4635.0,2026-09-07 20:33:46,@juanhartman1081,,These guys are just two dudes talking in an Asylum lunch line ,neutral,vader,Mister E & Brady,">> and [ __ ] happens. >> You know what I got right here? This is a cigarette. >> I've seen them. >> This [ __ ] >> I don't get wet. >> I only like good stuff. This is my newest product. We brought it to market. >> Dude, this actually brings me to my main point. I thought maybe if you started getting some better esteem so that bump",true
4642.0,2026-09-07 20:33:53,@S.D.L-m1j,,Chairs wearing a sexy shade of purple tonight :grinning_squinting_face:,positive,vader,Mister E & Brady,">> This [ __ ] >> I don't get wet. >> I only like good stuff. This is my newest product. We brought it to market. >> Dude, this actually brings me to my main point. I thought maybe if you started getting some better esteem so that bump maybe you'd be a little less schizophrenic. >> I don't do LSD, buddy. >> That might be the problem.",true
4642.0,2026-09-07 20:33:53,@freeaudiobooks7469,,:tomato::tomato::tomato::tomato:,neutral,vader,Mister E & Brady,">> This [ __ ] >> I don't get wet. >> I only like good stuff. This is my newest product. We brought it to market. >> Dude, this actually brings me to my main point. I thought maybe if you started getting some better esteem so that bump maybe you'd be a little less schizophrenic. >> I don't do LSD, buddy. >> That might be the problem.",true
4643.0,2026-09-07 20:33:54,@alisonwayland6057,,I guess this is one of those jokes we had to be there for,positive,vader,Mister E & Brady,">> I don't get wet. >> I only like good stuff. This is my newest product. We brought it to market. >> Dude, this actually brings me to my main point. I thought maybe if you started getting some better esteem so that bump maybe you'd be a little less schizophrenic. >> I don't do LSD, buddy. >> That might be the problem.",true
4655.0,2026-09-07 20:34:06,@MichaelBrogans-q3e,,just mute the stream and point the camera at a toilet. you'd get more laughs,positive,vader,Mister E & Brady,"getting some better esteem so that bump maybe you'd be a little less schizophrenic. >> I don't do LSD, buddy. >> That might be the problem. >> Fair. I'm honestly I'm listening. That sounds like a good >> You ever heard of orange sunshine? And it's better than my [ __ ] doctor. >> It's not even LSD in your hand. It",true
4659.0,2026-09-07 20:34:10,@z28diablo,,LSD does him,neutral,vader,Mister E & Brady,"schizophrenic. >> I don't do LSD, buddy. >> That might be the problem. >> Fair. I'm honestly I'm listening. That sounds like a good >> You ever heard of orange sunshine? And it's better than my [ __ ] doctor. >> It's not even LSD in your hand. It doesn't turn to LSD till it hits your stomach. So you could say you're not",true
4659.0,2026-09-07 20:34:10,@TheSupercorky,,This is a trap,negative,vader,Mister E & Brady,"schizophrenic. >> I don't do LSD, buddy. >> That might be the problem. >> Fair. I'm honestly I'm listening. That sounds like a good >> You ever heard of orange sunshine? And it's better than my [ __ ] doctor. >> It's not even LSD in your hand. It doesn't turn to LSD till it hits your stomach. So you could say you're not",true
4664.0,2026-09-07 20:34:15,@QUINNHAMELIN,,Juan :grinning_squinting_face:,neutral,vader,Mister E & Brady,>> Fair. I'm honestly I'm listening. That sounds like a good >> You ever heard of orange sunshine? And it's better than my [ __ ] doctor. >> It's not even LSD in your hand. It doesn't turn to LSD till it hits your stomach. So you could say you're not holding OSD and you're not even lying. >> Okay. But I like lying to authorities.,true
4668.0,2026-09-07 20:34:19,@freeaudiobooks7469,,:tomato::tomato::tomato::tomato:,neutral,vader,Mister E & Brady,like a good >> You ever heard of orange sunshine? And it's better than my [ __ ] doctor. >> It's not even LSD in your hand. It doesn't turn to LSD till it hits your stomach. So you could say you're not holding OSD and you're not even lying. >> Okay. But I like lying to authorities. >> You are running for president. So,true
4671.0,2026-09-07 20:34:22,@MikeLary2,,duds drunk and not funny improving.,negative,vader,Mister E & Brady,">> You ever heard of orange sunshine? And it's better than my [ __ ] doctor. >> It's not even LSD in your hand. It doesn't turn to LSD till it hits your stomach. So you could say you're not holding OSD and you're not even lying. >> Okay. But I like lying to authorities. >> You are running for president. So >> absolutely. By the way, I am running for president, but I wasn't going to",true
4672.0,2026-09-07 20:34:23,@radiostarkilla21,,These two makin jimbo and john look like abbot & costello,positive,vader,Mister E & Brady,">> You ever heard of orange sunshine? And it's better than my [ __ ] doctor. >> It's not even LSD in your hand. It doesn't turn to LSD till it hits your stomach. So you could say you're not holding OSD and you're not even lying. >> Okay. But I like lying to authorities. >> You are running for president. So >> absolutely. By the way, I am running for president, but I wasn't going to",true
4675.0,2026-09-07 20:34:26,@TheSupercorky,,"Oh wow, let's put someone on live TV and ask him about drugs",positive,vader,Mister E & Brady,">> It's not even LSD in your hand. It doesn't turn to LSD till it hits your stomach. So you could say you're not holding OSD and you're not even lying. >> Okay. But I like lying to authorities. >> You are running for president. So >> absolutely. By the way, I am running for president, but I wasn't going to announce that yet. I was working on a",true
4675.0,2026-09-07 20:34:26,@phatt777,,this is just like a wet nightmare I had,positive,vader,Mister E & Brady,">> It's not even LSD in your hand. It doesn't turn to LSD till it hits your stomach. So you could say you're not holding OSD and you're not even lying. >> Okay. But I like lying to authorities. >> You are running for president. So >> absolutely. By the way, I am running for president, but I wasn't going to announce that yet. I was working on a",true
4677.0,2026-09-07 20:34:28,@adawg1111,,why am i still here,neutral,vader,Mister E & Brady,"doesn't turn to LSD till it hits your stomach. So you could say you're not holding OSD and you're not even lying. >> Okay. But I like lying to authorities. >> You are running for president. So >> absolutely. By the way, I am running for president, but I wasn't going to announce that yet. I was working on a campaign. >> I wish I could say for the chess club,",true
4690.0,2026-09-07 20:34:41,@freeaudiobooks7469,,:tomato::tomato::tomato:,neutral,vader,Mister E & Brady,">> absolutely. By the way, I am running for president, but I wasn't going to announce that yet. I was working on a campaign. >> I wish I could say for the chess club, but we all know he doesn't play chess. Well, [ __ ] I figure I got a two-year advantage. >> Hey, it seems like the country is just ready for a [ __ ] let's throw a [ __ ] clown up there. >> I know you wanted to bring up the",true
4692.0,2026-09-07 20:34:43,@TheSupercorky,,:chair::chair::chair::chair::chair::chair::chair::chair:,neutral,vader,Mister E & Brady,"president, but I wasn't going to announce that yet. I was working on a campaign. >> I wish I could say for the chess club, but we all know he doesn't play chess. Well, [ __ ] I figure I got a two-year advantage. >> Hey, it seems like the country is just ready for a [ __ ] let's throw a [ __ ] clown up there. >> I know you wanted to bring up the conspiracy theories first. Being a child",true
4697.0,2026-09-07 20:34:48,@S.D.L-m1j,,I swear I heard this conversation outside of a seven 11 in 1998,negative,vader,Mister E & Brady,">> I wish I could say for the chess club, but we all know he doesn't play chess. Well, [ __ ] I figure I got a two-year advantage. >> Hey, it seems like the country is just ready for a [ __ ] let's throw a [ __ ] clown up there. >> I know you wanted to bring up the conspiracy theories first. Being a child of Epstein and and being locked into the word conspiracy theories. The term",true
4698.0,2026-09-07 20:34:49,@HanzSygnal,,even more unhinged than I thought,neutral,vader,Mister E & Brady,">> I wish I could say for the chess club, but we all know he doesn't play chess. Well, [ __ ] I figure I got a two-year advantage. >> Hey, it seems like the country is just ready for a [ __ ] let's throw a [ __ ] clown up there. >> I know you wanted to bring up the conspiracy theories first. Being a child of Epstein and and being locked into the word conspiracy theories. The term conspiracy theories is direct evidence",true
4699.0,2026-09-07 20:34:50,@CarlCramer88,,I don’t know what’s more pathetic these guys or me sitting here watching these guys,negative,vader,Mister E & Brady,"but we all know he doesn't play chess. Well, [ __ ] I figure I got a two-year advantage. >> Hey, it seems like the country is just ready for a [ __ ] let's throw a [ __ ] clown up there. >> I know you wanted to bring up the conspiracy theories first. Being a child of Epstein and and being locked into the word conspiracy theories. The term conspiracy theories is direct evidence",true
4705.0,2026-09-07 20:34:56,@juanhartman1081,,This is a good way to keep people out of Hawaii for sure….,positive,vader,Mister E & Brady,">> Hey, it seems like the country is just ready for a [ __ ] let's throw a [ __ ] clown up there. >> I know you wanted to bring up the conspiracy theories first. Being a child of Epstein and and being locked into the word conspiracy theories. The term conspiracy theories is direct evidence of how [ __ ] up America is to start with. But in the conspiracy theories, there's actually somebody showed me a",true
4718.0,2026-09-07 20:35:09,@TheSupercorky,,:face_with_tears_of_joy::face_with_tears_of_joy::face_with_tears_of_joy:,neutral,vader,Mister E & Brady,"conspiracy theories is direct evidence of how [ __ ] up America is to start with. But in the conspiracy theories, there's actually somebody showed me a childhood book from the early 1900s about Trump becoming president. If that isn't proof that they have a time machine, isism, I don't know what is. >> Yeah, that is weird. That book does exist and it's [ __ ] weird. It really",true
4718.0,2026-09-07 20:35:09,@adawg1111,,i feel more pathetic than them,negative,vader,Mister E & Brady,"conspiracy theories is direct evidence of how [ __ ] up America is to start with. But in the conspiracy theories, there's actually somebody showed me a childhood book from the early 1900s about Trump becoming president. If that isn't proof that they have a time machine, isism, I don't know what is. >> Yeah, that is weird. That book does exist and it's [ __ ] weird. It really",true
4720.0,2026-09-07 20:35:11,@Pinkskinnedgoblin,,lol,positive,vader,Mister E & Brady,"of how [ __ ] up America is to start with. But in the conspiracy theories, there's actually somebody showed me a childhood book from the early 1900s about Trump becoming president. If that isn't proof that they have a time machine, isism, I don't know what is. >> Yeah, that is weird. That book does exist and it's [ __ ] weird. It really does. >> But you also just said like, am I like a",true
4728.0,2026-09-07 20:35:19,@CarlCramer88,,lol dawg,positive,vader,Mister E & Brady,"childhood book from the early 1900s about Trump becoming president. If that isn't proof that they have a time machine, isism, I don't know what is. >> Yeah, that is weird. That book does exist and it's [ __ ] weird. It really does. >> But you also just said like, am I like a copy of a copy on a copy of a copy of a copy? Cuz you just said conspiracy",true
4731.0,2026-09-07 20:35:22,@R_Eve_volution,,That’s the goal,neutral,vader,Mister E & Brady,"isn't proof that they have a time machine, isism, I don't know what is. >> Yeah, that is weird. That book does exist and it's [ __ ] weird. It really does. >> But you also just said like, am I like a copy of a copy on a copy of a copy of a copy? Cuz you just said conspiracy theorist like 19 [ __ ] times in like a",true
4734.0,2026-09-07 20:35:25,@TheSupercorky,,Time?,neutral,vader,Mister E & Brady,"machine, isism, I don't know what is. >> Yeah, that is weird. That book does exist and it's [ __ ] weird. It really does. >> But you also just said like, am I like a copy of a copy on a copy of a copy of a copy? Cuz you just said conspiracy theorist like 19 [ __ ] times in like a 36 word. >> No, that's echoes from the bunk acidity",true
4735.0,2026-09-07 20:35:26,@avery42069,,It’s from Mr Es childhood,neutral,vader,Mister E & Brady,"machine, isism, I don't know what is. >> Yeah, that is weird. That book does exist and it's [ __ ] weird. It really does. >> But you also just said like, am I like a copy of a copy on a copy of a copy of a copy? Cuz you just said conspiracy theorist like 19 [ __ ] times in like a 36 word. >> No, that's echoes from the bunk acidity",true
4740.0,2026-09-07 20:35:31,@QUINNHAMELIN,,Chess club more like the throat club,positive,vader,Mister E & Brady,"does. >> But you also just said like, am I like a copy of a copy on a copy of a copy of a copy? Cuz you just said conspiracy theorist like 19 [ __ ] times in like a 36 word. >> No, that's echoes from the bunk acidity you got from the wrong person. >> It's actually a 9 in nail.",true
4742.0,2026-09-07 20:35:33,@Emanuel-e7p8k,,Curt,neutral,vader,Mister E & Brady,">> But you also just said like, am I like a copy of a copy on a copy of a copy of a copy? Cuz you just said conspiracy theorist like 19 [ __ ] times in like a 36 word. >> No, that's echoes from the bunk acidity you got from the wrong person. >> It's actually a 9 in nail. >> Yeah. Yeah. I stopped I I I eventually",true
4748.0,2026-09-07 20:35:39,@alisonwayland6057,,don't we already have a clown for president?,neutral,vader,Mister E & Brady,"copy? Cuz you just said conspiracy theorist like 19 [ __ ] times in like a 36 word. >> No, that's echoes from the bunk acidity you got from the wrong person. >> It's actually a 9 in nail. >> Yeah. Yeah. I stopped I I I eventually grew past 21 and stopped listening to '90s depressing suicide music.",true
4750.0,2026-09-07 20:35:41,@MichaelBrogans-q3e,,there has never been a better time for a flash tsunami,negative,vader,Mister E & Brady,"copy? Cuz you just said conspiracy theorist like 19 [ __ ] times in like a 36 word. >> No, that's echoes from the bunk acidity you got from the wrong person. >> It's actually a 9 in nail. >> Yeah. Yeah. I stopped I I I eventually grew past 21 and stopped listening to '90s depressing suicide music.",true
4754.0,2026-09-07 20:35:45,@S.D.L-m1j,,:face-purple-crying::face-fuchsia-wide-eyes:,neutral,vader,Mister E & Brady,">> No, that's echoes from the bunk acidity you got from the wrong person. >> It's actually a 9 in nail. >> Yeah. Yeah. I stopped I I I eventually grew past 21 and stopped listening to '90s depressing suicide music. >> All right. I can't do the the [ __ ] Earl thing cuz you bring up '9s suicide",true
4756.0,2026-09-07 20:35:47,@pijinFPS,,brady looks like mountain dew,positive,vader,Mister E & Brady,you got from the wrong person. >> It's actually a 9 in nail. >> Yeah. Yeah. I stopped I I I eventually grew past 21 and stopped listening to '90s depressing suicide music. >> All right. I can't do the the [ __ ] Earl thing cuz you bring up '9s suicide,true
4764.0,2026-09-07 20:35:55,@CarlCramer88,,"If you want to trigger these two, just tell them how great Trump is",positive,vader,Mister E & Brady,">> Yeah. Yeah. I stopped I I I eventually grew past 21 and stopped listening to '90s depressing suicide music. >> All right. I can't do the the [ __ ] Earl thing cuz you bring up '9s suicide music and um you know, of course >> that wasn't a claim. Don't don't flag me. >> We all know what the '9s were about.",true
4768.0,2026-09-07 20:35:59,@HollywoodStar2026,,please check the secret Big Ten clock and call time,positive,vader,Mister E & Brady,"grew past 21 and stopped listening to '90s depressing suicide music. >> All right. I can't do the the [ __ ] Earl thing cuz you bring up '9s suicide music and um you know, of course >> that wasn't a claim. Don't don't flag me. >> We all know what the '9s were about. Thank god dope is out of the music finally, >> bro. The '9s were about like if you were",true
4775.0,2026-09-07 20:36:06,@Emanuel-e7p8k,,Love love love :growing_heart::growing_heart::growing_heart:,positive,vader,Mister E & Brady,"Earl thing cuz you bring up '9s suicide music and um you know, of course >> that wasn't a claim. Don't don't flag me. >> We all know what the '9s were about. Thank god dope is out of the music finally, >> bro. The '9s were about like if you were my age, you learned what a [ __ ] was because Bill Clinton got one and they tried to impeach him over that. And in",true
4782.0,2026-09-07 20:36:13,@freeaudiobooks7469,,:tomato::tomato::tomato::tomato:,neutral,vader,Mister E & Brady,">> We all know what the '9s were about. Thank god dope is out of the music finally, >> bro. The '9s were about like if you were my age, you learned what a [ __ ] was because Bill Clinton got one and they tried to impeach him over that. And in hindsight, like >> tried. Key word. Yeah, they tried. That's some [ __ ] Dude was just",true
4784.0,2026-09-07 20:36:15,@juanhartman1081,,Remember when we thought Dog the Bounty Hunter was the worst show out of Hawaii…well here’s worse….,negative,vader,Mister E & Brady,"Thank god dope is out of the music finally, >> bro. The '9s were about like if you were my age, you learned what a [ __ ] was because Bill Clinton got one and they tried to impeach him over that. And in hindsight, like >> tried. Key word. Yeah, they tried. That's some [ __ ] Dude was just getting a Hummer on the side.",true
4786.0,2026-09-07 20:36:17,@TheSupercorky,,Time?,neutral,vader,Mister E & Brady,"finally, >> bro. The '9s were about like if you were my age, you learned what a [ __ ] was because Bill Clinton got one and they tried to impeach him over that. And in hindsight, like >> tried. Key word. Yeah, they tried. That's some [ __ ] Dude was just getting a Hummer on the side.",true
4791.0,2026-09-07 20:36:22,@Pinkskinnedgoblin,,"Too late champ Hawaii’s been conquered already, I saw less Hawaiians in Hawaii when I was there. ",positive,vader,Mister E & Brady,"my age, you learned what a [ __ ] was because Bill Clinton got one and they tried to impeach him over that. And in hindsight, like >> tried. Key word. Yeah, they tried. That's some [ __ ] Dude was just getting a Hummer on the side. >> Another interesting side note about Clinton, least amount of wars for his",true
4797.0,2026-09-07 20:36:28,@Gloobus.q,,Who would’ve guessed a guy like this smokes newports ,positive,vader,Mister E & Brady,"hindsight, like >> tried. Key word. Yeah, they tried. That's some [ __ ] Dude was just getting a Hummer on the side. >> Another interesting side note about Clinton, least amount of wars for his pres presidency, most amount of political assassinations during his presidency.",true
4799.0,2026-09-07 20:36:30,@S.D.L-m1j,,Is that cigarette even lit?,neutral,vader,Mister E & Brady,"hindsight, like >> tried. Key word. Yeah, they tried. That's some [ __ ] Dude was just getting a Hummer on the side. >> Another interesting side note about Clinton, least amount of wars for his pres presidency, most amount of political assassinations during his presidency. >> He didn't get assassinated.",true
4802.0,2026-09-07 20:36:33,@CarlCramer88,,lol Hartman ,positive,vader,Mister E & Brady,"That's some [ __ ] Dude was just getting a Hummer on the side. >> Another interesting side note about Clinton, least amount of wars for his pres presidency, most amount of political assassinations during his presidency. >> He didn't get assassinated. >> No. No. The most amount of political assassinations occurred under his",true
4808.0,2026-09-07 20:36:39,@HollywoodStar2026,,Clinton was impeached. he was found not guilty,positive,vader,Mister E & Brady,">> Another interesting side note about Clinton, least amount of wars for his pres presidency, most amount of political assassinations during his presidency. >> He didn't get assassinated. >> No. No. The most amount of political assassinations occurred under his presidency. Like Libya and other third world nations. I'm pretty sure like JFK and Lincoln got",true
4808.0,2026-09-07 20:36:39,@QUINNHAMELIN,,They've got more bombs than Russian and The US combined,neutral,vader,Mister E & Brady,">> Another interesting side note about Clinton, least amount of wars for his pres presidency, most amount of political assassinations during his presidency. >> He didn't get assassinated. >> No. No. The most amount of political assassinations occurred under his presidency. Like Libya and other third world nations. I'm pretty sure like JFK and Lincoln got",true
4811.0,2026-09-07 20:36:42,@freeaudiobooks7469,,:tomato::tomato::tomato:,neutral,vader,Mister E & Brady,"Clinton, least amount of wars for his pres presidency, most amount of political assassinations during his presidency. >> He didn't get assassinated. >> No. No. The most amount of political assassinations occurred under his presidency. Like Libya and other third world nations. I'm pretty sure like JFK and Lincoln got >> they shot JFK right in front of everyone",true
4815.0,2026-09-07 20:36:46,@D.M.ggww21,,Paia is wher the rich send the children the dont wan to talk to anymore,positive,vader,Mister E & Brady,political assassinations during his presidency. >> He didn't get assassinated. >> No. No. The most amount of political assassinations occurred under his presidency. Like Libya and other third world nations. I'm pretty sure like JFK and Lincoln got >> they shot JFK right in front of everyone for saying he's going to disband their bank. >> We all know who's paying for the,true
4815.0,2026-09-07 20:36:46,@Yup-eee,,Tiny bubbles :bubbles: ,neutral,vader,Mister E & Brady,political assassinations during his presidency. >> He didn't get assassinated. >> No. No. The most amount of political assassinations occurred under his presidency. Like Libya and other third world nations. I'm pretty sure like JFK and Lincoln got >> they shot JFK right in front of everyone for saying he's going to disband their bank. >> We all know who's paying for the,true
4819.0,2026-09-07 20:36:50,@JimboTheComic,,Chat tell John we did good he’s right next to me ,positive,vader,Mister E & Brady,">> He didn't get assassinated. >> No. No. The most amount of political assassinations occurred under his presidency. Like Libya and other third world nations. I'm pretty sure like JFK and Lincoln got >> they shot JFK right in front of everyone for saying he's going to disband their bank. >> We all know who's paying for the country. >> No, of course Oswald did that [ __ ] Come on.",true
4819.0,2026-09-07 20:36:50,@radiostarkilla21,,Is this a podcast?,neutral,vader,Mister E & Brady,">> He didn't get assassinated. >> No. No. The most amount of political assassinations occurred under his presidency. Like Libya and other third world nations. I'm pretty sure like JFK and Lincoln got >> they shot JFK right in front of everyone for saying he's going to disband their bank. >> We all know who's paying for the country. >> No, of course Oswald did that [ __ ] Come on.",true
4820.0,2026-09-07 20:36:51,@JukeSidewalker-r5m,,Nah this dude eats cigarettes,negative,vader,Mister E & Brady,">> No. No. The most amount of political assassinations occurred under his presidency. Like Libya and other third world nations. I'm pretty sure like JFK and Lincoln got >> they shot JFK right in front of everyone for saying he's going to disband their bank. >> We all know who's paying for the country. >> No, of course Oswald did that [ __ ] Come on. >> You believe Oswald did that?",true
4825.0,2026-09-07 20:36:56,@JimboTheComic,,He said he might end it tonight ,neutral,vader,Mister E & Brady,"presidency. Like Libya and other third world nations. I'm pretty sure like JFK and Lincoln got >> they shot JFK right in front of everyone for saying he's going to disband their bank. >> We all know who's paying for the country. >> No, of course Oswald did that [ __ ] Come on. >> You believe Oswald did that? >> Yeah. No, >> that's that presidential campaign that win elections right there.",true
4827.0,2026-09-07 20:36:58,@TheSupercorky,,Time?,neutral,vader,Mister E & Brady,"world nations. I'm pretty sure like JFK and Lincoln got >> they shot JFK right in front of everyone for saying he's going to disband their bank. >> We all know who's paying for the country. >> No, of course Oswald did that [ __ ] Come on. >> You believe Oswald did that? >> Yeah. No, >> that's that presidential campaign that win elections right there. >> I could have made that [ __ ]",true
4828.0,2026-09-07 20:36:59,@CudraClover,,Myster E!,neutral,vader,Mister E & Brady,"and Lincoln got >> they shot JFK right in front of everyone for saying he's going to disband their bank. >> We all know who's paying for the country. >> No, of course Oswald did that [ __ ] Come on. >> You believe Oswald did that? >> Yeah. No, >> that's that presidential campaign that win elections right there. >> I could have made that [ __ ]",true
4829.0,2026-09-07 20:37:00,@HollywoodStar2026,,and Mr E is being a total douche tonight,negative,vader,Mister E & Brady,"and Lincoln got >> they shot JFK right in front of everyone for saying he's going to disband their bank. >> We all know who's paying for the country. >> No, of course Oswald did that [ __ ] Come on. >> You believe Oswald did that? >> Yeah. No, >> that's that presidential campaign that win elections right there. >> I could have made that [ __ ] >> I would.",true
4830.0,2026-09-07 20:37:01,@JimboTheComic,,It’s up to you chat ,neutral,vader,Mister E & Brady,">> they shot JFK right in front of everyone for saying he's going to disband their bank. >> We all know who's paying for the country. >> No, of course Oswald did that [ __ ] Come on. >> You believe Oswald did that? >> Yeah. No, >> that's that presidential campaign that win elections right there. >> I could have made that [ __ ] >> I would. >> You can't see straight right now.",true
4832.0,2026-09-07 20:37:03,@Donnieboy24,,i did not- have sexual relations with that chair,neutral,vader,Mister E & Brady,"for saying he's going to disband their bank. >> We all know who's paying for the country. >> No, of course Oswald did that [ __ ] Come on. >> You believe Oswald did that? >> Yeah. No, >> that's that presidential campaign that win elections right there. >> I could have made that [ __ ] >> I would. >> You can't see straight right now. >> Fair enough. I work at the",true
4838.0,2026-09-07 20:37:09,@radiostarkilla21,,John please don’t murder Jimbi,positive,vader,Mister E & Brady,"on. >> You believe Oswald did that? >> Yeah. No, >> that's that presidential campaign that win elections right there. >> I could have made that [ __ ] >> I would. >> You can't see straight right now. >> Fair enough. I work at the >> Fair enough. Fair enough. >> You got to stop with those erection",true
4839.0,2026-09-07 20:37:10,@freeaudiobooks7469,,:tomato:,neutral,vader,Mister E & Brady,">> You believe Oswald did that? >> Yeah. No, >> that's that presidential campaign that win elections right there. >> I could have made that [ __ ] >> I would. >> You can't see straight right now. >> Fair enough. I work at the >> Fair enough. Fair enough. >> You got to stop with those erection",true
4841.0,2026-09-07 20:37:12,@CarlCramer88,,He smokes  cigarettes backwards,neutral,vader,Mister E & Brady,">> Yeah. No, >> that's that presidential campaign that win elections right there. >> I could have made that [ __ ] >> I would. >> You can't see straight right now. >> Fair enough. I work at the >> Fair enough. Fair enough. >> You got to stop with those erection dips, man. >> Oh, well, no. Well, I'm I'm the test",true
4843.0,2026-09-07 20:37:14,@DSBrival,,these dudes are hammered,neutral,vader,Mister E & Brady,">> that's that presidential campaign that win elections right there. >> I could have made that [ __ ] >> I would. >> You can't see straight right now. >> Fair enough. I work at the >> Fair enough. Fair enough. >> You got to stop with those erection dips, man. >> Oh, well, no. Well, I'm I'm the test market. Somebody's got to test them.",true
4844.0,2026-09-07 20:37:15,@S.D.L-m1j,,We lost the plot somewhere:face-green-smiling::face-green-smiling:,negative,vader,Mister E & Brady,"win elections right there. >> I could have made that [ __ ] >> I would. >> You can't see straight right now. >> Fair enough. I work at the >> Fair enough. Fair enough. >> You got to stop with those erection dips, man. >> Oh, well, no. Well, I'm I'm the test market. Somebody's got to test them.",true
4844.0,2026-09-07 20:37:15,@freeaudiobooks7469,,booó,neutral,vader,Mister E & Brady,"win elections right there. >> I could have made that [ __ ] >> I would. >> You can't see straight right now. >> Fair enough. I work at the >> Fair enough. Fair enough. >> You got to stop with those erection dips, man. >> Oh, well, no. Well, I'm I'm the test market. Somebody's got to test them.",true
4853.0,2026-09-07 20:37:24,@freeaudiobooks7469,,French booóô,neutral,vader,Mister E & Brady,">> You can't see straight right now. >> Fair enough. I work at the >> Fair enough. Fair enough. >> You got to stop with those erection dips, man. >> Oh, well, no. Well, I'm I'm the test market. Somebody's got to test them. >> Although, I do like pretending you're happy to see me, but I know the truth. >> I am not. Like, absolutely.",true
4854.0,2026-09-07 20:37:25,@avery42069,,John Jimbo is sorry don’t hurt him,positive,vader,Mister E & Brady,">> Fair enough. I work at the >> Fair enough. Fair enough. >> You got to stop with those erection dips, man. >> Oh, well, no. Well, I'm I'm the test market. Somebody's got to test them. >> Although, I do like pretending you're happy to see me, but I know the truth. >> I am not. Like, absolutely. >> That's just because you don't like",true
4858.0,2026-09-07 20:37:29,@juanhartman1081,,"John you and Jimbo sucked worse than these two guys, at least they haven’t quit…",negative,vader,Mister E & Brady,">> You got to stop with those erection dips, man. >> Oh, well, no. Well, I'm I'm the test market. Somebody's got to test them. >> Although, I do like pretending you're happy to see me, but I know the truth. >> I am not. Like, absolutely. >> That's just because you don't like addressing the schizophrenia. >> Dude, look at me. Obviously, I'm as fun",true
4860.0,2026-09-07 20:37:31,@someguy9566,,should let Jimbo and dora the explorer girl do a quick set,neutral,vader,Mister E & Brady,"dips, man. >> Oh, well, no. Well, I'm I'm the test market. Somebody's got to test them. >> Although, I do like pretending you're happy to see me, but I know the truth. >> I am not. Like, absolutely. >> That's just because you don't like addressing the schizophrenia. >> Dude, look at me. Obviously, I'm as fun of as a barrel of monkeys.",true
4861.0,2026-09-07 20:37:32,@radiostarkilla21,,John just put on the lipstick and cross off Jimbo’s name,neutral,vader,Mister E & Brady,">> Oh, well, no. Well, I'm I'm the test market. Somebody's got to test them. >> Although, I do like pretending you're happy to see me, but I know the truth. >> I am not. Like, absolutely. >> That's just because you don't like addressing the schizophrenia. >> Dude, look at me. Obviously, I'm as fun of as a barrel of monkeys. >> That's fair. Tell me you're at a party",true
4861.0,2026-09-07 20:37:32,@alisonwayland6057,,loving the chemistry. so natural,positive,vader,Mister E & Brady,">> Oh, well, no. Well, I'm I'm the test market. Somebody's got to test them. >> Although, I do like pretending you're happy to see me, but I know the truth. >> I am not. Like, absolutely. >> That's just because you don't like addressing the schizophrenia. >> Dude, look at me. Obviously, I'm as fun of as a barrel of monkeys. >> That's fair. Tell me you're at a party",true
4863.0,2026-09-07 20:37:34,@CarlCramer88,,What the hell are these two doing?,negative,vader,Mister E & Brady,">> Oh, well, no. Well, I'm I'm the test market. Somebody's got to test them. >> Although, I do like pretending you're happy to see me, but I know the truth. >> I am not. Like, absolutely. >> That's just because you don't like addressing the schizophrenia. >> Dude, look at me. Obviously, I'm as fun of as a barrel of monkeys. >> That's fair. Tell me you're at a party",true
4865.0,2026-09-07 20:37:36,@QUINNHAMELIN,,Hammered and Stoned,neutral,vader,Mister E & Brady,">> Although, I do like pretending you're happy to see me, but I know the truth. >> I am not. Like, absolutely. >> That's just because you don't like addressing the schizophrenia. >> Dude, look at me. Obviously, I'm as fun of as a barrel of monkeys. >> That's fair. Tell me you're at a party dancing >> and look at me. I look like and and you",true
4868.0,2026-09-07 20:37:39,@R_Eve_volution,,GONG,neutral,vader,Mister E & Brady,"happy to see me, but I know the truth. >> I am not. Like, absolutely. >> That's just because you don't like addressing the schizophrenia. >> Dude, look at me. Obviously, I'm as fun of as a barrel of monkeys. >> That's fair. Tell me you're at a party dancing >> and look at me. I look like and and you don't get happier when you see me. You",true
4870.0,2026-09-07 20:37:41,@WalkinJokeShow,,These dudes are not even close to funny,positive,vader,Mister E & Brady,">> I am not. Like, absolutely. >> That's just because you don't like addressing the schizophrenia. >> Dude, look at me. Obviously, I'm as fun of as a barrel of monkeys. >> That's fair. Tell me you're at a party dancing >> and look at me. I look like and and you don't get happier when you see me. You see me at a nightclub. You're like, ""Oh, my night might have gotten better.""",true
4871.0,2026-09-07 20:37:42,@freeaudiobooks7469,,is the comedy in the room with us ?,positive,vader,Mister E & Brady,">> I am not. Like, absolutely. >> That's just because you don't like addressing the schizophrenia. >> Dude, look at me. Obviously, I'm as fun of as a barrel of monkeys. >> That's fair. Tell me you're at a party dancing >> and look at me. I look like and and you don't get happier when you see me. You see me at a nightclub. You're like, ""Oh, my night might have gotten better.""",true
4872.0,2026-09-07 20:37:43,@BrianKirk-wi6kd,,Corky get over me I’m not putting you on my phone plan,neutral,vader,Mister E & Brady,"Like, absolutely. >> That's just because you don't like addressing the schizophrenia. >> Dude, look at me. Obviously, I'm as fun of as a barrel of monkeys. >> That's fair. Tell me you're at a party dancing >> and look at me. I look like and and you don't get happier when you see me. You see me at a nightclub. You're like, ""Oh, my night might have gotten better.""",true
4873.0,2026-09-07 20:37:44,@TheSupercorky,,:zany_face:,neutral,vader,Mister E & Brady,">> That's just because you don't like addressing the schizophrenia. >> Dude, look at me. Obviously, I'm as fun of as a barrel of monkeys. >> That's fair. Tell me you're at a party dancing >> and look at me. I look like and and you don't get happier when you see me. You see me at a nightclub. You're like, ""Oh, my night might have gotten better."" >> That's Yeah, guys. Anybody wearing that",true
4876.0,2026-09-07 20:37:47,@CaptainBlackBirɗ,,I'm waiting for the comedy part,positive,vader,Mister E & Brady,"addressing the schizophrenia. >> Dude, look at me. Obviously, I'm as fun of as a barrel of monkeys. >> That's fair. Tell me you're at a party dancing >> and look at me. I look like and and you don't get happier when you see me. You see me at a nightclub. You're like, ""Oh, my night might have gotten better."" >> That's Yeah, guys. Anybody wearing that shirt? >> More fun than a barrel of monkeys.",true
4881.0,2026-09-07 20:37:52,@CarlCramer88,,Isn’t this supposed to be comedy? Atleast try ,positive,vader,Mister E & Brady,"of as a barrel of monkeys. >> That's fair. Tell me you're at a party dancing >> and look at me. I look like and and you don't get happier when you see me. You see me at a nightclub. You're like, ""Oh, my night might have gotten better."" >> That's Yeah, guys. Anybody wearing that shirt? >> More fun than a barrel of monkeys. >> A barrel of monkeys is no fun. You [ __ ] monkeys are [ __ ]",true
4886.0,2026-09-07 20:37:57,@Yup-eee,,Double Gong ,neutral,vader,Mister E & Brady,">> and look at me. I look like and and you don't get happier when you see me. You see me at a nightclub. You're like, ""Oh, my night might have gotten better."" >> That's Yeah, guys. Anybody wearing that shirt? >> More fun than a barrel of monkeys. >> A barrel of monkeys is no fun. You [ __ ] monkeys are [ __ ] >> Sorry, I didn't mean to bring up your abs. >> You put them in a [ __ ] bar. >> All right, on that I'm going to We're",true
4891.0,2026-09-07 20:38:02,@TheSupercorky,, Cmon Brian,neutral,vader,Mister E & Brady,"my night might have gotten better."" >> That's Yeah, guys. Anybody wearing that shirt? >> More fun than a barrel of monkeys. >> A barrel of monkeys is no fun. You [ __ ] monkeys are [ __ ] >> Sorry, I didn't mean to bring up your abs. >> You put them in a [ __ ] bar. >> All right, on that I'm going to We're going to give it back to Gino. Thanks, everyone. And we tried. >> Once again, this is Brady. I am Mystery.",true
4891.0,2026-09-07 20:38:02,@JimboTheComic,,Ok chat ty he will go one more day ,positive,vader,Mister E & Brady,"my night might have gotten better."" >> That's Yeah, guys. Anybody wearing that shirt? >> More fun than a barrel of monkeys. >> A barrel of monkeys is no fun. You [ __ ] monkeys are [ __ ] >> Sorry, I didn't mean to bring up your abs. >> You put them in a [ __ ] bar. >> All right, on that I'm going to We're going to give it back to Gino. Thanks, everyone. And we tried. >> Once again, this is Brady. I am Mystery.",true
4892.0,2026-09-07 20:38:03,@pijinFPS,,barrel of monkey pox,neutral,vader,Mister E & Brady,">> That's Yeah, guys. Anybody wearing that shirt? >> More fun than a barrel of monkeys. >> A barrel of monkeys is no fun. You [ __ ] monkeys are [ __ ] >> Sorry, I didn't mean to bring up your abs. >> You put them in a [ __ ] bar. >> All right, on that I'm going to We're going to give it back to Gino. Thanks, everyone. And we tried. >> Once again, this is Brady. I am Mystery.",true
4894.0,2026-09-07 20:38:05,@juanhartman1081,,John and Jimbo need to Visit Pearl Harbor and APOLOGIZE ,positive,vader,Mister E & Brady,"shirt? >> More fun than a barrel of monkeys. >> A barrel of monkeys is no fun. You [ __ ] monkeys are [ __ ] >> Sorry, I didn't mean to bring up your abs. >> You put them in a [ __ ] bar. >> All right, on that I'm going to We're going to give it back to Gino. Thanks, everyone. And we tried. >> Once again, this is Brady. I am Mystery. And here again is Cheino. Thank you",true
4900.0,2026-09-07 20:38:11,@avery42069,,Woooo I love fucking monkeys,positive,vader,Mister E & Brady,"[ __ ] monkeys are [ __ ] >> Sorry, I didn't mean to bring up your abs. >> You put them in a [ __ ] bar. >> All right, on that I'm going to We're going to give it back to Gino. Thanks, everyone. And we tried. >> Once again, this is Brady. I am Mystery. And here again is Cheino. Thank you everyone. >> We love all you and I love you, Mister. >> Brady Mystery, ladies and gentlemen.",true
4902.0,2026-09-07 20:38:13,@Donnieboy24,,"Jooohn, jiimbo, Mister E and Earl, his name is my name too",neutral,vader,Mister E & Brady,"abs. >> You put them in a [ __ ] bar. >> All right, on that I'm going to We're going to give it back to Gino. Thanks, everyone. And we tried. >> Once again, this is Brady. I am Mystery. And here again is Cheino. Thank you everyone. >> We love all you and I love you, Mister. >> Brady Mystery, ladies and gentlemen.",true
4904.0,2026-09-07 20:38:15,@WalkinJokeShow,,:tomato::tomato::tomato::tomato:,neutral,vader,Mister E & Brady,">> You put them in a [ __ ] bar. >> All right, on that I'm going to We're going to give it back to Gino. Thanks, everyone. And we tried. >> Once again, this is Brady. I am Mystery. And here again is Cheino. Thank you everyone. >> We love all you and I love you, Mister. >> Brady Mystery, ladies and gentlemen.",true
4907.0,2026-09-07 20:38:18,@CaptainBlackBirɗ,,"Alright guys, buy tomatoes. 2 for 1. :tomato::tomato::tomato::tomato::tomato::tomato::tomato::tomato::tomato:",positive,vader,Mister E & Brady,"going to give it back to Gino. Thanks, everyone. And we tried. >> Once again, this is Brady. I am Mystery. And here again is Cheino. Thank you everyone. >> We love all you and I love you, Mister. >> Brady Mystery, ladies and gentlemen. Mystery, a good technique for improv is",true
4908.0,2026-09-07 20:38:19,@DSBrival,,I'm assuming that was improve?,positive,vader,Mister E & Brady,"going to give it back to Gino. Thanks, everyone. And we tried. >> Once again, this is Brady. I am Mystery. And here again is Cheino. Thank you everyone. >> We love all you and I love you, Mister. >> Brady Mystery, ladies and gentlemen. Mystery, a good technique for improv is",true
4909.0,2026-09-07 20:38:20,@HollywoodStar2026,,"John, everyone has sucked tonight, But Bill and Ted the Russian Dolls",negative,vader,Mister E & Brady,"everyone. And we tried. >> Once again, this is Brady. I am Mystery. And here again is Cheino. Thank you everyone. >> We love all you and I love you, Mister. >> Brady Mystery, ladies and gentlemen. Mystery, a good technique for improv is yes and",true
4912.0,2026-09-07 20:38:23,@MichaelBrogans-q3e,,we tried.,neutral,vader,Mister E & Brady,">> Once again, this is Brady. I am Mystery. And here again is Cheino. Thank you everyone. >> We love all you and I love you, Mister. >> Brady Mystery, ladies and gentlemen. Mystery, a good technique for improv is yes and >> yes and instead of no not.",true
4913.0,2026-09-07 20:38:24,@TheSupercorky,,:chair::chair::chair::chair::chair::chair::chair::chair::chair::chair:,neutral,vader,Mister E & Brady,"And here again is Cheino. Thank you everyone. >> We love all you and I love you, Mister. >> Brady Mystery, ladies and gentlemen. Mystery, a good technique for improv is yes and >> yes and instead of no not.",true
4914.0,2026-09-07 20:38:25,@freeaudiobooks7469,,:tomato:,neutral,vader,Mister E & Brady,"everyone. >> We love all you and I love you, Mister. >> Brady Mystery, ladies and gentlemen. Mystery, a good technique for improv is yes and >> yes and instead of no not. >> Jesus. Uh, yeah. Yes. hand. It keeps the",true
4917.0,2026-09-07 20:38:28,@CaptainBlackBirɗ,,2 for 1 tomatoes over here :tomato::tomato::tomato::tomato::tomato::tomato::tomato::tomato::tomato::tomato:,neutral,vader,Mister E & Brady,"everyone. >> We love all you and I love you, Mister. >> Brady Mystery, ladies and gentlemen. Mystery, a good technique for improv is yes and >> yes and instead of no not. >> Jesus. Uh, yeah. Yes. hand. It keeps the",true
4917.0,2026-09-07 20:38:28,@freeaudiobooks7469,,boooo,neutral,vader,Mister E & Brady,"everyone. >> We love all you and I love you, Mister. >> Brady Mystery, ladies and gentlemen. Mystery, a good technique for improv is yes and >> yes and instead of no not. >> Jesus. Uh, yeah. Yes. hand. It keeps the",true
4919.0,2026-09-07 20:38:30,@Yup-eee,,E 4 effort :heart_hands:,neutral,vader,Mister E & Brady,">> We love all you and I love you, Mister. >> Brady Mystery, ladies and gentlemen. Mystery, a good technique for improv is yes and >> yes and instead of no not. >> Jesus. Uh, yeah. Yes. hand. It keeps the flow going. I love that he crapped on",true
4921.0,2026-09-07 20:38:32,@someguy9566,,2 man's are hard for real :smiling_face_with_sunglasses:,negative,vader,Mister E & Brady,">> We love all you and I love you, Mister. >> Brady Mystery, ladies and gentlemen. Mystery, a good technique for improv is yes and >> yes and instead of no not. >> Jesus. Uh, yeah. Yes. hand. It keeps the flow going. I love that he crapped on your musical taste while being a",true
4924.0,2026-09-07 20:38:35,@freeaudiobooks7469,,booo,neutral,vader,Mister E & Brady,"Mystery, a good technique for improv is yes and >> yes and instead of no not. >> Jesus. Uh, yeah. Yes. hand. It keeps the flow going. I love that he crapped on your musical taste while being a Grateful Dead fan. How hilarious. How hilarious. So entitled. You still listen",true
4927.0,2026-09-07 20:38:38,@juanhartman1081,,What the actual fuck was that? ,negative,vader,Mister E & Brady,"Mystery, a good technique for improv is yes and >> yes and instead of no not. >> Jesus. Uh, yeah. Yes. hand. It keeps the flow going. I love that he crapped on your musical taste while being a Grateful Dead fan. How hilarious. How hilarious. So entitled. You still listen to high school depressed music? I listen",true
4930.0,2026-09-07 20:38:41,@Hackofalltrades-mh5fq,,wow just wow,positive,vader,Mister E & Brady,"yes and >> yes and instead of no not. >> Jesus. Uh, yeah. Yes. hand. It keeps the flow going. I love that he crapped on your musical taste while being a Grateful Dead fan. How hilarious. How hilarious. So entitled. You still listen to high school depressed music? I listen to this dead guy for 20 years. Whatever.",true
4930.0,2026-09-07 20:38:41,@TheSupercorky,,Mystery was playing defense,positive,vader,Mister E & Brady,"yes and >> yes and instead of no not. >> Jesus. Uh, yeah. Yes. hand. It keeps the flow going. I love that he crapped on your musical taste while being a Grateful Dead fan. How hilarious. How hilarious. So entitled. You still listen to high school depressed music? I listen to this dead guy for 20 years. Whatever.",true
4932.0,2026-09-07 20:38:43,@alisonwayland6057,,is there an long standing beef between them?,neutral,vader,Mister E & Brady,">> yes and instead of no not. >> Jesus. Uh, yeah. Yes. hand. It keeps the flow going. I love that he crapped on your musical taste while being a Grateful Dead fan. How hilarious. How hilarious. So entitled. You still listen to high school depressed music? I listen to this dead guy for 20 years. Whatever. All right.",true
4934.0,2026-09-07 20:38:45,@freeaudiobooks7469,,get off the stage,neutral,vader,Mister E & Brady,">> yes and instead of no not. >> Jesus. Uh, yeah. Yes. hand. It keeps the flow going. I love that he crapped on your musical taste while being a Grateful Dead fan. How hilarious. How hilarious. So entitled. You still listen to high school depressed music? I listen to this dead guy for 20 years. Whatever. All right. I just made all the Grateful D fans in",true
4940.0,2026-09-07 20:38:51,@imnobody6712,,6 7,neutral,vader,Mister E & Brady,your musical taste while being a Grateful Dead fan. How hilarious. How hilarious. So entitled. You still listen to high school depressed music? I listen to this dead guy for 20 years. Whatever. All right. I just made all the Grateful D fans in here so upset. They are seething right now. There's somebody with a Jerry Berry tattoo right now who's just like [ __ ],true
4944.0,2026-09-07 20:38:55,@pijinFPS,,mr E said no actually,negative,vader,Mister E & Brady,"hilarious. So entitled. You still listen to high school depressed music? I listen to this dead guy for 20 years. Whatever. All right. I just made all the Grateful D fans in here so upset. They are seething right now. There's somebody with a Jerry Berry tattoo right now who's just like [ __ ] I knew I hated Chino for a reason. All right. Uh, we're down to the bottom of",true
4944.0,2026-09-07 20:38:55,@imnobody6712,,6 7,neutral,vader,Mister E & Brady,"hilarious. So entitled. You still listen to high school depressed music? I listen to this dead guy for 20 years. Whatever. All right. I just made all the Grateful D fans in here so upset. They are seething right now. There's somebody with a Jerry Berry tattoo right now who's just like [ __ ] I knew I hated Chino for a reason. All right. Uh, we're down to the bottom of",true
4948.0,2026-09-07 20:38:59,@radiostarkilla21,,Chino goin in!,neutral,vader,Mister E & Brady,"to high school depressed music? I listen to this dead guy for 20 years. Whatever. All right. I just made all the Grateful D fans in here so upset. They are seething right now. There's somebody with a Jerry Berry tattoo right now who's just like [ __ ] I knew I hated Chino for a reason. All right. Uh, we're down to the bottom of the list. Yes. >> Yes, you're coming up now. So, it's",true
4961.0,2026-09-07 20:39:12,@radiostarkilla21,,Jerry berry is hilarious ,positive,vader,Mister E & Brady,"tattoo right now who's just like [ __ ] I knew I hated Chino for a reason. All right. Uh, we're down to the bottom of the list. Yes. >> Yes, you're coming up now. So, it's doubles night. >> Does Does anybody want to be Yesh's partner? Otherwise, he's going to go solo and I'm going to give him a h half normal set. >> Yes. Do you want a partner or do you want to just do your thing?",true
4963.0,2026-09-07 20:39:14,@WalkinJokeShow,,Was that a lil 1-2 punch like a lil duo?,positive,vader,Mister E & Brady,"I knew I hated Chino for a reason. All right. Uh, we're down to the bottom of the list. Yes. >> Yes, you're coming up now. So, it's doubles night. >> Does Does anybody want to be Yesh's partner? Otherwise, he's going to go solo and I'm going to give him a h half normal set. >> Yes. Do you want a partner or do you want to just do your thing? >> Oh, you're Kane? Yes. >> You want to join me and make fun of me?",true
4971.0,2026-09-07 20:39:22,@HollywoodStar2026,,Mr E came off angry and mean,negative,vader,Mister E & Brady,">> Does Does anybody want to be Yesh's partner? Otherwise, he's going to go solo and I'm going to give him a h half normal set. >> Yes. Do you want a partner or do you want to just do your thing? >> Oh, you're Kane? Yes. >> You want to join me and make fun of me? >> Well, I mean, one of our comics, Shane, is raising his hand. He's willing to double with you. You down? All right. We got double set, ladies and gentlemen,",true
4973.0,2026-09-07 20:39:24,@z28diablo,,WE WANT CHAIR AND CHAIR,positive,vader,Mister E & Brady,"partner? Otherwise, he's going to go solo and I'm going to give him a h half normal set. >> Yes. Do you want a partner or do you want to just do your thing? >> Oh, you're Kane? Yes. >> You want to join me and make fun of me? >> Well, I mean, one of our comics, Shane, is raising his hand. He's willing to double with you. You down? All right. We got double set, ladies and gentlemen, COMING TO THE STAGE.",true
4974.0,2026-09-07 20:39:25,@juanhartman1081,,Can we do a Monday night of just actual Comedy….ive never seen a funny night yet…,negative,vader,Mister E & Brady,"solo and I'm going to give him a h half normal set. >> Yes. Do you want a partner or do you want to just do your thing? >> Oh, you're Kane? Yes. >> You want to join me and make fun of me? >> Well, I mean, one of our comics, Shane, is raising his hand. He's willing to double with you. You down? All right. We got double set, ladies and gentlemen, COMING TO THE STAGE.",true
4977.0,2026-09-07 20:39:28,@TheSupercorky,,Alison- I didn't think so till now,neutral,vader,Mister E & Brady,">> Yes. Do you want a partner or do you want to just do your thing? >> Oh, you're Kane? Yes. >> You want to join me and make fun of me? >> Well, I mean, one of our comics, Shane, is raising his hand. He's willing to double with you. You down? All right. We got double set, ladies and gentlemen, COMING TO THE STAGE. Hold on. Hold on. Yes, this is your first time doing stand up.",true
4981.0,2026-09-07 20:39:32,@z28diablo,,WE WANT CHAIR AND CHAIR,positive,vader,Mister E & Brady,">> Oh, you're Kane? Yes. >> You want to join me and make fun of me? >> Well, I mean, one of our comics, Shane, is raising his hand. He's willing to double with you. You down? All right. We got double set, ladies and gentlemen, COMING TO THE STAGE. Hold on. Hold on. Yes, this is your first time doing stand up. >> FRESH MEAT FOR THE GRINDER.",true
4981.0,2026-09-07 20:39:32,@D.M.ggww21,,"Let’s heare it for the . No,es. Aaahahaha",neutral,vader,Mister E & Brady,">> Oh, you're Kane? Yes. >> You want to join me and make fun of me? >> Well, I mean, one of our comics, Shane, is raising his hand. He's willing to double with you. You down? All right. We got double set, ladies and gentlemen, COMING TO THE STAGE. Hold on. Hold on. Yes, this is your first time doing stand up. >> FRESH MEAT FOR THE GRINDER.",true
4994.0,2026-09-07 20:39:45,@BrianKirk-wi6kd,,Corky when do you get your ankle monitor off?,neutral,vader,Mister E & Brady,"COMING TO THE STAGE. Hold on. Hold on. Yes, this is your first time doing stand up. >> FRESH MEAT FOR THE GRINDER. >> First time coming, ladies and gentlemen. AGAIN FOR SHANE NELSON WITH YES. >> I'm excited about that Christmas music to start.",true
4994.0,2026-09-07 20:39:45,@JimboTheComic,,I shoulda went shit. I am happy it’s Shane ,neutral,vader,Mister E & Brady,"COMING TO THE STAGE. Hold on. Hold on. Yes, this is your first time doing stand up. >> FRESH MEAT FOR THE GRINDER. >> First time coming, ladies and gentlemen. AGAIN FOR SHANE NELSON WITH YES. >> I'm excited about that Christmas music to start.",true
4996.0,2026-09-07 20:39:47,@alisonwayland6057,,lol corky,positive,vader,Mister E & Brady,"Hold on. Hold on. Yes, this is your first time doing stand up. >> FRESH MEAT FOR THE GRINDER. >> First time coming, ladies and gentlemen. AGAIN FOR SHANE NELSON WITH YES. >> I'm excited about that Christmas music to start. >> Keep singing.",true
5000.0,2026-09-07 20:39:51,@juanhartman1081,,Can we just get 5 min of silence to re adjust ,neutral,vader,Mister E & Brady,"first time doing stand up. >> FRESH MEAT FOR THE GRINDER. >> First time coming, ladies and gentlemen. AGAIN FOR SHANE NELSON WITH YES. >> I'm excited about that Christmas music to start. >> Keep singing. >> I almost missed out on this. >> What's your name? >> Yeah, my name's Y. Yeah, I missed out on",true
5006.0,2026-09-07 20:39:57,@Yup-eee,,Raw beefs :cut_of_meat: ,neutral,vader,Mister E & Brady,">> I'm excited about that Christmas music to start. >> Keep singing. >> I almost missed out on this. >> What's your name? >> Yeah, my name's Y. Yeah, I missed out on the Hobo the the Hobo chauffeur. I almost didn't come tonight. It's called the uh the uh uh public transit.",true
5010.0,2026-09-07 20:40:01,@HollywoodStar2026,,its Mr Sandman,neutral,vader,Yej & Shane Nelson,">> I'm excited about that Christmas music to start. >> Keep singing. >> I almost missed out on this. >> What's your name? >> Yeah, my name's Y. Yeah, I missed out on the Hobo the the Hobo chauffeur. I almost didn't come tonight. It's called the uh the uh uh public transit. >> And uh so usually usually I'm singing a",true
5010.0,2026-09-07 20:40:01,@TheSupercorky,,This guy Again?,neutral,vader,Yej & Shane Nelson,">> I'm excited about that Christmas music to start. >> Keep singing. >> I almost missed out on this. >> What's your name? >> Yeah, my name's Y. Yeah, I missed out on the Hobo the the Hobo chauffeur. I almost didn't come tonight. It's called the uh the uh uh public transit. >> And uh so usually usually I'm singing a",true
5015.0,2026-09-07 20:40:06,@radiostarkilla21,,Him again?,neutral,vader,Yej & Shane Nelson,">> Keep singing. >> I almost missed out on this. >> What's your name? >> Yeah, my name's Y. Yeah, I missed out on the Hobo the the Hobo chauffeur. I almost didn't come tonight. It's called the uh the uh uh public transit. >> And uh so usually usually I'm singing a a marathon and thing is >> you're holding this upside down.",true
5019.0,2026-09-07 20:40:10,@CarlCramer88,,This fucking guy again really,neutral,vader,Yej & Shane Nelson,">> Yeah, my name's Y. Yeah, I missed out on the Hobo the the Hobo chauffeur. I almost didn't come tonight. It's called the uh the uh uh public transit. >> And uh so usually usually I'm singing a a marathon and thing is >> you're holding this upside down. >> Oh my god. >> Oh, it literally can I read this? It l",true
5020.0,2026-09-07 20:40:11,@WalkinJokeShow,,Let’s see some tits,negative,vader,Yej & Shane Nelson,">> Yeah, my name's Y. Yeah, I missed out on the Hobo the the Hobo chauffeur. I almost didn't come tonight. It's called the uh the uh uh public transit. >> And uh so usually usually I'm singing a a marathon and thing is >> you're holding this upside down. >> Oh my god. >> Oh, it literally can I read this? It l it literally saysum.",true
5027.0,2026-09-07 20:40:18,@CarlCramer88,,Some people just really like to embarrass themselves,positive,vader,Yej & Shane Nelson,"the uh the uh uh public transit. >> And uh so usually usually I'm singing a a marathon and thing is >> you're holding this upside down. >> Oh my god. >> Oh, it literally can I read this? It l it literally saysum. >> So I'm part of a cold. >> I swear to God. I swear to God it says that donkey. >> This is going to be word for word. Let's",true
5030.0,2026-09-07 20:40:21,@noahgraham2773,,Where is this at?,neutral,vader,Yej & Shane Nelson,">> And uh so usually usually I'm singing a a marathon and thing is >> you're holding this upside down. >> Oh my god. >> Oh, it literally can I read this? It l it literally saysum. >> So I'm part of a cold. >> I swear to God. I swear to God it says that donkey. >> This is going to be word for word. Let's go, baby. So, you want to make fun of me with me?",true
5031.0,2026-09-07 20:40:22,@adawg1111,,which one is new,neutral,vader,Yej & Shane Nelson,">> And uh so usually usually I'm singing a a marathon and thing is >> you're holding this upside down. >> Oh my god. >> Oh, it literally can I read this? It l it literally saysum. >> So I'm part of a cold. >> I swear to God. I swear to God it says that donkey. >> This is going to be word for word. Let's go, baby. So, you want to make fun of me with me? >> No. No. I'm your best friend. I'm your",true
5032.0,2026-09-07 20:40:23,@D.M.ggww21,,:folded_hands::folded_hands:for jokes,positive,vader,Yej & Shane Nelson,">> And uh so usually usually I'm singing a a marathon and thing is >> you're holding this upside down. >> Oh my god. >> Oh, it literally can I read this? It l it literally saysum. >> So I'm part of a cold. >> I swear to God. I swear to God it says that donkey. >> This is going to be word for word. Let's go, baby. So, you want to make fun of me with me? >> No. No. I'm your best friend. I'm your partner. I'm your sidekick.",true
5034.0,2026-09-07 20:40:25,@CarlCramer88,,No shame I guess ,positive,vader,Yej & Shane Nelson,">> you're holding this upside down. >> Oh my god. >> Oh, it literally can I read this? It l it literally saysum. >> So I'm part of a cold. >> I swear to God. I swear to God it says that donkey. >> This is going to be word for word. Let's go, baby. So, you want to make fun of me with me? >> No. No. I'm your best friend. I'm your partner. I'm your sidekick.",true
5037.0,2026-09-07 20:40:28,@izslat,,Is this where all the virgins meet up?,neutral,vader,Yej & Shane Nelson,">> Oh my god. >> Oh, it literally can I read this? It l it literally saysum. >> So I'm part of a cold. >> I swear to God. I swear to God it says that donkey. >> This is going to be word for word. Let's go, baby. So, you want to make fun of me with me? >> No. No. I'm your best friend. I'm your partner. I'm your sidekick. >> Oh my gosh.",true
5054.0,2026-09-07 20:40:45,@AG-nv6ml,,Mork N Dork :man_shrugging:,negative,vader,Yej & Shane Nelson,"partner. I'm your sidekick. >> Oh my gosh. >> Except during Christmas time. During Christmas time, it's at least when I'm walking around here in Maui. Um, so I wrote down some stuff to make fun of me and I >> That's a Home Alone reference. >> You want to want to read some of this stuff?",true
5060.0,2026-09-07 20:40:51,@noahgraham2773,,Cringey ,neutral,vader,Yej & Shane Nelson,">> Except during Christmas time. During Christmas time, it's at least when I'm walking around here in Maui. Um, so I wrote down some stuff to make fun of me and I >> That's a Home Alone reference. >> You want to want to read some of this stuff? >> Another Home Alone reference. >> OH, NO. OH YEAH. I JUST thought I'd come out and",true
5060.0,2026-09-07 20:40:51,@avery42069,,It’s Ian Fidance’s Hawaiian cousin,neutral,vader,Yej & Shane Nelson,">> Except during Christmas time. During Christmas time, it's at least when I'm walking around here in Maui. Um, so I wrote down some stuff to make fun of me and I >> That's a Home Alone reference. >> You want to want to read some of this stuff? >> Another Home Alone reference. >> OH, NO. OH YEAH. I JUST thought I'd come out and",true
5064.0,2026-09-07 20:40:55,@radiostarkilla21,,Exit sandman,neutral,vader,Yej & Shane Nelson,"at least when I'm walking around here in Maui. Um, so I wrote down some stuff to make fun of me and I >> That's a Home Alone reference. >> You want to want to read some of this stuff? >> Another Home Alone reference. >> OH, NO. OH YEAH. I JUST thought I'd come out and make fun of myself. If anybody wants to come and help make fun of me,",true
5065.0,2026-09-07 20:40:56,@TheSupercorky,,:face-blue-smiling:,neutral,vader,Yej & Shane Nelson,"at least when I'm walking around here in Maui. Um, so I wrote down some stuff to make fun of me and I >> That's a Home Alone reference. >> You want to want to read some of this stuff? >> Another Home Alone reference. >> OH, NO. OH YEAH. I JUST thought I'd come out and make fun of myself. If anybody wants to come and help make fun of me, >> come on up. >> Friend right here.",true
5066.0,2026-09-07 20:40:57,@alisonwayland6057,,Laverne and Shirley all the way,neutral,vader,Yej & Shane Nelson,"at least when I'm walking around here in Maui. Um, so I wrote down some stuff to make fun of me and I >> That's a Home Alone reference. >> You want to want to read some of this stuff? >> Another Home Alone reference. >> OH, NO. OH YEAH. I JUST thought I'd come out and make fun of myself. If anybody wants to come and help make fun of me, >> come on up. >> Friend right here. >> Me and my friend his name is",true
5066.0,2026-09-07 20:40:57,@z28diablo,,"DO SWITCHING SIDES, THAT WAS HILARIOUS",positive,vader,Yej & Shane Nelson,"at least when I'm walking around here in Maui. Um, so I wrote down some stuff to make fun of me and I >> That's a Home Alone reference. >> You want to want to read some of this stuff? >> Another Home Alone reference. >> OH, NO. OH YEAH. I JUST thought I'd come out and make fun of myself. If anybody wants to come and help make fun of me, >> come on up. >> Friend right here. >> Me and my friend his name is",true
5069.0,2026-09-07 20:41:00,@Gloobus.q,,Fear and loathing in skid row,negative,vader,Yej & Shane Nelson,"make fun of me and I >> That's a Home Alone reference. >> You want to want to read some of this stuff? >> Another Home Alone reference. >> OH, NO. OH YEAH. I JUST thought I'd come out and make fun of myself. If anybody wants to come and help make fun of me, >> come on up. >> Friend right here. >> Me and my friend his name is >> Oh, I'm I'm Maui's own hobo billionaire.",true
5078.0,2026-09-07 20:41:09,@CarlCramer88,,I think everybody in Hawaii is related to the bounty hunter family,neutral,vader,Yej & Shane Nelson,"OH YEAH. I JUST thought I'd come out and make fun of myself. If anybody wants to come and help make fun of me, >> come on up. >> Friend right here. >> Me and my friend his name is >> Oh, I'm I'm Maui's own hobo billionaire. Yeah. I retired here in 2019. It turned out that uh anybody who comes here at 28",true
5089.0,2026-09-07 20:41:20,@WalkinJokeShow,,Tell Gallagher to smash some watermelons,neutral,vader,Yej & Shane Nelson,">> Me and my friend his name is >> Oh, I'm I'm Maui's own hobo billionaire. Yeah. I retired here in 2019. It turned out that uh anybody who comes here at 28 without a job is a hobo. >> Um so what about you? Your name is Shane. Yes, it is. M sure. What's your name? Oh my gosh.",true
5100.0,2026-09-07 20:41:31,@kane44tree,,ouch,neutral,vader,Yej & Shane Nelson,"out that uh anybody who comes here at 28 without a job is a hobo. >> Um so what about you? Your name is Shane. Yes, it is. M sure. What's your name? Oh my gosh. Except during Christmas. Then when I walk around Maui, it's >> Oh, that is Christmas. Whoops. All right, Shane. Which one's this?",true
5102.0,2026-09-07 20:41:33,@D.M.ggww21,,What?,neutral,vader,Yej & Shane Nelson,"without a job is a hobo. >> Um so what about you? Your name is Shane. Yes, it is. M sure. What's your name? Oh my gosh. Except during Christmas. Then when I walk around Maui, it's >> Oh, that is Christmas. Whoops. All right, Shane. Which one's this? >> Dude, you write backwards.",true
5104.0,2026-09-07 20:41:35,@TheSupercorky,,Its a mongoose safari,neutral,vader,Yej & Shane Nelson,">> Um so what about you? Your name is Shane. Yes, it is. M sure. What's your name? Oh my gosh. Except during Christmas. Then when I walk around Maui, it's >> Oh, that is Christmas. Whoops. All right, Shane. Which one's this? >> Dude, you write backwards. >> Oh, that's when I first started making a",true
5108.0,2026-09-07 20:41:39,@MichaelBrogans-q3e,,don't make fun of yourself dude. leave that to us,negative,vader,Yej & Shane Nelson,"Shane. Yes, it is. M sure. What's your name? Oh my gosh. Except during Christmas. Then when I walk around Maui, it's >> Oh, that is Christmas. Whoops. All right, Shane. Which one's this? >> Dude, you write backwards. >> Oh, that's when I first started making a show. Who wants to be a billionaire?",true
5108.0,2026-09-07 20:41:39,@CarlCramer88,,If I was Macaulay Culkin and I seen that I would sue for copyright infringement,negative,vader,Yej & Shane Nelson,"Shane. Yes, it is. M sure. What's your name? Oh my gosh. Except during Christmas. Then when I walk around Maui, it's >> Oh, that is Christmas. Whoops. All right, Shane. Which one's this? >> Dude, you write backwards. >> Oh, that's when I first started making a show. Who wants to be a billionaire?",true
5108.0,2026-09-07 20:41:39,@pijinFPS,,bucket hat doubles as a bucket hat,neutral,vader,Yej & Shane Nelson,"Shane. Yes, it is. M sure. What's your name? Oh my gosh. Except during Christmas. Then when I walk around Maui, it's >> Oh, that is Christmas. Whoops. All right, Shane. Which one's this? >> Dude, you write backwards. >> Oh, that's when I first started making a show. Who wants to be a billionaire?",true
5114.0,2026-09-07 20:41:45,@Yup-eee,,:sparkles::dizzy:,neutral,vader,Yej & Shane Nelson,"Except during Christmas. Then when I walk around Maui, it's >> Oh, that is Christmas. Whoops. All right, Shane. Which one's this? >> Dude, you write backwards. >> Oh, that's when I first started making a show. Who wants to be a billionaire? Turned out that uh going around hitchhiking like a hobo. Nobody ever believes a hobo. They have a name here in Hawaii for a hobo that thinks he's",true
5120.0,2026-09-07 20:41:51,@BrianKirk-wi6kd,,I blame this on participation trophies,negative,vader,Yej & Shane Nelson,"right, Shane. Which one's this? >> Dude, you write backwards. >> Oh, that's when I first started making a show. Who wants to be a billionaire? Turned out that uh going around hitchhiking like a hobo. Nobody ever believes a hobo. They have a name here in Hawaii for a hobo that thinks he's rich. It's crazy. >> It mostly says bum bum bum bum bum bum, but it also says billionaire hobo over",true
5124.0,2026-09-07 20:41:55,@radiostarkilla21,,Happy Howli dazed,positive,vader,Yej & Shane Nelson,">> Oh, that's when I first started making a show. Who wants to be a billionaire? Turned out that uh going around hitchhiking like a hobo. Nobody ever believes a hobo. They have a name here in Hawaii for a hobo that thinks he's rich. It's crazy. >> It mostly says bum bum bum bum bum bum, but it also says billionaire hobo over and over again.",true
5126.0,2026-09-07 20:41:57,@Hackofalltrades-mh5fq,,is he a break dancer?,neutral,vader,Yej & Shane Nelson,">> Oh, that's when I first started making a show. Who wants to be a billionaire? Turned out that uh going around hitchhiking like a hobo. Nobody ever believes a hobo. They have a name here in Hawaii for a hobo that thinks he's rich. It's crazy. >> It mostly says bum bum bum bum bum bum, but it also says billionaire hobo over and over again. >> I swear to God, dude. >> Show the camera.",true
5131.0,2026-09-07 20:42:02,@juanhartman1081,,I’m about to BUTT CHUG CHINO’s hot sauce to feel something other than internal pain….this hurts to watch….,negative,vader,Yej & Shane Nelson,"hitchhiking like a hobo. Nobody ever believes a hobo. They have a name here in Hawaii for a hobo that thinks he's rich. It's crazy. >> It mostly says bum bum bum bum bum bum, but it also says billionaire hobo over and over again. >> I swear to God, dude. >> Show the camera. >> I'm all of you. >> This is his diary, so I should ask.",true
5136.0,2026-09-07 20:42:07,@JimboTheComic,,Shane might die tonight ,negative,vader,Yej & Shane Nelson,"rich. It's crazy. >> It mostly says bum bum bum bum bum bum, but it also says billionaire hobo over and over again. >> I swear to God, dude. >> Show the camera. >> I'm all of you. >> This is his diary, so I should ask. >> Okay. >> Elsa says, ""I'm going to kill myself.""",true
5149.0,2026-09-07 20:42:20,@TheSupercorky,,Crikee,neutral,vader,Yej & Shane Nelson,">> I'm all of you. >> This is his diary, so I should ask. >> Okay. >> Elsa says, ""I'm going to kill myself."" What's that mean? >> Oh, the time for improv. Oh, right. >> No, no, no. This isn't improv. So, how is everybody doing tonight? I'm so thankful. It's so tough here in Maui. It's so tough. I know. And it's Asian in the back. You know,",true
5149.0,2026-09-07 20:42:20,@CarlCramer88,,I think some of these people just like to hold a microphone,positive,vader,Yej & Shane Nelson,">> I'm all of you. >> This is his diary, so I should ask. >> Okay. >> Elsa says, ""I'm going to kill myself."" What's that mean? >> Oh, the time for improv. Oh, right. >> No, no, no. This isn't improv. So, how is everybody doing tonight? I'm so thankful. It's so tough here in Maui. It's so tough. I know. And it's Asian in the back. You know,",true
5152.0,2026-09-07 20:42:23,@JimboTheComic,,Shane should lose comic of the night for this ,negative,vader,Yej & Shane Nelson,">> This is his diary, so I should ask. >> Okay. >> Elsa says, ""I'm going to kill myself."" What's that mean? >> Oh, the time for improv. Oh, right. >> No, no, no. This isn't improv. So, how is everybody doing tonight? I'm so thankful. It's so tough here in Maui. It's so tough. I know. And it's Asian in the back. You know, >> you know it's tough here in Maui and all",true
5152.0,2026-09-07 20:42:23,@allisonnicole55,,Is this part of the joke? :face_with_tears_of_joy:,positive,vader,Yej & Shane Nelson,">> This is his diary, so I should ask. >> Okay. >> Elsa says, ""I'm going to kill myself."" What's that mean? >> Oh, the time for improv. Oh, right. >> No, no, no. This isn't improv. So, how is everybody doing tonight? I'm so thankful. It's so tough here in Maui. It's so tough. I know. And it's Asian in the back. You know, >> you know it's tough here in Maui and all",true
5156.0,2026-09-07 20:42:27,@Pinkskinnedgoblin,,@radio :face_with_tears_of_joy: ,neutral,vader,Yej & Shane Nelson,"What's that mean? >> Oh, the time for improv. Oh, right. >> No, no, no. This isn't improv. So, how is everybody doing tonight? I'm so thankful. It's so tough here in Maui. It's so tough. I know. And it's Asian in the back. You know, >> you know it's tough here in Maui and all that. >> You know, it's tough here in Maui. >> It is very tough. Which is a good",true
5157.0,2026-09-07 20:42:28,@JimboTheComic,,Double or nothing ,neutral,vader,Yej & Shane Nelson,"What's that mean? >> Oh, the time for improv. Oh, right. >> No, no, no. This isn't improv. So, how is everybody doing tonight? I'm so thankful. It's so tough here in Maui. It's so tough. I know. And it's Asian in the back. You know, >> you know it's tough here in Maui and all that. >> You know, it's tough here in Maui. >> It is very tough. Which is a good premise, dude.",true
5160.0,2026-09-07 20:42:31,@johncalle8547,,Just added Shane to my list,neutral,vader,Yej & Shane Nelson,">> Oh, the time for improv. Oh, right. >> No, no, no. This isn't improv. So, how is everybody doing tonight? I'm so thankful. It's so tough here in Maui. It's so tough. I know. And it's Asian in the back. You know, >> you know it's tough here in Maui and all that. >> You know, it's tough here in Maui. >> It is very tough. Which is a good premise, dude. >> Yeah, it's it's super tough here. It is so tough here that",true
5162.0,2026-09-07 20:42:33,@D.M.ggww21,,I told you. There all the billionaires unwanted kids. Hahaha,positive,vader,Yej & Shane Nelson,"is everybody doing tonight? I'm so thankful. It's so tough here in Maui. It's so tough. I know. And it's Asian in the back. You know, >> you know it's tough here in Maui and all that. >> You know, it's tough here in Maui. >> It is very tough. Which is a good premise, dude. >> Yeah, it's it's super tough here. It is so tough here that >> Wait, can I ask the audience A QUESTION?",true
5170.0,2026-09-07 20:42:41,@Stillear,,"these comics have been like negative numbers, put two together and they're less funny.",positive,vader,Yej & Shane Nelson,"the back. You know, >> you know it's tough here in Maui and all that. >> You know, it's tough here in Maui. >> It is very tough. Which is a good premise, dude. >> Yeah, it's it's super tough here. It is so tough here that >> Wait, can I ask the audience A QUESTION? HOW TOUGH IS IT? >> So tough. >> Oh, it's so tough that there is like one ice cream for every five people here. I",true
5175.0,2026-09-07 20:42:46,@TheSupercorky,,Uh oh,neutral,vader,Yej & Shane Nelson,">> It is very tough. Which is a good premise, dude. >> Yeah, it's it's super tough here. It is so tough here that >> Wait, can I ask the audience A QUESTION? HOW TOUGH IS IT? >> So tough. >> Oh, it's so tough that there is like one ice cream for every five people here. I will never forget the day when I opened one by the local Mana Foods. Oh my gosh,",true
5188.0,2026-09-07 20:42:59,@S.D.L-m1j,,I had to go make a strong black coffee:hot_beverage: .lol,positive,vader,Yej & Shane Nelson,">> Oh, it's so tough that there is like one ice cream for every five people here. I will never forget the day when I opened one by the local Mana Foods. Oh my gosh, JUST INSTINCT JUMPED OUT FROM MANA. FAT PERSON ALL AFTER ME. I barely GOT OUT ALIVE. >> BARELY. >> BARELY. BAR.",true
5193.0,2026-09-07 20:43:04,@avery42069,,And the crowd goes mild!,neutral,vader,Yej & Shane Nelson,"will never forget the day when I opened one by the local Mana Foods. Oh my gosh, JUST INSTINCT JUMPED OUT FROM MANA. FAT PERSON ALL AFTER ME. I barely GOT OUT ALIVE. >> BARELY. >> BARELY. BAR. WHAT DO YOU WANT? OH MY GOSH. WHAT DO YOU WANT FROM ME? GIVE ME GIVE ME THAT",true
5202.0,2026-09-07 20:43:13,@CarlCramer88,,It’s even tougher when you’re stupid,negative,vader,Yej & Shane Nelson,"PERSON ALL AFTER ME. I barely GOT OUT ALIVE. >> BARELY. >> BARELY. BAR. WHAT DO YOU WANT? OH MY GOSH. WHAT DO YOU WANT FROM ME? GIVE ME GIVE ME THAT ICE CREAM. >> You're a robot, dude. That sound only comes from pinning a mic against a ROBOT'S HEAD. TRUST ME, I KNOW. >> He's a robot, dude.",true
5205.0,2026-09-07 20:43:16,@WalkinJokeShow,,SMASH SOME WATERMELONS ,neutral,vader,Yej & Shane Nelson,">> BARELY. >> BARELY. BAR. WHAT DO YOU WANT? OH MY GOSH. WHAT DO YOU WANT FROM ME? GIVE ME GIVE ME THAT ICE CREAM. >> You're a robot, dude. That sound only comes from pinning a mic against a ROBOT'S HEAD. TRUST ME, I KNOW. >> He's a robot, dude. >> All right. >> Yeah. Listen to my sound.",true
5216.0,2026-09-07 20:43:27,@TheSupercorky,,It's time to head to the docks bro,neutral,vader,Yej & Shane Nelson,">> You're a robot, dude. That sound only comes from pinning a mic against a ROBOT'S HEAD. TRUST ME, I KNOW. >> He's a robot, dude. >> All right. >> Yeah. Listen to my sound. >> Human. >> Oh, man. So, me and my 278 wives uh are in an invisible. >> Also, humans don't have that many. >> Tropical island. Guess which one.",true
5217.0,2026-09-07 20:43:28,@HollywoodStar2026,,Shane let him work,neutral,vader,Yej & Shane Nelson,"comes from pinning a mic against a ROBOT'S HEAD. TRUST ME, I KNOW. >> He's a robot, dude. >> All right. >> Yeah. Listen to my sound. >> Human. >> Oh, man. So, me and my 278 wives uh are in an invisible. >> Also, humans don't have that many. >> Tropical island. Guess which one.",true
5218.0,2026-09-07 20:43:29,@Gloobus.q,,Canceling my trip to Hawaii ,neutral,vader,Yej & Shane Nelson,"comes from pinning a mic against a ROBOT'S HEAD. TRUST ME, I KNOW. >> He's a robot, dude. >> All right. >> Yeah. Listen to my sound. >> Human. >> Oh, man. So, me and my 278 wives uh are in an invisible. >> Also, humans don't have that many. >> Tropical island. Guess which one. >> Which island? Maui.",true
5219.0,2026-09-07 20:43:30,@WalkinJokeShow,,Smash some watermelons!!,neutral,vader,Yej & Shane Nelson,"comes from pinning a mic against a ROBOT'S HEAD. TRUST ME, I KNOW. >> He's a robot, dude. >> All right. >> Yeah. Listen to my sound. >> Human. >> Oh, man. So, me and my 278 wives uh are in an invisible. >> Also, humans don't have that many. >> Tropical island. Guess which one. >> Which island? Maui.",true
5219.0,2026-09-07 20:43:30,@juanhartman1081,,Maui must be so nice to live on cuz none of this guys are funny….we need some struggle…,positive,vader,Yej & Shane Nelson,"comes from pinning a mic against a ROBOT'S HEAD. TRUST ME, I KNOW. >> He's a robot, dude. >> All right. >> Yeah. Listen to my sound. >> Human. >> Oh, man. So, me and my 278 wives uh are in an invisible. >> Also, humans don't have that many. >> Tropical island. Guess which one. >> Which island? Maui.",true
5231.0,2026-09-07 20:43:42,@HollywoodStar2026,,"YES AND, SHANE",positive,vader,Yej & Shane Nelson,">> Oh, man. So, me and my 278 wives uh are in an invisible. >> Also, humans don't have that many. >> Tropical island. Guess which one. >> Which island? Maui. >> Oh, man. So, tell me some funny things about you. Cuz I I'm justum bum bum. Yeah. Funny things about me. I am a hobo billionaire.",true
5237.0,2026-09-07 20:43:48,@JimboTheComic,,Ok Shane wins ,positive,vader,Yej & Shane Nelson,">> Tropical island. Guess which one. >> Which island? Maui. >> Oh, man. So, tell me some funny things about you. Cuz I I'm justum bum bum. Yeah. Funny things about me. I am a hobo billionaire. Wow. Does that mean anything to you?",true
5241.0,2026-09-07 20:43:52,@mattbarton2341,,Dam the second hand embarrassment is palpable. ,positive,vader,Yej & Shane Nelson,">> Oh, man. So, tell me some funny things about you. Cuz I I'm justum bum bum. Yeah. Funny things about me. I am a hobo billionaire. Wow. Does that mean anything to you? >> I thought I was the only one. I thought I was the only one. Oh, really? Shade?",true
5242.0,2026-09-07 20:43:53,@CarlCramer88,,I bet there are a lot of available women in Maui,neutral,vader,Yej & Shane Nelson,">> Oh, man. So, tell me some funny things about you. Cuz I I'm justum bum bum. Yeah. Funny things about me. I am a hobo billionaire. Wow. Does that mean anything to you? >> I thought I was the only one. I thought I was the only one. Oh, really? Shade?",true
5243.0,2026-09-07 20:43:54,@TheSupercorky,,Oh he's got plenty of struggle,negative,vader,Yej & Shane Nelson,">> Oh, man. So, tell me some funny things about you. Cuz I I'm justum bum bum. Yeah. Funny things about me. I am a hobo billionaire. Wow. Does that mean anything to you? >> I thought I was the only one. I thought I was the only one. Oh, really? Shade? Yeah. So, I just thought that I'd come",true
5246.0,2026-09-07 20:43:57,@Pinkskinnedgoblin,,Called it ,neutral,vader,Yej & Shane Nelson,"about you. Cuz I I'm justum bum bum. Yeah. Funny things about me. I am a hobo billionaire. Wow. Does that mean anything to you? >> I thought I was the only one. I thought I was the only one. Oh, really? Shade? Yeah. So, I just thought that I'd come out here and start making fun of myself",true
5249.0,2026-09-07 20:44:00,@Stillear,,"with luck, rich boy will blow the speakers",positive,vader,Yej & Shane Nelson,"Yeah. Funny things about me. I am a hobo billionaire. Wow. Does that mean anything to you? >> I thought I was the only one. I thought I was the only one. Oh, really? Shade? Yeah. So, I just thought that I'd come out here and start making fun of myself if anybody wants to join me cuz I have a",true
5249.0,2026-09-07 20:44:00,@CarlCramer88,,None of these guys getting laid that’s for sure,positive,vader,Yej & Shane Nelson,"Yeah. Funny things about me. I am a hobo billionaire. Wow. Does that mean anything to you? >> I thought I was the only one. I thought I was the only one. Oh, really? Shade? Yeah. So, I just thought that I'd come out here and start making fun of myself if anybody wants to join me cuz I have a",true
5259.0,2026-09-07 20:44:10,@SanfranciscoDuedate-p6p,,Alcatraz,neutral,vader,Yej & Shane Nelson,">> I thought I was the only one. I thought I was the only one. Oh, really? Shade? Yeah. So, I just thought that I'd come out here and start making fun of myself if anybody wants to join me cuz I have a super serious life. Shane, >> can you spell your name for us? >> Yes. >> Y EJ. >> What about Shane? Is it S? >> It's little S, capital H, little A,",true
5260.0,2026-09-07 20:44:11,@S.D.L-m1j,,:disguised_face:,neutral,vader,Yej & Shane Nelson,">> I thought I was the only one. I thought I was the only one. Oh, really? Shade? Yeah. So, I just thought that I'd come out here and start making fun of myself if anybody wants to join me cuz I have a super serious life. Shane, >> can you spell your name for us? >> Yes. >> Y EJ. >> What about Shane? Is it S? >> It's little S, capital H, little A,",true
5263.0,2026-09-07 20:44:14,@avery42069,,Damn first comedy show and he’s already getting his jokes stolen,negative,vader,Yej & Shane Nelson,"Yeah. So, I just thought that I'd come out here and start making fun of myself if anybody wants to join me cuz I have a super serious life. Shane, >> can you spell your name for us? >> Yes. >> Y EJ. >> What about Shane? Is it S? >> It's little S, capital H, little A, little N, little E. Shahane. Shah,",true
5264.0,2026-09-07 20:44:15,@leedlelee-l2d,,What’s up with the Asians ,neutral,vader,Yej & Shane Nelson,"Yeah. So, I just thought that I'd come out here and start making fun of myself if anybody wants to join me cuz I have a super serious life. Shane, >> can you spell your name for us? >> Yes. >> Y EJ. >> What about Shane? Is it S? >> It's little S, capital H, little A, little N, little E. Shahane. Shah,",true
5271.0,2026-09-07 20:44:22,@D.M.ggww21,,Gloobus Hahahaha,neutral,vader,Yej & Shane Nelson,"super serious life. Shane, >> can you spell your name for us? >> Yes. >> Y EJ. >> What about Shane? Is it S? >> It's little S, capital H, little A, little N, little E. Shahane. Shah, >> which is what makes labeling my underwear so easy. I buy hands and I take a Sharpie. I write little S's on my",true
5271.0,2026-09-07 20:44:22,@WalkinJokeShow,,Gallagher son in Hawaii…. Forget the watermelons he be smashing coconuts,negative,vader,Yej & Shane Nelson,"super serious life. Shane, >> can you spell your name for us? >> Yes. >> Y EJ. >> What about Shane? Is it S? >> It's little S, capital H, little A, little N, little E. Shahane. Shah, >> which is what makes labeling my underwear so easy. I buy hands and I take a Sharpie. I write little S's on my",true
5272.0,2026-09-07 20:44:23,@TheSupercorky,,Let's hear what the life changes ,neutral,vader,Yej & Shane Nelson,">> can you spell your name for us? >> Yes. >> Y EJ. >> What about Shane? Is it S? >> It's little S, capital H, little A, little N, little E. Shahane. Shah, >> which is what makes labeling my underwear so easy. I buy hands and I take a Sharpie. I write little S's on my",true
5289.0,2026-09-07 20:44:40,@HollywoodStar2026,,Shane is being a hog,neutral,vader,Yej & Shane Nelson,"underwear so easy. I buy hands and I take a Sharpie. I write little S's on my hands. So everyone know underwear hands. Sorry. Take it. >> No. Oh my gosh. Oh my god. THIS IS SO TERRIFIC. THIS IS so Okay. All right. We're okay. Okay, I got my notes. >> We're back. We're back. >> Hey, everyone just chill out.",true
5290.0,2026-09-07 20:44:41,@JimboTheComic,,Count to 10 chat ,neutral,vader,Yej & Shane Nelson,"underwear so easy. I buy hands and I take a Sharpie. I write little S's on my hands. So everyone know underwear hands. Sorry. Take it. >> No. Oh my gosh. Oh my god. THIS IS SO TERRIFIC. THIS IS so Okay. All right. We're okay. Okay, I got my notes. >> We're back. We're back. >> Hey, everyone just chill out.",true
5299.0,2026-09-07 20:44:50,@avery42069,,2,neutral,vader,Yej & Shane Nelson,"Sorry. Take it. >> No. Oh my gosh. Oh my god. THIS IS SO TERRIFIC. THIS IS so Okay. All right. We're okay. Okay, I got my notes. >> We're back. We're back. >> Hey, everyone just chill out. >> Oh my god. >> Oh, w the 39th. So, I demand absolute loyalty",true
5298.0,2026-09-07 20:44:49,@TheSupercorky,,:loudspeaker::loudspeaker::loudspeaker:,neutral,vader,Yej & Shane Nelson,"Sorry. Take it. >> No. Oh my gosh. Oh my god. THIS IS SO TERRIFIC. THIS IS so Okay. All right. We're okay. Okay, I got my notes. >> We're back. We're back. >> Hey, everyone just chill out. >> Oh my god. >> Oh, w the 39th. So, I demand absolute loyalty",true
5303.0,2026-09-07 20:44:54,@Pinkskinnedgoblin,,A lot of Asians in Hawaii it’s close to Asia ,neutral,vader,Yej & Shane Nelson,">> No. Oh my gosh. Oh my god. THIS IS SO TERRIFIC. THIS IS so Okay. All right. We're okay. Okay, I got my notes. >> We're back. We're back. >> Hey, everyone just chill out. >> Oh my god. >> Oh, w the 39th. So, I demand absolute loyalty with all of my 278 wives.",true
5312.0,2026-09-07 20:45:03,@rachelroseg1775,,this is dumb. I'm out.,negative,vader,Yej & Shane Nelson,">> Hey, everyone just chill out. >> Oh my god. >> Oh, w the 39th. So, I demand absolute loyalty with all of my 278 wives. >> Yes. >> Yeah. It's hard being a polygamist for me. >> So, we always have uh openings >> for wives. >> Yeah. because I demand absolute loyalty",true
5312.0,2026-09-07 20:45:03,@avery42069,,1,neutral,vader,Yej & Shane Nelson,">> Hey, everyone just chill out. >> Oh my god. >> Oh, w the 39th. So, I demand absolute loyalty with all of my 278 wives. >> Yes. >> Yeah. It's hard being a polygamist for me. >> So, we always have uh openings >> for wives. >> Yeah. because I demand absolute loyalty",true
5313.0,2026-09-07 20:45:04,@Stillear,,ten!,neutral,vader,Yej & Shane Nelson,">> Oh, w the 39th. So, I demand absolute loyalty with all of my 278 wives. >> Yes. >> Yeah. It's hard being a polygamist for me. >> So, we always have uh openings >> for wives. >> Yeah. because I demand absolute loyalty from >> Does it has to be a a person who's born",true
5317.0,2026-09-07 20:45:08,@TommyTheJarvis,,He needs to be 5150’d if he actually writes S’s on his Hanes,neutral,vader,Yej & Shane Nelson,">> Oh, w the 39th. So, I demand absolute loyalty with all of my 278 wives. >> Yes. >> Yeah. It's hard being a polygamist for me. >> So, we always have uh openings >> for wives. >> Yeah. because I demand absolute loyalty from >> Does it has to be a a person who's born a woman",true
5318.0,2026-09-07 20:45:09,@WalkinJokeShow,,2,neutral,vader,Yej & Shane Nelson,">> Oh, w the 39th. So, I demand absolute loyalty with all of my 278 wives. >> Yes. >> Yeah. It's hard being a polygamist for me. >> So, we always have uh openings >> for wives. >> Yeah. because I demand absolute loyalty from >> Does it has to be a a person who's born a woman >> or are you or are you Republican",true
5318.0,2026-09-07 20:45:09,@notyouraveragesock1043,,what .. is happening,neutral,vader,Yej & Shane Nelson,">> Oh, w the 39th. So, I demand absolute loyalty with all of my 278 wives. >> Yes. >> Yeah. It's hard being a polygamist for me. >> So, we always have uh openings >> for wives. >> Yeah. because I demand absolute loyalty from >> Does it has to be a a person who's born a woman >> or are you or are you Republican",true
5320.0,2026-09-07 20:45:11,@Chromenaphobia,,"There's people trying to be funny, and then there's people who are funny. These guys are trying really hard.",positive,vader,Yej & Shane Nelson,"the 39th. So, I demand absolute loyalty with all of my 278 wives. >> Yes. >> Yeah. It's hard being a polygamist for me. >> So, we always have uh openings >> for wives. >> Yeah. because I demand absolute loyalty from >> Does it has to be a a person who's born a woman >> or are you or are you Republican",true
5323.0,2026-09-07 20:45:14,@avery42069,,2,neutral,vader,Yej & Shane Nelson,">> Yes. >> Yeah. It's hard being a polygamist for me. >> So, we always have uh openings >> for wives. >> Yeah. because I demand absolute loyalty from >> Does it has to be a a person who's born a woman >> or are you or are you Republican",true
5324.0,2026-09-07 20:45:15,@TheSupercorky,,:tomato::tomato::tomato::tomato::tomato::tomato:,neutral,vader,Yej & Shane Nelson,"me. >> So, we always have uh openings >> for wives. >> Yeah. because I demand absolute loyalty from >> Does it has to be a a person who's born a woman >> or are you or are you Republican",true
5329.0,2026-09-07 20:45:20,@WalkinJokeShow,,3,neutral,vader,Yej & Shane Nelson,>> for wives. >> Yeah. because I demand absolute loyalty from >> Does it has to be a a person who's born a woman >> or are you or are you Republican >> Santa Democrat? >> I better pick up my garbage. I better,true
5331.0,2026-09-07 20:45:22,@juanhartman1081,,Is this Avengers DoomsDay cuz I’m ready to snap away….,negative,vader,Yej & Shane Nelson,from >> Does it has to be a a person who's born a woman >> or are you or are you Republican >> Santa Democrat? >> I better pick up my garbage. I better pick up my garbage.,true
5331.0,2026-09-07 20:45:22,@Yup-eee,,5 in one baby 1 in 5,neutral,vader,Yej & Shane Nelson,from >> Does it has to be a a person who's born a woman >> or are you or are you Republican >> Santa Democrat? >> I better pick up my garbage. I better pick up my garbage.,true
5333.0,2026-09-07 20:45:24,@BrianKirk-wi6kd,,This is funnier with the sound off,positive,vader,Yej & Shane Nelson,"from >> Does it has to be a a person who's born a woman >> or are you or are you Republican >> Santa Democrat? >> I better pick up my garbage. I better pick up my garbage. >> All right, let's see what it says. >> This is what noobs look like, everybody.",true
5334.0,2026-09-07 20:45:25,@avery42069,,2,neutral,vader,Yej & Shane Nelson,">> Does it has to be a a person who's born a woman >> or are you or are you Republican >> Santa Democrat? >> I better pick up my garbage. I better pick up my garbage. >> All right, let's see what it says. >> This is what noobs look like, everybody.",true
5337.0,2026-09-07 20:45:28,@S.D.L-m1j,,Weird Al's illegitimate son odd Al,negative,vader,Yej & Shane Nelson,"a woman >> or are you or are you Republican >> Santa Democrat? >> I better pick up my garbage. I better pick up my garbage. >> All right, let's see what it says. >> This is what noobs look like, everybody. Noobs are holding up. >> He writes an Egyptian.",true
5338.0,2026-09-07 20:45:29,@notyouraveragesock1043,,no man,negative,vader,Yej & Shane Nelson,"a woman >> or are you or are you Republican >> Santa Democrat? >> I better pick up my garbage. I better pick up my garbage. >> All right, let's see what it says. >> This is what noobs look like, everybody. Noobs are holding up. >> He writes an Egyptian. >> It's mostly pictures of birds.",true
5340.0,2026-09-07 20:45:31,@WalkinJokeShow,,3,neutral,vader,Yej & Shane Nelson,">> Santa Democrat? >> I better pick up my garbage. I better pick up my garbage. >> All right, let's see what it says. >> This is what noobs look like, everybody. Noobs are holding up. >> He writes an Egyptian. >> It's mostly pictures of birds.",true
5342.0,2026-09-07 20:45:33,@JimboTheComic,,I’m laughing lol but ,positive,vader,Yej & Shane Nelson,">> Santa Democrat? >> I better pick up my garbage. I better pick up my garbage. >> All right, let's see what it says. >> This is what noobs look like, everybody. Noobs are holding up. >> He writes an Egyptian. >> It's mostly pictures of birds.",true
5343.0,2026-09-07 20:45:34,@HollywoodStar2026,,Shane is shitting on everything he says,negative,vader,Yej & Shane Nelson,">> Santa Democrat? >> I better pick up my garbage. I better pick up my garbage. >> All right, let's see what it says. >> This is what noobs look like, everybody. Noobs are holding up. >> He writes an Egyptian. >> It's mostly pictures of birds. Hieroglyphics.",true
5347.0,2026-09-07 20:45:38,@TheSupercorky,,Good tip,positive,vader,Yej & Shane Nelson,">> Santa Democrat? >> I better pick up my garbage. I better pick up my garbage. >> All right, let's see what it says. >> This is what noobs look like, everybody. Noobs are holding up. >> He writes an Egyptian. >> It's mostly pictures of birds. Hieroglyphics. >> Oh, no. It's It's something else. >> Hey, what's up, dude? You're talking.",true
5356.0,2026-09-07 20:45:47,@MichaelBrogans-q3e,,he wrote this shit down?,negative,vader,Yej & Shane Nelson,">> He writes an Egyptian. >> It's mostly pictures of birds. Hieroglyphics. >> Oh, no. It's It's something else. >> Hey, what's up, dude? You're talking. You're shaved. >> Do you shave Do you shave your head every day? >> I'm Maui's own hobo. >> And Shane is, too.",true
5356.0,2026-09-07 20:45:47,@avery42069,,Bum bum bum,neutral,vader,Yej & Shane Nelson,">> He writes an Egyptian. >> It's mostly pictures of birds. Hieroglyphics. >> Oh, no. It's It's something else. >> Hey, what's up, dude? You're talking. You're shaved. >> Do you shave Do you shave your head every day? >> I'm Maui's own hobo. >> And Shane is, too.",true
5370.0,2026-09-07 20:46:01,@pijinFPS,,i dated a trans girl who had a yej,neutral,vader,Yej & Shane Nelson,">> Do you shave Do you shave your head every day? >> I'm Maui's own hobo. >> And Shane is, too. >> All right. >> All right. All right. Okay. We got 10 more minutes. >> I came here. >> Buckle up. >> Am I having a stroke? >> Whoops. Oh, I I you know I only last the",true
5372.0,2026-09-07 20:46:03,@TheSupercorky,,:ambulance::ambulance::ambulance::ambulance:,neutral,vader,Yej & Shane Nelson,"every day? >> I'm Maui's own hobo. >> And Shane is, too. >> All right. >> All right. All right. Okay. We got 10 more minutes. >> I came here. >> Buckle up. >> Am I having a stroke? >> Whoops. Oh, I I you know I only last the one out of the 10. Shane, sorry. >> Oh, thank you.",true
5373.0,2026-09-07 20:46:04,@CarlCramer88,,lol Michael ,positive,vader,Yej & Shane Nelson,">> I'm Maui's own hobo. >> And Shane is, too. >> All right. >> All right. All right. Okay. We got 10 more minutes. >> I came here. >> Buckle up. >> Am I having a stroke? >> Whoops. Oh, I I you know I only last the one out of the 10. Shane, sorry. >> Oh, thank you. >> So, I'm an atypical atypical wealthy",true
5384.0,2026-09-07 20:46:15,@radiostarkilla21,,Humming nutcracker bc they ain’t joke crackers,negative,vader,Yej & Shane Nelson,">> Buckle up. >> Am I having a stroke? >> Whoops. Oh, I I you know I only last the one out of the 10. Shane, sorry. >> Oh, thank you. >> So, I'm an atypical atypical wealthy guy. Shane, >> what are you aware? >> I'm cheap. >> Okay. >> I don't pay taxes and I'm overcompensating for a little. >> This is YouTube live. I wouldn't mention",true
5387.0,2026-09-07 20:46:18,@JimboTheComic,,Hahahahahahah ,neutral,vader,Yej & Shane Nelson,">> Am I having a stroke? >> Whoops. Oh, I I you know I only last the one out of the 10. Shane, sorry. >> Oh, thank you. >> So, I'm an atypical atypical wealthy guy. Shane, >> what are you aware? >> I'm cheap. >> Okay. >> I don't pay taxes and I'm overcompensating for a little. >> This is YouTube live. I wouldn't mention the taxes, dude. >> Oh, man. Uhoh. >> He pays a bunch of taxes.",true
5398.0,2026-09-07 20:46:29,@notyouraveragesock1043,,oh lord it's a long 10 minutes,neutral,vader,Yej & Shane Nelson,">> Okay. >> I don't pay taxes and I'm overcompensating for a little. >> This is YouTube live. I wouldn't mention the taxes, dude. >> Oh, man. Uhoh. >> He pays a bunch of taxes. >> Oh, boy. >> All of them. >> All right. Dig me, Shane. Let's do this, dude. >> Okay, let's get started. Let's warm. Oh. Oh my gosh. All right.",true
5401.0,2026-09-07 20:46:32,@JimboTheComic,,If you aren’t laughing at this I hate you ,negative,vader,Yej & Shane Nelson,">> I don't pay taxes and I'm overcompensating for a little. >> This is YouTube live. I wouldn't mention the taxes, dude. >> Oh, man. Uhoh. >> He pays a bunch of taxes. >> Oh, boy. >> All of them. >> All right. Dig me, Shane. Let's do this, dude. >> Okay, let's get started. Let's warm. Oh. Oh my gosh. All right.",true
5402.0,2026-09-07 20:46:33,@WalkinJokeShow,,:sleeping_face::sleeping_face::sleeping_face::sleeping_face::sleeping_face::sleeping_face:,neutral,vader,Yej & Shane Nelson,"overcompensating for a little. >> This is YouTube live. I wouldn't mention the taxes, dude. >> Oh, man. Uhoh. >> He pays a bunch of taxes. >> Oh, boy. >> All of them. >> All right. Dig me, Shane. Let's do this, dude. >> Okay, let's get started. Let's warm. Oh. Oh my gosh. All right.",true
5402.0,2026-09-07 20:46:33,@TheSupercorky,,He's gonna get robbed on the way home,neutral,vader,Yej & Shane Nelson,"overcompensating for a little. >> This is YouTube live. I wouldn't mention the taxes, dude. >> Oh, man. Uhoh. >> He pays a bunch of taxes. >> Oh, boy. >> All of them. >> All right. Dig me, Shane. Let's do this, dude. >> Okay, let's get started. Let's warm. Oh. Oh my gosh. All right.",true
5412.0,2026-09-07 20:46:43,@TheSupercorky,,Time?,neutral,vader,Yej & Shane Nelson,">> All of them. >> All right. Dig me, Shane. Let's do this, dude. >> Okay, let's get started. Let's warm. Oh. Oh my gosh. All right. >> All right. >> It's not Christmas yet. It's not Christmas. >> All right. All right. All right. So, >> this is what it looks like. >> John, you're having a good time. I like",true
5416.0,2026-09-07 20:46:47,@avery42069,,YES BUM BUM BUM,positive,vader,Yej & Shane Nelson,">> Okay, let's get started. Let's warm. Oh. Oh my gosh. All right. >> All right. >> It's not Christmas yet. It's not Christmas. >> All right. All right. All right. So, >> this is what it looks like. >> John, you're having a good time. I like that. >> You want us to kiss? All right.",true
5420.0,2026-09-07 20:46:51,@CarlCramer88,,"Fucking real life, Beavis and Butthead",neutral,vader,Yej & Shane Nelson,">> All right. >> It's not Christmas yet. It's not Christmas. >> All right. All right. All right. So, >> this is what it looks like. >> John, you're having a good time. I like that. >> You want us to kiss? All right. >> No. No. Stand up. Stand up. Stand up.",true
5423.0,2026-09-07 20:46:54,@S.D.L-m1j,,Jimbo hates us:face-green-smiling:,negative,vader,Yej & Shane Nelson,">> All right. >> It's not Christmas yet. It's not Christmas. >> All right. All right. All right. So, >> this is what it looks like. >> John, you're having a good time. I like that. >> You want us to kiss? All right. >> No. No. Stand up. Stand up. Stand up. I'll sit down.",true
5423.0,2026-09-07 20:46:54,@MichaelBrogans-q3e,,jumbo hates EVERYONE,negative,vader,Yej & Shane Nelson,">> All right. >> It's not Christmas yet. It's not Christmas. >> All right. All right. All right. So, >> this is what it looks like. >> John, you're having a good time. I like that. >> You want us to kiss? All right. >> No. No. Stand up. Stand up. Stand up. I'll sit down.",true
5423.0,2026-09-07 20:46:54,@juanhartman1081,,Well I don’t want you to love me Jimbo so that works ,positive,vader,Yej & Shane Nelson,">> All right. >> It's not Christmas yet. It's not Christmas. >> All right. All right. All right. So, >> this is what it looks like. >> John, you're having a good time. I like that. >> You want us to kiss? All right. >> No. No. Stand up. Stand up. Stand up. I'll sit down.",true
5427.0,2026-09-07 20:46:58,@TommyTheJarvis,,They’re both dressed like they’re on a 3rd grade field trip ,positive,vader,Yej & Shane Nelson,">> All right. All right. All right. So, >> this is what it looks like. >> John, you're having a good time. I like that. >> You want us to kiss? All right. >> No. No. Stand up. Stand up. Stand up. I'll sit down. >> No teeth. I'm all teeth, baby.",true
5428.0,2026-09-07 20:46:59,@Donnieboy24,,I'm too drunk to taste this chicken,negative,vader,Yej & Shane Nelson,">> All right. All right. All right. So, >> this is what it looks like. >> John, you're having a good time. I like that. >> You want us to kiss? All right. >> No. No. Stand up. Stand up. Stand up. I'll sit down. >> No teeth. I'm all teeth, baby.",true
5433.0,2026-09-07 20:47:04,@D.M.ggww21,,JimbotheComic. You don’t know funny. Hahaha,negative,vader,Yej & Shane Nelson,"that. >> You want us to kiss? All right. >> No. No. Stand up. Stand up. Stand up. I'll sit down. >> No teeth. I'm all teeth, baby. >> All right. So, I just want to make fun of my life. Do you want to make fun? >> Do we not get the minutes yet?",true
5436.0,2026-09-07 20:47:07,@radiostarkilla21,,John in a better mood is a win,positive,vader,Yej & Shane Nelson,"that. >> You want us to kiss? All right. >> No. No. Stand up. Stand up. Stand up. I'll sit down. >> No teeth. I'm all teeth, baby. >> All right. So, I just want to make fun of my life. Do you want to make fun? >> Do we not get the minutes yet? >> I I don't I don't have anything else to",true
5442.0,2026-09-07 20:47:13,@z28diablo,,"Damn Jimbo, hatin on the entire chat",negative,vader,Yej & Shane Nelson,">> No. No. Stand up. Stand up. Stand up. I'll sit down. >> No teeth. I'm all teeth, baby. >> All right. So, I just want to make fun of my life. Do you want to make fun? >> Do we not get the minutes yet? >> I I don't I don't have anything else to do. 10 minutes of my life. >> Longest 10 minutes of my life. >> Oh my god. >> If I lasted this long, you have a",true
5444.0,2026-09-07 20:47:15,@WalkinJokeShow,,It’s way better than the last set but not all that good,negative,vader,Yej & Shane Nelson,">> No teeth. I'm all teeth, baby. >> All right. So, I just want to make fun of my life. Do you want to make fun? >> Do we not get the minutes yet? >> I I don't I don't have anything else to do. 10 minutes of my life. >> Longest 10 minutes of my life. >> Oh my god. >> If I lasted this long, you have a question, Jimbo.",true
5454.0,2026-09-07 20:47:25,@RoseFite,,1147,neutral,vader,Yej & Shane Nelson,">> Do we not get the minutes yet? >> I I don't I don't have anything else to do. 10 minutes of my life. >> Longest 10 minutes of my life. >> Oh my god. >> If I lasted this long, you have a question, Jimbo. >> Shut up. >> Are we taking questions? >> We are taking questions. Does anyone have questions? >> Anybody questions? Anyone have questions? Anybody? >> Anybody else? is moving",true
5459.0,2026-09-07 20:47:30,@avery42069,,Jimbo telling John to put us in his notebook,neutral,vader,Yej & Shane Nelson,">> Longest 10 minutes of my life. >> Oh my god. >> If I lasted this long, you have a question, Jimbo. >> Shut up. >> Are we taking questions? >> We are taking questions. Does anyone have questions? >> Anybody questions? Anyone have questions? Anybody? >> Anybody else? is moving >> in paella all the time except during",true
5459.0,2026-09-07 20:47:30,@juanhartman1081,,Island life really steals the funny from you ,negative,vader,Yej & Shane Nelson,">> Longest 10 minutes of my life. >> Oh my god. >> If I lasted this long, you have a question, Jimbo. >> Shut up. >> Are we taking questions? >> We are taking questions. Does anyone have questions? >> Anybody questions? Anyone have questions? Anybody? >> Anybody else? is moving >> in paella all the time except during",true
5461.0,2026-09-07 20:47:32,@notyouraveragesock1043,,yet I can't look away,neutral,vader,Yej & Shane Nelson,">> If I lasted this long, you have a question, Jimbo. >> Shut up. >> Are we taking questions? >> We are taking questions. Does anyone have questions? >> Anybody questions? Anyone have questions? Anybody? >> Anybody else? is moving >> in paella all the time except during Christmas.",true
5464.0,2026-09-07 20:47:35,@HollywoodStar2026,,shut up shane,neutral,vader,Yej & Shane Nelson,>> Shut up. >> Are we taking questions? >> We are taking questions. Does anyone have questions? >> Anybody questions? Anyone have questions? Anybody? >> Anybody else? is moving >> in paella all the time except during Christmas.,true
5464.0,2026-09-07 20:47:35,@TheSupercorky,,He doesn't usually last this long ,neutral,vader,Yej & Shane Nelson,>> Shut up. >> Are we taking questions? >> We are taking questions. Does anyone have questions? >> Anybody questions? Anyone have questions? Anybody? >> Anybody else? is moving >> in paella all the time except during Christmas.,true
5468.0,2026-09-07 20:47:39,@Yup-eee,,:hook: ,neutral,vader,Yej & Shane Nelson,have questions? >> Anybody questions? Anyone have questions? Anybody? >> Anybody else? is moving >> in paella all the time except during Christmas.,true
5471.0,2026-09-07 20:47:42,@WalkinJokeShow,,Is Gallagher ur dad,neutral,vader,Yej & Shane Nelson,>> Anybody questions? Anyone have questions? Anybody? >> Anybody else? is moving >> in paella all the time except during Christmas.,true
5474.0,2026-09-07 20:47:45,@allisonnicole55,,I’m so confused :thinking_face::face_with_tears_of_joy:,negative,vader,Yej & Shane Nelson,questions? Anybody? >> Anybody else? is moving >> in paella all the time except during Christmas. >> Starter time again.,true
5474.0,2026-09-07 20:47:45,@z28diablo,,Dumpster Dan would kill at this,negative,vader,Yej & Shane Nelson,questions? Anybody? >> Anybody else? is moving >> in paella all the time except during Christmas. >> Starter time again.,true
5478.0,2026-09-07 20:47:49,@S.D.L-m1j,,:ring_buoy::police_car_light:,neutral,vader,Yej & Shane Nelson,>> in paella all the time except during Christmas. >> Starter time again.,true
5485.0,2026-09-07 20:47:56,@alisonwayland6057,,sitting all day in a long line at the DMV sound suddenly fun,positive,vader,Yej & Shane Nelson,">> Starter time again. >> Are you dancing? He's not even dancing, dude. Jackson, come up here. That's a hat on more.",true
5486.0,2026-09-07 20:47:57,@TheSupercorky,,:oncoming_police_car::oncoming_police_car::oncoming_police_car::oncoming_police_car::oncoming_police_car::oncoming_police_car:,neutral,vader,Yej & Shane Nelson,">> Starter time again. >> Are you dancing? He's not even dancing, dude. Jackson, come up here. That's a hat on more.",true
5487.0,2026-09-07 20:47:58,@z28diablo,,And probably catch a charge,neutral,vader,Yej & Shane Nelson,">> Starter time again. >> Are you dancing? He's not even dancing, dude. Jackson, come up here. That's a hat on more.",true
5488.0,2026-09-07 20:47:59,@pijinFPS,,is yej contagious ,negative,vader,Yej & Shane Nelson,">> Starter time again. >> Are you dancing? He's not even dancing, dude. Jackson, come up here. That's a hat on more. >> Long Jasmine. I'm all right.",true
5488.0,2026-09-07 20:47:59,@Pinkskinnedgoblin,,Is that guy like retarded or something? ,negative,vader,Yej & Shane Nelson,">> Starter time again. >> Are you dancing? He's not even dancing, dude. Jackson, come up here. That's a hat on more. >> Long Jasmine. I'm all right.",true
5489.0,2026-09-07 20:48:00,@JimboTheComic,,Hahahahaha,neutral,vader,Yej & Shane Nelson,">> Starter time again. >> Are you dancing? He's not even dancing, dude. Jackson, come up here. That's a hat on more. >> Long Jasmine. I'm all right.",true
5493.0,2026-09-07 20:48:04,@juanhartman1081,,That dude John just looks UNFUNNY and that’s hard to do,negative,vader,Yej & Shane Nelson,">> Starter time again. >> Are you dancing? He's not even dancing, dude. Jackson, come up here. That's a hat on more. >> Long Jasmine. I'm all right. >> It's not the hat, dude. It's the hat. >> It's the head.",true
5497.0,2026-09-07 20:48:08,@TheSupercorky,,Pull over,neutral,vader,Yej & Shane Nelson,">> Are you dancing? He's not even dancing, dude. Jackson, come up here. That's a hat on more. >> Long Jasmine. I'm all right. >> It's not the hat, dude. It's the hat. >> It's the head. >> Robot head, dude. Which there's nothing wrong with robot heads, my brother. >> Oh my gosh.",true
5498.0,2026-09-07 20:48:09,@radiostarkilla21,,Start the time again was funny ,positive,vader,Yej & Shane Nelson,">> Are you dancing? He's not even dancing, dude. Jackson, come up here. That's a hat on more. >> Long Jasmine. I'm all right. >> It's not the hat, dude. It's the hat. >> It's the head. >> Robot head, dude. Which there's nothing wrong with robot heads, my brother. >> Oh my gosh.",true
5521.0,2026-09-07 20:48:32,@TheSupercorky,,Next,neutral,vader,Yej & Shane Nelson,"Comedy night's here. Thank you all for joining us here in Maui. It really is tough. No doubt. >> That 8:00 p.m. It's giving me the light. I >> appreciate you all. The light. The light. >> It is. It's flashing at me. So, what do you think of the limelight, Shane? >> I don't like it. I I regret coming up here.",true
5522.0,2026-09-07 20:48:33,@MexiHoney17,,What did I miss? :woozy_face::grinning_squinting_face:,negative,vader,Yej & Shane Nelson,"Comedy night's here. Thank you all for joining us here in Maui. It really is tough. No doubt. >> That 8:00 p.m. It's giving me the light. I >> appreciate you all. The light. The light. >> It is. It's flashing at me. So, what do you think of the limelight, Shane? >> I don't like it. I I regret coming up here.",true
5530.0,2026-09-07 20:48:41,@S.D.L-m1j,,The hat switch changed everything..lol,neutral,vader,Yej & Shane Nelson,"light. >> It is. It's flashing at me. So, what do you think of the limelight, Shane? >> I don't like it. I I regret coming up here. >> What do you think about all this money being a comedian? >> Well, I regret coming up here. >> Oh my gosh. >> Also, I I wonder if I CAN GET MY HAT",true
5531.0,2026-09-07 20:48:42,@z28diablo,,This was Yej's Make A Wish,positive,vader,Yej & Shane Nelson,"light. >> It is. It's flashing at me. So, what do you think of the limelight, Shane? >> I don't like it. I I regret coming up here. >> What do you think about all this money being a comedian? >> Well, I regret coming up here. >> Oh my gosh. >> Also, I I wonder if I CAN GET MY HAT",true
5532.0,2026-09-07 20:48:43,@notyouraveragesock1043,,nothing lol,negative,vader,Yej & Shane Nelson,">> It is. It's flashing at me. So, what do you think of the limelight, Shane? >> I don't like it. I I regret coming up here. >> What do you think about all this money being a comedian? >> Well, I regret coming up here. >> Oh my gosh. >> Also, I I wonder if I CAN GET MY HAT BACK.",true
5532.0,2026-09-07 20:48:43,@MODERN-CAVEMAN-420,,the laughs are a simulation too,positive,vader,Yej & Shane Nelson,">> It is. It's flashing at me. So, what do you think of the limelight, Shane? >> I don't like it. I I regret coming up here. >> What do you think about all this money being a comedian? >> Well, I regret coming up here. >> Oh my gosh. >> Also, I I wonder if I CAN GET MY HAT BACK.",true
5537.0,2026-09-07 20:48:48,@CarlCramer88,,You miss not having a pounding headache,negative,vader,Yej & Shane Nelson,">> I don't like it. I I regret coming up here. >> What do you think about all this money being a comedian? >> Well, I regret coming up here. >> Oh my gosh. >> Also, I I wonder if I CAN GET MY HAT BACK. >> This hat is hot, dude.",true
5544.0,2026-09-07 20:48:55,@notyouraveragesock1043,,oh yeah they changed hats,positive,vader,Yej & Shane Nelson,"being a comedian? >> Well, I regret coming up here. >> Oh my gosh. >> Also, I I wonder if I CAN GET MY HAT BACK. >> This hat is hot, dude. >> Switch hats again. >> Oh, wow. >> And then we're going to switch shirts. No. Yes. All right. >> Oh, I got to get better at teamwork",true
5545.0,2026-09-07 20:48:56,@D.M.ggww21,,Well . Thanks for the torture. . I need to dream of better comedy. Hahaha,positive,vader,Yej & Shane Nelson,"being a comedian? >> Well, I regret coming up here. >> Oh my gosh. >> Also, I I wonder if I CAN GET MY HAT BACK. >> This hat is hot, dude. >> Switch hats again. >> Oh, wow. >> And then we're going to switch shirts. No. Yes. All right. >> Oh, I got to get better at teamwork here. Oh, man. Take it away, Shane.",true
5549.0,2026-09-07 20:49:00,@TheSupercorky,,You could just leave,negative,vader,Yej & Shane Nelson,">> Oh my gosh. >> Also, I I wonder if I CAN GET MY HAT BACK. >> This hat is hot, dude. >> Switch hats again. >> Oh, wow. >> And then we're going to switch shirts. No. Yes. All right. >> Oh, I got to get better at teamwork here. Oh, man. Take it away, Shane. >> Yeah. I'm going to get home and my",true
5550.0,2026-09-07 20:49:01,@JimboTheComic,,Hahahahaha,neutral,vader,Yej & Shane Nelson,">> Also, I I wonder if I CAN GET MY HAT BACK. >> This hat is hot, dude. >> Switch hats again. >> Oh, wow. >> And then we're going to switch shirts. No. Yes. All right. >> Oh, I got to get better at teamwork here. Oh, man. Take it away, Shane. >> Yeah. I'm going to get home and my girlfriend's going to be like, ""How many",true
5550.0,2026-09-07 20:49:01,@MexiHoney17,,:grinning_squinting_face::grinning_squinting_face:,neutral,vader,Yej & Shane Nelson,">> Also, I I wonder if I CAN GET MY HAT BACK. >> This hat is hot, dude. >> Switch hats again. >> Oh, wow. >> And then we're going to switch shirts. No. Yes. All right. >> Oh, I got to get better at teamwork here. Oh, man. Take it away, Shane. >> Yeah. I'm going to get home and my girlfriend's going to be like, ""How many",true
5556.0,2026-09-07 20:49:07,@CarlCramer88,,Why I put myself through this every Monday I don’t know,neutral,vader,Yej & Shane Nelson,">> Switch hats again. >> Oh, wow. >> And then we're going to switch shirts. No. Yes. All right. >> Oh, I got to get better at teamwork here. Oh, man. Take it away, Shane. >> Yeah. I'm going to get home and my girlfriend's going to be like, ""How many hats did you switch with people tonight?"" And that's a lot. >> Is that a comment or switch hat?",true
5556.0,2026-09-07 20:49:07,@eddieV96753,,These two need a intervention:double_exclamation_mark:,neutral,vader,Yej & Shane Nelson,">> Switch hats again. >> Oh, wow. >> And then we're going to switch shirts. No. Yes. All right. >> Oh, I got to get better at teamwork here. Oh, man. Take it away, Shane. >> Yeah. I'm going to get home and my girlfriend's going to be like, ""How many hats did you switch with people tonight?"" And that's a lot. >> Is that a comment or switch hat?",true
5560.0,2026-09-07 20:49:11,@Mixatlanta,,Yikes,neutral,vader,Yej & Shane Nelson,">> And then we're going to switch shirts. No. Yes. All right. >> Oh, I got to get better at teamwork here. Oh, man. Take it away, Shane. >> Yeah. I'm going to get home and my girlfriend's going to be like, ""How many hats did you switch with people tonight?"" And that's a lot. >> Is that a comment or switch hat? >> Oh. >> Oh, no. Do you want me to tell her about you, dude?",true
5560.0,2026-09-07 20:49:11,@avery42069,,Swap fluids on stage,neutral,vader,Yej & Shane Nelson,">> And then we're going to switch shirts. No. Yes. All right. >> Oh, I got to get better at teamwork here. Oh, man. Take it away, Shane. >> Yeah. I'm going to get home and my girlfriend's going to be like, ""How many hats did you switch with people tonight?"" And that's a lot. >> Is that a comment or switch hat? >> Oh. >> Oh, no. Do you want me to tell her about you, dude?",true
5568.0,2026-09-07 20:49:19,@S.D.L-m1j,,D.M..lmao,neutral,vader,Yej & Shane Nelson,">> Yeah. I'm going to get home and my girlfriend's going to be like, ""How many hats did you switch with people tonight?"" And that's a lot. >> Is that a comment or switch hat? >> Oh. >> Oh, no. Do you want me to tell her about you, dude? >> About me? >> Yes. >> No, no, no. I just don't want to tell you about her. >> Shut up. >> We're having everyone ear muffs. Try to",true
5570.0,2026-09-07 20:49:21,@JimboTheComic,,These two are making me blush ,neutral,vader,Yej & Shane Nelson,"hats did you switch with people tonight?"" And that's a lot. >> Is that a comment or switch hat? >> Oh. >> Oh, no. Do you want me to tell her about you, dude? >> About me? >> Yes. >> No, no, no. I just don't want to tell you about her. >> Shut up. >> We're having everyone ear muffs. Try to tell her about us or what?",true
5573.0,2026-09-07 20:49:24,@notyouraveragesock1043,,this is an every Monday thing?,neutral,vader,Yej & Shane Nelson,"tonight?"" And that's a lot. >> Is that a comment or switch hat? >> Oh. >> Oh, no. Do you want me to tell her about you, dude? >> About me? >> Yes. >> No, no, no. I just don't want to tell you about her. >> Shut up. >> We're having everyone ear muffs. Try to tell her about us or what? I guess that depends. Do I have to tell",true
5579.0,2026-09-07 20:49:30,@JimboTheComic,,This is so funny hahahaha,positive,vader,Yej & Shane Nelson,"you, dude? >> About me? >> Yes. >> No, no, no. I just don't want to tell you about her. >> Shut up. >> We're having everyone ear muffs. Try to tell her about us or what? I guess that depends. Do I have to tell the 278 wives you're coming over? >> Oh, yeah. Yeah. Yeah. That's logic. >> No. >> [ __ ] piss off.",true
5580.0,2026-09-07 20:49:31,@faded8524,,FIGHT FIGHT FIGHT,negative,vader,Yej & Shane Nelson,">> Yes. >> No, no, no. I just don't want to tell you about her. >> Shut up. >> We're having everyone ear muffs. Try to tell her about us or what? I guess that depends. Do I have to tell the 278 wives you're coming over? >> Oh, yeah. Yeah. Yeah. That's logic. >> No. >> [ __ ] piss off. >> No, no, no, no. Stop. Stop.",true
5585.0,2026-09-07 20:49:36,@eddieV96753,,Wtf:double_exclamation_mark::face_screaming_in_fear: make it stop:double_exclamation_mark:,neutral,vader,Yej & Shane Nelson,">> Shut up. >> We're having everyone ear muffs. Try to tell her about us or what? I guess that depends. Do I have to tell the 278 wives you're coming over? >> Oh, yeah. Yeah. Yeah. That's logic. >> No. >> [ __ ] piss off. >> No, no, no, no. Stop. Stop. >> It was nice meeting you. I hope we never see each other again. Goodbye.",true
5584.0,2026-09-07 20:49:35,@radiostarkilla21,,Lice is funny af,positive,vader,Yej & Shane Nelson,">> Shut up. >> We're having everyone ear muffs. Try to tell her about us or what? I guess that depends. Do I have to tell the 278 wives you're coming over? >> Oh, yeah. Yeah. Yeah. That's logic. >> No. >> [ __ ] piss off. >> No, no, no, no. Stop. Stop. >> It was nice meeting you. I hope we never see each other again. Goodbye.",true
5588.0,2026-09-07 20:49:39,@CarlCramer88,,"Unfortunately, it’s every Monday yes",positive,vader,Yej & Shane Nelson,">> We're having everyone ear muffs. Try to tell her about us or what? I guess that depends. Do I have to tell the 278 wives you're coming over? >> Oh, yeah. Yeah. Yeah. That's logic. >> No. >> [ __ ] piss off. >> No, no, no, no. Stop. Stop. >> It was nice meeting you. I hope we never see each other again. Goodbye.",true
5593.0,2026-09-07 20:49:44,@TheSupercorky,,:chair::chair::chair::chair::chair::chair::chair::chair::chair::chair:,neutral,vader,Yej & Shane Nelson,"I guess that depends. Do I have to tell the 278 wives you're coming over? >> Oh, yeah. Yeah. Yeah. That's logic. >> No. >> [ __ ] piss off. >> No, no, no, no. Stop. Stop. >> It was nice meeting you. I hope we never see each other again. Goodbye.",true
5600.0,2026-09-07 20:49:51,@juanhartman1081,,"Jimbo really doesn’t know funny, this is crazy to think is funny ",negative,vader,Yej & Shane Nelson,">> No, no, no, no. Stop. Stop. >> It was nice meeting you. I hope we never see each other again. Goodbye. >> Hey, keep it going for that act, huh? What was that? What was that? Right. Hey, this might",true
5601.0,2026-09-07 20:49:52,@MexiHoney17,,Unfortunately :face_with_tears_of_joy:,negative,vader,Yej & Shane Nelson,">> No, no, no, no. Stop. Stop. >> It was nice meeting you. I hope we never see each other again. Goodbye. >> Hey, keep it going for that act, huh? What was that? What was that? Right. Hey, this might not be your favorite thing to watch, but",true
5607.0,2026-09-07 20:49:58,@Mixatlanta,,Sheesh ,neutral,vader,Yej & Shane Nelson,">> Hey, keep it going for that act, huh? What was that? What was that? Right. Hey, this might not be your favorite thing to watch, but where else are you going to see some [ __ ] like that, right, guys? Never. That's like a two That's a That's a puppet show with real people. [ __ ] the",true
5609.0,2026-09-07 20:50:00,@avery42069,,CHAIR CHAIR CHAIR CHAIR CHAIR CHAIR CHAIR CHAIR,neutral,vader,Yej & Shane Nelson,">> Hey, keep it going for that act, huh? What was that? What was that? Right. Hey, this might not be your favorite thing to watch, but where else are you going to see some [ __ ] like that, right, guys? Never. That's like a two That's a That's a puppet show with real people. [ __ ] the",true
5614.0,2026-09-07 20:50:05,@notyouraveragesock1043,,okay we survived,positive,vader,Yej & Shane Nelson,">> Hey, keep it going for that act, huh? What was that? What was that? Right. Hey, this might not be your favorite thing to watch, but where else are you going to see some [ __ ] like that, right, guys? Never. That's like a two That's a That's a puppet show with real people. [ __ ] the puppets. [ __ ] the puppets. We got No, don't. No. No. [ __ ] the puppets. Do that. Actually,",true
5616.0,2026-09-07 20:50:07,@HollywoodStar2026,,Shane was a douche,negative,vader,Yej & Shane Nelson,"What was that? What was that? Right. Hey, this might not be your favorite thing to watch, but where else are you going to see some [ __ ] like that, right, guys? Never. That's like a two That's a That's a puppet show with real people. [ __ ] the puppets. [ __ ] the puppets. We got No, don't. No. No. [ __ ] the puppets. Do that. Actually, I'm cool with that's a whole another",true
5617.0,2026-09-07 20:50:08,@S.D.L-m1j,,Carl ssh dont remind us:face-purple-crying::face-green-smiling:,neutral,vader,Yej & Shane Nelson,"What was that? What was that? Right. Hey, this might not be your favorite thing to watch, but where else are you going to see some [ __ ] like that, right, guys? Never. That's like a two That's a That's a puppet show with real people. [ __ ] the puppets. [ __ ] the puppets. We got No, don't. No. No. [ __ ] the puppets. Do that. Actually, I'm cool with that's a whole another show. All right. So, uh, Matthew, where",true
5617.0,2026-09-07 20:50:08,@JimboTheComic,,“A PUPPET SHOW WITH REAL PEOPLE”,neutral,vader,Yej & Shane Nelson,"What was that? What was that? Right. Hey, this might not be your favorite thing to watch, but where else are you going to see some [ __ ] like that, right, guys? Never. That's like a two That's a That's a puppet show with real people. [ __ ] the puppets. [ __ ] the puppets. We got No, don't. No. No. [ __ ] the puppets. Do that. Actually, I'm cool with that's a whole another show. All right. So, uh, Matthew, where",true
5627.0,2026-09-07 20:50:18,@alisonwayland6057,,exactly!!! what was that????,neutral,vader,Yej & Shane Nelson,"That's like a two That's a That's a puppet show with real people. [ __ ] the puppets. [ __ ] the puppets. We got No, don't. No. No. [ __ ] the puppets. Do that. Actually, I'm cool with that's a whole another show. All right. So, uh, Matthew, where you at? I don't see you anymore, Matthew. You still here? Dog man. Got the dog. Matthew, my buddy Matt, not here anymore. All right. Uh, >> Bender, you want to close us out with a",true
5629.0,2026-09-07 20:50:20,@radiostarkilla21,,Chino!!!,neutral,vader,Yej & Shane Nelson,"puppets. [ __ ] the puppets. We got No, don't. No. No. [ __ ] the puppets. Do that. Actually, I'm cool with that's a whole another show. All right. So, uh, Matthew, where you at? I don't see you anymore, Matthew. You still here? Dog man. Got the dog. Matthew, my buddy Matt, not here anymore. All right. Uh, >> Bender, you want to close us out with a five minute set real quick? Unless or",true
5630.0,2026-09-07 20:50:21,@CarlCramer88,,Did everybody survive nobody’s hanging themselves right now?,neutral,vader,Yej & Shane Nelson,"puppets. [ __ ] the puppets. We got No, don't. No. No. [ __ ] the puppets. Do that. Actually, I'm cool with that's a whole another show. All right. So, uh, Matthew, where you at? I don't see you anymore, Matthew. You still here? Dog man. Got the dog. Matthew, my buddy Matt, not here anymore. All right. Uh, >> Bender, you want to close us out with a five minute set real quick? Unless or unless you want me to play with you?",true
5646.0,2026-09-07 20:50:37,@avery42069,,He shoulda hit one more Bum Bum Bum,neutral,vader,Chino LaForge & Bender,">> Bender, you want to close us out with a five minute set real quick? Unless or unless you want me to play with you? >> I mean, I'll do it. Do you guys want me to do a second set with this next comic? >> All right. All right. Cool. We'll close it out with myself and Bender. Come on up, Bender. Grab a mic. Mic up, my friend. >> All right.",true
5647.0,2026-09-07 20:50:38,@JimboTheComic,,Hollywood it’s a show don’t take it too personal babe ,neutral,vader,Chino LaForge & Bender,">> Bender, you want to close us out with a five minute set real quick? Unless or unless you want me to play with you? >> I mean, I'll do it. Do you guys want me to do a second set with this next comic? >> All right. All right. Cool. We'll close it out with myself and Bender. Come on up, Bender. Grab a mic. Mic up, my friend. >> All right.",true
5647.0,2026-09-07 20:50:38,@Pinkskinnedgoblin,,No,negative,vader,Chino LaForge & Bender,">> Bender, you want to close us out with a five minute set real quick? Unless or unless you want me to play with you? >> I mean, I'll do it. Do you guys want me to do a second set with this next comic? >> All right. All right. Cool. We'll close it out with myself and Bender. Come on up, Bender. Grab a mic. Mic up, my friend. >> All right.",true
5650.0,2026-09-07 20:50:41,@radiostarkilla21,,Chino giving himself the hot sauce tonight ,positive,vader,Chino LaForge & Bender,"unless you want me to play with you? >> I mean, I'll do it. Do you guys want me to do a second set with this next comic? >> All right. All right. Cool. We'll close it out with myself and Bender. Come on up, Bender. Grab a mic. Mic up, my friend. >> All right. >> All right. >> I was like, where are you talking from?",true
5654.0,2026-09-07 20:50:45,@z28diablo,,Chino and the Chair!!!!!,neutral,vader,Chino LaForge & Bender,">> I mean, I'll do it. Do you guys want me to do a second set with this next comic? >> All right. All right. Cool. We'll close it out with myself and Bender. Come on up, Bender. Grab a mic. Mic up, my friend. >> All right. >> All right. >> I was like, where are you talking from? >> There you go. >> Sorry. uh that I came so late. Um I had",true
5655.0,2026-09-07 20:50:46,@candijack4,,Close it out…dang. Missed it :face_exhaling:,negative,vader,Chino LaForge & Bender,">> I mean, I'll do it. Do you guys want me to do a second set with this next comic? >> All right. All right. Cool. We'll close it out with myself and Bender. Come on up, Bender. Grab a mic. Mic up, my friend. >> All right. >> All right. >> I was like, where are you talking from? >> There you go. >> Sorry. uh that I came so late. Um I had",true
5657.0,2026-09-07 20:50:48,@faded8524,,Nobody asked for that,neutral,vader,Chino LaForge & Bender,">> All right. All right. Cool. We'll close it out with myself and Bender. Come on up, Bender. Grab a mic. Mic up, my friend. >> All right. >> All right. >> I was like, where are you talking from? >> There you go. >> Sorry. uh that I came so late. Um I had to try to rent a moped earlier and for",true
5658.0,2026-09-07 20:50:49,@alisonwayland6057,,yes go chino,positive,vader,Chino LaForge & Bender,">> All right. All right. Cool. We'll close it out with myself and Bender. Come on up, Bender. Grab a mic. Mic up, my friend. >> All right. >> All right. >> I was like, where are you talking from? >> There you go. >> Sorry. uh that I came so late. Um I had to try to rent a moped earlier and for",true
5665.0,2026-09-07 20:50:56,@Stillear,,thank God for Chino,positive,vader,Chino LaForge & Bender,">> All right. >> All right. >> I was like, where are you talking from? >> There you go. >> Sorry. uh that I came so late. Um I had to try to rent a moped earlier and for some reason the guy that was renting them wasn't available. I don't know. >> Wait, so you were renting the moped or renting it out? >> I was trying to rent one from somebody",true
5668.0,2026-09-07 20:50:59,@TheSupercorky,,Chino and the chair,neutral,vader,Chino LaForge & Bender,">> All right. >> I was like, where are you talking from? >> There you go. >> Sorry. uh that I came so late. Um I had to try to rent a moped earlier and for some reason the guy that was renting them wasn't available. I don't know. >> Wait, so you were renting the moped or renting it out? >> I was trying to rent one from somebody but he bailed or something. I don't know. >> Trying to rent a moped.",true
5678.0,2026-09-07 20:51:09,@TheSupercorky,,Are you available?,neutral,vader,Chino LaForge & Bender,"to try to rent a moped earlier and for some reason the guy that was renting them wasn't available. I don't know. >> Wait, so you were renting the moped or renting it out? >> I was trying to rent one from somebody but he bailed or something. I don't know. >> Trying to rent a moped. >> One question. >> Why don't you dream bigger? >> There's a whole plethora of vehicles to rent. >> Uh you can even do like a onehe or a",true
5706.0,2026-09-07 20:51:37,@Conrad2311,,I think that was a callback to bashear ,neutral,vader,Chino LaForge & Bender,"Sure. >> Okay. So, no racist humor. Got it. >> Cuz I'm half black. No religious humor cuz I'm half Jewish. >> Sure. >> No humor about people's sexual orientation cuz >> Wait, half Jewish? One question. Is that the same side? >> Yeah. >> Right side. >> Okay. Cuz like the if you're half Jewish, black, that's like we should",true
5706.0,2026-09-07 20:51:37,@HollywoodStar2026,,jimbo yes was a first timer. a little grace from an old timer like Shane would have been nice,positive,vader,Chino LaForge & Bender,"Sure. >> Okay. So, no racist humor. Got it. >> Cuz I'm half black. No religious humor cuz I'm half Jewish. >> Sure. >> No humor about people's sexual orientation cuz >> Wait, half Jewish? One question. Is that the same side? >> Yeah. >> Right side. >> Okay. Cuz like the if you're half Jewish, black, that's like we should",true
5709.0,2026-09-07 20:51:40,@notyouraveragesock1043,,you got 5 mins man just roll with it,neutral,vader,Chino LaForge & Bender,">> Okay. So, no racist humor. Got it. >> Cuz I'm half black. No religious humor cuz I'm half Jewish. >> Sure. >> No humor about people's sexual orientation cuz >> Wait, half Jewish? One question. Is that the same side? >> Yeah. >> Right side. >> Okay. Cuz like the if you're half Jewish, black, that's like we should celebrate that. We should talk about that the entire set. That's please move.",true
5710.0,2026-09-07 20:51:41,@JimboTheComic,,350 in the chat ,neutral,vader,Chino LaForge & Bender,">> Okay. So, no racist humor. Got it. >> Cuz I'm half black. No religious humor cuz I'm half Jewish. >> Sure. >> No humor about people's sexual orientation cuz >> Wait, half Jewish? One question. Is that the same side? >> Yeah. >> Right side. >> Okay. Cuz like the if you're half Jewish, black, that's like we should celebrate that. We should talk about that the entire set. That's please move.",true
5712.0,2026-09-07 20:51:43,@avery42069,,No humor period,negative,vader,Chino LaForge & Bender,">> Cuz I'm half black. No religious humor cuz I'm half Jewish. >> Sure. >> No humor about people's sexual orientation cuz >> Wait, half Jewish? One question. Is that the same side? >> Yeah. >> Right side. >> Okay. Cuz like the if you're half Jewish, black, that's like we should celebrate that. We should talk about that the entire set. That's please move. All right.",true
5716.0,2026-09-07 20:51:47,@leedlelee-l2d,,Poor guy got his first set interrupted ,negative,vader,Chino LaForge & Bender,">> No humor about people's sexual orientation cuz >> Wait, half Jewish? One question. Is that the same side? >> Yeah. >> Right side. >> Okay. Cuz like the if you're half Jewish, black, that's like we should celebrate that. We should talk about that the entire set. That's please move. All right. No, no jokes about um uh sexual",true
5717.0,2026-09-07 20:51:48,@MexiHoney17,,Rules? :grinning_squinting_face:,neutral,vader,Chino LaForge & Bender,"orientation cuz >> Wait, half Jewish? One question. Is that the same side? >> Yeah. >> Right side. >> Okay. Cuz like the if you're half Jewish, black, that's like we should celebrate that. We should talk about that the entire set. That's please move. All right. No, no jokes about um uh sexual orientation",true
5718.0,2026-09-07 20:51:49,@faded8524,,Is this Portland :cowboy_hat_face:,neutral,vader,Chino LaForge & Bender,"orientation cuz >> Wait, half Jewish? One question. Is that the same side? >> Yeah. >> Right side. >> Okay. Cuz like the if you're half Jewish, black, that's like we should celebrate that. We should talk about that the entire set. That's please move. All right. No, no jokes about um uh sexual orientation >> because I'm half gay and no jokes about",true
5719.0,2026-09-07 20:51:50,@S.D.L-m1j,,:face-green-smiling:,neutral,vader,Chino LaForge & Bender,">> Wait, half Jewish? One question. Is that the same side? >> Yeah. >> Right side. >> Okay. Cuz like the if you're half Jewish, black, that's like we should celebrate that. We should talk about that the entire set. That's please move. All right. No, no jokes about um uh sexual orientation >> because I'm half gay and no jokes about",true
5728.0,2026-09-07 20:51:59,@candijack4,,Rules 🫩,neutral,vader,Chino LaForge & Bender,"celebrate that. We should talk about that the entire set. That's please move. All right. No, no jokes about um uh sexual orientation >> because I'm half gay and no jokes about uh being uh uh entitled cuz I'm half care. >> Okay. Gotcha. Gotcha. So So what does",true
5731.0,2026-09-07 20:52:02,@z28diablo,,"His number 1 ground rule, no jokes! You hear that Chino?",negative,vader,Chino LaForge & Bender,"that the entire set. That's please move. All right. No, no jokes about um uh sexual orientation >> because I'm half gay and no jokes about uh being uh uh entitled cuz I'm half care. >> Okay. Gotcha. Gotcha. So So what does that leave? Um",true
5733.0,2026-09-07 20:52:04,@MexiHoney17,,"Too sensitive, NEXT",neutral,vader,Chino LaForge & Bender,"All right. No, no jokes about um uh sexual orientation >> because I'm half gay and no jokes about uh being uh uh entitled cuz I'm half care. >> Okay. Gotcha. Gotcha. So So what does that leave? Um >> No, really. You can talk about anything",true
5735.0,2026-09-07 20:52:06,@Eliza-x4d8n,,eehhh?,neutral,vader,Chino LaForge & Bender,"No, no jokes about um uh sexual orientation >> because I'm half gay and no jokes about uh being uh uh entitled cuz I'm half care. >> Okay. Gotcha. Gotcha. So So what does that leave? Um >> No, really. You can talk about anything else. >> Oh, okay. That's good. That's good. Uh",true
5737.0,2026-09-07 20:52:08,@Stillear,,yes faded,positive,vader,Chino LaForge & Bender,"orientation >> because I'm half gay and no jokes about uh being uh uh entitled cuz I'm half care. >> Okay. Gotcha. Gotcha. So So what does that leave? Um >> No, really. You can talk about anything else. >> Oh, okay. That's good. That's good. Uh we we've known each other for quite some",true
5737.0,2026-09-07 20:52:08,@JimboTheComic,,Hollywood it was a good bit he was just running it. Same with me and John we all homies the newbie is cool with it. Just went with the flow ,positive,vader,Chino LaForge & Bender,"orientation >> because I'm half gay and no jokes about uh being uh uh entitled cuz I'm half care. >> Okay. Gotcha. Gotcha. So So what does that leave? Um >> No, really. You can talk about anything else. >> Oh, okay. That's good. That's good. Uh we we've known each other for quite some",true
5739.0,2026-09-07 20:52:10,@CarlCramer88,,This makes Portland look like a dream city. We are in Maui.,positive,vader,Chino LaForge & Bender,"orientation >> because I'm half gay and no jokes about uh being uh uh entitled cuz I'm half care. >> Okay. Gotcha. Gotcha. So So what does that leave? Um >> No, really. You can talk about anything else. >> Oh, okay. That's good. That's good. Uh we we've known each other for quite some time. We've we've done all types of",true
5740.0,2026-09-07 20:52:11,@candijack4,,Oh this is a joke lol silly ,positive,vader,Chino LaForge & Bender,"orientation >> because I'm half gay and no jokes about uh being uh uh entitled cuz I'm half care. >> Okay. Gotcha. Gotcha. So So what does that leave? Um >> No, really. You can talk about anything else. >> Oh, okay. That's good. That's good. Uh we we've known each other for quite some time. We've we've done all types of events uh with each other. I think this",true
5740.0,2026-09-07 20:52:11,@iamafugian,,half gay,neutral,vader,Chino LaForge & Bender,"orientation >> because I'm half gay and no jokes about uh being uh uh entitled cuz I'm half care. >> Okay. Gotcha. Gotcha. So So what does that leave? Um >> No, really. You can talk about anything else. >> Oh, okay. That's good. That's good. Uh we we've known each other for quite some time. We've we've done all types of events uh with each other. I think this",true
5744.0,2026-09-07 20:52:15,@volkerbav,,no funny,negative,vader,Chino LaForge & Bender,">> because I'm half gay and no jokes about uh being uh uh entitled cuz I'm half care. >> Okay. Gotcha. Gotcha. So So what does that leave? Um >> No, really. You can talk about anything else. >> Oh, okay. That's good. That's good. Uh we we've known each other for quite some time. We've we've done all types of events uh with each other. I think this is the first time we've ever shared a stage together simultaneously, right?",true
5749.0,2026-09-07 20:52:20,@S.D.L-m1j,,No jokes PERIOD:face-green-smiling:,negative,vader,Chino LaForge & Bender,">> Okay. Gotcha. Gotcha. So So what does that leave? Um >> No, really. You can talk about anything else. >> Oh, okay. That's good. That's good. Uh we we've known each other for quite some time. We've we've done all types of events uh with each other. I think this is the first time we've ever shared a stage together simultaneously, right? >> Yes. Right on. >> I think so. >> How you feeling? >> I'm usually I I do audio visual. I'm",true
5749.0,2026-09-07 20:52:20,@bilboboi,,"5 rules about what not to joke about? yuck, not a comic for sure",positive,vader,Chino LaForge & Bender,">> Okay. Gotcha. Gotcha. So So what does that leave? Um >> No, really. You can talk about anything else. >> Oh, okay. That's good. That's good. Uh we we've known each other for quite some time. We've we've done all types of events uh with each other. I think this is the first time we've ever shared a stage together simultaneously, right? >> Yes. Right on. >> I think so. >> How you feeling? >> I'm usually I I do audio visual. I'm",true
5749.0,2026-09-07 20:52:20,@MichaelBrogans-q3e,,the butthole half,neutral,vader,Chino LaForge & Bender,">> Okay. Gotcha. Gotcha. So So what does that leave? Um >> No, really. You can talk about anything else. >> Oh, okay. That's good. That's good. Uh we we've known each other for quite some time. We've we've done all types of events uh with each other. I think this is the first time we've ever shared a stage together simultaneously, right? >> Yes. Right on. >> I think so. >> How you feeling? >> I'm usually I I do audio visual. I'm",true
5752.0,2026-09-07 20:52:23,@TheSupercorky,,Who is this guy?,neutral,vader,Chino LaForge & Bender,"else. >> Oh, okay. That's good. That's good. Uh we we've known each other for quite some time. We've we've done all types of events uh with each other. I think this is the first time we've ever shared a stage together simultaneously, right? >> Yes. Right on. >> I think so. >> How you feeling? >> I'm usually I I do audio visual. I'm usually on that side,",true
5756.0,2026-09-07 20:52:27,@iamafugian,,what is the other half,neutral,vader,Chino LaForge & Bender,"we we've known each other for quite some time. We've we've done all types of events uh with each other. I think this is the first time we've ever shared a stage together simultaneously, right? >> Yes. Right on. >> I think so. >> How you feeling? >> I'm usually I I do audio visual. I'm usually on that side, >> not on this side. >> Sorry. Your Okay. Sorry. Your pattern.",true
5759.0,2026-09-07 20:52:30,@JimboTheComic,,The goal is to make people laugh. (Mainly just me) and if you do then yay ,positive,vader,Chino LaForge & Bender,"time. We've we've done all types of events uh with each other. I think this is the first time we've ever shared a stage together simultaneously, right? >> Yes. Right on. >> I think so. >> How you feeling? >> I'm usually I I do audio visual. I'm usually on that side, >> not on this side. >> Sorry. Your Okay. Sorry. Your pattern. The pattern of your shirt looked like it",true
5760.0,2026-09-07 20:52:31,@alisonwayland6057,,a lot of guidelines,neutral,vader,Chino LaForge & Bender,"events uh with each other. I think this is the first time we've ever shared a stage together simultaneously, right? >> Yes. Right on. >> I think so. >> How you feeling? >> I'm usually I I do audio visual. I'm usually on that side, >> not on this side. >> Sorry. Your Okay. Sorry. Your pattern. The pattern of your shirt looked like it was like stitched",true
5762.0,2026-09-07 20:52:33,@CarlCramer88,,No jokes about being funny because you’re not funny,negative,vader,Chino LaForge & Bender,"is the first time we've ever shared a stage together simultaneously, right? >> Yes. Right on. >> I think so. >> How you feeling? >> I'm usually I I do audio visual. I'm usually on that side, >> not on this side. >> Sorry. Your Okay. Sorry. Your pattern. The pattern of your shirt looked like it was like stitched >> sweater, right? >> Yeah. It looked like it was handstitched, but it's not. That's",true
5771.0,2026-09-07 20:52:42,@faded8524,,go back,neutral,vader,Chino LaForge & Bender,"usually on that side, >> not on this side. >> Sorry. Your Okay. Sorry. Your pattern. The pattern of your shirt looked like it was like stitched >> sweater, right? >> Yeah. It looked like it was handstitched, but it's not. That's >> That's like the teu handstitching. It's like, well, you know, I was told if you want to be funny, you have to dress funny. >> Well, it looks like the type of pattern",true
5775.0,2026-09-07 20:52:46,@TommyTheJarvis,,Carl lmao ,positive,vader,Chino LaForge & Bender,">> not on this side. >> Sorry. Your Okay. Sorry. Your pattern. The pattern of your shirt looked like it was like stitched >> sweater, right? >> Yeah. It looked like it was handstitched, but it's not. That's >> That's like the teu handstitching. It's like, well, you know, I was told if you want to be funny, you have to dress funny. >> Well, it looks like the type of pattern that if I just did this, I could see your nipple, but it's not. Unfortunately, I wanted to see some nip,",true
5782.0,2026-09-07 20:52:53,@juanhartman1081,,"Hollywood don’t get it twisted, none of that was a bit….that was all TERRIBLE ",negative,vader,Chino LaForge & Bender,"handstitched, but it's not. That's >> That's like the teu handstitching. It's like, well, you know, I was told if you want to be funny, you have to dress funny. >> Well, it looks like the type of pattern that if I just did this, I could see your nipple, but it's not. Unfortunately, I wanted to see some nip, but it's not happening tonight. Um, >> right on. So, you are you said you didn't want to talk about race. Can we",true
5785.0,2026-09-07 20:52:56,@candijack4,,He’s a lot of “half’s” ..that’s all we know atm ,neutral,vader,Chino LaForge & Bender,">> That's like the teu handstitching. It's like, well, you know, I was told if you want to be funny, you have to dress funny. >> Well, it looks like the type of pattern that if I just did this, I could see your nipple, but it's not. Unfortunately, I wanted to see some nip, but it's not happening tonight. Um, >> right on. So, you are you said you didn't want to talk about race. Can we talk about race for a little bit? >> Why don't we start with religion?",true
5785.0,2026-09-07 20:52:56,@S.D.L-m1j,,Carl:grinning_squinting_face:,neutral,vader,Chino LaForge & Bender,">> That's like the teu handstitching. It's like, well, you know, I was told if you want to be funny, you have to dress funny. >> Well, it looks like the type of pattern that if I just did this, I could see your nipple, but it's not. Unfortunately, I wanted to see some nip, but it's not happening tonight. Um, >> right on. So, you are you said you didn't want to talk about race. Can we talk about race for a little bit? >> Why don't we start with religion?",true
5786.0,2026-09-07 20:52:57,@MexiHoney17,,:face-red-droopy-eyes:,neutral,vader,Chino LaForge & Bender,"like, well, you know, I was told if you want to be funny, you have to dress funny. >> Well, it looks like the type of pattern that if I just did this, I could see your nipple, but it's not. Unfortunately, I wanted to see some nip, but it's not happening tonight. Um, >> right on. So, you are you said you didn't want to talk about race. Can we talk about race for a little bit? >> Why don't we start with religion? >> Cuz you said you're you're half black.",true
5787.0,2026-09-07 20:52:58,@bilboboi,,"you tell me what I can laugh at, I won't be laughing at you",positive,vader,Chino LaForge & Bender,"like, well, you know, I was told if you want to be funny, you have to dress funny. >> Well, it looks like the type of pattern that if I just did this, I could see your nipple, but it's not. Unfortunately, I wanted to see some nip, but it's not happening tonight. Um, >> right on. So, you are you said you didn't want to talk about race. Can we talk about race for a little bit? >> Why don't we start with religion? >> Cuz you said you're you're half black. What's the other half? What What What",true
5791.0,2026-09-07 20:53:02,@Eliza-x4d8n,,austism at its finest,neutral,vader,Chino LaForge & Bender,"that if I just did this, I could see your nipple, but it's not. Unfortunately, I wanted to see some nip, but it's not happening tonight. Um, >> right on. So, you are you said you didn't want to talk about race. Can we talk about race for a little bit? >> Why don't we start with religion? >> Cuz you said you're you're half black. What's the other half? What What What else? >> Black and >> and Jewish.",true
5800.0,2026-09-07 20:53:11,@notyouraveragesock1043,,I keep wanting them to be funny,positive,vader,Chino LaForge & Bender,"didn't want to talk about race. Can we talk about race for a little bit? >> Why don't we start with religion? >> Cuz you said you're you're half black. What's the other half? What What What else? >> Black and >> and Jewish. >> Okay. >> Yes. So, want to talk about religion? >> Cuz that's great. Everyone loves that. >> We don't have a choice. It seems like our talk about race is just going to bring us to religion. >> Well, so yeah. So last night I was out",true
5803.0,2026-09-07 20:53:14,@avery42069,,Bum bum bum bum bum bum,neutral,vader,Chino LaForge & Bender,"talk about race for a little bit? >> Why don't we start with religion? >> Cuz you said you're you're half black. What's the other half? What What What else? >> Black and >> and Jewish. >> Okay. >> Yes. So, want to talk about religion? >> Cuz that's great. Everyone loves that. >> We don't have a choice. It seems like our talk about race is just going to bring us to religion. >> Well, so yeah. So last night I was out and I got in a very interesting",true
5808.0,2026-09-07 20:53:19,@MichaelBrogans-q3e,,is this just a skit about sexual harassment?,negative,vader,Chino LaForge & Bender,"else? >> Black and >> and Jewish. >> Okay. >> Yes. So, want to talk about religion? >> Cuz that's great. Everyone loves that. >> We don't have a choice. It seems like our talk about race is just going to bring us to religion. >> Well, so yeah. So last night I was out and I got in a very interesting conversation about religion and and one of the things that that came up is",true
5809.0,2026-09-07 20:53:20,@JimboTheComic,,Keep wanting more sock ,neutral,vader,Chino LaForge & Bender,">> Black and >> and Jewish. >> Okay. >> Yes. So, want to talk about religion? >> Cuz that's great. Everyone loves that. >> We don't have a choice. It seems like our talk about race is just going to bring us to religion. >> Well, so yeah. So last night I was out and I got in a very interesting conversation about religion and and one of the things that that came up is",true
5810.0,2026-09-07 20:53:21,@user38593o,,oh god,positive,vader,Chino LaForge & Bender,">> and Jewish. >> Okay. >> Yes. So, want to talk about religion? >> Cuz that's great. Everyone loves that. >> We don't have a choice. It seems like our talk about race is just going to bring us to religion. >> Well, so yeah. So last night I was out and I got in a very interesting conversation about religion and and one of the things that that came up is",true
5814.0,2026-09-07 20:53:25,@leedlelee-l2d,,That guys on coke ,neutral,vader,Chino LaForge & Bender,">> Cuz that's great. Everyone loves that. >> We don't have a choice. It seems like our talk about race is just going to bring us to religion. >> Well, so yeah. So last night I was out and I got in a very interesting conversation about religion and and one of the things that that came up is uh what if one of the religions was actually the right religion and all the",true
5814.0,2026-09-07 20:53:25,@juanhartman1081,,Jimbo is just stuck on an Island with these guys SO he has to say they’re funny ,positive,vader,Chino LaForge & Bender,">> Cuz that's great. Everyone loves that. >> We don't have a choice. It seems like our talk about race is just going to bring us to religion. >> Well, so yeah. So last night I was out and I got in a very interesting conversation about religion and and one of the things that that came up is uh what if one of the religions was actually the right religion and all the",true
5818.0,2026-09-07 20:53:29,@JimboTheComic,,WE CANT LOOK AWAY ,neutral,vader,Chino LaForge & Bender,"bring us to religion. >> Well, so yeah. So last night I was out and I got in a very interesting conversation about religion and and one of the things that that came up is uh what if one of the religions was actually the right religion and all the other religions actually were wrong.",true
5819.0,2026-09-07 20:53:30,@user38593o,,a black jew,neutral,vader,Chino LaForge & Bender,"bring us to religion. >> Well, so yeah. So last night I was out and I got in a very interesting conversation about religion and and one of the things that that came up is uh what if one of the religions was actually the right religion and all the other religions actually were wrong. >> Yeah. Yeah. Yeah. I mean that",true
5826.0,2026-09-07 20:53:37,@JimboTheComic,,That’s not untrue Juan ,neutral,vader,Chino LaForge & Bender,conversation about religion and and one of the things that that came up is uh what if one of the religions was actually the right religion and all the other religions actually were wrong. >> Yeah. Yeah. Yeah. I mean that technically that has to be so. Right. >> Right. And so like you die and you go to heaven and you're you're a Christian and,true
5830.0,2026-09-07 20:53:41,@faded8524,,Need more Cowbell!!!!!!,neutral,vader,Chino LaForge & Bender,"of the things that that came up is uh what if one of the religions was actually the right religion and all the other religions actually were wrong. >> Yeah. Yeah. Yeah. I mean that technically that has to be so. Right. >> Right. And so like you die and you go to heaven and you're you're a Christian and and Vishnu is there to greet you and you're like, ""Oh, I've been paying the",true
5834.0,2026-09-07 20:53:45,@avery42069,,Bum bum bum bum bum bum,neutral,vader,Chino LaForge & Bender,"actually the right religion and all the other religions actually were wrong. >> Yeah. Yeah. Yeah. I mean that technically that has to be so. Right. >> Right. And so like you die and you go to heaven and you're you're a Christian and and Vishnu is there to greet you and you're like, ""Oh, I've been paying the wrong bill."" [ __ ] >> Yeah. Yeah. Yeah. Who who who would be",true
5837.0,2026-09-07 20:53:48,@CarlCramer88,,Is everybody who lives in Hawaii from Hawaii originally or is there a lot of outsiders that moved there?,neutral,vader,Chino LaForge & Bender,"other religions actually were wrong. >> Yeah. Yeah. Yeah. I mean that technically that has to be so. Right. >> Right. And so like you die and you go to heaven and you're you're a Christian and and Vishnu is there to greet you and you're like, ""Oh, I've been paying the wrong bill."" [ __ ] >> Yeah. Yeah. Yeah. Who who who would be the most disappointing religion to find out they were right.",true
5841.0,2026-09-07 20:53:52,@br4ndon_sos995,,Full weirdo,negative,vader,Chino LaForge & Bender,"technically that has to be so. Right. >> Right. And so like you die and you go to heaven and you're you're a Christian and and Vishnu is there to greet you and you're like, ""Oh, I've been paying the wrong bill."" [ __ ] >> Yeah. Yeah. Yeah. Who who who would be the most disappointing religion to find out they were right. >> Jehovah's Witness. >> Jehovah's Witness. Cuz there's only 100,000 people in heaven.",true
5843.0,2026-09-07 20:53:54,@notyouraveragesock1043,,Truth jimbo lol I'm still here,positive,vader,Chino LaForge & Bender,">> Right. And so like you die and you go to heaven and you're you're a Christian and and Vishnu is there to greet you and you're like, ""Oh, I've been paying the wrong bill."" [ __ ] >> Yeah. Yeah. Yeah. Who who who would be the most disappointing religion to find out they were right. >> Jehovah's Witness. >> Jehovah's Witness. Cuz there's only 100,000 people in heaven. >> Scientology. >> Scientology. I don't know what they",true
5844.0,2026-09-07 20:53:55,@candijack4,,:hourglass_not_done::yawning_face:,neutral,vader,Chino LaForge & Bender,">> Right. And so like you die and you go to heaven and you're you're a Christian and and Vishnu is there to greet you and you're like, ""Oh, I've been paying the wrong bill."" [ __ ] >> Yeah. Yeah. Yeah. Who who who would be the most disappointing religion to find out they were right. >> Jehovah's Witness. >> Jehovah's Witness. Cuz there's only 100,000 people in heaven. >> Scientology. >> Scientology. I don't know what they believe. You go to space and become uh",true
5844.0,2026-09-07 20:53:55,@Eliza-x4d8n,,2nd hand embarrassment,positive,vader,Chino LaForge & Bender,">> Right. And so like you die and you go to heaven and you're you're a Christian and and Vishnu is there to greet you and you're like, ""Oh, I've been paying the wrong bill."" [ __ ] >> Yeah. Yeah. Yeah. Who who who would be the most disappointing religion to find out they were right. >> Jehovah's Witness. >> Jehovah's Witness. Cuz there's only 100,000 people in heaven. >> Scientology. >> Scientology. I don't know what they believe. You go to space and become uh",true
5845.0,2026-09-07 20:53:56,@S.D.L-m1j,,We need to rescue Jimbo and the chair off the island:grinning_squinting_face:,positive,vader,Chino LaForge & Bender,"heaven and you're you're a Christian and and Vishnu is there to greet you and you're like, ""Oh, I've been paying the wrong bill."" [ __ ] >> Yeah. Yeah. Yeah. Who who who would be the most disappointing religion to find out they were right. >> Jehovah's Witness. >> Jehovah's Witness. Cuz there's only 100,000 people in heaven. >> Scientology. >> Scientology. I don't know what they believe. You go to space and become uh",true
5852.0,2026-09-07 20:54:03,@deadman7954,,bros not funny,negative,vader,Chino LaForge & Bender,"wrong bill."" [ __ ] >> Yeah. Yeah. Yeah. Who who who would be the most disappointing religion to find out they were right. >> Jehovah's Witness. >> Jehovah's Witness. Cuz there's only 100,000 people in heaven. >> Scientology. >> Scientology. I don't know what they believe. You go to space and become uh alien tits. I don't know what they believe. I don't know what they believe. I watch South Park. That's what they said. Uh, who?",true
5853.0,2026-09-07 20:54:04,@MrVolchik,,Is it possible to unupload?,neutral,vader,Chino LaForge & Bender,">> Yeah. Yeah. Yeah. Who who who would be the most disappointing religion to find out they were right. >> Jehovah's Witness. >> Jehovah's Witness. Cuz there's only 100,000 people in heaven. >> Scientology. >> Scientology. I don't know what they believe. You go to space and become uh alien tits. I don't know what they believe. I don't know what they believe. I watch South Park. That's what they said. Uh, who? >> Scientology.",true
5858.0,2026-09-07 20:54:09,@squin9954,,I just watched someone doing this exact bit on youtube ,neutral,vader,Chino LaForge & Bender,">> Jehovah's Witness. Cuz there's only 100,000 people in heaven. >> Scientology. >> Scientology. I don't know what they believe. You go to space and become uh alien tits. I don't know what they believe. I don't know what they believe. I watch South Park. That's what they said. Uh, who? >> Scientology. >> Scientology. That any other more disappointing religions? >> Like what if it was some like indigenous",true
5861.0,2026-09-07 20:54:12,@Donnieboy24,,chair is the only native left in hawaii,neutral,vader,Chino LaForge & Bender,">> Scientology. >> Scientology. I don't know what they believe. You go to space and become uh alien tits. I don't know what they believe. I don't know what they believe. I watch South Park. That's what they said. Uh, who? >> Scientology. >> Scientology. That any other more disappointing religions? >> Like what if it was some like indigenous colony that we've just never we like the",true
5864.0,2026-09-07 20:54:15,@HollywoodStar2026,,oy this night was les miz,neutral,vader,Chino LaForge & Bender,">> Scientology. I don't know what they believe. You go to space and become uh alien tits. I don't know what they believe. I don't know what they believe. I watch South Park. That's what they said. Uh, who? >> Scientology. >> Scientology. That any other more disappointing religions? >> Like what if it was some like indigenous colony that we've just never we like the one that's like off the coast of Africa? Like, yeah, we don't talk to them. We're",true
5870.0,2026-09-07 20:54:21,@JimboTheComic,,We watch this to feel better about ourselves ,positive,vader,Chino LaForge & Bender,"I watch South Park. That's what they said. Uh, who? >> Scientology. >> Scientology. That any other more disappointing religions? >> Like what if it was some like indigenous colony that we've just never we like the one that's like off the coast of Africa? Like, yeah, we don't talk to them. We're not allowed to talk to them. Like, well, they were the right ones. Like, oh [ __ ] they could have told us. Have you heard",true
5870.0,2026-09-07 20:54:21,@CarlCramer88,,Lol,positive,vader,Chino LaForge & Bender,"I watch South Park. That's what they said. Uh, who? >> Scientology. >> Scientology. That any other more disappointing religions? >> Like what if it was some like indigenous colony that we've just never we like the one that's like off the coast of Africa? Like, yeah, we don't talk to them. We're not allowed to talk to them. Like, well, they were the right ones. Like, oh [ __ ] they could have told us. Have you heard",true
5872.0,2026-09-07 20:54:23,@juanhartman1081,,Jimbo ain’t trying to get beat up by island schizophrenics…that’s why he left the main land….,neutral,vader,Chino LaForge & Bender,">> Scientology. >> Scientology. That any other more disappointing religions? >> Like what if it was some like indigenous colony that we've just never we like the one that's like off the coast of Africa? Like, yeah, we don't talk to them. We're not allowed to talk to them. Like, well, they were the right ones. Like, oh [ __ ] they could have told us. Have you heard about our Church of Spear?",true
5877.0,2026-09-07 20:54:28,@leecallaghan4625,,wtf so he is a black gay Jew . that is a perfect line up . th,neutral,vader,Chino LaForge & Bender,"disappointing religions? >> Like what if it was some like indigenous colony that we've just never we like the one that's like off the coast of Africa? Like, yeah, we don't talk to them. We're not allowed to talk to them. Like, well, they were the right ones. Like, oh [ __ ] they could have told us. Have you heard about our Church of Spear? >> Church of Spear. Okay. How do you feel about your religion since you were born into it? Do",true
5888.0,2026-09-07 20:54:39,@JimboTheComic,,MAYBE THE COMEDY WAS THE FRIENDS WE MADE IN THE CHAT :face_holding_back_tears::face_holding_back_tears::face_holding_back_tears:,positive,vader,Chino LaForge & Bender,"they were the right ones. Like, oh [ __ ] they could have told us. Have you heard about our Church of Spear? >> Church of Spear. Okay. How do you feel about your religion since you were born into it? Do you do you Do you love it as as or do you see >> Well, I'm I'm not religious and I wasn't raised religious. It's more of a a cultural thing.",true
5892.0,2026-09-07 20:54:43,@MrVolchik,,"Man, I thought I m not funny ",negative,vader,Chino LaForge & Bender,"about our Church of Spear? >> Church of Spear. Okay. How do you feel about your religion since you were born into it? Do you do you Do you love it as as or do you see >> Well, I'm I'm not religious and I wasn't raised religious. It's more of a a cultural thing. >> It's more of an entitlement thing. >> Exactly. >> Where you're like, ""Excuse me, I'm here",true
5892.0,2026-09-07 20:54:43,@alisonwayland6057,,"how interesting, comedy with stipulations.",positive,vader,Chino LaForge & Bender,"about our Church of Spear? >> Church of Spear. Okay. How do you feel about your religion since you were born into it? Do you do you Do you love it as as or do you see >> Well, I'm I'm not religious and I wasn't raised religious. It's more of a a cultural thing. >> It's more of an entitlement thing. >> Exactly. >> Where you're like, ""Excuse me, I'm here",true
5895.0,2026-09-07 20:54:46,@candijack4,,Being from Utah… I’d hate if the Mormons had it right all along :smiling_face_with_tear::grinning_squinting_face:,negative,vader,Chino LaForge & Bender,"Okay. How do you feel about your religion since you were born into it? Do you do you Do you love it as as or do you see >> Well, I'm I'm not religious and I wasn't raised religious. It's more of a a cultural thing. >> It's more of an entitlement thing. >> Exactly. >> Where you're like, ""Excuse me, I'm here to get coffee. I'm also half Jew."" And they're like, ""Ah,",true
5902.0,2026-09-07 20:54:53,@avery42069,,He was half religious,neutral,vader,Chino LaForge & Bender,"you see >> Well, I'm I'm not religious and I wasn't raised religious. It's more of a a cultural thing. >> It's more of an entitlement thing. >> Exactly. >> Where you're like, ""Excuse me, I'm here to get coffee. I'm also half Jew."" And they're like, ""Ah, >> yes. >> Gotcha."" >> But it's okay because >> almond milk cuz we know you can't do real milk if you're Jewish.",true
5903.0,2026-09-07 20:54:54,@JimboTheComic,,Mainland schizophrenics did beat me up ngl ,neutral,vader,Chino LaForge & Bender,">> Well, I'm I'm not religious and I wasn't raised religious. It's more of a a cultural thing. >> It's more of an entitlement thing. >> Exactly. >> Where you're like, ""Excuse me, I'm here to get coffee. I'm also half Jew."" And they're like, ""Ah, >> yes. >> Gotcha."" >> But it's okay because >> almond milk cuz we know you can't do real milk if you're Jewish.",true
5904.0,2026-09-07 20:54:55,@radiostarkilla21,,Jimbo ,neutral,vader,Chino LaForge & Bender,">> Well, I'm I'm not religious and I wasn't raised religious. It's more of a a cultural thing. >> It's more of an entitlement thing. >> Exactly. >> Where you're like, ""Excuse me, I'm here to get coffee. I'm also half Jew."" And they're like, ""Ah, >> yes. >> Gotcha."" >> But it's okay because >> almond milk cuz we know you can't do real milk if you're Jewish. >> I'm Asian. We're the same. We can't do",true
5905.0,2026-09-07 20:54:56,@Eliza-x4d8n,,jimbo :red_heart:,neutral,vader,Chino LaForge & Bender,">> Well, I'm I'm not religious and I wasn't raised religious. It's more of a a cultural thing. >> It's more of an entitlement thing. >> Exactly. >> Where you're like, ""Excuse me, I'm here to get coffee. I'm also half Jew."" And they're like, ""Ah, >> yes. >> Gotcha."" >> But it's okay because >> almond milk cuz we know you can't do real milk if you're Jewish. >> I'm Asian. We're the same. We can't do",true
5906.0,2026-09-07 20:54:57,@notyouraveragesock1043,,LOL,positive,vader,Chino LaForge & Bender,"cultural thing. >> It's more of an entitlement thing. >> Exactly. >> Where you're like, ""Excuse me, I'm here to get coffee. I'm also half Jew."" And they're like, ""Ah, >> yes. >> Gotcha."" >> But it's okay because >> almond milk cuz we know you can't do real milk if you're Jewish. >> I'm Asian. We're the same. We can't do milk either.",true
5908.0,2026-09-07 20:54:59,@candijack4,,Oh! …no offense :face_with_hand_over_mouth::smiling_face::smiling_face_with_halo:,negative,vader,Chino LaForge & Bender,">> It's more of an entitlement thing. >> Exactly. >> Where you're like, ""Excuse me, I'm here to get coffee. I'm also half Jew."" And they're like, ""Ah, >> yes. >> Gotcha."" >> But it's okay because >> almond milk cuz we know you can't do real milk if you're Jewish. >> I'm Asian. We're the same. We can't do milk either. >> So, so I have an Indian friend and uh",true
5914.0,2026-09-07 20:55:05,@juanhartman1081,,He got confused and thought Schizophrenics can’t swim…but that’s a different group of people….,negative,vader,Chino LaForge & Bender,"they're like, ""Ah, >> yes. >> Gotcha."" >> But it's okay because >> almond milk cuz we know you can't do real milk if you're Jewish. >> I'm Asian. We're the same. We can't do milk either. >> So, so I have an Indian friend and uh And he said to me, you actually if you go to heaven, you wouldn't see Vishnu.",true
5914.0,2026-09-07 20:55:05,@z28diablo,,Crowd getting loudand distant,neutral,vader,Chino LaForge & Bender,"they're like, ""Ah, >> yes. >> Gotcha."" >> But it's okay because >> almond milk cuz we know you can't do real milk if you're Jewish. >> I'm Asian. We're the same. We can't do milk either. >> So, so I have an Indian friend and uh And he said to me, you actually if you go to heaven, you wouldn't see Vishnu.",true
5921.0,2026-09-07 20:55:12,@Donnieboy24,,he's half a lot of things. may be a minoraur,neutral,vader,Chino LaForge & Bender,">> almond milk cuz we know you can't do real milk if you're Jewish. >> I'm Asian. We're the same. We can't do milk either. >> So, so I have an Indian friend and uh And he said to me, you actually if you go to heaven, you wouldn't see Vishnu. >> Do you know who you would see? >> Who? >> Jesus. >> Ah. Uh, that's the that's another point",true
5924.0,2026-09-07 20:55:15,@S.D.L-m1j,,Aww Jimbooooo:people_hugging::smiling_face_with_tear:,neutral,vader,Chino LaForge & Bender,">> I'm Asian. We're the same. We can't do milk either. >> So, so I have an Indian friend and uh And he said to me, you actually if you go to heaven, you wouldn't see Vishnu. >> Do you know who you would see? >> Who? >> Jesus. >> Ah. Uh, that's the that's another point of entitlement. >> Yes. >> And and I'm not even Christian, but I",true
5925.0,2026-09-07 20:55:16,@CarlCramer88,,"Being from Ohio, I would hate to think the Amish had it right all along",negative,vader,Chino LaForge & Bender,"milk either. >> So, so I have an Indian friend and uh And he said to me, you actually if you go to heaven, you wouldn't see Vishnu. >> Do you know who you would see? >> Who? >> Jesus. >> Ah. Uh, that's the that's another point of entitlement. >> Yes. >> And and I'm not even Christian, but I",true
5929.0,2026-09-07 20:55:20,@leecallaghan4625,,if he would of been on kill tony saying gay black Jew he would get roasted,negative,vader,Chino LaForge & Bender,">> So, so I have an Indian friend and uh And he said to me, you actually if you go to heaven, you wouldn't see Vishnu. >> Do you know who you would see? >> Who? >> Jesus. >> Ah. Uh, that's the that's another point of entitlement. >> Yes. >> And and I'm not even Christian, but I can make fun of other religions. >> Yeah. I've I've I've often wondered",true
5932.0,2026-09-07 20:55:23,@JimboTheComic,,Where is everyone from ??,neutral,vader,Chino LaForge & Bender,"And he said to me, you actually if you go to heaven, you wouldn't see Vishnu. >> Do you know who you would see? >> Who? >> Jesus. >> Ah. Uh, that's the that's another point of entitlement. >> Yes. >> And and I'm not even Christian, but I can make fun of other religions. >> Yeah. I've I've I've often wondered who's going to greet me at the pearly gates. You know, you think it's going to",true
5933.0,2026-09-07 20:55:24,@faded8524,,Now its just 2 guys talking,neutral,vader,Chino LaForge & Bender,"go to heaven, you wouldn't see Vishnu. >> Do you know who you would see? >> Who? >> Jesus. >> Ah. Uh, that's the that's another point of entitlement. >> Yes. >> And and I'm not even Christian, but I can make fun of other religions. >> Yeah. I've I've I've often wondered who's going to greet me at the pearly gates. You know, you think it's going to be okay. >> Wait. You think you're going to go",true
5934.0,2026-09-07 20:55:25,@Donnieboy24,,centaur*,neutral,vader,Chino LaForge & Bender,">> Do you know who you would see? >> Who? >> Jesus. >> Ah. Uh, that's the that's another point of entitlement. >> Yes. >> And and I'm not even Christian, but I can make fun of other religions. >> Yeah. I've I've I've often wondered who's going to greet me at the pearly gates. You know, you think it's going to be okay. >> Wait. You think you're going to go through the pearly gates?",true
5936.0,2026-09-07 20:55:27,@alisonwayland6057,,oh god Candi :squinting_face_with_tongue::grinning_face:,positive,vader,Chino LaForge & Bender,">> Who? >> Jesus. >> Ah. Uh, that's the that's another point of entitlement. >> Yes. >> And and I'm not even Christian, but I can make fun of other religions. >> Yeah. I've I've I've often wondered who's going to greet me at the pearly gates. You know, you think it's going to be okay. >> Wait. You think you're going to go through the pearly gates? >> No. No. I think they're going to see me at the pearly gates and they're going to",true
5937.0,2026-09-07 20:55:28,@JimboTheComic,,Carl you close to Cleveland?!?,neutral,vader,Chino LaForge & Bender,">> Who? >> Jesus. >> Ah. Uh, that's the that's another point of entitlement. >> Yes. >> And and I'm not even Christian, but I can make fun of other religions. >> Yeah. I've I've I've often wondered who's going to greet me at the pearly gates. You know, you think it's going to be okay. >> Wait. You think you're going to go through the pearly gates? >> No. No. I think they're going to see me at the pearly gates and they're going to tell me go to hell. Like they're gonna",true
5945.0,2026-09-07 20:55:36,@candijack4,,Amish seem chill :smiling_face_with_tear:,neutral,vader,Chino LaForge & Bender,">> And and I'm not even Christian, but I can make fun of other religions. >> Yeah. I've I've I've often wondered who's going to greet me at the pearly gates. You know, you think it's going to be okay. >> Wait. You think you're going to go through the pearly gates? >> No. No. I think they're going to see me at the pearly gates and they're going to tell me go to hell. Like they're gonna they're gonna pump fake me. They're gonna be like, ""No, Chino, come on here. You've been a great gay psych."" And they're going to dump me. Uh, for sure.",true
5946.0,2026-09-07 20:55:37,@HollywoodStar2026,,jfc it's NPR,neutral,vader,Chino LaForge & Bender,">> And and I'm not even Christian, but I can make fun of other religions. >> Yeah. I've I've I've often wondered who's going to greet me at the pearly gates. You know, you think it's going to be okay. >> Wait. You think you're going to go through the pearly gates? >> No. No. I think they're going to see me at the pearly gates and they're going to tell me go to hell. Like they're gonna they're gonna pump fake me. They're gonna be like, ""No, Chino, come on here. You've been a great gay psych."" And they're going to dump me. Uh, for sure.",true
5952.0,2026-09-07 20:55:43,@radiostarkilla21,,"If i wanted to learn, i’d go to school ",neutral,vader,Chino LaForge & Bender,">> Wait. You think you're going to go through the pearly gates? >> No. No. I think they're going to see me at the pearly gates and they're going to tell me go to hell. Like they're gonna they're gonna pump fake me. They're gonna be like, ""No, Chino, come on here. You've been a great gay psych."" And they're going to dump me. Uh, for sure. For sure. But I mean, let's be honest. Hell has better music, >> better drugs,",true
5952.0,2026-09-07 20:55:43,@notyouraveragesock1043,,I'm in Utah,neutral,vader,Chino LaForge & Bender,">> Wait. You think you're going to go through the pearly gates? >> No. No. I think they're going to see me at the pearly gates and they're going to tell me go to hell. Like they're gonna they're gonna pump fake me. They're gonna be like, ""No, Chino, come on here. You've been a great gay psych."" And they're going to dump me. Uh, for sure. For sure. But I mean, let's be honest. Hell has better music, >> better drugs,",true
5956.0,2026-09-07 20:55:47,@CarlCramer88,,Yes . About 50min east. I’m in Youngstown ,positive,vader,Chino LaForge & Bender,"at the pearly gates and they're going to tell me go to hell. Like they're gonna they're gonna pump fake me. They're gonna be like, ""No, Chino, come on here. You've been a great gay psych."" And they're going to dump me. Uh, for sure. For sure. But I mean, let's be honest. Hell has better music, >> better drugs, >> better art.",true
5956.0,2026-09-07 20:55:47,@Andreas-v9i,,why they have dont juust åååå,neutral,vader,Chino LaForge & Bender,"at the pearly gates and they're going to tell me go to hell. Like they're gonna they're gonna pump fake me. They're gonna be like, ""No, Chino, come on here. You've been a great gay psych."" And they're going to dump me. Uh, for sure. For sure. But I mean, let's be honest. Hell has better music, >> better drugs, >> better art.",true
5961.0,2026-09-07 20:55:52,@JimboTheComic,,Carl,neutral,vader,Chino LaForge & Bender,"gonna be like, ""No, Chino, come on here. You've been a great gay psych."" And they're going to dump me. Uh, for sure. For sure. But I mean, let's be honest. Hell has better music, >> better drugs, >> better art. >> Probably better food. I don't know. Most Christians don't use enough salt. That I know that for I've eaten enough plates",true
5971.0,2026-09-07 20:56:02,@S.D.L-m1j,,WHATS HAPPENING HERE:eyes:,neutral,vader,Chino LaForge & Bender,"Hell has better music, >> better drugs, >> better art. >> Probably better food. I don't know. Most Christians don't use enough salt. That I know that for I've eaten enough plates of free spaghetti to know you guys don't use salt in your church food. You guys need to do better. You guys could have converted me if you used more seasoning. That's for sure.",true
5971.0,2026-09-07 20:56:02,@Redivine909,,this is pretty cool!,positive,vader,Chino LaForge & Bender,"Hell has better music, >> better drugs, >> better art. >> Probably better food. I don't know. Most Christians don't use enough salt. That I know that for I've eaten enough plates of free spaghetti to know you guys don't use salt in your church food. You guys need to do better. You guys could have converted me if you used more seasoning. That's for sure.",true
5973.0,2026-09-07 20:56:04,@leecallaghan4625,,no one is laughing. the one that was is most likely one of the guys sister,positive,vader,Chino LaForge & Bender,">> better drugs, >> better art. >> Probably better food. I don't know. Most Christians don't use enough salt. That I know that for I've eaten enough plates of free spaghetti to know you guys don't use salt in your church food. You guys need to do better. You guys could have converted me if you used more seasoning. That's for sure. >> Instead of putting those American cheese slices for a high spice.",true
5976.0,2026-09-07 20:56:07,@KryptoKev_XRP,,I died about a year ago. it's just nothingness,negative,vader,Chino LaForge & Bender,">> better art. >> Probably better food. I don't know. Most Christians don't use enough salt. That I know that for I've eaten enough plates of free spaghetti to know you guys don't use salt in your church food. You guys need to do better. You guys could have converted me if you used more seasoning. That's for sure. >> Instead of putting those American cheese slices for a high spice. >> No, no, no, it's not yet, but it could",true
5980.0,2026-09-07 20:56:11,@Eliza-x4d8n,,@radiostarkilla21 what's ur zodiac?,neutral,vader,Chino LaForge & Bender,"Christians don't use enough salt. That I know that for I've eaten enough plates of free spaghetti to know you guys don't use salt in your church food. You guys need to do better. You guys could have converted me if you used more seasoning. That's for sure. >> Instead of putting those American cheese slices for a high spice. >> No, no, no, it's not yet, but it could be. We're We make church food better. High spice.",true
5981.0,2026-09-07 20:56:12,@avery42069,,There’s no chair in hell :pensive_face: ,negative,vader,Chino LaForge & Bender,"know that for I've eaten enough plates of free spaghetti to know you guys don't use salt in your church food. You guys need to do better. You guys could have converted me if you used more seasoning. That's for sure. >> Instead of putting those American cheese slices for a high spice. >> No, no, no, it's not yet, but it could be. We're We make church food better. High spice.",true
5984.0,2026-09-07 20:56:15,@CarlCramer88,,I’m 50 minutes east of Cleveland. I live in Youngstown,neutral,vader,Chino LaForge & Bender,"use salt in your church food. You guys need to do better. You guys could have converted me if you used more seasoning. That's for sure. >> Instead of putting those American cheese slices for a high spice. >> No, no, no, it's not yet, but it could be. We're We make church food better. High spice. >> That's our clientele. Yeah. The power of",true
5985.0,2026-09-07 20:56:16,@HollywoodStar2026,,no one is listening,negative,vader,Chino LaForge & Bender,"use salt in your church food. You guys need to do better. You guys could have converted me if you used more seasoning. That's for sure. >> Instead of putting those American cheese slices for a high spice. >> No, no, no, it's not yet, but it could be. We're We make church food better. High spice. >> That's our clientele. Yeah. The power of",true
5991.0,2026-09-07 20:56:22,@alisonwayland6057,,no humor is happening here,negative,vader,Chino LaForge & Bender,">> Instead of putting those American cheese slices for a high spice. >> No, no, no, it's not yet, but it could be. We're We make church food better. High spice. >> That's our clientele. Yeah. The power of price. Make your food hotter than hell. High spice.",true
5993.0,2026-09-07 20:56:24,@aarongooley9969,,this dude doesn't know heaven,negative,vader,Chino LaForge & Bender,">> Instead of putting those American cheese slices for a high spice. >> No, no, no, it's not yet, but it could be. We're We make church food better. High spice. >> That's our clientele. Yeah. The power of price. Make your food hotter than hell. High spice. >> Earn the flavor. >> You got that right.",true
5994.0,2026-09-07 20:56:25,@JimboTheComic,,I’m hosting a special in Cleveland on the 28th! Dm me on Instagram if you wanna come out I’ll get your ticket. Gunna be an epic night! ,positive,vader,Chino LaForge & Bender,"slices for a high spice. >> No, no, no, it's not yet, but it could be. We're We make church food better. High spice. >> That's our clientele. Yeah. The power of price. Make your food hotter than hell. High spice. >> Earn the flavor. >> You got that right. >> Yeah. Yeah. That's That's a good",true
5998.0,2026-09-07 20:56:29,@juanhartman1081,,I’m under your bed Jimbo ,neutral,vader,Chino LaForge & Bender,"be. We're We make church food better. High spice. >> That's our clientele. Yeah. The power of price. Make your food hotter than hell. High spice. >> Earn the flavor. >> You got that right. >> Yeah. Yeah. That's That's a good commercial right there. Um, right on, man. What? What?",true
6000.0,2026-09-07 20:56:31,@TheSupercorky,,American cheese sucks,negative,vader,Chino LaForge & Bender,"be. We're We make church food better. High spice. >> That's our clientele. Yeah. The power of price. Make your food hotter than hell. High spice. >> Earn the flavor. >> You got that right. >> Yeah. Yeah. That's That's a good commercial right there. Um, right on, man. What? What? >> Oh, another thing. Please don't leave us",true
6002.0,2026-09-07 20:56:33,@S.D.L-m1j,,Allison:face-green-smiling::face-green-smiling:,neutral,vader,Chino LaForge & Bender,"High spice. >> That's our clientele. Yeah. The power of price. Make your food hotter than hell. High spice. >> Earn the flavor. >> You got that right. >> Yeah. Yeah. That's That's a good commercial right there. Um, right on, man. What? What? >> Oh, another thing. Please don't leave us up here for 10 minutes. Don't >> It's for you. It's for you, man. I'm",true
6005.0,2026-09-07 20:56:36,@notyouraveragesock1043,,No but they're trying,negative,vader,Chino LaForge & Bender,">> That's our clientele. Yeah. The power of price. Make your food hotter than hell. High spice. >> Earn the flavor. >> You got that right. >> Yeah. Yeah. That's That's a good commercial right there. Um, right on, man. What? What? >> Oh, another thing. Please don't leave us up here for 10 minutes. Don't >> It's for you. It's for you, man. I'm just here to support. I'm abroad. >> This is like my third time doing this.",true
6012.0,2026-09-07 20:56:43,@leecallaghan4625,,someone is sitting at the back w,neutral,vader,Chino LaForge & Bender,">> You got that right. >> Yeah. Yeah. That's That's a good commercial right there. Um, right on, man. What? What? >> Oh, another thing. Please don't leave us up here for 10 minutes. Don't >> It's for you. It's for you, man. I'm just here to support. I'm abroad. >> This is like my third time doing this. The first time I thought I was up for 10 minutes and I was up for a minute. >> Yeah. >> The second time I was heckled to death,",true
6019.0,2026-09-07 20:56:50,@leecallaghan4625,,this is so shit,negative,vader,Chino LaForge & Bender,">> Oh, another thing. Please don't leave us up here for 10 minutes. Don't >> It's for you. It's for you, man. I'm just here to support. I'm abroad. >> This is like my third time doing this. The first time I thought I was up for 10 minutes and I was up for a minute. >> Yeah. >> The second time I was heckled to death, which I had no [ __ ] comebacks or",true
6021.0,2026-09-07 20:56:52,@HollywoodStar2026,,ok. ive had enough,neutral,vader,Chino LaForge & Bender,">> It's for you. It's for you, man. I'm just here to support. I'm abroad. >> This is like my third time doing this. The first time I thought I was up for 10 minutes and I was up for a minute. >> Yeah. >> The second time I was heckled to death, which I had no [ __ ] comebacks or anything. And I ended up You left me for",true
6023.0,2026-09-07 20:56:54,@CarlCramer88,,@Jimbo. Nice. I’ll get ahold of you if I can make it ,positive,vader,Chino LaForge & Bender,"just here to support. I'm abroad. >> This is like my third time doing this. The first time I thought I was up for 10 minutes and I was up for a minute. >> Yeah. >> The second time I was heckled to death, which I had no [ __ ] comebacks or anything. And I ended up You left me for 5 minutes instead of three. And I don't",true
6026.0,2026-09-07 20:56:57,@radiostarkilla21,,"Stop hitting on me, I’m just here to not laugh",negative,vader,Chino LaForge & Bender,">> This is like my third time doing this. The first time I thought I was up for 10 minutes and I was up for a minute. >> Yeah. >> The second time I was heckled to death, which I had no [ __ ] comebacks or anything. And I ended up You left me for 5 minutes instead of three. And I don't know what happened with our time. I don't know what's happening this time.",true
6028.0,2026-09-07 20:56:59,@Andreas-v9i,,get a table and just talk why the mics,neutral,vader,Chino LaForge & Bender,"The first time I thought I was up for 10 minutes and I was up for a minute. >> Yeah. >> The second time I was heckled to death, which I had no [ __ ] comebacks or anything. And I ended up You left me for 5 minutes instead of three. And I don't know what happened with our time. I don't know what's happening this time. >> Well, it's okay. Every every comedian at",true
6033.0,2026-09-07 20:57:04,@JimboTheComic,,:call_me_hand: Carl !,neutral,vader,Chino LaForge & Bender,">> Yeah. >> The second time I was heckled to death, which I had no [ __ ] comebacks or anything. And I ended up You left me for 5 minutes instead of three. And I don't know what happened with our time. I don't know what's happening this time. >> Well, it's okay. Every every comedian at one point in their career tells a joke. Standup comedy for the first time is",true
6033.0,2026-09-07 20:57:04,@faded8524,,I remember my first beer,neutral,vader,Chino LaForge & Bender,">> Yeah. >> The second time I was heckled to death, which I had no [ __ ] comebacks or anything. And I ended up You left me for 5 minutes instead of three. And I don't know what happened with our time. I don't know what's happening this time. >> Well, it's okay. Every every comedian at one point in their career tells a joke. Standup comedy for the first time is",true
6041.0,2026-09-07 20:57:12,@juanhartman1081,,He needs you Carl….you’re his only ticket maybe so far….,neutral,vader,Chino LaForge & Bender,"anything. And I ended up You left me for 5 minutes instead of three. And I don't know what happened with our time. I don't know what's happening this time. >> Well, it's okay. Every every comedian at one point in their career tells a joke. Standup comedy for the first time is just like having sex and then they throw in the same three or four punchlines. It's over too quickly. It all happens so fast and at the end you just want a",true
6046.0,2026-09-07 20:57:17,@TheSupercorky,,3rd times a :chair:,neutral,vader,Chino LaForge & Bender,"don't know what's happening this time. >> Well, it's okay. Every every comedian at one point in their career tells a joke. Standup comedy for the first time is just like having sex and then they throw in the same three or four punchlines. It's over too quickly. It all happens so fast and at the end you just want a cigarette or whatever their terms are. So, what would your what would your punch lines be? Your first time doing",true
6056.0,2026-09-07 20:57:27,@notyouraveragesock1043,,it takes balls to get up there so respect to that,positive,vader,Chino LaForge & Bender,"in the same three or four punchlines. It's over too quickly. It all happens so fast and at the end you just want a cigarette or whatever their terms are. So, what would your what would your punch lines be? Your first time doing standup comedy is like having sex. >> Okay. >> Are you heckling me? No, I'm trying to set you up. I gave you the setup. Give",true
6056.0,2026-09-07 20:57:27,@MichaelBrogans-q3e,,I come back to the stream every few minutes to see if the performers are being physically attacked yet,negative,vader,Chino LaForge & Bender,"in the same three or four punchlines. It's over too quickly. It all happens so fast and at the end you just want a cigarette or whatever their terms are. So, what would your what would your punch lines be? Your first time doing standup comedy is like having sex. >> Okay. >> Are you heckling me? No, I'm trying to set you up. I gave you the setup. Give",true
6061.0,2026-09-07 20:57:32,@alisonwayland6057,,what's a nice chair doing in a place like this?,positive,vader,Chino LaForge & Bender,"cigarette or whatever their terms are. So, what would your what would your punch lines be? Your first time doing standup comedy is like having sex. >> Okay. >> Are you heckling me? No, I'm trying to set you up. I gave you the setup. Give me the punch line. >> Give me the jizz. That's what we want. >> Yeah. Give me the >> Give me the jizz.",true
6064.0,2026-09-07 20:57:35,@S.D.L-m1j,,This guy needs a nap,neutral,vader,Chino LaForge & Bender,"punch lines be? Your first time doing standup comedy is like having sex. >> Okay. >> Are you heckling me? No, I'm trying to set you up. I gave you the setup. Give me the punch line. >> Give me the jizz. That's what we want. >> Yeah. Give me the >> Give me the jizz. >> Give me the",true
6064.0,2026-09-07 20:57:35,@Eliza-x4d8n,,whays ir zodiac pllss,neutral,vader,Chino LaForge & Bender,"punch lines be? Your first time doing standup comedy is like having sex. >> Okay. >> Are you heckling me? No, I'm trying to set you up. I gave you the setup. Give me the punch line. >> Give me the jizz. That's what we want. >> Yeah. Give me the >> Give me the jizz. >> Give me the",true
6068.0,2026-09-07 20:57:39,@JimboTheComic,,GIVE HIM THE JIZZ ,neutral,vader,Chino LaForge & Bender,"standup comedy is like having sex. >> Okay. >> Are you heckling me? No, I'm trying to set you up. I gave you the setup. Give me the punch line. >> Give me the jizz. That's what we want. >> Yeah. Give me the >> Give me the jizz. >> Give me the >> I got you hard. >> GIVE HIM THE >> He just left that, dude. That was the",true
6075.0,2026-09-07 20:57:46,@avery42069,,Have sex on stage!!!!,neutral,vader,Chino LaForge & Bender,"set you up. I gave you the setup. Give me the punch line. >> Give me the jizz. That's what we want. >> Yeah. Give me the >> Give me the jizz. >> Give me the >> I got you hard. >> GIVE HIM THE >> He just left that, dude. That was the first time I heard him go. >> That was all night. >> All right, we'll take it. >> So, how do you deal with hecklers,",true
6081.0,2026-09-07 20:57:52,@juanhartman1081,,This guys too sensitive to be doing this ,neutral,vader,Chino LaForge & Bender,">> Give me the jizz. >> Give me the >> I got you hard. >> GIVE HIM THE >> He just left that, dude. That was the first time I heard him go. >> That was all night. >> All right, we'll take it. >> So, how do you deal with hecklers, though? >> How do you deal with hecklers? >> Someone heckle. >> Joe, do do you want honest honest",true
6085.0,2026-09-07 20:57:56,@candijack4,,:rolling_on_the_floor_laughing::rolling_on_the_floor_laughing::chair:,neutral,vader,Chino LaForge & Bender,">> I got you hard. >> GIVE HIM THE >> He just left that, dude. That was the first time I heard him go. >> That was all night. >> All right, we'll take it. >> So, how do you deal with hecklers, though? >> How do you deal with hecklers? >> Someone heckle. >> Joe, do do you want honest honest direction on how to heckle? All right. >> First thing I do here, I'll give you guys a little quick little master class.",true
6086.0,2026-09-07 20:57:57,@TheSupercorky,,Don't give him the jizz,neutral,vader,Chino LaForge & Bender,">> GIVE HIM THE >> He just left that, dude. That was the first time I heard him go. >> That was all night. >> All right, we'll take it. >> So, how do you deal with hecklers, though? >> How do you deal with hecklers? >> Someone heckle. >> Joe, do do you want honest honest direction on how to heckle? All right. >> First thing I do here, I'll give you guys a little quick little master class.",true
6087.0,2026-09-07 20:57:58,@S.D.L-m1j,,Low iron..lol,negative,vader,Chino LaForge & Bender,">> GIVE HIM THE >> He just left that, dude. That was the first time I heard him go. >> That was all night. >> All right, we'll take it. >> So, how do you deal with hecklers, though? >> How do you deal with hecklers? >> Someone heckle. >> Joe, do do you want honest honest direction on how to heckle? All right. >> First thing I do here, I'll give you guys a little quick little master class. When I get a heckler, first thing I do",true
6089.0,2026-09-07 20:58:00,@Stillear,,the American cheese of comedy,positive,vader,Chino LaForge & Bender,">> He just left that, dude. That was the first time I heard him go. >> That was all night. >> All right, we'll take it. >> So, how do you deal with hecklers, though? >> How do you deal with hecklers? >> Someone heckle. >> Joe, do do you want honest honest direction on how to heckle? All right. >> First thing I do here, I'll give you guys a little quick little master class. When I get a heckler, first thing I do is I identify where they're heckling",true
6099.0,2026-09-07 20:58:10,@CarlCramer88,,What’s the name of this comedy club next Monday I’m calling in a bomb threat.,negative,vader,Chino LaForge & Bender,">> Someone heckle. >> Joe, do do you want honest honest direction on how to heckle? All right. >> First thing I do here, I'll give you guys a little quick little master class. When I get a heckler, first thing I do is I identify where they're heckling from. >> Did I offend them? >> Are they trying to offend me or are they drunk? >> If I offended them, I pretend like I'm trying to fix things and then I make",true
6101.0,2026-09-07 20:58:12,@TheSupercorky,,Ha!,neutral,vader,Chino LaForge & Bender,">> Joe, do do you want honest honest direction on how to heckle? All right. >> First thing I do here, I'll give you guys a little quick little master class. When I get a heckler, first thing I do is I identify where they're heckling from. >> Did I offend them? >> Are they trying to offend me or are they drunk? >> If I offended them, I pretend like I'm trying to fix things and then I make them worse. That's my favorite thing. I",true
6108.0,2026-09-07 20:58:19,@radiostarkilla21,,Chino spitting game,neutral,vader,Chino LaForge & Bender,"is I identify where they're heckling from. >> Did I offend them? >> Are they trying to offend me or are they drunk? >> If I offended them, I pretend like I'm trying to fix things and then I make them worse. That's my favorite thing. I go, ""Oh, I'm so sorry I said that. Hey, let me ask this."" And then I double down and then watch them squirm. If they're trying to offend me, I try to find uh",true
6114.0,2026-09-07 20:58:25,@candijack4,,Bababoooooey! :face-blue-smiling::face-blue-smiling: ** however it’s spelled ,neutral,vader,Chino LaForge & Bender,"drunk? >> If I offended them, I pretend like I'm trying to fix things and then I make them worse. That's my favorite thing. I go, ""Oh, I'm so sorry I said that. Hey, let me ask this."" And then I double down and then watch them squirm. If they're trying to offend me, I try to find uh the most common thing that I don't like about them. Like say I'm being heckled",true
6119.0,2026-09-07 20:58:30,@TheSupercorky,,Listen up Shane,neutral,vader,Chino LaForge & Bender,"trying to fix things and then I make them worse. That's my favorite thing. I go, ""Oh, I'm so sorry I said that. Hey, let me ask this."" And then I double down and then watch them squirm. If they're trying to offend me, I try to find uh the most common thing that I don't like about them. Like say I'm being heckled by one of those hot girls in those like one piece outfits. I'm like I'm not",true
6130.0,2026-09-07 20:58:41,@z28diablo,,Then Chino puts on the face paint and kills them,negative,vader,Chino LaForge & Bender,"trying to offend me, I try to find uh the most common thing that I don't like about them. Like say I'm being heckled by one of those hot girls in those like one piece outfits. I'm like I'm not going to get heckled by somebody who looks like a trapeze artist or whatever. Just attack them. And if they're drunk, then you just [ __ ] point out their childhood traumas. And that's >> and that's how you do it, friends. It's",true
6147.0,2026-09-07 20:58:58,@JimboTheComic,,Chat thanks so much for coming ,positive,vader,Chino LaForge & Bender,"then you just [ __ ] point out their childhood traumas. And that's >> and that's how you do it, friends. It's that easy. All right. All right, >> Ben. You good? Was that >> That's perfect. >> Hey, thank you. Give it up for vendor. Ladies and gentlemen, >> hope you guys had a good night. Does anybody else want to get up on stage tonight? Anybody else want to speak their mind real quick? Oh, we're we're at the Anyways, ladies and gentlemen, get up for pay coffee and bar for",true
6156.0,2026-09-07 20:59:07,@S.D.L-m1j,,we should have all the comics onstage together like a death match!,negative,vader,Chino LaForge & Bender,">> Hey, thank you. Give it up for vendor. Ladies and gentlemen, >> hope you guys had a good night. Does anybody else want to get up on stage tonight? Anybody else want to speak their mind real quick? Oh, we're we're at the Anyways, ladies and gentlemen, get up for pay coffee and bar for putting this on. What a wonderful establishment for putting up with us every Monday. Thank you so much for braving the potential hurricane. As you can tell here on Maui, it didn't turn to",true
6159.0,2026-09-07 20:59:10,@alisonwayland6057,,chair,neutral,vader,Chino LaForge & Bender,">> hope you guys had a good night. Does anybody else want to get up on stage tonight? Anybody else want to speak their mind real quick? Oh, we're we're at the Anyways, ladies and gentlemen, get up for pay coffee and bar for putting this on. What a wonderful establishment for putting up with us every Monday. Thank you so much for braving the potential hurricane. As you can tell here on Maui, it didn't turn to much. Let's pray for our brothers in",true
6160.0,2026-09-07 20:59:11,@notyouraveragesock1043,,:purple_heart::purple_heart:,neutral,vader,Chino LaForge & Bender,"anybody else want to get up on stage tonight? Anybody else want to speak their mind real quick? Oh, we're we're at the Anyways, ladies and gentlemen, get up for pay coffee and bar for putting this on. What a wonderful establishment for putting up with us every Monday. Thank you so much for braving the potential hurricane. As you can tell here on Maui, it didn't turn to much. Let's pray for our brothers in Niha and Hawaii. Make sure that they're",true
6160.0,2026-09-07 20:59:11,@avery42069,,Put Yej back up here!,neutral,vader,Chino LaForge & Bender,"anybody else want to get up on stage tonight? Anybody else want to speak their mind real quick? Oh, we're we're at the Anyways, ladies and gentlemen, get up for pay coffee and bar for putting this on. What a wonderful establishment for putting up with us every Monday. Thank you so much for braving the potential hurricane. As you can tell here on Maui, it didn't turn to much. Let's pray for our brothers in Niha and Hawaii. Make sure that they're",true
6163.0,2026-09-07 20:59:14,@CarlCramer88,,"No problem, Jimbo thanks for the misery",positive,vader,Chino LaForge & Bender,"their mind real quick? Oh, we're we're at the Anyways, ladies and gentlemen, get up for pay coffee and bar for putting this on. What a wonderful establishment for putting up with us every Monday. Thank you so much for braving the potential hurricane. As you can tell here on Maui, it didn't turn to much. Let's pray for our brothers in Niha and Hawaii. Make sure that they're okay. and get ready for relief efforts",true
6163.0,2026-09-07 20:59:14,@candijack4,,Great conversation on stage :face_with_tongue::smiling_face_with_sunglasses:,positive,vader,Chino LaForge & Bender,"their mind real quick? Oh, we're we're at the Anyways, ladies and gentlemen, get up for pay coffee and bar for putting this on. What a wonderful establishment for putting up with us every Monday. Thank you so much for braving the potential hurricane. As you can tell here on Maui, it didn't turn to much. Let's pray for our brothers in Niha and Hawaii. Make sure that they're okay. and get ready for relief efforts",true
6166.0,2026-09-07 20:59:17,@radiostarkilla21,,Chino wins duo night ,positive,vader,Chino LaForge & Bender,"at the Anyways, ladies and gentlemen, get up for pay coffee and bar for putting this on. What a wonderful establishment for putting up with us every Monday. Thank you so much for braving the potential hurricane. As you can tell here on Maui, it didn't turn to much. Let's pray for our brothers in Niha and Hawaii. Make sure that they're okay. and get ready for relief efforts >> because as we know as the neighboring islands the first thing that we do when",true
6168.0,2026-09-07 20:59:19,@JimboTheComic,,We had a blast! ,neutral,vader,Chino LaForge,"get up for pay coffee and bar for putting this on. What a wonderful establishment for putting up with us every Monday. Thank you so much for braving the potential hurricane. As you can tell here on Maui, it didn't turn to much. Let's pray for our brothers in Niha and Hawaii. Make sure that they're okay. and get ready for relief efforts >> because as we know as the neighboring islands the first thing that we do when somebody hurt is hurt we help. Get ready",true
6180.0,2026-09-07 20:59:31,@S.D.L-m1j,,:white_heart:,neutral,vader,Chino LaForge,Niha and Hawaii. Make sure that they're okay. and get ready for relief efforts >> because as we know as the neighboring islands the first thing that we do when somebody hurt is hurt we help. Get ready to do that. Uh in the chat I'll share you information. Uh although some people in the chat were like it's unfortunate it didn't hit Maui cuz then these [ __ ] will get wet. They really don't like us guys. Uh but hey don't forget to,true
6183.0,2026-09-07 20:59:34,@JimboTheComic,,Stick around for the after hours podcast style. I’m jumping in ,neutral,vader,Chino LaForge,okay. and get ready for relief efforts >> because as we know as the neighboring islands the first thing that we do when somebody hurt is hurt we help. Get ready to do that. Uh in the chat I'll share you information. Uh although some people in the chat were like it's unfortunate it didn't hit Maui cuz then these [ __ ] will get wet. They really don't like us guys. Uh but hey don't forget to like and subscribe so we can monetize,true
6188.0,2026-09-07 20:59:39,@faded8524,,I always wondered what happened to sloth,neutral,vader,Chino LaForge,"somebody hurt is hurt we help. Get ready to do that. Uh in the chat I'll share you information. Uh although some people in the chat were like it's unfortunate it didn't hit Maui cuz then these [ __ ] will get wet. They really don't like us guys. Uh but hey don't forget to like and subscribe so we can monetize your hatred. Uh, nothing would make me happier, nothing would make me happier than to",true
6199.0,2026-09-07 20:59:50,@Donnieboy24,,comic cage match (CCM) winner gets championship chair,positive,vader,Chino LaForge,"[ __ ] will get wet. They really don't like us guys. Uh but hey don't forget to like and subscribe so we can monetize your hatred. Uh, nothing would make me happier, nothing would make me happier than to take such a extreme momentum and just turn it into money into our pockets. That would be so wonderful. Um, guys, thank you for joining us. Thank you for tuning in. >> Over 50K viewers online. That's kind of",true
6203.0,2026-09-07 20:59:54,@radiostarkilla21,,"Thank you Jimbo, good luck not getting murdered this week",positive,vader,Chino LaForge,"like and subscribe so we can monetize your hatred. Uh, nothing would make me happier, nothing would make me happier than to take such a extreme momentum and just turn it into money into our pockets. That would be so wonderful. Um, guys, thank you for joining us. Thank you for tuning in. >> Over 50K viewers online. That's kind of weird, right? Oh. Oh, 66K. Excuse me. I",true
6205.0,2026-09-07 20:59:56,@TheSupercorky,,:chair::chair::chair::chair::chair::chair::chair::chair:,neutral,vader,Chino LaForge,"your hatred. Uh, nothing would make me happier, nothing would make me happier than to take such a extreme momentum and just turn it into money into our pockets. That would be so wonderful. Um, guys, thank you for joining us. Thank you for tuning in. >> Over 50K viewers online. That's kind of weird, right? Oh. Oh, 66K. Excuse me. I really short sold that. By the way, we",true
6216.0,2026-09-07 21:00:07,@avery42069,,Chair!!!!!,neutral,vader,Chino LaForge,"thank you for joining us. Thank you for tuning in. >> Over 50K viewers online. That's kind of weird, right? Oh. Oh, 66K. Excuse me. I really short sold that. By the way, we had like 50 people here tonight at most. So, that's [ __ ] cool. Thanks for making this night awesome. Uh, oh, audience member of the night. Obviously you two. You guys are my shoe and pick",true
6220.0,2026-09-07 21:00:11,@S.D.L-m1j,,We love you Chino..lol and the chair!,positive,vader,Chino LaForge,">> Over 50K viewers online. That's kind of weird, right? Oh. Oh, 66K. Excuse me. I really short sold that. By the way, we had like 50 people here tonight at most. So, that's [ __ ] cool. Thanks for making this night awesome. Uh, oh, audience member of the night. Obviously you two. You guys are my shoe and pick for audience members of the night. Let me get you guys some swag real quick.",true
6228.0,2026-09-07 21:00:19,@JimboTheComic,,Hahah radio I made up with John he forgave me ,positive,vader,Chino LaForge,"really short sold that. By the way, we had like 50 people here tonight at most. So, that's [ __ ] cool. Thanks for making this night awesome. Uh, oh, audience member of the night. Obviously you two. You guys are my shoe and pick for audience members of the night. Let me get you guys some swag real quick. Um, comedian the night. Uh, it was duo night. There are none. There are none. >> The chair and the chair is what the",true
6231.0,2026-09-07 21:00:22,@someguy9566,,Chino screaming give em the jizz is crazy :face_with_tears_of_joy:,negative,vader,Chino LaForge,"So, that's [ __ ] cool. Thanks for making this night awesome. Uh, oh, audience member of the night. Obviously you two. You guys are my shoe and pick for audience members of the night. Let me get you guys some swag real quick. Um, comedian the night. Uh, it was duo night. There are none. There are none. >> The chair and the chair is what the online wanted. No, I don't have a prize for comic of the night. So, everybody",true
6231.0,2026-09-07 21:00:22,@alisonwayland6057,,cue Sarah McLachlan music,neutral,vader,Chino LaForge,"So, that's [ __ ] cool. Thanks for making this night awesome. Uh, oh, audience member of the night. Obviously you two. You guys are my shoe and pick for audience members of the night. Let me get you guys some swag real quick. Um, comedian the night. Uh, it was duo night. There are none. There are none. >> The chair and the chair is what the online wanted. No, I don't have a prize for comic of the night. So, everybody",true
6236.0,2026-09-07 21:00:27,@TheSupercorky,,ThAnks Chino,positive,vader,Chino LaForge,"you two. You guys are my shoe and pick for audience members of the night. Let me get you guys some swag real quick. Um, comedian the night. Uh, it was duo night. There are none. There are none. >> The chair and the chair is what the online wanted. No, I don't have a prize for comic of the night. So, everybody did great. Uh, I'm not going to make anybody stand out more than others. Uh, next week,",true
6241.0,2026-09-07 21:00:32,@allisonnicole55,,We do like you guys! It’s just that some of the people aren’t that funny.,positive,vader,Chino LaForge,"me get you guys some swag real quick. Um, comedian the night. Uh, it was duo night. There are none. There are none. >> The chair and the chair is what the online wanted. No, I don't have a prize for comic of the night. So, everybody did great. Uh, I'm not going to make anybody stand out more than others. Uh, next week, >> should we do characters next week? >> Character- based comedy. You guys cool",true
6251.0,2026-09-07 21:00:42,@TheSupercorky,,Yes,positive,vader,Chino LaForge,"for comic of the night. So, everybody did great. Uh, I'm not going to make anybody stand out more than others. Uh, next week, >> should we do characters next week? >> Character- based comedy. You guys cool with that? Comedians, you cool with that next week. Character-based comedy. >> Doesn't have to be the whole set, just pull out a little bit of a character.",true
6257.0,2026-09-07 21:00:48,@JimboTheComic,,Hahaha Allison it’s all love ,positive,vader,Chino LaForge,"next week, >> should we do characters next week? >> Character- based comedy. You guys cool with that? Comedians, you cool with that next week. Character-based comedy. >> Doesn't have to be the whole set, just pull out a little bit of a character. Uh, dude, we know we know that some people are going to be just fine. Some people don't know how to be themselves.",true
6259.0,2026-09-07 21:00:50,@radiostarkilla21,,Better double check his manifesto to make sure your name’s crossed off,positive,vader,Chino LaForge,">> should we do characters next week? >> Character- based comedy. You guys cool with that? Comedians, you cool with that next week. Character-based comedy. >> Doesn't have to be the whole set, just pull out a little bit of a character. Uh, dude, we know we know that some people are going to be just fine. Some people don't know how to be themselves. So, that's wonderful. Uh, thank you so",true
6260.0,2026-09-07 21:00:51,@S.D.L-m1j,,:chair::chair::chair:,neutral,vader,Chino LaForge,">> should we do characters next week? >> Character- based comedy. You guys cool with that? Comedians, you cool with that next week. Character-based comedy. >> Doesn't have to be the whole set, just pull out a little bit of a character. Uh, dude, we know we know that some people are going to be just fine. Some people don't know how to be themselves. So, that's wonderful. Uh, thank you so much for joining us, chat. I'll be with",true
6274.0,2026-09-07 21:01:05,@alisonwayland6057,,charcters??? that's gonna be rough,neutral,vader,Chino LaForge,"people are going to be just fine. Some people don't know how to be themselves. So, that's wonderful. Uh, thank you so much for joining us, chat. I'll be with you in a second. Uh, we'll see you next week. Stay dry. Love you guys. Good night. BYE. CONGRATULATIONS. ATTORNEY,",true
6275.0,2026-09-07 21:01:06,@juanhartman1081,,Can you do a week of just comedy? ,positive,vader,Chino LaForge,"people are going to be just fine. Some people don't know how to be themselves. So, that's wonderful. Uh, thank you so much for joining us, chat. I'll be with you in a second. Uh, we'll see you next week. Stay dry. Love you guys. Good night. BYE. CONGRATULATIONS. ATTORNEY,",true
6281.0,2026-09-07 21:01:12,@TheSupercorky,,:chair::chair::chair::loudspeaker::chair::chair::chair::loudspeaker::loudspeaker::loudspeaker::loudspeaker::chair:,neutral,vader,Chino LaForge,"you in a second. Uh, we'll see you next week. Stay dry. Love you guys. Good night. BYE. CONGRATULATIONS. ATTORNEY,",true
6285.0,2026-09-07 21:01:16,@candijack4,,First time I’ve heard people still in the audience after the show ends lol usually preeeeetty quiet :grinning_face_with_sweat::face_savoring_food::fire::fire::fire:,positive,vader,Chino LaForge,"week. Stay dry. Love you guys. Good night. BYE. CONGRATULATIONS. ATTORNEY,",true
6287.0,2026-09-07 21:01:18,@Donnieboy24,,wooo,neutral,vader,Chino LaForge,"CONGRATULATIONS. ATTORNEY,",true
6298.0,2026-09-07 21:01:29,@S.D.L-m1j,,For some reason this place keeps me coming back..lol,neutral,vader,Chino LaForge,TOO. Love you.,true
6310.0,2026-09-07 21:01:41,@someguy9566,,"dang, I kinda wanna do a comedy set",positive,vader,Chino LaForge,"TOO. Love you. But yeah, >> first time",true
6313.0,2026-09-07 21:01:44,@TheSupercorky,,Yeah!,positive,vader,Chino LaForge,"TOO. Love you. But yeah, >> first time",true
6317.0,2026-09-07 21:01:48,@avery42069,,Put Yej in chair,neutral,vader,Chino LaForge,"But yeah, >> first time",true
6316.0,2026-09-07 21:01:47,@candijack4,,Good must’ve been a hit ,positive,vader,Chino LaForge,"TOO. Love you. But yeah, >> first time",true
6318.0,2026-09-07 21:01:49,@Donnieboy24,,hubba hubba,neutral,vader,Chino LaForge,"But yeah, >> first time",true
6320.0,2026-09-07 21:01:51,@candijack4,,Food*,neutral,vader,Chino LaForge,"But yeah, >> first time",true
6321.0,2026-09-07 21:01:52,@allisonnicole55,,The chair!! :pink_heart:,neutral,vader,Chino LaForge,>> first time,true
6322.0,2026-09-07 21:01:53,@z28diablo,,Sklyer knows the assignment,neutral,vader,Chino LaForge,>> first time witnesses.,true
6331.0,2026-09-07 21:02:02,@S.D.L-m1j,,Wioo hooo,neutral,vader,Chino LaForge,witnesses. >> Oh no.,true
6333.0,2026-09-07 21:02:04,@TheSupercorky,,Now we're talking,neutral,vader,Chino LaForge,"witnesses. >> Oh no. Chair, chair, chair, chair, chair,",true
6337.0,2026-09-07 21:02:08,@z28diablo,,THE LEGEND,neutral,vader,Chino LaForge,"witnesses. >> Oh no. Chair, chair, chair, chair, chair, chair, chair. They love that chair, man.",true
6346.0,2026-09-07 21:02:17,@S.D.L-m1j,,There's our chair,neutral,vader,Chino LaForge,"Chair, chair, chair, chair, chair, chair, chair. They love that chair, man. >> Good to see you, >> dude.",true
6348.0,2026-09-07 21:02:19,@someguy9566,,the second angle is crazy :rolling_on_the_floor_laughing:,negative,vader,Chino LaForge,"Chair, chair, chair, chair, chair, chair, chair. They love that chair, man. >> Good to see you, >> dude.",true
6350.0,2026-09-07 21:02:21,@alisonwayland6057,,it's addictive to keep seeing the same train reck each Monday.,neutral,vader,Chino LaForge,"Chair, chair, chair, chair, chair, chair, chair. They love that chair, man. >> Good to see you, >> dude.",true
6353.0,2026-09-07 21:02:24,@radiostarkilla21,,"Thanks for the laughs chat, at least we funny lol",positive,vader,Chino LaForge,"Chair, chair, chair, chair, chair, chair, chair. They love that chair, man. >> Good to see you, >> dude. All right. What's up, chat?",true
6353.0,2026-09-07 21:02:24,@TheSupercorky,,Whistle,neutral,vader,Chino LaForge,"Chair, chair, chair, chair, chair, chair, chair. They love that chair, man. >> Good to see you, >> dude. All right. What's up, chat?",true
6358.0,2026-09-07 21:02:29,@candijack4,,:smiling_face_with_heart_eyes::smiling_face_with_heart_eyes::chair::hot_face::hot_face:,neutral,vader,Chino LaForge,"chair, chair. They love that chair, man. >> Good to see you, >> dude. All right. What's up, chat? There it is. Your moment of charity as you ask your cherry awaits",true
6359.0,2026-09-07 21:02:30,@avery42069,,Chair :smiling_face_with_heart_eyes: ,neutral,vader,Chino LaForge,">> Good to see you, >> dude. All right. What's up, chat? There it is. Your moment of charity as you ask your cherry awaits",true
6368.0,2026-09-07 21:02:39,@S.D.L-m1j,,Nice curves:grinning_squinting_face:,positive,vader,Chino LaForge,"All right. What's up, chat? There it is. Your moment of charity as you ask your cherry awaits man of cherry man of my word and now you're an audience of cherry welcome. Good to see you guys. Thanks for tuning in. Sorry. Hey, it was a rough one tonight. I'll be honest with you guys.",true
6367.0,2026-09-07 21:02:38,@leedlelee-l2d,,is Shane talking about how he should’ve won ,positive,vader,Chino LaForge,"All right. What's up, chat? There it is. Your moment of charity as you ask your cherry awaits man of cherry man of my word and now you're an audience of cherry welcome. Good to see you guys. Thanks for tuning in. Sorry. Hey, it was a rough one",true
6370.0,2026-09-07 21:02:41,@TheSupercorky,,:chair::chair::chair::chair::chair::chair::chair::chair::chair:,neutral,vader,Chino LaForge,"All right. What's up, chat? There it is. Your moment of charity as you ask your cherry awaits man of cherry man of my word and now you're an audience of cherry welcome. Good to see you guys. Thanks for tuning in. Sorry. Hey, it was a rough one tonight. I'll be honest with you guys. Audience, you you know you can tell the",true
6370.0,2026-09-07 21:02:41,@Hackofalltrades-mh5fq,,the artist formally known as Chair,neutral,vader,Chino LaForge,"All right. What's up, chat? There it is. Your moment of charity as you ask your cherry awaits man of cherry man of my word and now you're an audience of cherry welcome. Good to see you guys. Thanks for tuning in. Sorry. Hey, it was a rough one tonight. I'll be honest with you guys. Audience, you you know you can tell the",true
6371.0,2026-09-07 21:02:42,@z28diablo,,"Chino, are you hosting as Captain Spaulding next week?",neutral,vader,Chino LaForge,"All right. What's up, chat? There it is. Your moment of charity as you ask your cherry awaits man of cherry man of my word and now you're an audience of cherry welcome. Good to see you guys. Thanks for tuning in. Sorry. Hey, it was a rough one tonight. I'll be honest with you guys. Audience, you you know you can tell the",true
6376.0,2026-09-07 21:02:47,@TheSupercorky,,Yes,positive,vader,Chino LaForge,"There it is. Your moment of charity as you ask your cherry awaits man of cherry man of my word and now you're an audience of cherry welcome. Good to see you guys. Thanks for tuning in. Sorry. Hey, it was a rough one tonight. I'll be honest with you guys. Audience, you you know you can tell the difference between when our shows are like hitting and when they're and when they're tough. Tonight was a tough one.",true
6379.0,2026-09-07 21:02:50,@radiostarkilla21,,Dave Chairpelle,neutral,vader,Chino LaForge,"you ask your cherry awaits man of cherry man of my word and now you're an audience of cherry welcome. Good to see you guys. Thanks for tuning in. Sorry. Hey, it was a rough one tonight. I'll be honest with you guys. Audience, you you know you can tell the difference between when our shows are like hitting and when they're and when they're tough. Tonight was a tough one. It was a tough one. Thank you for being here for it, dude. You guys, the ones",true
6390.0,2026-09-07 21:03:01,@juanhartman1081,,"Alright, I’m gonna BUTT CHUG some of Chino’s Sriracha Sauce….its a smooth mild and wonderful sauce…",positive,vader,Chino LaForge,"Audience, you you know you can tell the difference between when our shows are like hitting and when they're and when they're tough. Tonight was a tough one. It was a tough one. Thank you for being here for it, dude. You guys, the ones who stuck it out the entire one. I'm impressed. All right, I'm paid to be here. I'm glad you guys like the chair. What we got in comments saying the artist formerly known as chair?",true
6392.0,2026-09-07 21:03:03,@Donnieboy24,,:face_with_tears_of_joy:,neutral,vader,Chino LaForge,"difference between when our shows are like hitting and when they're and when they're tough. Tonight was a tough one. It was a tough one. Thank you for being here for it, dude. You guys, the ones who stuck it out the entire one. I'm impressed. All right, I'm paid to be here. I'm glad you guys like the chair. What we got in comments saying the artist formerly known as chair?",true
6392.0,2026-09-07 21:03:03,@avery42069,,Give Yej an hour,neutral,vader,Chino LaForge,"difference between when our shows are like hitting and when they're and when they're tough. Tonight was a tough one. It was a tough one. Thank you for being here for it, dude. You guys, the ones who stuck it out the entire one. I'm impressed. All right, I'm paid to be here. I'm glad you guys like the chair. What we got in comments saying the artist formerly known as chair?",true
6396.0,2026-09-07 21:03:07,@S.D.L-m1j,,Chino!!,neutral,vader,Chino LaForge,"they're tough. Tonight was a tough one. It was a tough one. Thank you for being here for it, dude. You guys, the ones who stuck it out the entire one. I'm impressed. All right, I'm paid to be here. I'm glad you guys like the chair. What we got in comments saying the artist formerly known as chair? Am I hosting as Captain Spalding next week? Every week, baby. That's what I look like. I'm born like this. Um I",true
6398.0,2026-09-07 21:03:09,@radiostarkilla21,,Chino you killed all night ,neutral,vader,Chino LaForge,"It was a tough one. Thank you for being here for it, dude. You guys, the ones who stuck it out the entire one. I'm impressed. All right, I'm paid to be here. I'm glad you guys like the chair. What we got in comments saying the artist formerly known as chair? Am I hosting as Captain Spalding next week? Every week, baby. That's what I look like. I'm born like this. Um I",true
6401.0,2026-09-07 21:03:12,@someguy9566,,ya doubles are hard,negative,vader,Chino LaForge,"who stuck it out the entire one. I'm impressed. All right, I'm paid to be here. I'm glad you guys like the chair. What we got in comments saying the artist formerly known as chair? Am I hosting as Captain Spalding next week? Every week, baby. That's what I look like. I'm born like this. Um I know. Rest in peace, Captain Spalding. I I guess I'll have to be his uh his",true
6409.0,2026-09-07 21:03:20,@candijack4,,I have yet to make it to a “hit” night :rolling_on_the_floor_laughing::face_savoring_food::face_blowing_a_kiss:,neutral,vader,Chino LaForge,"we got in comments saying the artist formerly known as chair? Am I hosting as Captain Spalding next week? Every week, baby. That's what I look like. I'm born like this. Um I know. Rest in peace, Captain Spalding. I I guess I'll have to be his uh his replacement as we get into the remakes. >> Butt chug some hot sauce.",true
6410.0,2026-09-07 21:03:21,@Donnieboy24,,duos did seem kinda difficult to be fair to the comics,neutral,vader,Chino LaForge,"formerly known as chair? Am I hosting as Captain Spalding next week? Every week, baby. That's what I look like. I'm born like this. Um I know. Rest in peace, Captain Spalding. I I guess I'll have to be his uh his replacement as we get into the remakes. >> Butt chug some hot sauce. Some the Sriracha. Oh, the Sriracha is",true
6413.0,2026-09-07 21:03:24,@LordEvil416,,loll,neutral,vader,Chino LaForge,"Am I hosting as Captain Spalding next week? Every week, baby. That's what I look like. I'm born like this. Um I know. Rest in peace, Captain Spalding. I I guess I'll have to be his uh his replacement as we get into the remakes. >> Butt chug some hot sauce. Some the Sriracha. Oh, the Sriracha is very butt chugable. Um, out of all the",true
6430.0,2026-09-07 21:03:41,@z28diablo,,"Chino, I need some hot sauce for my eyes after tonight",neutral,vader,Chino LaForge,"Some the Sriracha. Oh, the Sriracha is very butt chugable. Um, out of all the sauces to butt chug, I think I would butt chug that one the most. No, sorry. I think I Thank you, man. Appreciate it. Got some food here. Oh, what up SDL, dude? Thanks for coming back again next week. Appreciate you. You're on a roll. Thank you. Thank you, Radio Star. Appreciate it. Uh, I was just doing my",true
6436.0,2026-09-07 21:03:47,@Hackofalltrades-mh5fq,,tag team is tough,negative,vader,Chino LaForge,"sauces to butt chug, I think I would butt chug that one the most. No, sorry. I think I Thank you, man. Appreciate it. Got some food here. Oh, what up SDL, dude? Thanks for coming back again next week. Appreciate you. You're on a roll. Thank you. Thank you, Radio Star. Appreciate it. Uh, I was just doing my best to make sure the show stayed entertaining. Uh, doubles are especially hard. There's a lot of listening",true
6438.0,2026-09-07 21:03:49,@TheSupercorky,, Chino + chair = comic of the night,neutral,vader,Chino LaForge,"butt chug that one the most. No, sorry. I think I Thank you, man. Appreciate it. Got some food here. Oh, what up SDL, dude? Thanks for coming back again next week. Appreciate you. You're on a roll. Thank you. Thank you, Radio Star. Appreciate it. Uh, I was just doing my best to make sure the show stayed entertaining. Uh, doubles are especially hard. There's a lot of listening involved and, uh, sometimes comedians",true
6464.0,2026-09-07 21:04:15,@juanhartman1081,,"Chino got some bomb ass sauces, he sent me some and it’s a hit amongst the family! :alien:",negative,vader,Chino LaForge,"zone in on what we're trying to say. So, sometimes you saw that a couple times tonight, but this is how we learn. Sometimes a host is going to bring you back on a show. If you've had a set and it was great, they want to play with you on stage. This is a great way to learn how to do that. Uh, yeah, doubles are hard. Thank you, some guy. You get it. Um, duos did seem kind of difficult. Yeah. Yeah. It's it's full improv. Uh, people",true
6476.0,2026-09-07 21:04:27,@Gloobus.q,,I canceled my trip to Hawaii thanks to this. Thank you,positive,vader,Chino LaForge,"how to do that. Uh, yeah, doubles are hard. Thank you, some guy. You get it. Um, duos did seem kind of difficult. Yeah. Yeah. It's it's full improv. Uh, people do try to write for it, but it's really tough to even prepare for something like that. So, you need hot sauce for your eyes after tonight? Diablo, didn't I send you hot sauce? If I haven't sent you hot sauce yet, Diablo, message me in",true
6479.0,2026-09-07 21:04:30,@radiostarkilla21,,Duos test your wit and improv for sure,positive,vader,Chino LaForge,"Um, duos did seem kind of difficult. Yeah. Yeah. It's it's full improv. Uh, people do try to write for it, but it's really tough to even prepare for something like that. So, you need hot sauce for your eyes after tonight? Diablo, didn't I send you hot sauce? If I haven't sent you hot sauce yet, Diablo, message me in the uh the Comedy Simulator Instagram",true
6487.0,2026-09-07 21:04:38,@alisonwayland6057,,double was like watching a family play monopoly. someone always gets angry.,positive,vader,Chino LaForge,"tough to even prepare for something like that. So, you need hot sauce for your eyes after tonight? Diablo, didn't I send you hot sauce? If I haven't sent you hot sauce yet, Diablo, message me in the uh the Comedy Simulator Instagram and I'll I'll get you some. You deserve some. Uh get some bomb. Yeah, thank you, Juan. Appreciate you. We got him some sauces. Uh appreciate you. Hey, Juan",true
6520.0,2026-09-07 21:05:11,@S.D.L-m1j,,lol..you have something speci there just can't figure it out yet:zany_face::white_heart:..,neutral,vader,Chino LaForge,"You're one of my favorites. Um, double's like watching family play Monopoly. Ooh, Allison nailed it on the head. It is like watching a a family play Monopoly. And not like like a real family. Not like one of those Steepford families, but like the families that like openly fight. The ones that like the police officers of your neighborhood like recognize you when they come to your",true
6525.0,2026-09-07 21:05:16,@juanhartman1081,,"We gonna be ordering more, I just gotta keep it spicy in here too",neutral,vader,Chino LaForge,"like watching family play Monopoly. Ooh, Allison nailed it on the head. It is like watching a a family play Monopoly. And not like like a real family. Not like one of those Steepford families, but like the families that like openly fight. The ones that like the police officers of your neighborhood like recognize you when they come to your house where they're like, ""Hey, buddy. Everything okay?"" What? Just me?",true
6533.0,2026-09-07 21:05:24,@Stillear,,Manson family,neutral,vader,Chino LaForge,"like one of those Steepford families, but like the families that like openly fight. The ones that like the police officers of your neighborhood like recognize you when they come to your house where they're like, ""Hey, buddy. Everything okay?"" What? Just me? >> All right. You cancelled the trip to Hawaii thanks to this. Hey, good. We don't want you. >> No, you're fine. You're good. What's up? >> I was just wondering what like the",true
6538.0,2026-09-07 21:05:29,@Hackofalltrades-mh5fq,,Jimbo just roasted his teammate,neutral,vader,Chino LaForge,"officers of your neighborhood like recognize you when they come to your house where they're like, ""Hey, buddy. Everything okay?"" What? Just me? >> All right. You cancelled the trip to Hawaii thanks to this. Hey, good. We don't want you. >> No, you're fine. You're good. What's up? >> I was just wondering what like the wholeatic was. >> Oh, sure. Do you roast? >> We we do a different theme every week.",true
6540.0,2026-09-07 21:05:31,@someguy9566,,I swear the dora the explorer girl is low-key great at duos energy tho,positive,vader,Chino LaForge,"recognize you when they come to your house where they're like, ""Hey, buddy. Everything okay?"" What? Just me? >> All right. You cancelled the trip to Hawaii thanks to this. Hey, good. We don't want you. >> No, you're fine. You're good. What's up? >> I was just wondering what like the wholeatic was. >> Oh, sure. Do you roast? >> We we do a different theme every week. So, this this week's theme was double",true
6549.0,2026-09-07 21:05:40,@LordEvil416,,lmaoo,neutral,vader,Chino LaForge,"don't want you. >> No, you're fine. You're good. What's up? >> I was just wondering what like the wholeatic was. >> Oh, sure. Do you roast? >> We we do a different theme every week. So, this this week's theme was double sets where we had comics doing two sets or two comics doing a set together. Um, next week is character comedy. So, character based stuff >> or like Yeah. Or like think of uh even",true
6565.0,2026-09-07 21:05:56,@travismurphy6733,,said hi,neutral,vader,Chino LaForge,"next week is character comedy. So, character based stuff >> or like Yeah. Or like think of uh even if you're telling a story, maybe just like be the other person you're talking about even for a little bit. Uh, it doesn't have to be your whole set. We just like I got that. >> Yeah. We just work in elements to kind of like stretch out the talent. Okay. >> Yeah. What's your name, friend? >> Jordan, man. >> Jordan. Chino. >> Good to meet you. >> Good to meet you. I run this thing every",true
6620.0,2026-09-07 21:06:51,@Stillear,,"jimbos partner was the least funny person to ever appear on this show, let that sink in chat",negative,vader,Chino LaForge,"music opening >> um tomorrow is live band no sorry Thursday um tomorrow's bingo Wednesday's trivia Thursday is live band karaoke Friday and Saturday are house DJ Yeah. Yeah. What was your name? >> Chino. >> Do this one more time. >> Jordan. >> Jordan. Right on, brother. Good to meet you. >> Hell yeah. Sorry. Just talking about more shows booking. We're going to be",true
6631.0,2026-09-07 21:07:02,@radiostarkilla21,,Live band karaoke!!! Love that stuff ,positive,vader,Chino LaForge,"Yeah. Yeah. What was your name? >> Chino. >> Do this one more time. >> Jordan. >> Jordan. Right on, brother. Good to meet you. >> Hell yeah. Sorry. Just talking about more shows booking. We're going to be ordering more. Just got to keep it spicy. Hey, appreciate you. Uh, Juan, don't forget, use the code com 10. You get 10% off your order. Uh, Manson Family. Yeah, that's Yeah, right. Manson",true
6639.0,2026-09-07 21:07:10,@z28diablo,,Was looking forward to a Uncle Waikiki/Dumpster Dan duet,neutral,vader,Chino LaForge,">> Hell yeah. Sorry. Just talking about more shows booking. We're going to be ordering more. Just got to keep it spicy. Hey, appreciate you. Uh, Juan, don't forget, use the code com 10. You get 10% off your order. Uh, Manson Family. Yeah, that's Yeah, right. Manson family playing Monopoly 100%. I swear the Dora the Explorer girl is lowkey great at duos. Yeah. You know, she Sasha",true
6643.0,2026-09-07 21:07:14,@candijack4,,"Is trivia live streamed??, ",neutral,vader,Chino LaForge,"spicy. Hey, appreciate you. Uh, Juan, don't forget, use the code com 10. You get 10% off your order. Uh, Manson Family. Yeah, that's Yeah, right. Manson family playing Monopoly 100%. I swear the Dora the Explorer girl is lowkey great at duos. Yeah. You know, she Sasha brought a great energy tonight with Craig cuz Craig like Craig can be a",true
6665.0,2026-09-07 21:07:36,@S.D.L-m1j,,where do you sell the hot sauce Chino?,neutral,vader,Chino LaForge,"little like overwhelming like he wants to like he wants to take s he wants to use his words a lot. Sasha did a great job of just like kind of verbal judoing him and redirecting them. I think we really got to see some flashes of why she wants to do comedy. That's what I love uh seeing the weeklies and sometimes you see some new comics come and you're like I don't know why they're like interested in comedy. Maybe they don't seem naturally funny off the bat,",true
6665.0,2026-09-07 21:07:36,@juanhartman1081,,Catch yall on the next one :alien::sauropod:,neutral,vader,Chino LaForge,"little like overwhelming like he wants to like he wants to take s he wants to use his words a lot. Sasha did a great job of just like kind of verbal judoing him and redirecting them. I think we really got to see some flashes of why she wants to do comedy. That's what I love uh seeing the weeklies and sometimes you see some new comics come and you're like I don't know why they're like interested in comedy. Maybe they don't seem naturally funny off the bat,",true
6673.0,2026-09-07 21:07:44,@avery42069,,Sasha and Yej need to have a duo show,neutral,vader,Chino LaForge,"him and redirecting them. I think we really got to see some flashes of why she wants to do comedy. That's what I love uh seeing the weeklies and sometimes you see some new comics come and you're like I don't know why they're like interested in comedy. Maybe they don't seem naturally funny off the bat, but every once in a while you'll see little flashes and you're like, ""Oh, that's the comedian inside."" That's why I've been doing comedy for so long. That's why I've been cultivating comedy",true
6699.0,2026-09-07 21:08:10,@EmmaMitzi,,If I use the code comsim90 will I get 90% off?? :face_with_tears_of_joy::face_with_tears_of_joy::face_with_tears_of_joy:,neutral,vader,Chino LaForge,"yeah, catch you on the next one. Appreciate you. Where do we sell the hot sauce? Uh very easy. It's on highspice.com. That's hpspice.com. Uh it brings up our website in the promo area. Type in com10 to get 10% off. >> And also say hi to Mr. Shane. Shane Nelson.",true
6704.0,2026-09-07 21:08:15,@S.D.L-m1j,,ok,positive,vader,Chino LaForge,sauce? Uh very easy. It's on highspice.com. That's hpspice.com. Uh it brings up our website in the promo area. Type in com10 to get 10% off. >> And also say hi to Mr. Shane. Shane Nelson. >> Hello. >> Probably comic of the night. I don't know. >> Me and him were the only two that did it,true
6719.0,2026-09-07 21:08:30,@radiostarkilla21,,Hey shane nice try,positive,vader,Chino LaForge,">> Hello. >> Probably comic of the night. I don't know. >> Me and him were the only two that did it twice. So I guess it's us >> twice. We came. We conquered. >> He came again. >> Yeah. Good job, Shane. Appreciate Shane. Shane. That was Shane, not Jackson, by the way. That was Shane. Um, it's like, you know, sometimes you got to write the",true
6720.0,2026-09-07 21:08:31,@alisonwayland6057,,that stuff is pretty tasty.,positive,vader,Chino LaForge,">> Probably comic of the night. I don't know. >> Me and him were the only two that did it twice. So I guess it's us >> twice. We came. We conquered. >> He came again. >> Yeah. Good job, Shane. Appreciate Shane. Shane. That was Shane, not Jackson, by the way. That was Shane. Um, it's like, you know, sometimes you got to write the the first letter of your twin's name on",true
6723.0,2026-09-07 21:08:34,@juanhartman1081,,It’s worth it @S.D.L,positive,vader,Chino LaForge,">> Me and him were the only two that did it twice. So I guess it's us >> twice. We came. We conquered. >> He came again. >> Yeah. Good job, Shane. Appreciate Shane. Shane. That was Shane, not Jackson, by the way. That was Shane. Um, it's like, you know, sometimes you got to write the the first letter of your twin's name on their head to know which one it is. Hey, there's your moderator, Jimbo. Say hi to",true
6733.0,2026-09-07 21:08:44,@lynndavison2126,,LYNYRD SKYNYRD,neutral,vader,Chino LaForge,"Shane. That was Shane, not Jackson, by the way. That was Shane. Um, it's like, you know, sometimes you got to write the the first letter of your twin's name on their head to know which one it is. Hey, there's your moderator, Jimbo. Say hi to Jimbo. >> Or you get put in timeout. >> Your moderator who doesn't moderate it. >> I don't like that it makes me put them in timeout. It's so weird. >> He literally just reads your comments and make sure you're not saying any like",true
6735.0,2026-09-07 21:08:46,@avery42069,,Jimbooo,neutral,vader,Chino LaForge,"Shane. That was Shane, not Jackson, by the way. That was Shane. Um, it's like, you know, sometimes you got to write the the first letter of your twin's name on their head to know which one it is. Hey, there's your moderator, Jimbo. Say hi to Jimbo. >> Or you get put in timeout. >> Your moderator who doesn't moderate it. >> I don't like that it makes me put them in timeout. It's so weird. >> He literally just reads your comments and make sure you're not saying any like horrible words.",true
6740.0,2026-09-07 21:08:51,@Stillear,,Chino:finger-red-number-one:,neutral,vader,Chino LaForge,"the first letter of your twin's name on their head to know which one it is. Hey, there's your moderator, Jimbo. Say hi to Jimbo. >> Or you get put in timeout. >> Your moderator who doesn't moderate it. >> I don't like that it makes me put them in timeout. It's so weird. >> He literally just reads your comments and make sure you're not saying any like horrible words. >> Like and comment if you think we should start busting open sports card packs at the end of the night.",true
6740.0,2026-09-07 21:08:51,@S.D.L-m1j,,awesome Juan,positive,vader,Chino LaForge,"the first letter of your twin's name on their head to know which one it is. Hey, there's your moderator, Jimbo. Say hi to Jimbo. >> Or you get put in timeout. >> Your moderator who doesn't moderate it. >> I don't like that it makes me put them in timeout. It's so weird. >> He literally just reads your comments and make sure you're not saying any like horrible words. >> Like and comment if you think we should start busting open sports card packs at the end of the night.",true
6742.0,2026-09-07 21:08:53,@Donnieboy24,,jimboo respect,positive,vader,Chino LaForge,"their head to know which one it is. Hey, there's your moderator, Jimbo. Say hi to Jimbo. >> Or you get put in timeout. >> Your moderator who doesn't moderate it. >> I don't like that it makes me put them in timeout. It's so weird. >> He literally just reads your comments and make sure you're not saying any like horrible words. >> Like and comment if you think we should start busting open sports card packs at the end of the night. >> Sasha and and Yeshu show. That That",true
6753.0,2026-09-07 21:09:04,@S.D.L-m1j,,Jimbooo:disguised_face::star_struck::star_struck::star_struck:,neutral,vader,Chino LaForge,"and make sure you're not saying any like horrible words. >> Like and comment if you think we should start busting open sports card packs at the end of the night. >> Sasha and and Yeshu show. That That could be fun. I'd I'd listen to that podcast for sure. >> What are you saying about me? Be nice to me. >> Jimbo, >> they know the rules. They know the rules. I said I have the power. I don't deserve the power, but I have it.",true
6758.0,2026-09-07 21:09:09,@candijack4,,Chill mod Jimbo :relieved_face::smiling_face_with_hearts::fire::fire::fire:,neutral,vader,Chino LaForge,"start busting open sports card packs at the end of the night. >> Sasha and and Yeshu show. That That could be fun. I'd I'd listen to that podcast for sure. >> What are you saying about me? Be nice to me. >> Jimbo, >> they know the rules. They know the rules. I said I have the power. I don't deserve the power, but I have it. >> Leonard Scannard. >> Hey, thank you guys. Appreciate you. Hey, w chat. >> Why do they like you?",true
6768.0,2026-09-07 21:09:19,@juanhartman1081,,Jimbo looks heavier than last week ,neutral,vader,Chino LaForge,">> Jimbo, >> they know the rules. They know the rules. I said I have the power. I don't deserve the power, but I have it. >> Leonard Scannard. >> Hey, thank you guys. Appreciate you. Hey, w chat. >> Why do they like you? >> I don't know. I don't know. It's the only people I know. >> You don't know him. >> You don't know me. >> We like each other. >> I don't know them either. That's why I like them. >> But we do on a level. I mean,",true
6776.0,2026-09-07 21:09:27,@S.D.L-m1j,,Love Jimbo..lol,positive,vader,Chino LaForge,"Hey, w chat. >> Why do they like you? >> I don't know. I don't know. It's the only people I know. >> You don't know him. >> You don't know me. >> We like each other. >> I don't know them either. That's why I like them. >> But we do on a level. I mean, >> I feel like I know a lot of our commenters just based on your senses of humor. Yeah, >> like after seeing literally hundreds of",true
6777.0,2026-09-07 21:09:28,@EmmaMitzi,,If I use the code comsim90 will I get 90% off?? :face_with_tears_of_joy::face_with_tears_of_joy::face_with_tears_of_joy:,neutral,vader,Chino LaForge,">> Why do they like you? >> I don't know. I don't know. It's the only people I know. >> You don't know him. >> You don't know me. >> We like each other. >> I don't know them either. That's why I like them. >> But we do on a level. I mean, >> I feel like I know a lot of our commenters just based on your senses of humor. Yeah, >> like after seeing literally hundreds of",true
6796.0,2026-09-07 21:09:47,@juanhartman1081,,Dolly Parton’s passing really put weight on Jimbo’s soul and bones…,neutral,vader,Chino LaForge,">> like after seeing literally hundreds of your comments, some of you have been putting in so much information, I feel like I'm like an AI data center >> where I'm like, ""Oh, now I can write just like you."" Nuhuh. I I appreciate your guys' humor. Even the ones that are mean to us, like I could tell you're being funny. It's hilarious. >> Said Jimmo looks heavier than last week. Yeah, my pockets full. >> Why is it heavier? You should get that",true
6798.0,2026-09-07 21:09:49,@alisonwayland6057,,if you make small sauce packs they have to have a joke on the packaging,positive,vader,Chino LaForge,"your comments, some of you have been putting in so much information, I feel like I'm like an AI data center >> where I'm like, ""Oh, now I can write just like you."" Nuhuh. I I appreciate your guys' humor. Even the ones that are mean to us, like I could tell you're being funny. It's hilarious. >> Said Jimmo looks heavier than last week. Yeah, my pockets full. >> Why is it heavier? You should get that checked out. >> I don't know. At this age, they're not",true
6817.0,2026-09-07 21:10:08,@z28diablo,,How did the other show go Jimbo,neutral,vader,Chino LaForge,"checked out. >> I don't know. At this age, they're not supposed to be getting bigger unless it's a tuma. >> My coin purse. This is not the tulum. >> Oh, we're doing duos right now. >> Yeah, right. My penis didn't get bigger. >> That was um That was definitely a fever dream. How'd you feel? I thought it was awesome, though. >> No, tonight was rough. That was tough. >> So, okay. I Duos is tough. Duos is [ __ ] hard. It's a hard comedy muscle",true
6829.0,2026-09-07 21:10:20,@radiostarkilla21,,Seriously this the best duo of the night ,positive,vader,Chino LaForge,"awesome, though. >> No, tonight was rough. That was tough. >> So, okay. I Duos is tough. Duos is [ __ ] hard. It's a hard comedy muscle to scratch. Um and just like All right. My John set, right? I thought it was hilarious, but it's a bit It's very tough as a comic to like not think it's personal or like not think about what everyone else is thinking about the set,",true
6840.0,2026-09-07 21:10:31,@lynndavison2126,,how do you fit four gay dudes on a bar stool?,positive,vader,Chino LaForge,"My John set, right? I thought it was hilarious, but it's a bit It's very tough as a comic to like not think it's personal or like not think about what everyone else is thinking about the set, but you just got to riff off each other. Yeah. And you got to make decisions and you got to kind of stick to them. Uh it was really interesting to see uh M Mr. E really made a strong decision in being kind of anti, but it also didn't really",true
6856.0,2026-09-07 21:10:47,@someguy9566,,do a 2 min duo set now :smiling_face_with_sunglasses:,neutral,vader,Chino LaForge,"was really interesting to see uh M Mr. E really made a strong decision in being kind of anti, but it also didn't really help the set move forward a little bit, >> right? It was staging on that. >> So that's why uh improv has has certain techniques to keep the scene going. It's not cheating. It's not like the trick to improv. It just kind of makes sure the scene keeps moving. Add information. Yes. And instead of denying, uh having",true
6877.0,2026-09-07 21:11:08,@S.D.L-m1j,,I'm here for Jimbo Chino and the chair..:beaming_face_with_smiling_eyes:,neutral,vader,Chino LaForge,"emotional reactions, changing stage pictures, establishing relationship. These are all things that you can do to make a scene move forward. Uh that's that's just a good example of seeing denials and where they kind of become book. >> Yes. And the Jews did 911. >> Is that >> And if you can't say anything to that, just have an emotional reaction. >> Did I do that right?",true
6882.0,2026-09-07 21:11:13,@juanhartman1081,,Jimbo really is low key funny for an unfunny guy. He makes me gassy and farts are always funny! :alien:,positive,vader,Chino LaForge,"make a scene move forward. Uh that's that's just a good example of seeing denials and where they kind of become book. >> Yes. And the Jews did 911. >> Is that >> And if you can't say anything to that, just have an emotional reaction. >> Did I do that right? >> There you go. Um yeah, so we're we're demonetized before we're monetized. Uh",true
6888.0,2026-09-07 21:11:19,@Donnieboy24,,ayyyyyy hahahaha,neutral,vader,Chino LaForge,"book. >> Yes. And the Jews did 911. >> Is that >> And if you can't say anything to that, just have an emotional reaction. >> Did I do that right? >> There you go. Um yeah, so we're we're demonetized before we're monetized. Uh we always have we always have to thank for that. How did the show? Uh yeah, Jimbo did a show last week uh for being",true
6892.0,2026-09-07 21:11:23,@lynndavison2126,,turn it upside down,neutral,vader,Chino LaForge,">> Is that >> And if you can't say anything to that, just have an emotional reaction. >> Did I do that right? >> There you go. Um yeah, so we're we're demonetized before we're monetized. Uh we always have we always have to thank for that. How did the show? Uh yeah, Jimbo did a show last week uh for being comic of the night. I heard he did great. >> Yeah. Uh Jose Raymond. It was super",true
6897.0,2026-09-07 21:11:28,@alisonwayland6057,,Chair is your successful comedy student,positive,vader,Chino LaForge,">> Did I do that right? >> There you go. Um yeah, so we're we're demonetized before we're monetized. Uh we always have we always have to thank for that. How did the show? Uh yeah, Jimbo did a show last week uh for being comic of the night. I heard he did great. >> Yeah. Uh Jose Raymond. It was super funny. Tell us about the show. Uh it was it was awesome, man. It was sold out. It",true
6906.0,2026-09-07 21:11:37,@S.D.L-m1j,,Juan..lol,neutral,vader,Chino LaForge,"for that. How did the show? Uh yeah, Jimbo did a show last week uh for being comic of the night. I heard he did great. >> Yeah. Uh Jose Raymond. It was super funny. Tell us about the show. Uh it was it was awesome, man. It was sold out. It was about 150 some people, 120, 150 people. Fully packed. Uh I learned so much from Jose Raymond doing an hour up there. That was wild to watch him do an hour. But I thought I slayed. I did 5",true
6944.0,2026-09-07 21:12:15,@juanhartman1081,,Jimbo’s shirt should say “Nightmare” ,neutral,vader,Chino LaForge,"that we have. >> This is true. This is true. >> Not myself and Jimbo. We We have some things going on, but for some people, this is the only comedy they do. >> Look, if you're a weirdo and you want to get weird in virtual reality with me and Chino, hit us up. Every so often, we'll pop on some VR. >> Yeah. This Thursday, uh, check me out with Fa to Render, and we're giving away hot sauce there, too. Yeah. Hey, pop in, friends. Check out the channel. Eddie",true
6962.0,2026-09-07 21:12:33,@lynndavison2126,,I got a lot of jokes,positive,vader,Chino LaForge,"hot sauce there, too. Yeah. Hey, pop in, friends. Check out the channel. Eddie and Aaron from the double set earlier. >> Aaron all the way from from LA. From LA. Yeah. Look out. >> Yeah. Uh what what what's the show that you run again called? >> Uh the dead pants show and the last comic dancing. >> Dead show. You're going to be doing a comedy store, right? Coming up. >> I'm doing the Rose Battle. The Comedy",true
6981.0,2026-09-07 21:12:52,@S.D.L-m1j,,:eyes:,neutral,vader,Chino LaForge,"comedy store, right? Coming up. >> I'm doing the Rose Battle. The Comedy Star. >> Oh, you're doing the Rose Battle. >> Yes. Get up for the Rose Battle. >> I won the last one. So, we'll see. >> Congratulations. Keep that record roll in. >> It's fun to be back. It's great. Love this concert. Tell our viewers where they can find you on social media. >> Yeah, so it's Aaron E R Y N um Guy Vet. So G Y V E T T E",true
6997.0,2026-09-07 21:13:08,@juanhartman1081,,I’m only funny in chats and around fat girls ,positive,vader,Chino LaForge,"they can find you on social media. >> Yeah, so it's Aaron E R Y N um Guy Vet. So G Y V E T T E >> like Corvette, but I'm a war vet with guys. >> A guy vet. >> Guy vet. Yeah, exactly. >> Dude, killer. Thanks for Thanks for coming back to our mic. >> Yes. >> Great to see you. How How long you want to live for? >> Just a few days. >> Okay. >> Yeah. >> I'll try miss some days open. See if we can we can hang out. Good to see you.",true
7025.0,2026-09-07 21:13:36,@z28diablo,,Would nobody sign gthe waiver to pair with Dumpster Dan?,negative,vader,Chino LaForge,"piece of masses piece of meat tenderiz. >> If you want if you want Davidson mouth, you know where to go. Highspice.com. >> Lynn Davidson, if you got a lot of jokes, come on down to the the comedy show every Monday night. Check us out. If you can come to Maui, we'll give you stage time. We'll treat you like uh royalty. Um we love you. Uh right on, guys. I mean, unless there's anything",true
7025.0,2026-09-07 21:13:36,@alisonwayland6057,,"jimbos shirt should say ""in search of humor""",positive,vader,Chino LaForge,"piece of masses piece of meat tenderiz. >> If you want if you want Davidson mouth, you know where to go. Highspice.com. >> Lynn Davidson, if you got a lot of jokes, come on down to the the comedy show every Monday night. Check us out. If you can come to Maui, we'll give you stage time. We'll treat you like uh royalty. Um we love you. Uh right on, guys. I mean, unless there's anything",true
7027.0,2026-09-07 21:13:38,@juanhartman1081,,So I’d make Jimbo die laughing :winking_face_with_tongue:,negative,vader,Chino LaForge,"piece of masses piece of meat tenderiz. >> If you want if you want Davidson mouth, you know where to go. Highspice.com. >> Lynn Davidson, if you got a lot of jokes, come on down to the the comedy show every Monday night. Check us out. If you can come to Maui, we'll give you stage time. We'll treat you like uh royalty. Um we love you. Uh right on, guys. I mean, unless there's anything",true
7035.0,2026-09-07 21:13:46,@HarleyQuinn-co5he,,I got a joke for you lol,positive,vader,Chino LaForge,"jokes, come on down to the the comedy show every Monday night. Check us out. If you can come to Maui, we'll give you stage time. We'll treat you like uh royalty. Um we love you. Uh right on, guys. I mean, unless there's anything else you want to say, I think we've I think we've uh harmed you enough for an evening. No, thanks for tuning in. Uh Doubles night was rough. I'll be honest",true
7052.0,2026-09-07 21:14:03,@S.D.L-m1j,,much love guys:people_hugging::white_heart:,positive,vader,Chino LaForge,"evening. No, thanks for tuning in. Uh Doubles night was rough. I'll be honest with you. I'll level with you. Tonight was probably a rough show for you guys to watch. I'm sorry. Thank you for sticking around. Uh you guys truly have a deep sense of humor if you made it all the way this way to the end. Uh nobody signed the waiver to pair with Dumpster Danny. We missed Dumpster Danny tonight.",true
7062.0,2026-09-07 21:14:13,@lynndavison2126,,I would do it but I'm handicapped and I live in North Carolina,neutral,vader,Chino LaForge,"to watch. I'm sorry. Thank you for sticking around. Uh you guys truly have a deep sense of humor if you made it all the way this way to the end. Uh nobody signed the waiver to pair with Dumpster Danny. We missed Dumpster Danny tonight. He wasn't here. I would have loved to have had him on the show. I would have loved to have done doubles with him. He does something weird to my head. So, I would love to do that. Uh, here you go.",true
7062.0,2026-09-07 21:14:13,@radiostarkilla21,,Hopefully all the drinks were doubles too,positive,vader,Chino LaForge,"to watch. I'm sorry. Thank you for sticking around. Uh you guys truly have a deep sense of humor if you made it all the way this way to the end. Uh nobody signed the waiver to pair with Dumpster Danny. We missed Dumpster Danny tonight. He wasn't here. I would have loved to have had him on the show. I would have loved to have done doubles with him. He does something weird to my head. So, I would love to do that. Uh, here you go.",true
7062.0,2026-09-07 21:14:13,@S.D.L-m1j,,See you next week,neutral,vader,Chino LaForge,"to watch. I'm sorry. Thank you for sticking around. Uh you guys truly have a deep sense of humor if you made it all the way this way to the end. Uh nobody signed the waiver to pair with Dumpster Danny. We missed Dumpster Danny tonight. He wasn't here. I would have loved to have had him on the show. I would have loved to have done doubles with him. He does something weird to my head. So, I would love to do that. Uh, here you go.",true
7070.0,2026-09-07 21:14:21,@candijack4,,Guess I’m not so bummed I missed most of it lol ,positive,vader,Chino LaForge,"signed the waiver to pair with Dumpster Danny. We missed Dumpster Danny tonight. He wasn't here. I would have loved to have had him on the show. I would have loved to have done doubles with him. He does something weird to my head. So, I would love to do that. Uh, here you go. So, I'd make Jimbo die laughing. Um, yes, that would be what he would prefer cuz he talks about how much he would like to die so often. You got joke for",true
7076.0,2026-09-07 21:14:27,@juanhartman1081,,:alien::sauropod:,neutral,vader,Chino LaForge,"loved to have done doubles with him. He does something weird to my head. So, I would love to do that. Uh, here you go. So, I'd make Jimbo die laughing. Um, yes, that would be what he would prefer cuz he talks about how much he would like to die so often. You got joke for me, Harley Quinn. I appreciate it. I can only imagine what it could possibly be.",true
7076.0,2026-09-07 21:14:27,@HarleyQuinn-co5he,,what can you get a girl that has everything?,neutral,vader,Chino LaForge,"loved to have done doubles with him. He does something weird to my head. So, I would love to do that. Uh, here you go. So, I'd make Jimbo die laughing. Um, yes, that would be what he would prefer cuz he talks about how much he would like to die so often. You got joke for me, Harley Quinn. I appreciate it. I can only imagine what it could possibly be.",true
7078.0,2026-09-07 21:14:29,@Donnieboy24,,"much love to all, esp chair :chair: later on",positive,vader,Chino LaForge,"does something weird to my head. So, I would love to do that. Uh, here you go. So, I'd make Jimbo die laughing. Um, yes, that would be what he would prefer cuz he talks about how much he would like to die so often. You got joke for me, Harley Quinn. I appreciate it. I can only imagine what it could possibly be.",true
7082.0,2026-09-07 21:14:33,@candijack4,,Have a good night chino! :hugging_face::hugging_face:,positive,vader,Chino LaForge,"would love to do that. Uh, here you go. So, I'd make Jimbo die laughing. Um, yes, that would be what he would prefer cuz he talks about how much he would like to die so often. You got joke for me, Harley Quinn. I appreciate it. I can only imagine what it could possibly be. Um, >> oh, but you're handicapped and you lived in North Carolina. Huh. I'm trying to",true
7088.0,2026-09-07 21:14:39,@someguy9566,,joke: my love life is like a Ferrari.....I don't have a Ferrari :face_with_tears_of_joy:,positive,vader,Chino LaForge,"cuz he talks about how much he would like to die so often. You got joke for me, Harley Quinn. I appreciate it. I can only imagine what it could possibly be. Um, >> oh, but you're handicapped and you lived in North Carolina. Huh. I'm trying to think of how we can get around that. Um, you know, I might be going out to North",true
7091.0,2026-09-07 21:14:42,@S.D.L-m1j,,Juan goodnight,neutral,vader,Chino LaForge,"like to die so often. You got joke for me, Harley Quinn. I appreciate it. I can only imagine what it could possibly be. Um, >> oh, but you're handicapped and you lived in North Carolina. Huh. I'm trying to think of how we can get around that. Um, you know, I might be going out to North Carolina pretty soon for some shows. If there's any way we can make something",true
7099.0,2026-09-07 21:14:50,@HarleyQuinn-co5he,,antibiotics,neutral,vader,Chino LaForge,"Um, >> oh, but you're handicapped and you lived in North Carolina. Huh. I'm trying to think of how we can get around that. Um, you know, I might be going out to North Carolina pretty soon for some shows. If there's any way we can make something happen, maybe we can, then let's stay in contact. Uh, that that's not for a while, though. So, just keep watching the show. We'll figure out. We'll see you guys next week. Uh, hopefully the",true
7101.0,2026-09-07 21:14:52,@JimboTheComic,,Goodnight chat love yall!!! See you next Monday ,positive,vader,Chino LaForge,">> oh, but you're handicapped and you lived in North Carolina. Huh. I'm trying to think of how we can get around that. Um, you know, I might be going out to North Carolina pretty soon for some shows. If there's any way we can make something happen, maybe we can, then let's stay in contact. Uh, that that's not for a while, though. So, just keep watching the show. We'll figure out. We'll see you guys next week. Uh, hopefully the",true
7103.0,2026-09-07 21:14:54,@alisonwayland6057,,thanks for the live take care :waving_hand:,positive,vader,Chino LaForge,"in North Carolina. Huh. I'm trying to think of how we can get around that. Um, you know, I might be going out to North Carolina pretty soon for some shows. If there's any way we can make something happen, maybe we can, then let's stay in contact. Uh, that that's not for a while, though. So, just keep watching the show. We'll figure out. We'll see you guys next week. Uh, hopefully the drinks were doubles, too. Good one,",true
7106.0,2026-09-07 21:14:57,@S.D.L-m1j,,Goodnight Chat,neutral,vader,Chino LaForge,"think of how we can get around that. Um, you know, I might be going out to North Carolina pretty soon for some shows. If there's any way we can make something happen, maybe we can, then let's stay in contact. Uh, that that's not for a while, though. So, just keep watching the show. We'll figure out. We'll see you guys next week. Uh, hopefully the drinks were doubles, too. Good one, radio. That is that is the hope. Um, we",true
7125.0,2026-09-07 21:15:16,@Stillear,,later SDL :victory_hand:,neutral,vader,Chino LaForge,"radio. That is that is the hope. Um, we have a new bartender in tonight, so I think she was pretty heavy with the pour. Um, yes. Yes, Candy Jack, you did miss most of the show. But don't worry, this happens every Monday, 7:15 Hawaii time, wherever that is. If you're Pacific, that's 10 o'clock. East Coast, that's like 2 o'clock uh or midnight or something like that. I don't know. My",true
7130.0,2026-09-07 21:15:21,@z28diablo,,You held it down tonight Chino and Sklyer with the chair highlights,neutral,vader,Chino LaForge,"think she was pretty heavy with the pour. Um, yes. Yes, Candy Jack, you did miss most of the show. But don't worry, this happens every Monday, 7:15 Hawaii time, wherever that is. If you're Pacific, that's 10 o'clock. East Coast, that's like 2 o'clock uh or midnight or something like that. I don't know. My math is bad. I'm a M high graduate. Good night, chat. Appreciate you. Good night, guys. Good night.",true
7135.0,2026-09-07 21:15:26,@avery42069,,Goodnight Jimbo Goodnight Chino goodnight chair,neutral,vader,Chino LaForge,"this happens every Monday, 7:15 Hawaii time, wherever that is. If you're Pacific, that's 10 o'clock. East Coast, that's like 2 o'clock uh or midnight or something like that. I don't know. My math is bad. I'm a M high graduate. Good night, chat. Appreciate you. Good night, guys. Good night. >> Does not get his flowers enough. CHINO'S THE [ __ ] MAN. >> Appreciate you guys. Hey, thanks. Thanks for just being here. We love you. We",true
7139.0,2026-09-07 21:15:30,@S.D.L-m1j,,Stillear,neutral,vader,Chino LaForge,"time, wherever that is. If you're Pacific, that's 10 o'clock. East Coast, that's like 2 o'clock uh or midnight or something like that. I don't know. My math is bad. I'm a M high graduate. Good night, chat. Appreciate you. Good night, guys. Good night. >> Does not get his flowers enough. CHINO'S THE [ __ ] MAN. >> Appreciate you guys. Hey, thanks. Thanks for just being here. We love you. We appreciate you. We'll see you next week. Aloha. Goodbye.",true
7140.0,2026-09-07 21:15:31,@lynndavison2126,,okay,positive,vader,Chino LaForge,"Pacific, that's 10 o'clock. East Coast, that's like 2 o'clock uh or midnight or something like that. I don't know. My math is bad. I'm a M high graduate. Good night, chat. Appreciate you. Good night, guys. Good night. >> Does not get his flowers enough. CHINO'S THE [ __ ] MAN. >> Appreciate you guys. Hey, thanks. Thanks for just being here. We love you. We appreciate you. We'll see you next week. Aloha. Goodbye.",true
7149.0,2026-09-07 21:15:40,@radiostarkilla21,,Thank you guys!!!,positive,vader,Chino LaForge,"guys. Good night. >> Does not get his flowers enough. CHINO'S THE [ __ ] MAN. >> Appreciate you guys. Hey, thanks. Thanks for just being here. We love you. We appreciate you. We'll see you next week. Aloha. Goodbye.",true
7151.0,2026-09-07 21:15:42,@z28diablo,,Ciao,neutral,vader,Chino LaForge,">> Does not get his flowers enough. CHINO'S THE [ __ ] MAN. >> Appreciate you guys. Hey, thanks. Thanks for just being here. We love you. We appreciate you. We'll see you next week. Aloha. Goodbye.",true
