video_t,wall_time,author,chat_name,text,sentiment,source_layer,current_performer,caption_window,audience
2128.0,2026-09-21 19:44:21,@TommyTheJarvis,,I’ll count that as a joke ,positive,vader,,"You know, chicken for a cow. I don't know. But, um, yeah, he was also uh like he he was a bit of a drunk. Had a bit of a you know, he could drink. And when he he used to work uh at a restaurant and he played for a softball team and evidently he got really drunk uh one night and uh got",true
2129.0,2026-09-21 19:44:22,@JimboTheComic,,Hahahahaah,neutral,vader,,"I don't know. But, um, yeah, he was also uh like he he was a bit of a drunk. Had a bit of a you know, he could drink. And when he he used to work uh at a restaurant and he played for a softball team and evidently he got really drunk uh one night and uh got fired and kicked off the team at the",true
2130.0,2026-09-21 19:44:23,@TheCorndawggy,,Maybe there’s a joke on that paper ,positive,vader,,"I don't know. But, um, yeah, he was also uh like he he was a bit of a drunk. Had a bit of a you know, he could drink. And when he he used to work uh at a restaurant and he played for a softball team and evidently he got really drunk uh one night and uh got fired and kicked off the team at the",true
2131.0,2026-09-21 19:44:24,@albannach7943,,jimbo lets hear your jokes in the chat..we dont want you to bimb again,positive,vader,,"But, um, yeah, he was also uh like he he was a bit of a drunk. Had a bit of a you know, he could drink. And when he he used to work uh at a restaurant and he played for a softball team and evidently he got really drunk uh one night and uh got fired and kicked off the team at the same time. But he was really good. So",true
2133.0,2026-09-21 19:44:26,@GlitterRed1,,Not reading from the paper,neutral,vader,,"But, um, yeah, he was also uh like he he was a bit of a drunk. Had a bit of a you know, he could drink. And when he he used to work uh at a restaurant and he played for a softball team and evidently he got really drunk uh one night and uh got fired and kicked off the team at the same time. But he was really good. So",true
2139.0,2026-09-21 19:44:32,@ineverlutes,,a lotta people not calling not it with corky :eyes:,neutral,vader,,"he could drink. And when he he used to work uh at a restaurant and he played for a softball team and evidently he got really drunk uh one night and uh got fired and kicked off the team at the same time. But he was really good. So the other restaurant quick put him in the line. So he just switched teams and restaurants, you know, but he did get",true
2140.0,2026-09-21 19:44:33,@rocjames1,,a cook :cooking:,neutral,vader,,"work uh at a restaurant and he played for a softball team and evidently he got really drunk uh one night and uh got fired and kicked off the team at the same time. But he was really good. So the other restaurant quick put him in the line. So he just switched teams and restaurants, you know, but he did get",true
2140.0,2026-09-21 19:44:33,@professorroyhinkley4775,,Is there a :rainbow_flag: hanging near by,neutral,vader,,"work uh at a restaurant and he played for a softball team and evidently he got really drunk uh one night and uh got fired and kicked off the team at the same time. But he was really good. So the other restaurant quick put him in the line. So he just switched teams and restaurants, you know, but he did get",true
2140.0,2026-09-21 19:44:33,@albannach7943,,bombs away,neutral,vader,,"work uh at a restaurant and he played for a softball team and evidently he got really drunk uh one night and uh got fired and kicked off the team at the same time. But he was really good. So the other restaurant quick put him in the line. So he just switched teams and restaurants, you know, but he did get",true
2148.0,2026-09-21 19:44:41,@goodviibes8573,,Not it ,neutral,vader,,"really drunk uh one night and uh got fired and kicked off the team at the same time. But he was really good. So the other restaurant quick put him in the line. So he just switched teams and restaurants, you know, but he did get fired from that cuz he did wind up sleeping with the owner's wife. So >> home run. Good job.",true
2154.0,2026-09-21 19:44:47,@jackcarr3361,,And his favorite color is red ,positive,vader,,"the other restaurant quick put him in the line. So he just switched teams and restaurants, you know, but he did get fired from that cuz he did wind up sleeping with the owner's wife. So >> home run. Good job. Um, let's see. Uh, he was drunk during his baby's birth.",true
2157.0,2026-09-21 19:44:50,@z28diablo,,Jim Steeby is Dan's Druncle,neutral,vader,,"the line. So he just switched teams and restaurants, you know, but he did get fired from that cuz he did wind up sleeping with the owner's wife. So >> home run. Good job. Um, let's see. Uh, he was drunk during his baby's birth. >> Um, yeah. So, it's kind of bad evidently to, uh, be so drunk that you put your",true
2158.0,2026-09-21 19:44:51,@GlitterRed1,,@Thecorn lol!! I hope so,positive,vader,,"the line. So he just switched teams and restaurants, you know, but he did get fired from that cuz he did wind up sleeping with the owner's wife. So >> home run. Good job. Um, let's see. Uh, he was drunk during his baby's birth. >> Um, yeah. So, it's kind of bad evidently to, uh, be so drunk that you put your",true
2161.0,2026-09-21 19:44:54,@TheCorndawggy,,:face_exhaling: ,neutral,vader,,"restaurants, you know, but he did get fired from that cuz he did wind up sleeping with the owner's wife. So >> home run. Good job. Um, let's see. Uh, he was drunk during his baby's birth. >> Um, yeah. So, it's kind of bad evidently to, uh, be so drunk that you put your wife into labor because she's upset.",true
2163.0,2026-09-21 19:44:56,@alisonwayland6057,,people.. don't forget to like,negative,vader,,"fired from that cuz he did wind up sleeping with the owner's wife. So >> home run. Good job. Um, let's see. Uh, he was drunk during his baby's birth. >> Um, yeah. So, it's kind of bad evidently to, uh, be so drunk that you put your wife into labor because she's upset.",true
2166.0,2026-09-21 19:44:59,@professorroyhinkley4775,,Asking for a pardon ,positive,vader,,">> home run. Good job. Um, let's see. Uh, he was drunk during his baby's birth. >> Um, yeah. So, it's kind of bad evidently to, uh, be so drunk that you put your wife into labor because she's upset. Yeah, that's one way to, you know, get the baby to come. So, the baby came out.",true
2167.0,2026-09-21 19:45:00,@Hackofalltrades-mh5fq,,wow,positive,vader,,">> home run. Good job. Um, let's see. Uh, he was drunk during his baby's birth. >> Um, yeah. So, it's kind of bad evidently to, uh, be so drunk that you put your wife into labor because she's upset. Yeah, that's one way to, you know, get the baby to come. So, the baby came out.",true
2169.0,2026-09-21 19:45:02,@henryOP8749,,Vibes came in late AF :rolling_on_the_floor_laughing: sup bro :oncoming_fist: ,neutral,vader,,"Good job. Um, let's see. Uh, he was drunk during his baby's birth. >> Um, yeah. So, it's kind of bad evidently to, uh, be so drunk that you put your wife into labor because she's upset. Yeah, that's one way to, you know, get the baby to come. So, the baby came out.",true
2169.0,2026-09-21 19:45:02,@rocjames1,,pearl harbor.,neutral,vader,,"Good job. Um, let's see. Uh, he was drunk during his baby's birth. >> Um, yeah. So, it's kind of bad evidently to, uh, be so drunk that you put your wife into labor because she's upset. Yeah, that's one way to, you know, get the baby to come. So, the baby came out.",true
2171.0,2026-09-21 19:45:04,@JimboTheComic,,Jimmy steeb ,neutral,vader,,"Um, let's see. Uh, he was drunk during his baby's birth. >> Um, yeah. So, it's kind of bad evidently to, uh, be so drunk that you put your wife into labor because she's upset. Yeah, that's one way to, you know, get the baby to come. So, the baby came out. They both puked and passed out. So, you",true
2171.0,2026-09-21 19:45:04,@GlitterRed1,,"""Let's see"" so sad",negative,vader,,"Um, let's see. Uh, he was drunk during his baby's birth. >> Um, yeah. So, it's kind of bad evidently to, uh, be so drunk that you put your wife into labor because she's upset. Yeah, that's one way to, you know, get the baby to come. So, the baby came out. They both puked and passed out. So, you",true
2172.0,2026-09-21 19:45:05,@goodviibes8573,,Can someone fill me in on the jokes ??? ,positive,vader,,"Um, let's see. Uh, he was drunk during his baby's birth. >> Um, yeah. So, it's kind of bad evidently to, uh, be so drunk that you put your wife into labor because she's upset. Yeah, that's one way to, you know, get the baby to come. So, the baby came out. They both puked and passed out. So, you",true
2192.0,2026-09-21 19:45:25,@JimboTheComic,,Good vibes: no,positive,vader,,"They both puked and passed out. So, you know, like father like daughter. That's good. Um, now he has been he's been dead for way over 10 years now. Um, and he was one of those conspiracy guys. So, they're still looking for the gold that's all over his property. It's it's there. All right. I'm Dan Stevie. That's my time.",true
2192.0,2026-09-21 19:45:25,@ineverlutes,,@goodvibes we are still waiting for them ,neutral,vader,,"They both puked and passed out. So, you know, like father like daughter. That's good. Um, now he has been he's been dead for way over 10 years now. Um, and he was one of those conspiracy guys. So, they're still looking for the gold that's all over his property. It's it's there. All right. I'm Dan Stevie. That's my time.",true
2195.0,2026-09-21 19:45:28,@TheCorndawggy,,@goodvibes - we haven’t heard any yet,neutral,vader,,"That's good. Um, now he has been he's been dead for way over 10 years now. Um, and he was one of those conspiracy guys. So, they're still looking for the gold that's all over his property. It's it's there. All right. I'm Dan Stevie. That's my time.",true
2196.0,2026-09-21 19:45:29,@henryOP8749,,Vibes we still waiting for some bro :rolling_on_the_floor_laughing: ,neutral,vader,,"That's good. Um, now he has been he's been dead for way over 10 years now. Um, and he was one of those conspiracy guys. So, they're still looking for the gold that's all over his property. It's it's there. All right. I'm Dan Stevie. That's my time.",true
2202.0,2026-09-21 19:45:35,@alisonwayland6057,,we always ask the goodvivbse,neutral,vader,,"one of those conspiracy guys. So, they're still looking for the gold that's all over his property. It's it's there. All right. I'm Dan Stevie. That's my time. >> Dan Stevie ain't no snitch. Get up. Man, Stevie, ladies and gentlemen, [applause]",true
2204.0,2026-09-21 19:45:37,@HollywoodStar2026,,I miss the Austrian guy,negative,vader,,"they're still looking for the gold that's all over his property. It's it's there. All right. I'm Dan Stevie. That's my time. >> Dan Stevie ain't no snitch. Get up. Man, Stevie, ladies and gentlemen, [applause]",true
2205.0,2026-09-21 19:45:38,@tylerdarnell4842,,Wth,negative,vader,,"they're still looking for the gold that's all over his property. It's it's there. All right. I'm Dan Stevie. That's my time. >> Dan Stevie ain't no snitch. Get up. Man, Stevie, ladies and gentlemen, [applause] outing no family members there. Um, all",true
2206.0,2026-09-21 19:45:39,@TheCorndawggy,,Wow,positive,vader,,"that's all over his property. It's it's there. All right. I'm Dan Stevie. That's my time. >> Dan Stevie ain't no snitch. Get up. Man, Stevie, ladies and gentlemen, [applause] outing no family members there. Um, all",true
2207.0,2026-09-21 19:45:40,@albannach7943,,okm.rhe joke here is pregnant women having labor for a dead man who killed a puppy acidentallly.,positive,phrase_or_manual,,"that's all over his property. It's it's there. All right. I'm Dan Stevie. That's my time. >> Dan Stevie ain't no snitch. Get up. Man, Stevie, ladies and gentlemen, [applause] outing no family members there. Um, all",true
2207.0,2026-09-21 19:45:40,@EricNelson1236,,you want this guy to stare at you,positive,vader,,"that's all over his property. It's it's there. All right. I'm Dan Stevie. That's my time. >> Dan Stevie ain't no snitch. Get up. Man, Stevie, ladies and gentlemen, [applause] outing no family members there. Um, all",true
2208.0,2026-09-21 19:45:41,@ineverlutes,,lmao,positive,vader,,"there. All right. I'm Dan Stevie. That's my time. >> Dan Stevie ain't no snitch. Get up. Man, Stevie, ladies and gentlemen, [applause] outing no family members there. Um, all right. Coming up next to the stage,",true
2211.0,2026-09-21 19:45:44,@z28diablo,,Imagine what Handcuffs and No Notes night would be like,positive,vader,,">> Dan Stevie ain't no snitch. Get up. Man, Stevie, ladies and gentlemen, [applause] outing no family members there. Um, all right. Coming up next to the stage, ladies and gentlemen, this next comic uh runs the Tuesday night mic in Kihei. If",true
2214.0,2026-09-21 19:45:47,@ineverlutes,,chat rules ,neutral,vader,,">> Dan Stevie ain't no snitch. Get up. Man, Stevie, ladies and gentlemen, [applause] outing no family members there. Um, all right. Coming up next to the stage, ladies and gentlemen, this next comic uh runs the Tuesday night mic in Kihei. If this isn't enough open mic comedy for",true
2214.0,2026-09-21 19:45:47,@henryOP8749,,Lutes omg I just said same thing :rolling_on_the_floor_laughing: :knocked_out_face: :skull_and_crossbones: ,neutral,vader,,">> Dan Stevie ain't no snitch. Get up. Man, Stevie, ladies and gentlemen, [applause] outing no family members there. Um, all right. Coming up next to the stage, ladies and gentlemen, this next comic uh runs the Tuesday night mic in Kihei. If this isn't enough open mic comedy for",true
2216.0,2026-09-21 19:45:49,@Drifta032,,"Someone should read the comments live , more laughs in here than on stage ",positive,vader,,">> Dan Stevie ain't no snitch. Get up. Man, Stevie, ladies and gentlemen, [applause] outing no family members there. Um, all right. Coming up next to the stage, ladies and gentlemen, this next comic uh runs the Tuesday night mic in Kihei. If this isn't enough open mic comedy for you, you can get more on a Tuesday night",true
2219.0,2026-09-21 19:45:52,@rocjames1,,the chair can't share,negative,vader,,">> Dan Stevie ain't no snitch. Get up. Man, Stevie, ladies and gentlemen, [applause] outing no family members there. Um, all right. Coming up next to the stage, ladies and gentlemen, this next comic uh runs the Tuesday night mic in Kihei. If this isn't enough open mic comedy for you, you can get more on a Tuesday night in Kihei and vibe. Ladies and gentlemen,",true
2220.0,2026-09-21 19:45:53,@Stephen.Perryman,,dreadfull,neutral,vader,,">> Dan Stevie ain't no snitch. Get up. Man, Stevie, ladies and gentlemen, [applause] outing no family members there. Um, all right. Coming up next to the stage, ladies and gentlemen, this next comic uh runs the Tuesday night mic in Kihei. If this isn't enough open mic comedy for you, you can get more on a Tuesday night in Kihei and vibe. Ladies and gentlemen, one, the only Morgan Tasian.",true
2221.0,2026-09-21 19:45:54,@goodviibes8573,,Phew I thought it was just me ,neutral,vader,,">> Dan Stevie ain't no snitch. Get up. Man, Stevie, ladies and gentlemen, [applause] outing no family members there. Um, all right. Coming up next to the stage, ladies and gentlemen, this next comic uh runs the Tuesday night mic in Kihei. If this isn't enough open mic comedy for you, you can get more on a Tuesday night in Kihei and vibe. Ladies and gentlemen, one, the only Morgan Tasian.",true
2222.0,2026-09-21 19:45:55,@JimboTheComic,,This is the drunkest uncle rn ,neutral,vader,,">> Dan Stevie ain't no snitch. Get up. Man, Stevie, ladies and gentlemen, [applause] outing no family members there. Um, all right. Coming up next to the stage, ladies and gentlemen, this next comic uh runs the Tuesday night mic in Kihei. If this isn't enough open mic comedy for you, you can get more on a Tuesday night in Kihei and vibe. Ladies and gentlemen, one, the only Morgan Tasian.",true
2226.0,2026-09-21 19:45:59,@Yup-eee,,Where are all the crazy people :man_shrugging::clinking_beer_mugs:,negative,vader,,"outing no family members there. Um, all right. Coming up next to the stage, ladies and gentlemen, this next comic uh runs the Tuesday night mic in Kihei. If this isn't enough open mic comedy for you, you can get more on a Tuesday night in Kihei and vibe. Ladies and gentlemen, one, the only Morgan Tasian.",true
2230.0,2026-09-21 19:46:03,@GlitterRed1,,Their life's must be boring. Jokes come from personal experiences,negative,vader,,"ladies and gentlemen, this next comic uh runs the Tuesday night mic in Kihei. If this isn't enough open mic comedy for you, you can get more on a Tuesday night in Kihei and vibe. Ladies and gentlemen, one, the only Morgan Tasian. >> Hello. Aloha everybody. Welcome to",true
2233.0,2026-09-21 19:46:06,@tylerdarnell4842,,Does any body have a joke,positive,vader,,"runs the Tuesday night mic in Kihei. If this isn't enough open mic comedy for you, you can get more on a Tuesday night in Kihei and vibe. Ladies and gentlemen, one, the only Morgan Tasian. >> Hello. Aloha everybody. Welcome to",true
2233.0,2026-09-21 19:46:06,@z28diablo,,UNCLE CHINO,neutral,vader,,"runs the Tuesday night mic in Kihei. If this isn't enough open mic comedy for you, you can get more on a Tuesday night in Kihei and vibe. Ladies and gentlemen, one, the only Morgan Tasian. >> Hello. Aloha everybody. Welcome to",true
2239.0,2026-09-21 19:46:12,@alisonwayland6057,,no we are o,negative,vader,,"in Kihei and vibe. Ladies and gentlemen, one, the only Morgan Tasian. >> Hello. Aloha everybody. Welcome to National Pa's night. Um",true
2245.0,2026-09-21 19:46:18,@McMisfit,,helloo,neutral,vader,,>> Hello. Aloha everybody. Welcome to National Pa's night. Um I had this thought on the way over here. Uh Trumple like a uncle who loves or,true
2246.0,2026-09-21 19:46:19,@androidchannel309,,Morgan Tameiggian,neutral,vader,,>> Hello. Aloha everybody. Welcome to National Pa's night. Um I had this thought on the way over here. Uh Trumple like a uncle who loves or,true
2248.0,2026-09-21 19:46:21,@Stephen.Perryman,,When does the Comedy start,positive,vader,,>> Hello. Aloha everybody. Welcome to National Pa's night. Um I had this thought on the way over here. Uh Trumple like a uncle who loves or hates Donald Trump depending who he's,true
2250.0,2026-09-21 19:46:23,@henryOP8749,,Insane crazy :zany_face: here ,negative,vader,,>> Hello. Aloha everybody. Welcome to National Pa's night. Um I had this thought on the way over here. Uh Trumple like a uncle who loves or hates Donald Trump depending who he's talking to.,true
2251.0,2026-09-21 19:46:24,@goodviibes8573,,The chat is funnier ,positive,vader,,>> Hello. Aloha everybody. Welcome to National Pa's night. Um I had this thought on the way over here. Uh Trumple like a uncle who loves or hates Donald Trump depending who he's talking to.,true
2255.0,2026-09-21 19:46:28,@HollywoodStar2026,,The Kihei night used to be streamed. What happened,neutral,vader,,"National Pa's night. Um I had this thought on the way over here. Uh Trumple like a uncle who loves or hates Donald Trump depending who he's talking to. He's kind of Yeah, exactly. He's He's",true
2257.0,2026-09-21 19:46:30,@Yup-eee,, :sleeping_face: ,neutral,vader,,"night. Um I had this thought on the way over here. Uh Trumple like a uncle who loves or hates Donald Trump depending who he's talking to. He's kind of Yeah, exactly. He's He's just kind of on both sides, you know. He",true
2258.0,2026-09-21 19:46:31,@z28diablo,,Knock Knock,neutral,vader,,"Um I had this thought on the way over here. Uh Trumple like a uncle who loves or hates Donald Trump depending who he's talking to. He's kind of Yeah, exactly. He's He's just kind of on both sides, you know. He",true
2258.0,2026-09-21 19:46:31,@professorroyhinkley4775,,does anyone ,neutral,vader,,"Um I had this thought on the way over here. Uh Trumple like a uncle who loves or hates Donald Trump depending who he's talking to. He's kind of Yeah, exactly. He's He's just kind of on both sides, you know. He",true
2260.0,2026-09-21 19:46:33,@Hackofalltrades-mh5fq,,knockem dead morgan,positive,phrase_or_manual,,"I had this thought on the way over here. Uh Trumple like a uncle who loves or hates Donald Trump depending who he's talking to. He's kind of Yeah, exactly. He's He's just kind of on both sides, you know. He can argue about anything. Just tell him",true
2261.0,2026-09-21 19:46:34,@GlitterRed1,,Oh gawsh. A drunkard unc,neutral,vader,,"I had this thought on the way over here. Uh Trumple like a uncle who loves or hates Donald Trump depending who he's talking to. He's kind of Yeah, exactly. He's He's just kind of on both sides, you know. He can argue about anything. Just tell him what side. Uh, meanwhile, shout out to",true
2264.0,2026-09-21 19:46:37,@JimboTheComic,,Stephen you’re in the wrong room ,negative,vader,,"I had this thought on the way over here. Uh Trumple like a uncle who loves or hates Donald Trump depending who he's talking to. He's kind of Yeah, exactly. He's He's just kind of on both sides, you know. He can argue about anything. Just tell him what side. Uh, meanwhile, shout out to Dan. You know, they say that 99%",true
2267.0,2026-09-21 19:46:40,@moneymagic6119,,UNCLE TRUMP,neutral,vader,,"Uh Trumple like a uncle who loves or hates Donald Trump depending who he's talking to. He's kind of Yeah, exactly. He's He's just kind of on both sides, you know. He can argue about anything. Just tell him what side. Uh, meanwhile, shout out to Dan. You know, they say that 99%",true
2272.0,2026-09-21 19:46:45,@Gloobus.q,,I think this guy patched my drywall ,neutral,vader,,"talking to. He's kind of Yeah, exactly. He's He's just kind of on both sides, you know. He can argue about anything. Just tell him what side. Uh, meanwhile, shout out to Dan. You know, they say that 99% of all Dans are not actually the man, >> but but this guy right here.",true
2273.0,2026-09-21 19:46:46,@henryOP8749,,Come for the comedy stay for the chat :zany_face: ,positive,vader,,"talking to. He's kind of Yeah, exactly. He's He's just kind of on both sides, you know. He can argue about anything. Just tell him what side. Uh, meanwhile, shout out to Dan. You know, they say that 99% of all Dans are not actually the man, >> but but this guy right here.",true
2274.0,2026-09-21 19:46:47,@Stephen.Perryman,,Whos there,neutral,vader,,"talking to. He's kind of Yeah, exactly. He's He's just kind of on both sides, you know. He can argue about anything. Just tell him what side. Uh, meanwhile, shout out to Dan. You know, they say that 99% of all Dans are not actually the man, >> but but this guy right here.",true
2275.0,2026-09-21 19:46:48,@TheCorndawggy,,I’m gonna try one more comic and then I’m gonna have to bounce. This is punishment I just can’t self-inflict anymore.,negative,vader,,"He's kind of Yeah, exactly. He's He's just kind of on both sides, you know. He can argue about anything. Just tell him what side. Uh, meanwhile, shout out to Dan. You know, they say that 99% of all Dans are not actually the man, >> but but this guy right here. >> Let me tell you,",true
2278.0,2026-09-21 19:46:51,@goodviibes8573,,The meth is strong with this one ,positive,vader,,"just kind of on both sides, you know. He can argue about anything. Just tell him what side. Uh, meanwhile, shout out to Dan. You know, they say that 99% of all Dans are not actually the man, >> but but this guy right here. >> Let me tell you, >> that was close. >> He is the man. Let me tell you. Okay, so",true
2284.0,2026-09-21 19:46:57,@GlitterRed1,,He needs eyeglasses and a shower,neutral,vader,,"what side. Uh, meanwhile, shout out to Dan. You know, they say that 99% of all Dans are not actually the man, >> but but this guy right here. >> Let me tell you, >> that was close. >> He is the man. Let me tell you. Okay, so we got that out of the way. Conspiracy theories.",true
2288.0,2026-09-21 19:47:01,@JimboTheComic,,Corn dawg good luck ,positive,vader,,"Dan. You know, they say that 99% of all Dans are not actually the man, >> but but this guy right here. >> Let me tell you, >> that was close. >> He is the man. Let me tell you. Okay, so we got that out of the way. Conspiracy theories. I had an uncle who's a real good conspiracy theorist. But uh three",true
2288.0,2026-09-21 19:47:01,@alisonwayland6057,,no youre good... we are all lost on where the jokes are,negative,vader,,"Dan. You know, they say that 99% of all Dans are not actually the man, >> but but this guy right here. >> Let me tell you, >> that was close. >> He is the man. Let me tell you. Okay, so we got that out of the way. Conspiracy theories. I had an uncle who's a real good conspiracy theorist. But uh three",true
2289.0,2026-09-21 19:47:02,@jackcarr3361,,Fair point ,positive,vader,,"Dan. You know, they say that 99% of all Dans are not actually the man, >> but but this guy right here. >> Let me tell you, >> that was close. >> He is the man. Let me tell you. Okay, so we got that out of the way. Conspiracy theories. I had an uncle who's a real good conspiracy theorist. But uh three",true
2291.0,2026-09-21 19:47:04,@z28diablo,,"Jimbo, you mad deleting or is the chat glitching?",negative,vader,,"of all Dans are not actually the man, >> but but this guy right here. >> Let me tell you, >> that was close. >> He is the man. Let me tell you. Okay, so we got that out of the way. Conspiracy theories. I had an uncle who's a real good conspiracy theorist. But uh three conspiracy theorists walk into a bar.",true
2298.0,2026-09-21 19:47:11,@rocjames1,,that was a whole lot of nothing,neutral,vader,,">> He is the man. Let me tell you. Okay, so we got that out of the way. Conspiracy theories. I had an uncle who's a real good conspiracy theorist. But uh three conspiracy theorists walk into a bar. That can't be a coincidence. No, it can't. U you know there's a lot.",true
2299.0,2026-09-21 19:47:12,@Yup-eee,,I’m glad he’s got his notes ,positive,vader,,">> He is the man. Let me tell you. Okay, so we got that out of the way. Conspiracy theories. I had an uncle who's a real good conspiracy theorist. But uh three conspiracy theorists walk into a bar. That can't be a coincidence. No, it can't. U you know there's a lot.",true
2300.0,2026-09-21 19:47:13,@EricNelson1236,,do you live under the freeway?,positive,vader,,">> He is the man. Let me tell you. Okay, so we got that out of the way. Conspiracy theories. I had an uncle who's a real good conspiracy theorist. But uh three conspiracy theorists walk into a bar. That can't be a coincidence. No, it can't. U you know there's a lot.",true
2300.0,2026-09-21 19:47:13,@JimboTheComic,, Nobody ever leaves ,neutral,vader,,">> He is the man. Let me tell you. Okay, so we got that out of the way. Conspiracy theories. I had an uncle who's a real good conspiracy theorist. But uh three conspiracy theorists walk into a bar. That can't be a coincidence. No, it can't. U you know there's a lot.",true
2308.0,2026-09-21 19:47:21,@ineverlutes,,"""we got that outta the way"" :loudly_crying_face:",neutral,vader,,"conspiracy theorist. But uh three conspiracy theorists walk into a bar. That can't be a coincidence. No, it can't. U you know there's a lot. Are you v vaccinated by the way for co sir? >> He is. He is good man. I know. I've had",true
2311.0,2026-09-21 19:47:24,@GlitterRed1,,@Thecorn. I feel like we're being trolled,positive,vader,,"conspiracy theorist. But uh three conspiracy theorists walk into a bar. That can't be a coincidence. No, it can't. U you know there's a lot. Are you v vaccinated by the way for co sir? >> He is. He is good man. I know. I've had uh vaccine hesitancy ever since the",true
2311.0,2026-09-21 19:47:24,@JimboTheComic,,Diablo I ain’t deleting shitttttt,neutral,vader,,"conspiracy theorist. But uh three conspiracy theorists walk into a bar. That can't be a coincidence. No, it can't. U you know there's a lot. Are you v vaccinated by the way for co sir? >> He is. He is good man. I know. I've had uh vaccine hesitancy ever since the",true
2323.0,2026-09-21 19:47:36,@TheCorndawggy,,BLORT :face_vomiting:,neutral,vader,,"Are you v vaccinated by the way for co sir? >> He is. He is good man. I know. I've had uh vaccine hesitancy ever since the booster gave my girlfriend chlamyia. I'm just kidding. It was her best friend, too. I mean, what a coincidence. Uh no. Um",true
2325.0,2026-09-21 19:47:38,@JimboTheComic,,It’s worse than that glitter: cursed*,negative,vader,,">> He is. He is good man. I know. I've had uh vaccine hesitancy ever since the booster gave my girlfriend chlamyia. I'm just kidding. It was her best friend, too. I mean, what a coincidence. Uh no. Um",true
2328.0,2026-09-21 19:47:41,@McMisfit,,haha,positive,vader,,">> He is. He is good man. I know. I've had uh vaccine hesitancy ever since the booster gave my girlfriend chlamyia. I'm just kidding. It was her best friend, too. I mean, what a coincidence. Uh no. Um yeah. No, but uh but one of my favorite",true
2330.0,2026-09-21 19:47:43,@professorroyhinkley4775,,Are you guys reading this room??? ,neutral,vader,,">> He is. He is good man. I know. I've had uh vaccine hesitancy ever since the booster gave my girlfriend chlamyia. I'm just kidding. It was her best friend, too. I mean, what a coincidence. Uh no. Um yeah. No, but uh but one of my favorite conspiracy theories has to be the one",true
2331.0,2026-09-21 19:47:44,@z28diablo,,Welcome to the Hotel Comedy Simulator,positive,vader,,"uh vaccine hesitancy ever since the booster gave my girlfriend chlamyia. I'm just kidding. It was her best friend, too. I mean, what a coincidence. Uh no. Um yeah. No, but uh but one of my favorite conspiracy theories has to be the one",true
2333.0,2026-09-21 19:47:46,@GlitterRed1,,I didn't need to take my sleeping meds tonight. This did it for me,neutral,vader,,"uh vaccine hesitancy ever since the booster gave my girlfriend chlamyia. I'm just kidding. It was her best friend, too. I mean, what a coincidence. Uh no. Um yeah. No, but uh but one of my favorite conspiracy theories has to be the one that just we just had the anniversary",true
2335.0,2026-09-21 19:47:48,@sunkissed335,,sht,neutral,vader,,"I'm just kidding. It was her best friend, too. I mean, what a coincidence. Uh no. Um yeah. No, but uh but one of my favorite conspiracy theories has to be the one that just we just had the anniversary for 25 years. Can't believe it's been",true
2339.0,2026-09-21 19:47:52,@McMisfit,,it was her drunkel,neutral,vader,,"I'm just kidding. It was her best friend, too. I mean, what a coincidence. Uh no. Um yeah. No, but uh but one of my favorite conspiracy theories has to be the one that just we just had the anniversary for 25 years. Can't believe it's been that long. 911.",true
2342.0,2026-09-21 19:47:55,@EricNelson1236,,for the drywall I mean,neutral,vader,,"friend, too. I mean, what a coincidence. Uh no. Um yeah. No, but uh but one of my favorite conspiracy theories has to be the one that just we just had the anniversary for 25 years. Can't believe it's been that long. 911. And what's crazy about 911 that you know the greatest conspiracy is is that it",true
2342.0,2026-09-21 19:47:55,@henryOP8749,,Diablo I noticed that too texts dropping like a good joke coming out of comedy simulator :rolling_on_the_floor_laughing: ,positive,vader,,"friend, too. I mean, what a coincidence. Uh no. Um yeah. No, but uh but one of my favorite conspiracy theories has to be the one that just we just had the anniversary for 25 years. Can't believe it's been that long. 911. And what's crazy about 911 that you know the greatest conspiracy is is that it",true
2355.0,2026-09-21 19:48:08,@davedreamsofdumplings,,this guy is better than the reaction he's getting,positive,vader,,for 25 years. Can't believe it's been that long. 911. And what's crazy about 911 that you know the greatest conspiracy is is that it was an inside job. And I think it's kind of kind of interesting like could you imagine seven years later Osama bin Laden,true
2359.0,2026-09-21 19:48:12,@ineverlutes,,@henry :face_with_tears_of_joy:,neutral,vader,,that long. 911. And what's crazy about 911 that you know the greatest conspiracy is is that it was an inside job. And I think it's kind of kind of interesting like could you imagine seven years later Osama bin Laden,true
2359.0,2026-09-21 19:48:12,@alisonwayland6057,,that shirt needs a couple of black zig zag stripes. c,neutral,vader,,that long. 911. And what's crazy about 911 that you know the greatest conspiracy is is that it was an inside job. And I think it's kind of kind of interesting like could you imagine seven years later Osama bin Laden,true
2359.0,2026-09-21 19:48:12,@HollywoodStar2026,,"I sense that there are no ""real"" audience members. Sounds like a comics-only crowd",positive,vader,,that long. 911. And what's crazy about 911 that you know the greatest conspiracy is is that it was an inside job. And I think it's kind of kind of interesting like could you imagine seven years later Osama bin Laden,true
2360.0,2026-09-21 19:48:13,@JimboTheComic,,I blocked key words ,negative,vader,,And what's crazy about 911 that you know the greatest conspiracy is is that it was an inside job. And I think it's kind of kind of interesting like could you imagine seven years later Osama bin Laden just put yourself in his sandals for a,true
2361.0,2026-09-21 19:48:14,@rocjames1,,the pain is real,negative,vader,,And what's crazy about 911 that you know the greatest conspiracy is is that it was an inside job. And I think it's kind of kind of interesting like could you imagine seven years later Osama bin Laden just put yourself in his sandals for a,true
2365.0,2026-09-21 19:48:18,@goodviibes8573,,We need a huge trash can for all this garbage ,positive,vader,,"was an inside job. And I think it's kind of kind of interesting like could you imagine seven years later Osama bin Laden just put yourself in his sandals for a minute. He's still alive, but he's been laying",true
2372.0,2026-09-21 19:48:25,@McMisfit,,mmhm planes inside the buildings,neutral,vader,,"I think it's kind of kind of interesting like could you imagine seven years later Osama bin Laden just put yourself in his sandals for a minute. He's still alive, but he's been laying low and he wants to see what the world is saying about 911. So, he checks in the YouTube chat",true
2375.0,2026-09-21 19:48:28,@TheCorndawggy,,Don’t steal Nick Mullen’s joke,positive,vader,,"like could you imagine seven years later Osama bin Laden just put yourself in his sandals for a minute. He's still alive, but he's been laying low and he wants to see what the world is saying about 911. So, he checks in the YouTube chat and he sees that the internet",true
2381.0,2026-09-21 19:48:34,@JimboTheComic,,AIDS and THAT WAS FUNNY ,positive,vader,,"just put yourself in his sandals for a minute. He's still alive, but he's been laying low and he wants to see what the world is saying about 911. So, he checks in the YouTube chat and he sees that the internet not giving him credit for 9/11,",true
2387.0,2026-09-21 19:48:40,@Hackofalltrades-mh5fq,,haaaahaaa!,neutral,vader,,"low and he wants to see what the world is saying about 911. So, he checks in the YouTube chat and he sees that the internet not giving him credit for 9/11, the greatest terrorist attack on Americans in all of history. And they're",true
2397.0,2026-09-21 19:48:50,@alisonwayland6057,,Charlie Brown is missing a few stripes,negative,vader,,"and he sees that the internet not giving him credit for 9/11, the greatest terrorist attack on Americans in all of history. And they're like, ""Nah, it wasn't him, man. It was the CIA. It was the, you know, it was the government. They did it. It was the There was a lot of other police people",true
2403.0,2026-09-21 19:48:56,@rocjames1,,Sean Penn. sober.,neutral,vader,,"the greatest terrorist attack on Americans in all of history. And they're like, ""Nah, it wasn't him, man. It was the CIA. It was the, you know, it was the government. They did it. It was the There was a lot of other police people doing it, you know, and and it's like he's online and he's looking, he's got",true
2407.0,2026-09-21 19:49:00,@goodviibes8573,,My dog has better knock knock jokes ,positive,vader,,"Americans in all of history. And they're like, ""Nah, it wasn't him, man. It was the CIA. It was the, you know, it was the government. They did it. It was the There was a lot of other police people doing it, you know, and and it's like he's online and he's looking, he's got to have like a fake name. And he's on the YouTube chats and there's somebody",true
2409.0,2026-09-21 19:49:02,@henryOP8749,,Hollywood it is all comics in the room that’s why they get so much support in house but not from chat :rolling_on_the_floor_laughing: ,positive,vader,,"like, ""Nah, it wasn't him, man. It was the CIA. It was the, you know, it was the government. They did it. It was the There was a lot of other police people doing it, you know, and and it's like he's online and he's looking, he's got to have like a fake name. And he's on the YouTube chats and there's somebody going, ""Well, the, you know, the",true
2410.0,2026-09-21 19:49:03,@professorroyhinkley4775,,Jesus Christ came for the LOST,negative,vader,,"like, ""Nah, it wasn't him, man. It was the CIA. It was the, you know, it was the government. They did it. It was the There was a lot of other police people doing it, you know, and and it's like he's online and he's looking, he's got to have like a fake name. And he's on the YouTube chats and there's somebody going, ""Well, the, you know, the",true
2417.0,2026-09-21 19:49:10,@HanzSygnal,,it's a joke from The Onion,positive,vader,,"There was a lot of other police people doing it, you know, and and it's like he's online and he's looking, he's got to have like a fake name. And he's on the YouTube chats and there's somebody going, ""Well, the, you know, the airplane fuel doesn't melt steel."" And he's like, ""Well, it it does actually."" You know, he's like chatting",true
2418.0,2026-09-21 19:49:11,@JimboTheComic,,"There are not a lot of people here. And yes, it’s painful ",negative,vader,,"There was a lot of other police people doing it, you know, and and it's like he's online and he's looking, he's got to have like a fake name. And he's on the YouTube chats and there's somebody going, ""Well, the, you know, the airplane fuel doesn't melt steel."" And he's like, ""Well, it it does actually."" You know, he's like chatting in. He's like, ""It does melt steel. It",true
2419.0,2026-09-21 19:49:12,@GlitterRed1,,He just came for the Beers,neutral,vader,,"doing it, you know, and and it's like he's online and he's looking, he's got to have like a fake name. And he's on the YouTube chats and there's somebody going, ""Well, the, you know, the airplane fuel doesn't melt steel."" And he's like, ""Well, it it does actually."" You know, he's like chatting in. He's like, ""It does melt steel. It",true
2426.0,2026-09-21 19:49:19,@Yup-eee,,Jeff Spicoli still goin,neutral,vader,,"to have like a fake name. And he's on the YouTube chats and there's somebody going, ""Well, the, you know, the airplane fuel doesn't melt steel."" And he's like, ""Well, it it does actually."" You know, he's like chatting in. He's like, ""It does melt steel. It doesn't have to melt steel. It just needs to bend it a little bit. >> No. Okay. Going somewhere else. Anyway,",true
2429.0,2026-09-21 19:49:22,@sunkissed335,,:face_with_tears_of_joy: not Sean Penn,neutral,vader,,"going, ""Well, the, you know, the airplane fuel doesn't melt steel."" And he's like, ""Well, it it does actually."" You know, he's like chatting in. He's like, ""It does melt steel. It doesn't have to melt steel. It just needs to bend it a little bit. >> No. Okay. Going somewhere else. Anyway, you know, um >> I know. Yeah, Flat Earth's uh Uncle",true
2436.0,2026-09-21 19:49:29,@TheCorndawggy,,:face_exhaling: This is so bad.,negative,vader,,"actually."" You know, he's like chatting in. He's like, ""It does melt steel. It doesn't have to melt steel. It just needs to bend it a little bit. >> No. Okay. Going somewhere else. Anyway, you know, um >> I know. Yeah, Flat Earth's uh Uncle Flatter. That That's what I'm talking about. Moving on. Um No. Yeah. The",true
2437.0,2026-09-21 19:49:30,@ineverlutes,,put goodvibes dog on,neutral,vader,,"actually."" You know, he's like chatting in. He's like, ""It does melt steel. It doesn't have to melt steel. It just needs to bend it a little bit. >> No. Okay. Going somewhere else. Anyway, you know, um >> I know. Yeah, Flat Earth's uh Uncle Flatter. That That's what I'm talking about. Moving on. Um No. Yeah. The world's a crazy place right now. I uh",true
2438.0,2026-09-21 19:49:31,@z28diablo,,Why did the chicken cross the road? To see if the jokes were over there.,positive,vader,,"in. He's like, ""It does melt steel. It doesn't have to melt steel. It just needs to bend it a little bit. >> No. Okay. Going somewhere else. Anyway, you know, um >> I know. Yeah, Flat Earth's uh Uncle Flatter. That That's what I'm talking about. Moving on. Um No. Yeah. The world's a crazy place right now. I uh",true
2447.0,2026-09-21 19:49:40,@goodviibes8573,,When I fart my wife laughs harder than anything I’ve heard here ,positive,vader,,"you know, um >> I know. Yeah, Flat Earth's uh Uncle Flatter. That That's what I'm talking about. Moving on. Um No. Yeah. The world's a crazy place right now. I uh Hey, hey, don't shoot the messenger. I just wanted to get in my Charlie Kirk joke uh before the time ran out. Um um",true
2450.0,2026-09-21 19:49:43,@GlitterRed1,,@JimboThecomic :rolling_on_the_floor_laughing::rolling_on_the_floor_laughing::rolling_on_the_floor_laughing:,neutral,vader,,">> I know. Yeah, Flat Earth's uh Uncle Flatter. That That's what I'm talking about. Moving on. Um No. Yeah. The world's a crazy place right now. I uh Hey, hey, don't shoot the messenger. I just wanted to get in my Charlie Kirk joke uh before the time ran out. Um um",true
2450.0,2026-09-21 19:49:43,@Stephen.Perryman,,ITS 6:45 HERE IN SCOTLAND AND IVE BEEN WATCHING THIS SHIT FOR NEARLY HSLF SN HOUR. IM I SELF HARMING OR WHAT,negative,vader,,">> I know. Yeah, Flat Earth's uh Uncle Flatter. That That's what I'm talking about. Moving on. Um No. Yeah. The world's a crazy place right now. I uh Hey, hey, don't shoot the messenger. I just wanted to get in my Charlie Kirk joke uh before the time ran out. Um um",true
2452.0,2026-09-21 19:49:45,@henryOP8749,,I love Jimbo he always shoots the shit with the chat he and chino the only real ones there,positive,vader,,"Flatter. That That's what I'm talking about. Moving on. Um No. Yeah. The world's a crazy place right now. I uh Hey, hey, don't shoot the messenger. I just wanted to get in my Charlie Kirk joke uh before the time ran out. Um um >> Oh yeah. My impression of the Michelin",true
2453.0,2026-09-21 19:49:46,@alisonwayland6057,,where's Snoopy and Woodstock?,neutral,vader,,"Flatter. That That's what I'm talking about. Moving on. Um No. Yeah. The world's a crazy place right now. I uh Hey, hey, don't shoot the messenger. I just wanted to get in my Charlie Kirk joke uh before the time ran out. Um um >> Oh yeah. My impression of the Michelin",true
2458.0,2026-09-21 19:49:51,@Skin-E-Vadee-Vechee,,punch line?,neutral,vader,,"world's a crazy place right now. I uh Hey, hey, don't shoot the messenger. I just wanted to get in my Charlie Kirk joke uh before the time ran out. Um um >> Oh yeah. My impression of the Michelin man. I just flew in from Detroit",true
2461.0,2026-09-21 19:49:54,@TheCorndawggy,,Ugghhhhh,neutral,vader,,"world's a crazy place right now. I uh Hey, hey, don't shoot the messenger. I just wanted to get in my Charlie Kirk joke uh before the time ran out. Um um >> Oh yeah. My impression of the Michelin man. I just flew in from Detroit and boy are my arms tires.",true
2468.0,2026-09-21 19:50:01,@Stephen.Perryman,,6:45 AM,neutral,vader,,I just wanted to get in my Charlie Kirk joke uh before the time ran out. Um um >> Oh yeah. My impression of the Michelin man. I just flew in from Detroit and boy are my arms tires. Boy are my arms tires. [laughter],true
2472.0,2026-09-21 19:50:05,@JimboTheComic,,"Henry believe it or not, some other people. Are. Cool. ",positive,vader,,">> Oh yeah. My impression of the Michelin man. I just flew in from Detroit and boy are my arms tires. Boy are my arms tires. [laughter] Oh my god. No. Uh one more. Uh let's see. My my uncle No, he did actually. He",true
2472.0,2026-09-21 19:50:05,@McMisfit,,pull your neck in,neutral,vader,,">> Oh yeah. My impression of the Michelin man. I just flew in from Detroit and boy are my arms tires. Boy are my arms tires. [laughter] Oh my god. No. Uh one more. Uh let's see. My my uncle No, he did actually. He",true
2477.0,2026-09-21 19:50:10,@GlitterRed1,,"""someone said awh shit""",negative,vader,,"I just flew in from Detroit and boy are my arms tires. Boy are my arms tires. [laughter] Oh my god. No. Uh one more. Uh let's see. My my uncle No, he did actually. He smoked a lot and um he smoked actually",true
2482.0,2026-09-21 19:50:15,@ineverlutes,,@stephen perryman :rolling_on_the_floor_laughing::rolling_on_the_floor_laughing::rolling_on_the_floor_laughing:,neutral,vader,,"Boy are my arms tires. [laughter] Oh my god. No. Uh one more. Uh let's see. My my uncle No, he did actually. He smoked a lot and um he smoked actually two packs a day for 40 years",true
2486.0,2026-09-21 19:50:19,@henryOP8749,,Where??? :rolling_on_the_floor_laughing: ,neutral,vader,,"Boy are my arms tires. [laughter] Oh my god. No. Uh one more. Uh let's see. My my uncle No, he did actually. He smoked a lot and um he smoked actually two packs a day for 40 years and then he died of a noose.",true
2487.0,2026-09-21 19:50:20,@goodviibes8573,,That was the worst joke I’ve ever heard ,negative,vader,,"Boy are my arms tires. [laughter] Oh my god. No. Uh one more. Uh let's see. My my uncle No, he did actually. He smoked a lot and um he smoked actually two packs a day for 40 years and then he died of a noose.",true
2491.0,2026-09-21 19:50:24,@rocjames1,,more dead than head,positive,phrase_or_manual,,"Oh my god. No. Uh one more. Uh let's see. My my uncle No, he did actually. He smoked a lot and um he smoked actually two packs a day for 40 years and then he died of a noose. I'm just kidding. He shot himself 9 9 mm",true
2496.0,2026-09-21 19:50:29,@alisonwayland6057,,Michelin man???? give us some Charlie Brown,neutral,vader,,"see. My my uncle No, he did actually. He smoked a lot and um he smoked actually two packs a day for 40 years and then he died of a noose. I'm just kidding. He shot himself 9 9 mm Beretta. A really dumb way to die. [singing]",true
2499.0,2026-09-21 19:50:32,@HanzSygnal,,"he may steal every joke, not kidding",negative,vader,,smoked a lot and um he smoked actually two packs a day for 40 years and then he died of a noose. I'm just kidding. He shot himself 9 9 mm Beretta. A really dumb way to die. [singing],true
2503.0,2026-09-21 19:50:36,@TheCorndawggy,,Oh boy,neutral,vader,,two packs a day for 40 years and then he died of a noose. I'm just kidding. He shot himself 9 9 mm Beretta. A really dumb way to die. [singing],true
2509.0,2026-09-21 19:50:42,@GlitterRed1,,A nouse????,neutral,vader,,"I'm just kidding. He shot himself 9 9 mm Beretta. A really dumb way to die. [singing] Morganation, ladies and gentlemen. Um,",true
2510.0,2026-09-21 19:50:43,@ineverlutes,,druncle joke?,positive,vader,,"I'm just kidding. He shot himself 9 9 mm Beretta. A really dumb way to die. [singing] Morganation, ladies and gentlemen. Um, >> I don't like he that he referred to 911",true
2512.0,2026-09-21 19:50:45,@tylerdarnell4842,,Ha huh :thinking_face: ,positive,vader,,"I'm just kidding. He shot himself 9 9 mm Beretta. A really dumb way to die. [singing] Morganation, ladies and gentlemen. Um, >> I don't like he that he referred to 911 as the single greatest terrorist attack.",true
2514.0,2026-09-21 19:50:47,@JimboTheComic,,"Hanz, you aren’t crazy lol",negative,vader,,"Beretta. A really dumb way to die. [singing] Morganation, ladies and gentlemen. Um, >> I don't like he that he referred to 911 as the single greatest terrorist attack.",true
2514.0,2026-09-21 19:50:47,@moneymagic6119,,wow,positive,vader,,"Beretta. A really dumb way to die. [singing] Morganation, ladies and gentlemen. Um, >> I don't like he that he referred to 911 as the single greatest terrorist attack.",true
2516.0,2026-09-21 19:50:49,@Yup-eee,,:thinking_face:,neutral,vader,,"Beretta. A really dumb way to die. [singing] Morganation, ladies and gentlemen. Um, >> I don't like he that he referred to 911 as the single greatest terrorist attack. I don't like that terminology.",true
2518.0,2026-09-21 19:50:51,@sunkissed335,,:taxi:,neutral,vader,,"Morganation, ladies and gentlemen. Um, >> I don't like he that he referred to 911 as the single greatest terrorist attack. I don't like that terminology. >> Cuz that sounds like a sporting event,",true
2518.0,2026-09-21 19:50:51,@Donnieboy24,,fuck,negative,vader,,"Morganation, ladies and gentlemen. Um, >> I don't like he that he referred to 911 as the single greatest terrorist attack. I don't like that terminology. >> Cuz that sounds like a sporting event,",true
2519.0,2026-09-21 19:50:52,@goodviibes8573,,Wow can’t even say bye  ,positive,vader,,"Morganation, ladies and gentlemen. Um, >> I don't like he that he referred to 911 as the single greatest terrorist attack. I don't like that terminology. >> Cuz that sounds like a sporting event,",true
2520.0,2026-09-21 19:50:53,@androidchannel309,,"""That was the worst joke I've ever heard"" lol",neutral,vader,,"Morganation, ladies and gentlemen. Um, >> I don't like he that he referred to 911 as the single greatest terrorist attack. I don't like that terminology. >> Cuz that sounds like a sporting event, right?",true
2521.0,2026-09-21 19:50:54,@Stephen.Perryman,,TRUE STORY,positive,vader,,"Morganation, ladies and gentlemen. Um, >> I don't like he that he referred to 911 as the single greatest terrorist attack. I don't like that terminology. >> Cuz that sounds like a sporting event, right? And we're just on the wrong team.",true
2522.0,2026-09-21 19:50:55,@Hackofalltrades-mh5fq,,:clapping_hands::clapping_hands:,neutral,vader,,"Morganation, ladies and gentlemen. Um, >> I don't like he that he referred to 911 as the single greatest terrorist attack. I don't like that terminology. >> Cuz that sounds like a sporting event, right? And we're just on the wrong team.",true
2523.0,2026-09-21 19:50:56,@MichaelBrogans-q3e,,good thing he has his phone so he can check to see who didn't text him,positive,vader,,"Morganation, ladies and gentlemen. Um, >> I don't like he that he referred to 911 as the single greatest terrorist attack. I don't like that terminology. >> Cuz that sounds like a sporting event, right? And we're just on the wrong team.",true
2533.0,2026-09-21 19:51:06,@IsaacMartinez-wg7qg,,I like that guy lol,positive,vader,,">> I don't like he that he referred to 911 as the single greatest terrorist attack. I don't like that terminology. >> Cuz that sounds like a sporting event, right? And we're just on the wrong team. Cuz we think of it as like, oh yeah, we remember that terrible moment. But that means anybody on the terrorist team was like, ""Shit, remember that one time where we actually did it?"" Like, ""Oh, no. I don't like thinking that at all. I don't like that."" Change your gnome and",true
2534.0,2026-09-21 19:51:07,@tylerdarnell4842,,Cool shirt,positive,vader,,"as the single greatest terrorist attack. I don't like that terminology. >> Cuz that sounds like a sporting event, right? And we're just on the wrong team. Cuz we think of it as like, oh yeah, we remember that terrible moment. But that means anybody on the terrorist team was like, ""Shit, remember that one time where we actually did it?"" Like, ""Oh, no. I don't like thinking that at all. I don't like that."" Change your gnome and",true
2538.0,2026-09-21 19:51:11,@rocjames1,,if the chair had wheels,neutral,vader,,">> Cuz that sounds like a sporting event, right? And we're just on the wrong team. Cuz we think of it as like, oh yeah, we remember that terrible moment. But that means anybody on the terrorist team was like, ""Shit, remember that one time where we actually did it?"" Like, ""Oh, no. I don't like thinking that at all. I don't like that."" Change your gnome and clature. Morgan, say something like the single most",true
2541.0,2026-09-21 19:51:14,@IsaacMartinez-wg7qg,,look like spongebob,positive,vader,,"right? And we're just on the wrong team. Cuz we think of it as like, oh yeah, we remember that terrible moment. But that means anybody on the terrorist team was like, ""Shit, remember that one time where we actually did it?"" Like, ""Oh, no. I don't like thinking that at all. I don't like that."" Change your gnome and clature. Morgan, say something like the single most >> prolific. I like prolific.",true
2542.0,2026-09-21 19:51:15,@EricNelson1236,,his uncle couldn't handle that 911 tragedy,negative,vader,,"right? And we're just on the wrong team. Cuz we think of it as like, oh yeah, we remember that terrible moment. But that means anybody on the terrorist team was like, ""Shit, remember that one time where we actually did it?"" Like, ""Oh, no. I don't like thinking that at all. I don't like that."" Change your gnome and clature. Morgan, say something like the single most >> prolific. I like prolific. >> Actually, we shouldn't like it. I I'll",true
2548.0,2026-09-21 19:51:21,@TheCorndawggy,,Is it just the other comedians clapping? It can’t be fans.,positive,vader,,"like, ""Shit, remember that one time where we actually did it?"" Like, ""Oh, no. I don't like thinking that at all. I don't like that."" Change your gnome and clature. Morgan, say something like the single most >> prolific. I like prolific. >> Actually, we shouldn't like it. I I'll think about that. All right. Uh, ladies and gentlemen, coming up next to the stage, coming off of a super successful",true
2551.0,2026-09-21 19:51:24,@IsaacMartinez-wg7qg,,tom kenny,neutral,vader,,"no. I don't like thinking that at all. I don't like that."" Change your gnome and clature. Morgan, say something like the single most >> prolific. I like prolific. >> Actually, we shouldn't like it. I I'll think about that. All right. Uh, ladies and gentlemen, coming up next to the stage, coming off of a super successful show last night at Pro Art Theater, who went to that show?",true
2553.0,2026-09-21 19:51:26,@HollywoodStar2026,,DOWNER NIGHT,neutral,vader,,"don't like that."" Change your gnome and clature. Morgan, say something like the single most >> prolific. I like prolific. >> Actually, we shouldn't like it. I I'll think about that. All right. Uh, ladies and gentlemen, coming up next to the stage, coming off of a super successful show last night at Pro Art Theater, who went to that show? >> I heard it was banging. If you guys",true
2562.0,2026-09-21 19:51:35,@GlitterRed1,,"Charlie Kirk, 911, and a noose. He should be banned!!!!",negative,vader,,">> Actually, we shouldn't like it. I I'll think about that. All right. Uh, ladies and gentlemen, coming up next to the stage, coming off of a super successful show last night at Pro Art Theater, who went to that show? >> I heard it was banging. If you guys weren't there, you missed it. There's another one coming up soon. What are we talking about? Ladies and gentlemen, give her Shah Nelson.",true
2570.0,2026-09-21 19:51:43,@z28diablo,,Dumpster Dan will brighten the night,positive,vader,,"went to that show? >> I heard it was banging. If you guys weren't there, you missed it. There's another one coming up soon. What are we talking about? Ladies and gentlemen, give her Shah Nelson. >> What up? My name is Shane Nelson and tonight is",true
2571.0,2026-09-21 19:51:44,@Yup-eee,,Debbie downerz ,neutral,vader,,">> I heard it was banging. If you guys weren't there, you missed it. There's another one coming up soon. What are we talking about? Ladies and gentlemen, give her Shah Nelson. >> What up? My name is Shane Nelson and tonight is uncle night. Um, we're going to start",true
2574.0,2026-09-21 19:51:47,@alisonwayland6057,,where's Schroeder when you need some piano music,neutral,vader,,"weren't there, you missed it. There's another one coming up soon. What are we talking about? Ladies and gentlemen, give her Shah Nelson. >> What up? My name is Shane Nelson and tonight is uncle night. Um, we're going to start",true
2582.0,2026-09-21 19:51:55,@professorroyhinkley4775,,Yall need better memes :grinning_squinting_face: ,positive,vader,,">> What up? My name is Shane Nelson and tonight is uncle night. Um, we're going to start off. Who here is a parent? Make some noise if you have kids. >> Now, make some noise if you're an aunt",true
2586.0,2026-09-21 19:51:59,@IsaacMartinez-wg7qg,,SpongeBob off the busch,neutral,vader,,">> What up? My name is Shane Nelson and tonight is uncle night. Um, we're going to start off. Who here is a parent? Make some noise if you have kids. >> Now, make some noise if you're an aunt or an uncle. Woo! [cheering] Woo! >> It's louder, right? And that's because",true
2594.0,2026-09-21 19:52:07,@rocjames1,,och in order,neutral,vader,,"uncle night. Um, we're going to start off. Who here is a parent? Make some noise if you have kids. >> Now, make some noise if you're an aunt or an uncle. Woo! [cheering] Woo! >> It's louder, right? And that's because being a parent sucks, dude. I am a millennial. I was born in the '9s. And millennials, we're not having kids cuz",true
2595.0,2026-09-21 19:52:08,@Donnieboy24,,usopp without his slingshot,neutral,vader,,"off. Who here is a parent? Make some noise if you have kids. >> Now, make some noise if you're an aunt or an uncle. Woo! [cheering] Woo! >> It's louder, right? And that's because being a parent sucks, dude. I am a millennial. I was born in the '9s. And millennials, we're not having kids cuz",true
2596.0,2026-09-21 19:52:09,@ineverlutes,,uncle night :clapping_hands::clapping_hands::clapping_hands:,neutral,vader,,"off. Who here is a parent? Make some noise if you have kids. >> Now, make some noise if you're an aunt or an uncle. Woo! [cheering] Woo! >> It's louder, right? And that's because being a parent sucks, dude. I am a millennial. I was born in the '9s. And millennials, we're not having kids cuz it sucks being a parent. Like back in",true
2600.0,2026-09-21 19:52:13,@HanzSygnal,,Dumpster Danny has sets I think about for days,negative,vader,,"noise if you have kids. >> Now, make some noise if you're an aunt or an uncle. Woo! [cheering] Woo! >> It's louder, right? And that's because being a parent sucks, dude. I am a millennial. I was born in the '9s. And millennials, we're not having kids cuz it sucks being a parent. Like back in the day, if you had a kid and your kid was [ __ ] off, he if he was being a",true
2603.0,2026-09-21 19:52:16,@HollywoodStar2026,,god I hate polling the audience,negative,vader,,"or an uncle. Woo! [cheering] Woo! >> It's louder, right? And that's because being a parent sucks, dude. I am a millennial. I was born in the '9s. And millennials, we're not having kids cuz it sucks being a parent. Like back in the day, if you had a kid and your kid was [ __ ] off, he if he was being a little maf, you could hit them, right?",true
2609.0,2026-09-21 19:52:22,@Skin-E-Vadee-Vechee,,bin ladens search history was full of kids. nothing funny about that man,negative,vader,,">> It's louder, right? And that's because being a parent sucks, dude. I am a millennial. I was born in the '9s. And millennials, we're not having kids cuz it sucks being a parent. Like back in the day, if you had a kid and your kid was [ __ ] off, he if he was being a little maf, you could hit them, right? >> Nowadays, you can't hit your kids. If you hit your kids, they hate your kids.",true
2612.0,2026-09-21 19:52:25,@GlitterRed1,,ok. sleep has kicked in. I'm out,neutral,vader,,"millennial. I was born in the '9s. And millennials, we're not having kids cuz it sucks being a parent. Like back in the day, if you had a kid and your kid was [ __ ] off, he if he was being a little maf, you could hit them, right? >> Nowadays, you can't hit your kids. If you hit your kids, they hate your kids. But as an uncle, I can hit my nephew.",true
2620.0,2026-09-21 19:52:33,@HollywoodStar2026,,imagine being Shane' parent,neutral,vader,,"was [ __ ] off, he if he was being a little maf, you could hit them, right? >> Nowadays, you can't hit your kids. If you hit your kids, they hate your kids. But as an uncle, I can hit my nephew. What's he going to do? tell his dad. >> You know whose dad is? My brother. I've been fighting that [ __ ] for 34 years. I",true
2624.0,2026-09-21 19:52:37,@rocjames1,,find someone quick,neutral,vader,,"little maf, you could hit them, right? >> Nowadays, you can't hit your kids. If you hit your kids, they hate your kids. But as an uncle, I can hit my nephew. What's he going to do? tell his dad. >> You know whose dad is? My brother. I've been fighting that [ __ ] for 34 years. I will fight that [ __ ] again. Go ahead,",true
2630.0,2026-09-21 19:52:43,@Davy_Great,,Holy shit is it that time of the week again,negative,vader,,"you hit your kids, they hate your kids. But as an uncle, I can hit my nephew. What's he going to do? tell his dad. >> You know whose dad is? My brother. I've been fighting that [ __ ] for 34 years. I will fight that [ __ ] again. Go ahead, tell your dad. I'm ready. I want that. Thank you.",true
2632.0,2026-09-21 19:52:45,@z28diablo,,"You dream about it Glitter, no one escapes",negative,vader,,"But as an uncle, I can hit my nephew. What's he going to do? tell his dad. >> You know whose dad is? My brother. I've been fighting that [ __ ] for 34 years. I will fight that [ __ ] again. Go ahead, tell your dad. I'm ready. I want that. Thank you. My nephew, he is cute. Uh he's 12 years",true
2635.0,2026-09-21 19:52:48,@TheCorndawggy,,:face_exhaling: ,neutral,vader,,"What's he going to do? tell his dad. >> You know whose dad is? My brother. I've been fighting that [ __ ] for 34 years. I will fight that [ __ ] again. Go ahead, tell your dad. I'm ready. I want that. Thank you. My nephew, he is cute. Uh he's 12 years old and whenever I call [clears throat]",true
2640.0,2026-09-21 19:52:53,@professorroyhinkley4775,,Uncle??? Sorry i misgendered you ,negative,vader,,">> You know whose dad is? My brother. I've been fighting that [ __ ] for 34 years. I will fight that [ __ ] again. Go ahead, tell your dad. I'm ready. I want that. Thank you. My nephew, he is cute. Uh he's 12 years old and whenever I call [clears throat] him, he's always so excited. He'll answer the phone. He'll like, ""Hello."" He sounds a lot like Mickey Mouse. She's",true
2646.0,2026-09-21 19:52:59,@McMisfit,,suss,neutral,vader,,"will fight that [ __ ] again. Go ahead, tell your dad. I'm ready. I want that. Thank you. My nephew, he is cute. Uh he's 12 years old and whenever I call [clears throat] him, he's always so excited. He'll answer the phone. He'll like, ""Hello."" He sounds a lot like Mickey Mouse. She's very supportive and there's lots of woohoo on the phone. It's a good phone call. And tonight's about drunkles. Is",true
2655.0,2026-09-21 19:53:08,@HanzSygnal,,skinny forearms on a chubby person,neutral,vader,,"him, he's always so excited. He'll answer the phone. He'll like, ""Hello."" He sounds a lot like Mickey Mouse. She's very supportive and there's lots of woohoo on the phone. It's a good phone call. And tonight's about drunkles. Is that the word? Drunk. Um, so the last time I went to visit my nephew, his name is Stu. He lives in Minnesota and he I hope he's not",true
2656.0,2026-09-21 19:53:09,@henryOP8749,,How many comedians does it take to screw in a light bulb?? All of them if they are at comedy sim so they don’t have to go on stage :rolling_on_the_floor_laughing: ,positive,vader,,"him, he's always so excited. He'll answer the phone. He'll like, ""Hello."" He sounds a lot like Mickey Mouse. She's very supportive and there's lots of woohoo on the phone. It's a good phone call. And tonight's about drunkles. Is that the word? Drunk. Um, so the last time I went to visit my nephew, his name is Stu. He lives in Minnesota and he I hope he's not",true
2659.0,2026-09-21 19:53:12,@rocjames1,,Uncle fastest,neutral,vader,,"He sounds a lot like Mickey Mouse. She's very supportive and there's lots of woohoo on the phone. It's a good phone call. And tonight's about drunkles. Is that the word? Drunk. Um, so the last time I went to visit my nephew, his name is Stu. He lives in Minnesota and he I hope he's not watching this. Um, I went there for",true
2662.0,2026-09-21 19:53:15,@goodviibes8573,,"This kid is obviously lost, call the police ",negative,vader,,"very supportive and there's lots of woohoo on the phone. It's a good phone call. And tonight's about drunkles. Is that the word? Drunk. Um, so the last time I went to visit my nephew, his name is Stu. He lives in Minnesota and he I hope he's not watching this. Um, I went there for Thanksgiving and I ate half a duck. And",true
2669.0,2026-09-21 19:53:22,@z28diablo,,Like he doesn't know ,positive,vader,,"call. And tonight's about drunkles. Is that the word? Drunk. Um, so the last time I went to visit my nephew, his name is Stu. He lives in Minnesota and he I hope he's not watching this. Um, I went there for Thanksgiving and I ate half a duck. And if you ever eat half a duck, you kind of feel drunk. If you've ever eaten half a duck, you don't feel good. And uh while I was staying with my my nephew, I was",true
2682.0,2026-09-21 19:53:35,@McMisfit,,"fuck, a duck",negative,vader,,"Thanksgiving and I ate half a duck. And if you ever eat half a duck, you kind of feel drunk. If you've ever eaten half a duck, you don't feel good. And uh while I was staying with my my nephew, I was sleeping in his bed. He was sleeping on the couch. And I was drunk on duck and I uh I [ __ ] his bed. I pooped a 12-year-old's bed",true
2690.0,2026-09-21 19:53:43,@sunkissed335,,hm?,neutral,vader,,"sleeping in his bed. He was sleeping on the couch. And I was drunk on duck and I uh I [ __ ] his bed. I pooped a 12-year-old's bed in the morning. He's like, ""How'd you sleep?"" And I was like, ""Great."" I can't tell him, dude. He can't know.",true
2694.0,2026-09-21 19:53:47,@moneymagic6119,,wtff,neutral,vader,,"the couch. And I was drunk on duck and I uh I [ __ ] his bed. I pooped a 12-year-old's bed in the morning. He's like, ""How'd you sleep?"" And I was like, ""Great."" I can't tell him, dude. He can't know. I I went to a family reunion in",true
2694.0,2026-09-21 19:53:47,@goodviibes8573,,How many comics does it take to make us laugh ?? ,positive,vader,,"the couch. And I was drunk on duck and I uh I [ __ ] his bed. I pooped a 12-year-old's bed in the morning. He's like, ""How'd you sleep?"" And I was like, ""Great."" I can't tell him, dude. He can't know. I I went to a family reunion in",true
2697.0,2026-09-21 19:53:50,@jackcarr3361,,Does anyone have a sober uncle? I don’t.,neutral,vader,,"the couch. And I was drunk on duck and I uh I [ __ ] his bed. I pooped a 12-year-old's bed in the morning. He's like, ""How'd you sleep?"" And I was like, ""Great."" I can't tell him, dude. He can't know. I I went to a family reunion in Minnesota one time and half my family is",true
2702.0,2026-09-21 19:53:55,@z28diablo,,What a shitty joke,negative,vader,,"I pooped a 12-year-old's bed in the morning. He's like, ""How'd you sleep?"" And I was like, ""Great."" I can't tell him, dude. He can't know. I I went to a family reunion in Minnesota one time and half my family is liberal and half my family is conservative and it was so cool to see like the change in the conservatives in",true
2703.0,2026-09-21 19:53:56,@ineverlutes,,alright alright ,positive,vader,,"in the morning. He's like, ""How'd you sleep?"" And I was like, ""Great."" I can't tell him, dude. He can't know. I I went to a family reunion in Minnesota one time and half my family is liberal and half my family is conservative and it was so cool to see like the change in the conservatives in",true
2706.0,2026-09-21 19:53:59,@Yup-eee,,Not enough ,neutral,vader,,"sleep?"" And I was like, ""Great."" I can't tell him, dude. He can't know. I I went to a family reunion in Minnesota one time and half my family is liberal and half my family is conservative and it was so cool to see like the change in the conservatives in my family were like during co they were so against the mask right I can't wear a",true
2706.0,2026-09-21 19:53:59,@Gloobus.q,,Shitting the bed right now as well,negative,vader,,"sleep?"" And I was like, ""Great."" I can't tell him, dude. He can't know. I I went to a family reunion in Minnesota one time and half my family is liberal and half my family is conservative and it was so cool to see like the change in the conservatives in my family were like during co they were so against the mask right I can't wear a",true
2710.0,2026-09-21 19:54:03,@HollywoodStar2026,,Just when I think Shane can't get any classier,neutral,vader,,"sleep?"" And I was like, ""Great."" I can't tell him, dude. He can't know. I I went to a family reunion in Minnesota one time and half my family is liberal and half my family is conservative and it was so cool to see like the change in the conservatives in my family were like during co they were so against the mask right I can't wear a mask I can't breathe in the mask [ __ ] I",true
2712.0,2026-09-21 19:54:05,@rocjames1,,he's an old school skater.,neutral,vader,,I I went to a family reunion in Minnesota one time and half my family is liberal and half my family is conservative and it was so cool to see like the change in the conservatives in my family were like during co they were so against the mask right I can't wear a mask I can't breathe in the mask [ __ ] I,true
2716.0,2026-09-21 19:54:09,@ineverlutes,,@gloobus lmao,positive,vader,,Minnesota one time and half my family is liberal and half my family is conservative and it was so cool to see like the change in the conservatives in my family were like during co they were so against the mask right I can't wear a mask I can't breathe in the mask [ __ ] I [ __ ] this up I think already >> I'm leaving it um at that family reunion,true
2727.0,2026-09-21 19:54:20,@androidchannel309,,"where is that ""worst joke ever"" commenter",negative,vader,,so against the mask right I can't wear a mask I can't breathe in the mask [ __ ] I [ __ ] this up I think already >> I'm leaving it um at that family reunion I I saw my aunt and She told me that my uh one of my nephews has cancer and he was given a year to live.,true
2735.0,2026-09-21 19:54:28,@Stephen.Perryman,,hahaha,positive,vader,,"[ __ ] this up I think already >> I'm leaving it um at that family reunion I I saw my aunt and She told me that my uh one of my nephews has cancer and he was given a year to live. And uh what one thing he wanted to do before he died is he wanted to try magic mushrooms. And she's like, ""Can you get",true
2738.0,2026-09-21 19:54:31,@professorroyhinkley4775,,You have the identity of your mother… seek Jesus Christ now ILOVEYOUALL. ,neutral,vader,,">> I'm leaving it um at that family reunion I I saw my aunt and She told me that my uh one of my nephews has cancer and he was given a year to live. And uh what one thing he wanted to do before he died is he wanted to try magic mushrooms. And she's like, ""Can you get your your nephew some magic mushrooms?""",true
2741.0,2026-09-21 19:54:34,@ineverlutes,,that's not all he's leaving :pile_of_poo:,neutral,vader,,">> I'm leaving it um at that family reunion I I saw my aunt and She told me that my uh one of my nephews has cancer and he was given a year to live. And uh what one thing he wanted to do before he died is he wanted to try magic mushrooms. And she's like, ""Can you get your your nephew some magic mushrooms?"" And he was 15 years old at the time. And",true
2742.0,2026-09-21 19:54:35,@alisonwayland6057,,are incontinence pant available at this bar?,neutral,vader,,"I I saw my aunt and She told me that my uh one of my nephews has cancer and he was given a year to live. And uh what one thing he wanted to do before he died is he wanted to try magic mushrooms. And she's like, ""Can you get your your nephew some magic mushrooms?"" And he was 15 years old at the time. And like I've sold drugs to kids, right?",true
2750.0,2026-09-21 19:54:43,@goodviibes8573,,The audience needs guns to make this more interesting ,positive,vader,,"And uh what one thing he wanted to do before he died is he wanted to try magic mushrooms. And she's like, ""Can you get your your nephew some magic mushrooms?"" And he was 15 years old at the time. And like I've sold drugs to kids, right? I haven't. I wouldn't. But is that is that convincing if you guys",true
2758.0,2026-09-21 19:54:51,@Stephen.Perryman,,WORST JOKE EVEEEEER,negative,vader,,"your your nephew some magic mushrooms?"" And he was 15 years old at the time. And like I've sold drugs to kids, right? I haven't. I wouldn't. But is that is that convincing if you guys were a jury? I was like, maybe I should make an exception though. He has like a year to live. And by raise of hands, if there",true
2760.0,2026-09-21 19:54:53,@McMisfit,,who hasn't,neutral,vader,,"And he was 15 years old at the time. And like I've sold drugs to kids, right? I haven't. I wouldn't. But is that is that convincing if you guys were a jury? I was like, maybe I should make an exception though. He has like a year to live. And by raise of hands, if there",true
2762.0,2026-09-21 19:54:55,@JimboTheComic,,This is one of my favorite jokes ,positive,vader,,"And he was 15 years old at the time. And like I've sold drugs to kids, right? I haven't. I wouldn't. But is that is that convincing if you guys were a jury? I was like, maybe I should make an exception though. He has like a year to live. And by raise of hands, if there was a child that's 15 years old, he has",true
2765.0,2026-09-21 19:54:58,@z28diablo,,"Jimbo, we need your buddy ""TELL A JOKE"" guy back",positive,vader,,"like I've sold drugs to kids, right? I haven't. I wouldn't. But is that is that convincing if you guys were a jury? I was like, maybe I should make an exception though. He has like a year to live. And by raise of hands, if there was a child that's 15 years old, he has one year to live and he wanted to try",true
2766.0,2026-09-21 19:54:59,@JimboTheComic,,Not even lying ,positive,vader,,"like I've sold drugs to kids, right? I haven't. I wouldn't. But is that is that convincing if you guys were a jury? I was like, maybe I should make an exception though. He has like a year to live. And by raise of hands, if there was a child that's 15 years old, he has one year to live and he wanted to try magic mushrooms. Is it okay to give him",true
2766.0,2026-09-21 19:54:59,@sunkissed335,,,neutral,vader,,"like I've sold drugs to kids, right? I haven't. I wouldn't. But is that is that convincing if you guys were a jury? I was like, maybe I should make an exception though. He has like a year to live. And by raise of hands, if there was a child that's 15 years old, he has one year to live and he wanted to try magic mushrooms. Is it okay to give him",true
2778.0,2026-09-21 19:55:11,@rocjames1,,balls on the chin mean you in,neutral,vader,,"exception though. He has like a year to live. And by raise of hands, if there was a child that's 15 years old, he has one year to live and he wanted to try magic mushrooms. Is it okay to give him magic mushrooms? Raise your hand if it's a yes. [applause] >> I think so. Cuz like life is short. Experience it. We don't know if we get a second round, right? But now, let's say",true
2780.0,2026-09-21 19:55:13,@henryOP8749,,I feel the stares of the chair from here :rolling_on_the_floor_laughing: ,neutral,vader,,"live. And by raise of hands, if there was a child that's 15 years old, he has one year to live and he wanted to try magic mushrooms. Is it okay to give him magic mushrooms? Raise your hand if it's a yes. [applause] >> I think so. Cuz like life is short. Experience it. We don't know if we get a second round, right? But now, let's say he he changes his make a wish and he's",true
2782.0,2026-09-21 19:55:15,@DanielBarragan-pj6yo,,"it's not the crowd,it's him :loudly_crying_face::loudly_crying_face:",neutral,vader,,"was a child that's 15 years old, he has one year to live and he wanted to try magic mushrooms. Is it okay to give him magic mushrooms? Raise your hand if it's a yes. [applause] >> I think so. Cuz like life is short. Experience it. We don't know if we get a second round, right? But now, let's say he he changes his make a wish and he's like, ""You know what? I'm 15. I have a",true
2786.0,2026-09-21 19:55:19,@Zorik-u7l,,said hi,neutral,vader,,"magic mushrooms. Is it okay to give him magic mushrooms? Raise your hand if it's a yes. [applause] >> I think so. Cuz like life is short. Experience it. We don't know if we get a second round, right? But now, let's say he he changes his make a wish and he's like, ""You know what? I'm 15. I have a year to live. I've never had sex.""",true
2788.0,2026-09-21 19:55:21,@EricNelson1236,,uncle was chubb chaser son,neutral,vader,,"magic mushrooms? Raise your hand if it's a yes. [applause] >> I think so. Cuz like life is short. Experience it. We don't know if we get a second round, right? But now, let's say he he changes his make a wish and he's like, ""You know what? I'm 15. I have a year to live. I've never had sex."" Is it okay to buy a 15year-old that has",true
2788.0,2026-09-21 19:55:21,@JimboTheComic,,This is a fucking good joke,positive,vader,,"magic mushrooms? Raise your hand if it's a yes. [applause] >> I think so. Cuz like life is short. Experience it. We don't know if we get a second round, right? But now, let's say he he changes his make a wish and he's like, ""You know what? I'm 15. I have a year to live. I've never had sex."" Is it okay to buy a 15year-old that has",true
2793.0,2026-09-21 19:55:26,@z28diablo,,GET OFF YOUR PHONE JIMBO,neutral,vader,,">> I think so. Cuz like life is short. Experience it. We don't know if we get a second round, right? But now, let's say he he changes his make a wish and he's like, ""You know what? I'm 15. I have a year to live. I've never had sex."" Is it okay to buy a 15year-old that has one year to live a prostitute?",true
2799.0,2026-09-21 19:55:32,@JustMeInMpls,,sell out Crowd,neutral,vader,,"he he changes his make a wish and he's like, ""You know what? I'm 15. I have a year to live. I've never had sex."" Is it okay to buy a 15year-old that has one year to live a prostitute? Sex is one of the greatest things in life, right? Like, imagine dying of never having sex, dude.",true
2815.0,2026-09-21 19:55:48,@rocjames1,,Room full of crickets,neutral,vader,,"Sex is one of the greatest things in life, right? Like, imagine dying of never having sex, dude. >> Yeah. He's 15 years old, but that's like 40 in cancer years, right? who who raised their hand for the find a prostitute just so I can see. >> Okay, miss [laughter] this. >> Let's say he changes his wish one more",true
2818.0,2026-09-21 19:55:51,@alisonwayland6057,,holy crap!!! there's a live audience!!!!!,negative,vader,,"never having sex, dude. >> Yeah. He's 15 years old, but that's like 40 in cancer years, right? who who raised their hand for the find a prostitute just so I can see. >> Okay, miss [laughter] this. >> Let's say he changes his wish one more time. He's like, I'm 15. I have a year",true
2818.0,2026-09-21 19:55:51,@JimboTheComic,,It’s my job Diablo,neutral,vader,,"never having sex, dude. >> Yeah. He's 15 years old, but that's like 40 in cancer years, right? who who raised their hand for the find a prostitute just so I can see. >> Okay, miss [laughter] this. >> Let's say he changes his wish one more time. He's like, I'm 15. I have a year",true
2819.0,2026-09-21 19:55:52,@sunkissed335,,:loudly_crying_face:,neutral,vader,,"never having sex, dude. >> Yeah. He's 15 years old, but that's like 40 in cancer years, right? who who raised their hand for the find a prostitute just so I can see. >> Okay, miss [laughter] this. >> Let's say he changes his wish one more time. He's like, I'm 15. I have a year to live. My one wish in this world is to",true
2821.0,2026-09-21 19:55:54,@henryOP8749,,Jimbo comes to the chat to find funny shit to say :rolling_on_the_floor_laughing: ,negative,vader,,">> Yeah. He's 15 years old, but that's like 40 in cancer years, right? who who raised their hand for the find a prostitute just so I can see. >> Okay, miss [laughter] this. >> Let's say he changes his wish one more time. He's like, I'm 15. I have a year to live. My one wish in this world is to",true
2827.0,2026-09-21 19:56:00,@HanzSygnal,,solid joke,positive,vader,,"who who raised their hand for the find a prostitute just so I can see. >> Okay, miss [laughter] this. >> Let's say he changes his wish one more time. He's like, I'm 15. I have a year to live. My one wish in this world is to have sex with you. >> No. And that's the correct answer. I'm Chris Hansen.",true
2828.0,2026-09-21 19:56:01,@McMisfit,,,neutral,vader,,"who who raised their hand for the find a prostitute just so I can see. >> Okay, miss [laughter] this. >> Let's say he changes his wish one more time. He's like, I'm 15. I have a year to live. My one wish in this world is to have sex with you. >> No. And that's the correct answer. I'm Chris Hansen.",true
2830.0,2026-09-21 19:56:03,@ineverlutes,,JUMBO,neutral,vader,,"who who raised their hand for the find a prostitute just so I can see. >> Okay, miss [laughter] this. >> Let's say he changes his wish one more time. He's like, I'm 15. I have a year to live. My one wish in this world is to have sex with you. >> No. And that's the correct answer. I'm Chris Hansen. Walked right into that one. Why'd you",true
2835.0,2026-09-21 19:56:08,@Skin-E-Vadee-Vechee,,love that guys creepy shirt,positive,vader,,">> Let's say he changes his wish one more time. He's like, I'm 15. I have a year to live. My one wish in this world is to have sex with you. >> No. And that's the correct answer. I'm Chris Hansen. Walked right into that one. Why'd you bring so much pizza and condoms? >> [laughter]",true
2837.0,2026-09-21 19:56:10,@JimboTheComic,,Hanz it’s a solid one ,positive,vader,,"time. He's like, I'm 15. I have a year to live. My one wish in this world is to have sex with you. >> No. And that's the correct answer. I'm Chris Hansen. Walked right into that one. Why'd you bring so much pizza and condoms? >> [laughter] >> No, that is the right answer cuz yeah,",true
2838.0,2026-09-21 19:56:11,@blc-000,,Where’s the joke ,positive,vader,,"time. He's like, I'm 15. I have a year to live. My one wish in this world is to have sex with you. >> No. And that's the correct answer. I'm Chris Hansen. Walked right into that one. Why'd you bring so much pizza and condoms? >> [laughter] >> No, that is the right answer cuz yeah,",true
2839.0,2026-09-21 19:56:12,@z28diablo,,Sklyer is trying to catch Jimbo picking his nose,neutral,vader,,"time. He's like, I'm 15. I have a year to live. My one wish in this world is to have sex with you. >> No. And that's the correct answer. I'm Chris Hansen. Walked right into that one. Why'd you bring so much pizza and condoms? >> [laughter] >> No, that is the right answer cuz yeah, he's 15. Uh, but that's like 80 years",true
2846.0,2026-09-21 19:56:19,@ineverlutes,,not bad not bad ,positive,vader,,">> No. And that's the correct answer. I'm Chris Hansen. Walked right into that one. Why'd you bring so much pizza and condoms? >> [laughter] >> No, that is the right answer cuz yeah, he's 15. Uh, but that's like 80 years prison years for you, right? >> No, but you Oh, yeah, for me. But you can find an 18year-old prostitute.",true
2850.0,2026-09-21 19:56:23,@henryOP8749,,Lutes :rolling_on_the_floor_laughing: :thumbs_up: ,neutral,vader,,"Walked right into that one. Why'd you bring so much pizza and condoms? >> [laughter] >> No, that is the right answer cuz yeah, he's 15. Uh, but that's like 80 years prison years for you, right? >> No, but you Oh, yeah, for me. But you can find an 18year-old prostitute. >> Whoa. Whoa. Where? >> Well, [laughter]",true
2857.0,2026-09-21 19:56:30,@goodviibes8573,,What happened to the joke part ?? ,positive,vader,,">> No, that is the right answer cuz yeah, he's 15. Uh, but that's like 80 years prison years for you, right? >> No, but you Oh, yeah, for me. But you can find an 18year-old prostitute. >> Whoa. Whoa. Where? >> Well, [laughter] >> yeah. What's her number? Where? Where is she? How much is she? [laughter]",true
2863.0,2026-09-21 19:56:36,@McMisfit,,where?,neutral,vader,,">> No, but you Oh, yeah, for me. But you can find an 18year-old prostitute. >> Whoa. Whoa. Where? >> Well, [laughter] >> yeah. What's her number? Where? Where is she? How much is she? [laughter] He's budging. >> Does anyone have any questions for me?",true
2864.0,2026-09-21 19:56:37,@henryOP8749,,Jumbo :rolling_on_the_floor_laughing: ,neutral,vader,,">> No, but you Oh, yeah, for me. But you can find an 18year-old prostitute. >> Whoa. Whoa. Where? >> Well, [laughter] >> yeah. What's her number? Where? Where is she? How much is she? [laughter] He's budging. >> Does anyone have any questions for me?",true
2868.0,2026-09-21 19:56:41,@Stephen.Perryman,,Where,neutral,vader,,">> Whoa. Whoa. Where? >> Well, [laughter] >> yeah. What's her number? Where? Where is she? How much is she? [laughter] He's budging. >> Does anyone have any questions for me? >> This is the point of the show where I take questions.",true
2873.0,2026-09-21 19:56:46,@williamjohnson1302,,"dude doing phedo jokes , smh",negative,vader,,">> yeah. What's her number? Where? Where is she? How much is she? [laughter] He's budging. >> Does anyone have any questions for me? >> This is the point of the show where I take questions. >> Yes, Miss your girlfriend instead of the prostitute. >> You're going to have to say that again.",true
2876.0,2026-09-21 19:56:49,@henryOP8749,,Where???,neutral,vader,,">> yeah. What's her number? Where? Where is she? How much is she? [laughter] He's budging. >> Does anyone have any questions for me? >> This is the point of the show where I take questions. >> Yes, Miss your girlfriend instead of the prostitute. >> You're going to have to say that again. >> Why didn't you choose your girlfriend instead of the prostitute?",true
2880.0,2026-09-21 19:56:53,@tylerdarnell4842,,Next,neutral,vader,,"He's budging. >> Does anyone have any questions for me? >> This is the point of the show where I take questions. >> Yes, Miss your girlfriend instead of the prostitute. >> You're going to have to say that again. >> Why didn't you choose your girlfriend instead of the prostitute? >> Can you translate for me, sir? >> Oh, my girlfriend. Like, I have a",true
2881.0,2026-09-21 19:56:54,@goodviibes8573,,Yeah where ??? Seriously ,positive,vader,,"He's budging. >> Does anyone have any questions for me? >> This is the point of the show where I take questions. >> Yes, Miss your girlfriend instead of the prostitute. >> You're going to have to say that again. >> Why didn't you choose your girlfriend instead of the prostitute? >> Can you translate for me, sir? >> Oh, my girlfriend. Like, I have a",true
2888.0,2026-09-21 19:57:01,@blc-000,,Where’s the joke ,positive,vader,,"take questions. >> Yes, Miss your girlfriend instead of the prostitute. >> You're going to have to say that again. >> Why didn't you choose your girlfriend instead of the prostitute? >> Can you translate for me, sir? >> Oh, my girlfriend. Like, I have a girlfriend. >> Good one. You should be up here telling jokes.",true
2888.0,2026-09-21 19:57:01,@McMisfit,,ask trump for an even younger one,neutral,vader,,"take questions. >> Yes, Miss your girlfriend instead of the prostitute. >> You're going to have to say that again. >> Why didn't you choose your girlfriend instead of the prostitute? >> Can you translate for me, sir? >> Oh, my girlfriend. Like, I have a girlfriend. >> Good one. You should be up here telling jokes.",true
2890.0,2026-09-21 19:57:03,@JimboTheComic,,Oh har har jumbo,neutral,vader,,"prostitute. >> You're going to have to say that again. >> Why didn't you choose your girlfriend instead of the prostitute? >> Can you translate for me, sir? >> Oh, my girlfriend. Like, I have a girlfriend. >> Good one. You should be up here telling jokes. I uh",true
2894.0,2026-09-21 19:57:07,@aliwritesfunny,,Catch Shane performing soon at a high school,neutral,vader,,">> Why didn't you choose your girlfriend instead of the prostitute? >> Can you translate for me, sir? >> Oh, my girlfriend. Like, I have a girlfriend. >> Good one. You should be up here telling jokes. I uh >> I wrote this joke three years ago. >> He died a virgin, dude. That's [ __ ]",true
2896.0,2026-09-21 19:57:09,@alisonwayland6057,,the Q & A portion of the show,neutral,vader,,"instead of the prostitute? >> Can you translate for me, sir? >> Oh, my girlfriend. Like, I have a girlfriend. >> Good one. You should be up here telling jokes. I uh >> I wrote this joke three years ago. >> He died a virgin, dude. That's [ __ ] sad.",true
2898.0,2026-09-21 19:57:11,@sunkissed335,,translate is crazy:face_with_tears_of_joy::face_with_tears_of_joy::face_with_tears_of_joy:,neutral,vader,,">> Can you translate for me, sir? >> Oh, my girlfriend. Like, I have a girlfriend. >> Good one. You should be up here telling jokes. I uh >> I wrote this joke three years ago. >> He died a virgin, dude. That's [ __ ] sad.",true
2899.0,2026-09-21 19:57:12,@rocjames1,,cap back means your whack.,neutral,vader,,">> Can you translate for me, sir? >> Oh, my girlfriend. Like, I have a girlfriend. >> Good one. You should be up here telling jokes. I uh >> I wrote this joke three years ago. >> He died a virgin, dude. That's [ __ ] sad.",true
2902.0,2026-09-21 19:57:15,@JimboTheComic,,150,neutral,vader,,"girlfriend. >> Good one. You should be up here telling jokes. I uh >> I wrote this joke three years ago. >> He died a virgin, dude. That's [ __ ] sad. >> Any more questions before I leave? Actually, I have to go catch a bus.",true
2907.0,2026-09-21 19:57:20,@JimboTheComic,,Chat going OFF ,neutral,vader,,"jokes. I uh >> I wrote this joke three years ago. >> He died a virgin, dude. That's [ __ ] sad. >> Any more questions before I leave? Actually, I have to go catch a bus. >> Okay, goodbye. My name is Shane Nelson. Aloha.",true
2907.0,2026-09-21 19:57:20,@henryOP8749,,Jimbo :rolling_on_the_floor_laughing: :thumbs_up: ,neutral,vader,,"jokes. I uh >> I wrote this joke three years ago. >> He died a virgin, dude. That's [ __ ] sad. >> Any more questions before I leave? Actually, I have to go catch a bus. >> Okay, goodbye. My name is Shane Nelson. Aloha.",true
2917.0,2026-09-21 19:57:30,@goodviibes8573,,Guys seriously… where is this 18 year old hooker….. GUYs!!! ,negative,vader,,">> Any more questions before I leave? Actually, I have to go catch a bus. >> Okay, goodbye. My name is Shane Nelson. Aloha. >> Making you question your morals. the Jane Nelson. Ladies and gentlemen,",true
2917.0,2026-09-21 19:57:30,@EricNelson1236,,yo like to Moana?,positive,vader,,">> Any more questions before I leave? Actually, I have to go catch a bus. >> Okay, goodbye. My name is Shane Nelson. Aloha. >> Making you question your morals. the Jane Nelson. Ladies and gentlemen,",true
2918.0,2026-09-21 19:57:31,@Stephen.Perryman,,Best joke all morning,positive,vader,,">> Any more questions before I leave? Actually, I have to go catch a bus. >> Okay, goodbye. My name is Shane Nelson. Aloha. >> Making you question your morals. the Jane Nelson. Ladies and gentlemen,",true
2919.0,2026-09-21 19:57:32,@z28diablo,,DOES ANYONE HAVE SOME DRAGON GLASS,neutral,vader,,">> Any more questions before I leave? Actually, I have to go catch a bus. >> Okay, goodbye. My name is Shane Nelson. Aloha. >> Making you question your morals. the Jane Nelson. Ladies and gentlemen, >> yes, that apprehension is what that",true
2933.0,2026-09-21 19:57:46,@Skin-E-Vadee-Vechee,,this turned left fast,neutral,vader,,">> Making you question your morals. the Jane Nelson. Ladies and gentlemen, >> yes, that apprehension is what that deserves. You're absolutely right. You're good people. Good people. All right. Coming up next to the stage, the co-producer of last night's show. It's not at all weird that they both came in wearing sunglasses looking exactly like each other. You be the judge. Ladies and",true
2936.0,2026-09-21 19:57:49,@tylerdarnell4842,,Shit the bed on that one,negative,vader,,">> Making you question your morals. the Jane Nelson. Ladies and gentlemen, >> yes, that apprehension is what that deserves. You're absolutely right. You're good people. Good people. All right. Coming up next to the stage, the co-producer of last night's show. It's not at all weird that they both came in wearing sunglasses looking exactly like each other. You be the judge. Ladies and gentlemen, coming up to the stage, Ger Jackson. Bye-bye.",true
2936.0,2026-09-21 19:57:49,@alisonwayland6057,,does anyone have jokes,positive,vader,,">> Making you question your morals. the Jane Nelson. Ladies and gentlemen, >> yes, that apprehension is what that deserves. You're absolutely right. You're good people. Good people. All right. Coming up next to the stage, the co-producer of last night's show. It's not at all weird that they both came in wearing sunglasses looking exactly like each other. You be the judge. Ladies and gentlemen, coming up to the stage, Ger Jackson. Bye-bye.",true
2941.0,2026-09-21 19:57:54,@z28diablo,,Druncle Chino,neutral,vader,,"You're good people. Good people. All right. Coming up next to the stage, the co-producer of last night's show. It's not at all weird that they both came in wearing sunglasses looking exactly like each other. You be the judge. Ladies and gentlemen, coming up to the stage, Ger Jackson. Bye-bye.",true
2944.0,2026-09-21 19:57:57,@williamjohnson1302,,was the funniest part. he has to go catch a bus:rolling_on_the_floor_laughing:,positive,vader,,"right. Coming up next to the stage, the co-producer of last night's show. It's not at all weird that they both came in wearing sunglasses looking exactly like each other. You be the judge. Ladies and gentlemen, coming up to the stage, Ger Jackson. Bye-bye.",true
2947.0,2026-09-21 19:58:00,@henryOP8749,,Moana be all over ya :rolling_on_the_floor_laughing: ,neutral,vader,,"co-producer of last night's show. It's not at all weird that they both came in wearing sunglasses looking exactly like each other. You be the judge. Ladies and gentlemen, coming up to the stage, Ger Jackson. Bye-bye. I uh I I grew up in New Hampshire with a",true
2949.0,2026-09-21 19:58:02,@goodviibes8573,,No joke here ,negative,vader,,"not at all weird that they both came in wearing sunglasses looking exactly like each other. You be the judge. Ladies and gentlemen, coming up to the stage, Ger Jackson. Bye-bye. I uh I I grew up in New Hampshire with a dad that does construction.",true
2954.0,2026-09-21 19:58:07,@DeronJohnson70,,:clapping_hands: ,neutral,vader,,"gentlemen, coming up to the stage, Ger Jackson. Bye-bye. I uh I I grew up in New Hampshire with a dad that does construction. All I knew were drunkles, guys. It's",true
2960.0,2026-09-21 19:58:13,@rocjames1,,doz the nap match the back,neutral,vader,,"I uh I I grew up in New Hampshire with a dad that does construction. All I knew were drunkles, guys. It's literally the only thing they make out there. My uh >> my dad my dad was an alcoholic and uh he",true
2964.0,2026-09-21 19:58:17,@McMisfit,,is this the same dude,neutral,vader,,"I uh I I grew up in New Hampshire with a dad that does construction. All I knew were drunkles, guys. It's literally the only thing they make out there. My uh >> my dad my dad was an alcoholic and uh he uh he actually drank enough spiced rum",true
2970.0,2026-09-21 19:58:23,@ineverlutes,,@william lmao,positive,vader,,"dad that does construction. All I knew were drunkles, guys. It's literally the only thing they make out there. My uh >> my dad my dad was an alcoholic and uh he uh he actually drank enough spiced rum while trying to make me >> that I came out looking like Captain Morgan.",true
2971.0,2026-09-21 19:58:24,@HollywoodStar2026,,why does he keep putting Shane and Jackson back to back. ,neutral,vader,,"dad that does construction. All I knew were drunkles, guys. It's literally the only thing they make out there. My uh >> my dad my dad was an alcoholic and uh he uh he actually drank enough spiced rum while trying to make me >> that I came out looking like Captain Morgan.",true
2975.0,2026-09-21 19:58:28,@EricNelson1236,,bus is a big surf board over there,neutral,vader,,literally the only thing they make out there. My uh >> my dad my dad was an alcoholic and uh he uh he actually drank enough spiced rum while trying to make me >> that I came out looking like Captain Morgan. >> I guess,true
2991.0,2026-09-21 19:58:44,@z28diablo,,Because chat talks about it lol,positive,vader,,"Morgan. >> I guess Shane came first, I guess. I don't know. >> My uh my dad, he drank a lot like growing up and stuff. And my uh my birthday is like the end of March, so sometimes it falls on Easter. And uh if",true
2994.0,2026-09-21 19:58:47,@Dany44556,,Man I could not do this ,neutral,vader,,"Shane came first, I guess. I don't know. >> My uh my dad, he drank a lot like growing up and stuff. And my uh my birthday is like the end of March, so sometimes it falls on Easter. And uh if you guys also had a alcoholic",true
2995.0,2026-09-21 19:58:48,@jackcarr3361,,Clever way to disguise an aa meeting. Well played ,positive,vader,,"Shane came first, I guess. I don't know. >> My uh my dad, he drank a lot like growing up and stuff. And my uh my birthday is like the end of March, so sometimes it falls on Easter. And uh if you guys also had a alcoholic parent, you probably also went through a",true
2998.0,2026-09-21 19:58:51,@williamjohnson1302,,..crickets,neutral,vader,,"Shane came first, I guess. I don't know. >> My uh my dad, he drank a lot like growing up and stuff. And my uh my birthday is like the end of March, so sometimes it falls on Easter. And uh if you guys also had a alcoholic parent, you probably also went through a divorce. So they uh I had like, you",true
3005.0,2026-09-21 19:58:58,@ineverlutes,,@mcmisfit yes they are called hat hair ,positive,vader,,"growing up and stuff. And my uh my birthday is like the end of March, so sometimes it falls on Easter. And uh if you guys also had a alcoholic parent, you probably also went through a divorce. So they uh I had like, you know, two birthday dinners. My dad picked me up from Easter. We went to a Chinese restaurant cuz that's all that",true
3009.0,2026-09-21 19:59:02,@aliwritesfunny,,I can see the resemblance to Captain Morgan,neutral,vader,,"birthday is like the end of March, so sometimes it falls on Easter. And uh if you guys also had a alcoholic parent, you probably also went through a divorce. So they uh I had like, you know, two birthday dinners. My dad picked me up from Easter. We went to a Chinese restaurant cuz that's all that was open. And uh he he was ordering and to end it,",true
3013.0,2026-09-21 19:59:06,@alisonwayland6057,,good question Hollywoodstar,positive,vader,,"you guys also had a alcoholic parent, you probably also went through a divorce. So they uh I had like, you know, two birthday dinners. My dad picked me up from Easter. We went to a Chinese restaurant cuz that's all that was open. And uh he he was ordering and to end it, he uh he looked at this lady and he",true
3014.0,2026-09-21 19:59:07,@Skin-E-Vadee-Vechee,,wow I wasn't live I feel stupid giving the last guys credit to this guy,positive,vader,,"you guys also had a alcoholic parent, you probably also went through a divorce. So they uh I had like, you know, two birthday dinners. My dad picked me up from Easter. We went to a Chinese restaurant cuz that's all that was open. And uh he he was ordering and to end it, he uh he looked at this lady and he",true
3017.0,2026-09-21 19:59:10,@henryOP8749,,Jack :rolling_on_the_floor_laughing: :thumbs_up: :skull_and_crossbones: ,neutral,vader,,"parent, you probably also went through a divorce. So they uh I had like, you know, two birthday dinners. My dad picked me up from Easter. We went to a Chinese restaurant cuz that's all that was open. And uh he he was ordering and to end it, he uh he looked at this lady and he said, ""And uh Paul Frive",true
3024.0,2026-09-21 19:59:17,@z28diablo,,Chair would never allow another chair to follow it's act,negative,vader,,"picked me up from Easter. We went to a Chinese restaurant cuz that's all that was open. And uh he he was ordering and to end it, he uh he looked at this lady and he said, ""And uh Paul Frive in that exact voice."" And my head immediately popped up like, ""Yo, dude,",true
3024.0,2026-09-21 19:59:17,@goodviibes8573,,Is that a dog trying to tell jokes ,positive,vader,,"picked me up from Easter. We went to a Chinese restaurant cuz that's all that was open. And uh he he was ordering and to end it, he uh he looked at this lady and he said, ""And uh Paul Frive in that exact voice."" And my head immediately popped up like, ""Yo, dude,",true
3031.0,2026-09-21 19:59:24,@williamjohnson1302,,Debbie downer here,neutral,vader,,"And uh he he was ordering and to end it, he uh he looked at this lady and he said, ""And uh Paul Frive in that exact voice."" And my head immediately popped up like, ""Yo, dude, we got to come back here eventually."" And he just looked back at me like a dog that just pooped the carpet.",true
3033.0,2026-09-21 19:59:26,@HollywoodStar2026,,there should be a box of tissues on stage,neutral,vader,,"And uh he he was ordering and to end it, he uh he looked at this lady and he said, ""And uh Paul Frive in that exact voice."" And my head immediately popped up like, ""Yo, dude, we got to come back here eventually."" And he just looked back at me like a dog that just pooped the carpet. It's like, ""Dude, I I didn't mean to,",true
3040.0,2026-09-21 19:59:33,@Donnieboy24,,chair wouldn't stand for it,neutral,vader,,"said, ""And uh Paul Frive in that exact voice."" And my head immediately popped up like, ""Yo, dude, we got to come back here eventually."" And he just looked back at me like a dog that just pooped the carpet. It's like, ""Dude, I I didn't mean to, >> but that's, you know, it's What happens when you have a construction working dad",true
3049.0,2026-09-21 19:59:42,@rocjames1,,I hope that the chair don't suffer too much,positive,vader,,"And he just looked back at me like a dog that just pooped the carpet. It's like, ""Dude, I I didn't mean to, >> but that's, you know, it's What happens when you have a construction working dad in New England? >> My uh my other my uncle",true
3058.0,2026-09-21 19:59:51,@williamjohnson1302,,Bru. tal.,neutral,vader,,">> but that's, you know, it's What happens when you have a construction working dad in New England? >> My uh my other my uncle I I get the like love to embarrass the people I'm close to from my family. Like my my uncle would come down from Maine and anytime he would he would",true
3061.0,2026-09-21 19:59:54,@Zeroturn70,,Dumb shit,negative,vader,,when you have a construction working dad in New England? >> My uh my other my uncle I I get the like love to embarrass the people I'm close to from my family. Like my my uncle would come down from Maine and anytime he would he would always walk me out to the bus,true
3064.0,2026-09-21 19:59:57,@goodviibes8573,,There should be a gun on stage ,negative,vader,,in New England? >> My uh my other my uncle I I get the like love to embarrass the people I'm close to from my family. Like my my uncle would come down from Maine and anytime he would he would always walk me out to the bus with his pants at his nipples on,true
3065.0,2026-09-21 19:59:58,@brickz718187,,Who booked this shit show :grinning_squinting_face:,negative,vader,,in New England? >> My uh my other my uncle I I get the like love to embarrass the people I'm close to from my family. Like my my uncle would come down from Maine and anytime he would he would always walk me out to the bus with his pants at his nipples on,true
3066.0,2026-09-21 19:59:59,@EricNelson1236,,shoulda made you bow,neutral,vader,,in New England? >> My uh my other my uncle I I get the like love to embarrass the people I'm close to from my family. Like my my uncle would come down from Maine and anytime he would he would always walk me out to the bus with his pants at his nipples on,true
3066.0,2026-09-21 19:59:59,@McMisfit,,how is the chair,neutral,vader,,in New England? >> My uh my other my uncle I I get the like love to embarrass the people I'm close to from my family. Like my my uncle would come down from Maine and anytime he would he would always walk me out to the bus with his pants at his nipples on,true
3071.0,2026-09-21 20:00:04,@JimboTheComic,,Jackson like an meth head beatlejuice ,positive,vader,,I I get the like love to embarrass the people I'm close to from my family. Like my my uncle would come down from Maine and anytime he would he would always walk me out to the bus with his pants at his nipples on purpose. Like there's just an old moose knuckle,true
3075.0,2026-09-21 20:00:08,@stuarta4393,,couldn't hear the punchline,neutral,vader,,people I'm close to from my family. Like my my uncle would come down from Maine and anytime he would he would always walk me out to the bus with his pants at his nipples on purpose. Like there's just an old moose knuckle walking me.,true
3076.0,2026-09-21 20:00:09,@z28diablo,,Was his druncle Vito from Sopranos?,neutral,vader,,"Like my my uncle would come down from Maine and anytime he would he would always walk me out to the bus with his pants at his nipples on purpose. Like there's just an old moose knuckle walking me. All right, I guess hate moose knuckles.",true
3079.0,2026-09-21 20:00:12,@williamjohnson1302,,chair is funnier than this guy,positive,vader,,"Maine and anytime he would he would always walk me out to the bus with his pants at his nipples on purpose. Like there's just an old moose knuckle walking me. All right, I guess hate moose knuckles.",true
3082.0,2026-09-21 20:00:15,@henryOP8749,,Chair slowly walking out . Hey morgen Charlie’s dead body is funny than your live one boooooo,positive,phrase_or_manual,,"always walk me out to the bus with his pants at his nipples on purpose. Like there's just an old moose knuckle walking me. All right, I guess hate moose knuckles. All right, what is he going to do after",true
3083.0,2026-09-21 20:00:16,@Villakeen,,Keep watching I hang dong in 2 mins and balls in 5 ,neutral,vader,,"always walk me out to the bus with his pants at his nipples on purpose. Like there's just an old moose knuckle walking me. All right, I guess hate moose knuckles. All right, what is he going to do after that?",true
3087.0,2026-09-21 20:00:20,@Capncrunch-1,,"""crowd"" has no pulse!!",negative,vader,,"purpose. Like there's just an old moose knuckle walking me. All right, I guess hate moose knuckles. All right, what is he going to do after that? I uh I'm kind of the drunkle now. You",true
3091.0,2026-09-21 20:00:24,@Villakeen,,Keep watching I hang dong in 2 mins and balls in 5 ,neutral,vader,,"Like there's just an old moose knuckle walking me. All right, I guess hate moose knuckles. All right, what is he going to do after that? I uh I'm kind of the drunkle now. You know, my my good friend has he just had his second kid",true
3092.0,2026-09-21 20:00:25,@rocjames1,,sonny and chair,neutral,vader,,"Like there's just an old moose knuckle walking me. All right, I guess hate moose knuckles. All right, what is he going to do after that? I uh I'm kind of the drunkle now. You know, my my good friend has he just had his second kid",true
3099.0,2026-09-21 20:00:32,@moneymagic6119,,MOOSE DRUNCLE,neutral,vader,,"All right, what is he going to do after that? I uh I'm kind of the drunkle now. You know, my my good friend has he just had his second kid and uh I I remember talking to my dad when he had his first kid and I was like, ""Yo, dude, it's crazy that like my",true
3103.0,2026-09-21 20:00:36,@ONWARD24seven,,comedy monday again! heck yeah what's up chat,positive,vader,,"that? I uh I'm kind of the drunkle now. You know, my my good friend has he just had his second kid and uh I I remember talking to my dad when he had his first kid and I was like, ""Yo, dude, it's crazy that like my friends are having kids now. Can you imagine me having a kid?"" And his",true
3104.0,2026-09-21 20:00:37,@williamjohnson1302,,he googling jokes real time lol,positive,vader,,"that? I uh I'm kind of the drunkle now. You know, my my good friend has he just had his second kid and uh I I remember talking to my dad when he had his first kid and I was like, ""Yo, dude, it's crazy that like my friends are having kids now. Can you imagine me having a kid?"" And his immediate answer was, ""No.""",true
3106.0,2026-09-21 20:00:39,@goodviibes8573,,Is this carrot tops dumb brother ,neutral,vader,,"that? I uh I'm kind of the drunkle now. You know, my my good friend has he just had his second kid and uh I I remember talking to my dad when he had his first kid and I was like, ""Yo, dude, it's crazy that like my friends are having kids now. Can you imagine me having a kid?"" And his immediate answer was, ""No.""",true
3110.0,2026-09-21 20:00:43,@JimboTheComic,,I’ll hump the chair for 5 mins ,neutral,vader,,"know, my my good friend has he just had his second kid and uh I I remember talking to my dad when he had his first kid and I was like, ""Yo, dude, it's crazy that like my friends are having kids now. Can you imagine me having a kid?"" And his immediate answer was, ""No."" Dad has a lot of faith in me.",true
3112.0,2026-09-21 20:00:45,@ineverlutes,,we hate moose knuckles ,negative,vader,,"his second kid and uh I I remember talking to my dad when he had his first kid and I was like, ""Yo, dude, it's crazy that like my friends are having kids now. Can you imagine me having a kid?"" And his immediate answer was, ""No."" Dad has a lot of faith in me. You guys hate my family apparently.",true
3113.0,2026-09-21 20:00:46,@Skin-E-Vadee-Vechee,,these are always the toughest crowds.,negative,vader,,"his second kid and uh I I remember talking to my dad when he had his first kid and I was like, ""Yo, dude, it's crazy that like my friends are having kids now. Can you imagine me having a kid?"" And his immediate answer was, ""No."" Dad has a lot of faith in me. You guys hate my family apparently.",true
3118.0,2026-09-21 20:00:51,@Villakeen,,Keep watching I hang dong in 2 mins and balls in 5 ,neutral,vader,,"like, ""Yo, dude, it's crazy that like my friends are having kids now. Can you imagine me having a kid?"" And his immediate answer was, ""No."" Dad has a lot of faith in me. You guys hate my family apparently. >> It's called disdain. >> Disdain. That's I mean I hope they don't",true
3126.0,2026-09-21 20:00:59,@alisonwayland6057,,Chairs looking great now that it's not impersonating a red folding chair,positive,vader,,"immediate answer was, ""No."" Dad has a lot of faith in me. You guys hate my family apparently. >> It's called disdain. >> Disdain. That's I mean I hope they don't disdain my family. That's a little rough. It's a lot worse than hating, I think,",true
3126.0,2026-09-21 20:00:59,@goodviibes8573,,Nothing is up man….. nothing !!! ,neutral,vader,,"immediate answer was, ""No."" Dad has a lot of faith in me. You guys hate my family apparently. >> It's called disdain. >> Disdain. That's I mean I hope they don't disdain my family. That's a little rough. It's a lot worse than hating, I think,",true
3128.0,2026-09-21 20:01:01,@tylerdarnell4842,,Any hecklers cmon they would be funnier ,positive,vader,,"immediate answer was, ""No."" Dad has a lot of faith in me. You guys hate my family apparently. >> It's called disdain. >> Disdain. That's I mean I hope they don't disdain my family. That's a little rough. It's a lot worse than hating, I think, at this point.",true
3130.0,2026-09-21 20:01:03,@JimboTheComic,,Comedians* skin ,positive,vader,,"Dad has a lot of faith in me. You guys hate my family apparently. >> It's called disdain. >> Disdain. That's I mean I hope they don't disdain my family. That's a little rough. It's a lot worse than hating, I think, at this point. But no, I'm I'm always on her side.",true
3132.0,2026-09-21 20:01:05,@henryOP8749,,Jimbo if you hump the chair I will hug you I swear :rolling_on_the_floor_laughing: ,positive,vader,,"Dad has a lot of faith in me. You guys hate my family apparently. >> It's called disdain. >> Disdain. That's I mean I hope they don't disdain my family. That's a little rough. It's a lot worse than hating, I think, at this point. But no, I'm I'm always on her side.",true
3135.0,2026-09-21 20:01:08,@AG-nv6ml,,carot top meets Beatle juice :relieved_face:,positive,vader,,"You guys hate my family apparently. >> It's called disdain. >> Disdain. That's I mean I hope they don't disdain my family. That's a little rough. It's a lot worse than hating, I think, at this point. But no, I'm I'm always on her side. It's a lot of fun.",true
3140.0,2026-09-21 20:01:13,@rocjames1,,chair don't stand a chance,negative,vader,,">> Disdain. That's I mean I hope they don't disdain my family. That's a little rough. It's a lot worse than hating, I think, at this point. But no, I'm I'm always on her side. It's a lot of fun. And it's you just figure out how to basically piss off your friend using his",true
3143.0,2026-09-21 20:01:16,@ineverlutes,,bro up there having a crisis ,negative,vader,,"rough. It's a lot worse than hating, I think, at this point. But no, I'm I'm always on her side. It's a lot of fun. And it's you just figure out how to basically piss off your friend using his own child. It's a great time.",true
3155.0,2026-09-21 20:01:28,@sunkissed335,,:stopwatch-blue-hand-timer:,neutral,vader,,"It's a lot of fun. And it's you just figure out how to basically piss off your friend using his own child. It's a great time. All right, I'm going to do one more and then let me get the [ __ ] out of here. I uh it it is a lot different, you know, like when you're a you're a parent,",true
3155.0,2026-09-21 20:01:28,@JimboTheComic,,200 in the chat ,neutral,vader,,"It's a lot of fun. And it's you just figure out how to basically piss off your friend using his own child. It's a great time. All right, I'm going to do one more and then let me get the [ __ ] out of here. I uh it it is a lot different, you know, like when you're a you're a parent,",true
3160.0,2026-09-21 20:01:33,@aliwritesfunny,,The internet is forever bro ,neutral,vader,,"basically piss off your friend using his own child. It's a great time. All right, I'm going to do one more and then let me get the [ __ ] out of here. I uh it it is a lot different, you know, like when you're a you're a parent, you're like, ""Oh, I will protect this kid at any cost and do anything.""",true
3161.0,2026-09-21 20:01:34,@z28diablo,,TELL A JOKE,positive,vader,,"basically piss off your friend using his own child. It's a great time. All right, I'm going to do one more and then let me get the [ __ ] out of here. I uh it it is a lot different, you know, like when you're a you're a parent, you're like, ""Oh, I will protect this kid at any cost and do anything.""",true
3164.0,2026-09-21 20:01:37,@McMisfit,,white chairs matter,neutral,vader,,"own child. It's a great time. All right, I'm going to do one more and then let me get the [ __ ] out of here. I uh it it is a lot different, you know, like when you're a you're a parent, you're like, ""Oh, I will protect this kid at any cost and do anything."" Yeah.",true
3164.0,2026-09-21 20:01:37,@williamjohnson1302,,:rolling_on_the_floor_laughing::rolling_on_the_floor_laughing::rolling_on_the_floor_laughing:,neutral,vader,,"own child. It's a great time. All right, I'm going to do one more and then let me get the [ __ ] out of here. I uh it it is a lot different, you know, like when you're a you're a parent, you're like, ""Oh, I will protect this kid at any cost and do anything."" Yeah.",true
3165.0,2026-09-21 20:01:38,@Zeroturn70,,I shit funnier stuff,negative,vader,,"own child. It's a great time. All right, I'm going to do one more and then let me get the [ __ ] out of here. I uh it it is a lot different, you know, like when you're a you're a parent, you're like, ""Oh, I will protect this kid at any cost and do anything."" Yeah. >> But then if you're",true
3167.0,2026-09-21 20:01:40,@ONWARD24seven,,what's up Jimbo and Alison,neutral,vader,,"All right, I'm going to do one more and then let me get the [ __ ] out of here. I uh it it is a lot different, you know, like when you're a you're a parent, you're like, ""Oh, I will protect this kid at any cost and do anything."" Yeah. >> But then if you're >> an uncle to the kid, you're like, ""Oh,",true
3167.0,2026-09-21 20:01:40,@JimboTheComic,,Crisis ,negative,vader,,"All right, I'm going to do one more and then let me get the [ __ ] out of here. I uh it it is a lot different, you know, like when you're a you're a parent, you're like, ""Oh, I will protect this kid at any cost and do anything."" Yeah. >> But then if you're >> an uncle to the kid, you're like, ""Oh,",true
3169.0,2026-09-21 20:01:42,@alisonwayland6057,,Chair's looking pretty sturdy,positive,vader,,"then let me get the [ __ ] out of here. I uh it it is a lot different, you know, like when you're a you're a parent, you're like, ""Oh, I will protect this kid at any cost and do anything."" Yeah. >> But then if you're >> an uncle to the kid, you're like, ""Oh, like this is just a",true
3169.0,2026-09-21 20:01:42,@rocjames1,,I jacked up pirate.,neutral,vader,,"then let me get the [ __ ] out of here. I uh it it is a lot different, you know, like when you're a you're a parent, you're like, ""Oh, I will protect this kid at any cost and do anything."" Yeah. >> But then if you're >> an uncle to the kid, you're like, ""Oh, like this is just a",true
3170.0,2026-09-21 20:01:43,@DeronJohnson70,,Not even fun to heckle him,negative,vader,,"then let me get the [ __ ] out of here. I uh it it is a lot different, you know, like when you're a you're a parent, you're like, ""Oh, I will protect this kid at any cost and do anything."" Yeah. >> But then if you're >> an uncle to the kid, you're like, ""Oh, like this is just a",true
3175.0,2026-09-21 20:01:48,@JimboTheComic,,Jackson took acid relax ,positive,vader,,"I uh it it is a lot different, you know, like when you're a you're a parent, you're like, ""Oh, I will protect this kid at any cost and do anything."" Yeah. >> But then if you're >> an uncle to the kid, you're like, ""Oh, like this is just a >> tiny little idiot right now. This is",true
3176.0,2026-09-21 20:01:49,@Villakeen,,Keep watching I hang dong in 2 mins and balls in 5 ,neutral,vader,,"I uh it it is a lot different, you know, like when you're a you're a parent, you're like, ""Oh, I will protect this kid at any cost and do anything."" Yeah. >> But then if you're >> an uncle to the kid, you're like, ""Oh, like this is just a >> tiny little idiot right now. This is >> my friend. This is great."" Like you just",true
3177.0,2026-09-21 20:01:50,@Stephen.Perryman,,ONE MORE WHAT ???,neutral,vader,,"like when you're a you're a parent, you're like, ""Oh, I will protect this kid at any cost and do anything."" Yeah. >> But then if you're >> an uncle to the kid, you're like, ""Oh, like this is just a >> tiny little idiot right now. This is >> my friend. This is great."" Like you just",true
3180.0,2026-09-21 20:01:53,@HollywoodStar2026,,this is a support group sesh,positive,vader,,"you're like, ""Oh, I will protect this kid at any cost and do anything."" Yeah. >> But then if you're >> an uncle to the kid, you're like, ""Oh, like this is just a >> tiny little idiot right now. This is >> my friend. This is great."" Like you just realize like, ""Oh, dude."" Like every",true
3181.0,2026-09-21 20:01:54,@z28diablo,,This is why Carrot Top tried to kill himself,negative,vader,,"you're like, ""Oh, I will protect this kid at any cost and do anything."" Yeah. >> But then if you're >> an uncle to the kid, you're like, ""Oh, like this is just a >> tiny little idiot right now. This is >> my friend. This is great."" Like you just realize like, ""Oh, dude."" Like every horrible, horrible person throughout",true
3181.0,2026-09-21 20:01:54,@henryOP8749,,I hire chairs matter wtf :rolling_on_the_floor_laughing: ,negative,vader,,"you're like, ""Oh, I will protect this kid at any cost and do anything."" Yeah. >> But then if you're >> an uncle to the kid, you're like, ""Oh, like this is just a >> tiny little idiot right now. This is >> my friend. This is great."" Like you just realize like, ""Oh, dude."" Like every horrible, horrible person throughout",true
3184.0,2026-09-21 20:01:57,@williamjohnson1302,,he could be quiet for 5 mins an get more laughs,positive,vader,,">> But then if you're >> an uncle to the kid, you're like, ""Oh, like this is just a >> tiny little idiot right now. This is >> my friend. This is great."" Like you just realize like, ""Oh, dude."" Like every horrible, horrible person throughout history",true
3187.0,2026-09-21 20:02:00,@katygoldsmith9242,,Gallagher Sr. & Jr.,neutral,vader,,">> an uncle to the kid, you're like, ""Oh, like this is just a >> tiny little idiot right now. This is >> my friend. This is great."" Like you just realize like, ""Oh, dude."" Like every horrible, horrible person throughout history was just a tiny little idiot at one point. She still might turn out that",true
3190.0,2026-09-21 20:02:03,@Villakeen,,Keep watching I hang dong in 2 mins and balls in 5 ,neutral,vader,,"like this is just a >> tiny little idiot right now. This is >> my friend. This is great."" Like you just realize like, ""Oh, dude."" Like every horrible, horrible person throughout history was just a tiny little idiot at one point. She still might turn out that way. I'm her uncle. All right, guys. I'm",true
3190.0,2026-09-21 20:02:03,@HollywoodStar2026,,I feel sad for everyone,negative,vader,,"like this is just a >> tiny little idiot right now. This is >> my friend. This is great."" Like you just realize like, ""Oh, dude."" Like every horrible, horrible person throughout history was just a tiny little idiot at one point. She still might turn out that way. I'm her uncle. All right, guys. I'm",true
3191.0,2026-09-21 20:02:04,@alisonwayland6057,,hey ONWARD :waving_hand:,neutral,vader,,"like this is just a >> tiny little idiot right now. This is >> my friend. This is great."" Like you just realize like, ""Oh, dude."" Like every horrible, horrible person throughout history was just a tiny little idiot at one point. She still might turn out that way. I'm her uncle. All right, guys. I'm",true
3191.0,2026-09-21 20:02:04,@goodviibes8573,,"I ate moose knuckle for dinner last night, it was a little gamey but whatever ",neutral,vader,,"like this is just a >> tiny little idiot right now. This is >> my friend. This is great."" Like you just realize like, ""Oh, dude."" Like every horrible, horrible person throughout history was just a tiny little idiot at one point. She still might turn out that way. I'm her uncle. All right, guys. I'm",true
3192.0,2026-09-21 20:02:05,@henryOP8749,,White chairs matter :rolling_on_the_floor_laughing: ,neutral,vader,,"like this is just a >> tiny little idiot right now. This is >> my friend. This is great."" Like you just realize like, ""Oh, dude."" Like every horrible, horrible person throughout history was just a tiny little idiot at one point. She still might turn out that way. I'm her uncle. All right, guys. I'm Jackson Babine.",true
3192.0,2026-09-21 20:02:05,@ineverlutes,,oh he's tripping lmao ,positive,vader,,"like this is just a >> tiny little idiot right now. This is >> my friend. This is great."" Like you just realize like, ""Oh, dude."" Like every horrible, horrible person throughout history was just a tiny little idiot at one point. She still might turn out that way. I'm her uncle. All right, guys. I'm Jackson Babine.",true
3194.0,2026-09-21 20:02:07,@sunkissed335,,:taxi:,neutral,vader,,">> tiny little idiot right now. This is >> my friend. This is great."" Like you just realize like, ""Oh, dude."" Like every horrible, horrible person throughout history was just a tiny little idiot at one point. She still might turn out that way. I'm her uncle. All right, guys. I'm Jackson Babine. Yeah. Have a good night. [applause]",true
3194.0,2026-09-21 20:02:07,@rocjames1,,missing the patch,negative,vader,,">> tiny little idiot right now. This is >> my friend. This is great."" Like you just realize like, ""Oh, dude."" Like every horrible, horrible person throughout history was just a tiny little idiot at one point. She still might turn out that way. I'm her uncle. All right, guys. I'm Jackson Babine. Yeah. Have a good night. [applause]",true
3196.0,2026-09-21 20:02:09,@Stephen.Perryman,,AA,neutral,vader,,">> tiny little idiot right now. This is >> my friend. This is great."" Like you just realize like, ""Oh, dude."" Like every horrible, horrible person throughout history was just a tiny little idiot at one point. She still might turn out that way. I'm her uncle. All right, guys. I'm Jackson Babine. Yeah. Have a good night. [applause]",true
3197.0,2026-09-21 20:02:10,@Skin-E-Vadee-Vechee,,this crowd is depressing me,negative,vader,,">> my friend. This is great."" Like you just realize like, ""Oh, dude."" Like every horrible, horrible person throughout history was just a tiny little idiot at one point. She still might turn out that way. I'm her uncle. All right, guys. I'm Jackson Babine. Yeah. Have a good night. [applause]",true
3203.0,2026-09-21 20:02:16,@goodviibes8573,,Next ,neutral,vader,,"history was just a tiny little idiot at one point. She still might turn out that way. I'm her uncle. All right, guys. I'm Jackson Babine. Yeah. Have a good night. [applause] >> Jackson Bayine, ladies and gentlemen.",true
3205.0,2026-09-21 20:02:18,@jackcarr3361,,I don’t think we should judge his dad for drinking after this. Poor guy.,negative,vader,,"was just a tiny little idiot at one point. She still might turn out that way. I'm her uncle. All right, guys. I'm Jackson Babine. Yeah. Have a good night. [applause] >> Jackson Bayine, ladies and gentlemen. Big difference from last night's audience, huh? Yeah. Shell shot.",true
3212.0,2026-09-21 20:02:25,@tylerdarnell4842,,What?,neutral,vader,,"Jackson Babine. Yeah. Have a good night. [applause] >> Jackson Bayine, ladies and gentlemen. Big difference from last night's audience, huh? Yeah. Shell shot. >> He also partied really hard after that show, so I'm sure he's got a little hangover going on, too. He wasn't given",true
3215.0,2026-09-21 20:02:28,@JimboTheComic,,It is a rough crowd lol,positive,vader,,"Jackson Babine. Yeah. Have a good night. [applause] >> Jackson Bayine, ladies and gentlemen. Big difference from last night's audience, huh? Yeah. Shell shot. >> He also partied really hard after that show, so I'm sure he's got a little hangover going on, too. He wasn't given 100 either. It's okay. Don't worry about",true
3216.0,2026-09-21 20:02:29,@Donnieboy24,,gonna go cry in the car,negative,vader,,">> Jackson Bayine, ladies and gentlemen. Big difference from last night's audience, huh? Yeah. Shell shot. >> He also partied really hard after that show, so I'm sure he's got a little hangover going on, too. He wasn't given 100 either. It's okay. Don't worry about it. It's a Monday. All right. Uh, coming",true
3217.0,2026-09-21 20:02:30,@williamjohnson1302,,keep ya day job buddy,neutral,vader,,">> Jackson Bayine, ladies and gentlemen. Big difference from last night's audience, huh? Yeah. Shell shot. >> He also partied really hard after that show, so I'm sure he's got a little hangover going on, too. He wasn't given 100 either. It's okay. Don't worry about it. It's a Monday. All right. Uh, coming",true
3217.0,2026-09-21 20:02:30,@Hackofalltrades-mh5fq,,aww how sweet,positive,vader,,">> Jackson Bayine, ladies and gentlemen. Big difference from last night's audience, huh? Yeah. Shell shot. >> He also partied really hard after that show, so I'm sure he's got a little hangover going on, too. He wasn't given 100 either. It's okay. Don't worry about it. It's a Monday. All right. Uh, coming",true
3218.0,2026-09-21 20:02:31,@HollywoodStar2026,,"if everyone isn't sobbing by the end of the night, major fail",negative,vader,,">> Jackson Bayine, ladies and gentlemen. Big difference from last night's audience, huh? Yeah. Shell shot. >> He also partied really hard after that show, so I'm sure he's got a little hangover going on, too. He wasn't given 100 either. It's okay. Don't worry about it. It's a Monday. All right. Uh, coming",true
3221.0,2026-09-21 20:02:34,@Stephen.Perryman,,THE ACTS ARE DEPRESSING ME,negative,vader,,">> Jackson Bayine, ladies and gentlemen. Big difference from last night's audience, huh? Yeah. Shell shot. >> He also partied really hard after that show, so I'm sure he's got a little hangover going on, too. He wasn't given 100 either. It's okay. Don't worry about it. It's a Monday. All right. Uh, coming up next to the stage, ladies and gentlemen, has become a bit of a uh a",true
3224.0,2026-09-21 20:02:37,@McMisfit,,ok bye,positive,vader,,"Big difference from last night's audience, huh? Yeah. Shell shot. >> He also partied really hard after that show, so I'm sure he's got a little hangover going on, too. He wasn't given 100 either. It's okay. Don't worry about it. It's a Monday. All right. Uh, coming up next to the stage, ladies and gentlemen, has become a bit of a uh a bit of a circus act here at the Comedy",true
3224.0,2026-09-21 20:02:37,@ineverlutes,,@jackcarr lmao ,positive,vader,,"Big difference from last night's audience, huh? Yeah. Shell shot. >> He also partied really hard after that show, so I'm sure he's got a little hangover going on, too. He wasn't given 100 either. It's okay. Don't worry about it. It's a Monday. All right. Uh, coming up next to the stage, ladies and gentlemen, has become a bit of a uh a bit of a circus act here at the Comedy",true
3230.0,2026-09-21 20:02:43,@rocjames1,,ŕrrrrrrrrrrrr mate,neutral,vader,,"show, so I'm sure he's got a little hangover going on, too. He wasn't given 100 either. It's okay. Don't worry about it. It's a Monday. All right. Uh, coming up next to the stage, ladies and gentlemen, has become a bit of a uh a bit of a circus act here at the Comedy Simulator. Um, his comedy does something weird to my brain and is probably going to do the same thing to you guys. I have",true
3238.0,2026-09-21 20:02:51,@JimboTheComic,,DANNY!!! Game time baby ,neutral,vader,,"up next to the stage, ladies and gentlemen, has become a bit of a uh a bit of a circus act here at the Comedy Simulator. Um, his comedy does something weird to my brain and is probably going to do the same thing to you guys. I have no idea how else to explain him other than the one and only. We gave him a name, Dumpster Danny. Ladies and",true
3241.0,2026-09-21 20:02:54,@aliwritesfunny,,Jackson makes a great druncle ,positive,vader,,"gentlemen, has become a bit of a uh a bit of a circus act here at the Comedy Simulator. Um, his comedy does something weird to my brain and is probably going to do the same thing to you guys. I have no idea how else to explain him other than the one and only. We gave him a name, Dumpster Danny. Ladies and gentlemen, Dumpster Danny.",true
3246.0,2026-09-21 20:02:59,@goodviibes8573,,Yeah poor dad ,negative,vader,,"bit of a circus act here at the Comedy Simulator. Um, his comedy does something weird to my brain and is probably going to do the same thing to you guys. I have no idea how else to explain him other than the one and only. We gave him a name, Dumpster Danny. Ladies and gentlemen, Dumpster Danny.",true
3246.0,2026-09-21 20:02:59,@JimboTheComic,,"SIT BACK AND STRESS OUT, CHAT",negative,vader,,"bit of a circus act here at the Comedy Simulator. Um, his comedy does something weird to my brain and is probably going to do the same thing to you guys. I have no idea how else to explain him other than the one and only. We gave him a name, Dumpster Danny. Ladies and gentlemen, Dumpster Danny.",true
3257.0,2026-09-21 20:03:10,@Dah-Veeed,,"Aloha, amigos",neutral,vader,,"name, Dumpster Danny. Ladies and gentlemen, Dumpster Danny. How we doing tonight? >> My name is Danny and it is good to be back. So, I was a big alcoholic back in my day. I started drinking at the age 10. I",true
3258.0,2026-09-21 20:03:11,@rocjames1,,chair above the rest,neutral,vader,,"name, Dumpster Danny. Ladies and gentlemen, Dumpster Danny. How we doing tonight? >> My name is Danny and it is good to be back. So, I was a big alcoholic back in my day. I started drinking at the age 10. I",true
3258.0,2026-09-21 20:03:11,@ineverlutes,,LETS GOOO,neutral,vader,,"name, Dumpster Danny. Ladies and gentlemen, Dumpster Danny. How we doing tonight? >> My name is Danny and it is good to be back. So, I was a big alcoholic back in my day. I started drinking at the age 10. I",true
3260.0,2026-09-21 20:03:13,@DeronJohnson70,,:clapping_hands: ,neutral,vader,,"gentlemen, Dumpster Danny. How we doing tonight? >> My name is Danny and it is good to be back. So, I was a big alcoholic back in my day. I started drinking at the age 10. I",true
3260.0,2026-09-21 20:03:13,@z28diablo,,Buckle up ,neutral,vader,,"gentlemen, Dumpster Danny. How we doing tonight? >> My name is Danny and it is good to be back. So, I was a big alcoholic back in my day. I started drinking at the age 10. I",true
3264.0,2026-09-21 20:03:17,@moneymagic6119,,CUM DUMPSTER DAN,negative,vader,,"How we doing tonight? >> My name is Danny and it is good to be back. So, I was a big alcoholic back in my day. I started drinking at the age 10. I read my first porn magazine at age seven and lost my virginity at age 13. And now",true
3266.0,2026-09-21 20:03:19,@Hackofalltrades-mh5fq,,wow I wonder where they found him,positive,vader,,"How we doing tonight? >> My name is Danny and it is good to be back. So, I was a big alcoholic back in my day. I started drinking at the age 10. I read my first porn magazine at age seven and lost my virginity at age 13. And now",true
3268.0,2026-09-21 20:03:21,@HanzSygnal,,YES!!!,positive,vader,,"How we doing tonight? >> My name is Danny and it is good to be back. So, I was a big alcoholic back in my day. I started drinking at the age 10. I read my first porn magazine at age seven and lost my virginity at age 13. And now here I am today.",true
3269.0,2026-09-21 20:03:22,@ef9hatchy,,This guy I good ,positive,vader,,"How we doing tonight? >> My name is Danny and it is good to be back. So, I was a big alcoholic back in my day. I started drinking at the age 10. I read my first porn magazine at age seven and lost my virginity at age 13. And now here I am today.",true
3271.0,2026-09-21 20:03:24,@goodviibes8573,,Love the shirt Danny ,positive,vader,,"How we doing tonight? >> My name is Danny and it is good to be back. So, I was a big alcoholic back in my day. I started drinking at the age 10. I read my first porn magazine at age seven and lost my virginity at age 13. And now here I am today. Now, as an alcoholic, I had a lot of",true
3275.0,2026-09-21 20:03:28,@ineverlutes,,yoo that shirt tuff,neutral,vader,,"So, I was a big alcoholic back in my day. I started drinking at the age 10. I read my first porn magazine at age seven and lost my virginity at age 13. And now here I am today. Now, as an alcoholic, I had a lot of regrets. So, here's a few things of what",true
3277.0,2026-09-21 20:03:30,@ONWARD24seven,,Dumpster Danny the man the legend,negative,vader,,"So, I was a big alcoholic back in my day. I started drinking at the age 10. I read my first porn magazine at age seven and lost my virginity at age 13. And now here I am today. Now, as an alcoholic, I had a lot of regrets. So, here's a few things of what not to do when you drink. Number one, if",true
3281.0,2026-09-21 20:03:34,@sunkissed335,,His shirt :fire:,negative,vader,,"day. I started drinking at the age 10. I read my first porn magazine at age seven and lost my virginity at age 13. And now here I am today. Now, as an alcoholic, I had a lot of regrets. So, here's a few things of what not to do when you drink. Number one, if it's ever like very hot outside and",true
3282.0,2026-09-21 20:03:35,@goodviibes8573,,Who reads porn ??? ,neutral,vader,,"read my first porn magazine at age seven and lost my virginity at age 13. And now here I am today. Now, as an alcoholic, I had a lot of regrets. So, here's a few things of what not to do when you drink. Number one, if it's ever like very hot outside and you're trying to figure out how to make",true
3284.0,2026-09-21 20:03:37,@henryOP8749,,Chair life D4L,neutral,vader,,"read my first porn magazine at age seven and lost my virginity at age 13. And now here I am today. Now, as an alcoholic, I had a lot of regrets. So, here's a few things of what not to do when you drink. Number one, if it's ever like very hot outside and you're trying to figure out how to make your house more cooler, never ever put a",true
3284.0,2026-09-21 20:03:37,@JimboTheComic,,"You know where we found him, hackofalltrades",neutral,vader,,"read my first porn magazine at age seven and lost my virginity at age 13. And now here I am today. Now, as an alcoholic, I had a lot of regrets. So, here's a few things of what not to do when you drink. Number one, if it's ever like very hot outside and you're trying to figure out how to make your house more cooler, never ever put a",true
3286.0,2026-09-21 20:03:39,@williamjohnson1302,,bro was a stunt double on planet of the apes movies. the old ones,neutral,vader,,"and lost my virginity at age 13. And now here I am today. Now, as an alcoholic, I had a lot of regrets. So, here's a few things of what not to do when you drink. Number one, if it's ever like very hot outside and you're trying to figure out how to make your house more cooler, never ever put a block of dry ice in front of your fan.",true
3289.0,2026-09-21 20:03:42,@McMisfit,,yesterday,neutral,vader,,"here I am today. Now, as an alcoholic, I had a lot of regrets. So, here's a few things of what not to do when you drink. Number one, if it's ever like very hot outside and you're trying to figure out how to make your house more cooler, never ever put a block of dry ice in front of your fan. It may seem like a good idea at first,",true
3289.0,2026-09-21 20:03:42,@rocjames1,,This is bobcat twin brother,neutral,vader,,"here I am today. Now, as an alcoholic, I had a lot of regrets. So, here's a few things of what not to do when you drink. Number one, if it's ever like very hot outside and you're trying to figure out how to make your house more cooler, never ever put a block of dry ice in front of your fan. It may seem like a good idea at first,",true
3294.0,2026-09-21 20:03:47,@GremlinGGs,,bro is definitely lgbtq friendly,positive,vader,,"regrets. So, here's a few things of what not to do when you drink. Number one, if it's ever like very hot outside and you're trying to figure out how to make your house more cooler, never ever put a block of dry ice in front of your fan. It may seem like a good idea at first, but what you're really doing is you're allowing a lot of carbon dioxide to flow",true
3297.0,2026-09-21 20:03:50,@Gloobus.q,,This guy looks like a cartel member that had a traumatic brain injury ,negative,vader,,"regrets. So, here's a few things of what not to do when you drink. Number one, if it's ever like very hot outside and you're trying to figure out how to make your house more cooler, never ever put a block of dry ice in front of your fan. It may seem like a good idea at first, but what you're really doing is you're allowing a lot of carbon dioxide to flow through your house, and eventually you'll suffocate and die. Not not right",true
3299.0,2026-09-21 20:03:52,@Donnieboy24,,found him outside home Depot,neutral,vader,,"not to do when you drink. Number one, if it's ever like very hot outside and you're trying to figure out how to make your house more cooler, never ever put a block of dry ice in front of your fan. It may seem like a good idea at first, but what you're really doing is you're allowing a lot of carbon dioxide to flow through your house, and eventually you'll suffocate and die. Not not right",true
3300.0,2026-09-21 20:03:53,@JimboTheComic,,William that’s racist. ,negative,vader,,"it's ever like very hot outside and you're trying to figure out how to make your house more cooler, never ever put a block of dry ice in front of your fan. It may seem like a good idea at first, but what you're really doing is you're allowing a lot of carbon dioxide to flow through your house, and eventually you'll suffocate and die. Not not right away. Not right away, but eventually",true
3303.0,2026-09-21 20:03:56,@JimboTheComic,,And funny ,positive,vader,,"you're trying to figure out how to make your house more cooler, never ever put a block of dry ice in front of your fan. It may seem like a good idea at first, but what you're really doing is you're allowing a lot of carbon dioxide to flow through your house, and eventually you'll suffocate and die. Not not right away. Not right away, but eventually you'll suffer a canned diet. I came very",true
3303.0,2026-09-21 20:03:56,@Stephen.Perryman,,READ a porn mag:face-blue-smiling::face-blue-smiling::face-blue-smiling:,neutral,vader,,"you're trying to figure out how to make your house more cooler, never ever put a block of dry ice in front of your fan. It may seem like a good idea at first, but what you're really doing is you're allowing a lot of carbon dioxide to flow through your house, and eventually you'll suffocate and die. Not not right away. Not right away, but eventually you'll suffer a canned diet. I came very",true
3304.0,2026-09-21 20:03:57,@katygoldsmith9242,,"Comedy......""So easy a caveman can do it"".",positive,vader,,"your house more cooler, never ever put a block of dry ice in front of your fan. It may seem like a good idea at first, but what you're really doing is you're allowing a lot of carbon dioxide to flow through your house, and eventually you'll suffocate and die. Not not right away. Not right away, but eventually you'll suffer a canned diet. I came very",true
3306.0,2026-09-21 20:03:59,@jackcarr3361,,Back in my day…how old are you son? Was this high school?,neutral,vader,,"your house more cooler, never ever put a block of dry ice in front of your fan. It may seem like a good idea at first, but what you're really doing is you're allowing a lot of carbon dioxide to flow through your house, and eventually you'll suffocate and die. Not not right away. Not right away, but eventually you'll suffer a canned diet. I came very close on that one.",true
3308.0,2026-09-21 20:04:01,@goodviibes8573,,Who reads porn dammit !!!! ,neutral,vader,,"block of dry ice in front of your fan. It may seem like a good idea at first, but what you're really doing is you're allowing a lot of carbon dioxide to flow through your house, and eventually you'll suffocate and die. Not not right away. Not right away, but eventually you'll suffer a canned diet. I came very close on that one. Number two, how many weightlifterss do",true
3314.0,2026-09-21 20:04:07,@williamjohnson1302,,looks like a Neanderthal,positive,vader,,"allowing a lot of carbon dioxide to flow through your house, and eventually you'll suffocate and die. Not not right away. Not right away, but eventually you'll suffer a canned diet. I came very close on that one. Number two, how many weightlifterss do we got here? Anybody here lift weights? >> Okay. Now, how many people here use",true
3317.0,2026-09-21 20:04:10,@henryOP8749,,Hackofalltrades :rolling_on_the_floor_laughing: Jim ,neutral,vader,,"through your house, and eventually you'll suffocate and die. Not not right away. Not right away, but eventually you'll suffer a canned diet. I came very close on that one. Number two, how many weightlifterss do we got here? Anybody here lift weights? >> Okay. Now, how many people here use supplements like creatine? I'm a creatine guy. I like to use creatine.",true
3318.0,2026-09-21 20:04:11,@alisonwayland6057,,the few women he's been with have regrets,negative,vader,,"you'll suffocate and die. Not not right away. Not right away, but eventually you'll suffer a canned diet. I came very close on that one. Number two, how many weightlifterss do we got here? Anybody here lift weights? >> Okay. Now, how many people here use supplements like creatine? I'm a creatine guy. I like to use creatine.",true
3321.0,2026-09-21 20:04:14,@ineverlutes,,bro was sitting in a fog machine :face_with_tears_of_joy:,neutral,vader,,"away. Not right away, but eventually you'll suffer a canned diet. I came very close on that one. Number two, how many weightlifterss do we got here? Anybody here lift weights? >> Okay. Now, how many people here use supplements like creatine? I'm a creatine guy. I like to use creatine. >> Now, when you use creatine, you're",true
3325.0,2026-09-21 20:04:18,@rocjames1,,When is the cricket orchestra gonna come in,neutral,vader,,"close on that one. Number two, how many weightlifterss do we got here? Anybody here lift weights? >> Okay. Now, how many people here use supplements like creatine? I'm a creatine guy. I like to use creatine. >> Now, when you use creatine, you're supposed to mix it with like juice and water. You're not supposed to smoke the",true
3326.0,2026-09-21 20:04:19,@Zeroturn70,,Suffer cate,negative,vader,,"close on that one. Number two, how many weightlifterss do we got here? Anybody here lift weights? >> Okay. Now, how many people here use supplements like creatine? I'm a creatine guy. I like to use creatine. >> Now, when you use creatine, you're supposed to mix it with like juice and water. You're not supposed to smoke the [ __ ] because if you smoke the [ __ ] the",true
3326.0,2026-09-21 20:04:19,@DeronJohnson70,,Sufferkate ,neutral,vader,,"close on that one. Number two, how many weightlifterss do we got here? Anybody here lift weights? >> Okay. Now, how many people here use supplements like creatine? I'm a creatine guy. I like to use creatine. >> Now, when you use creatine, you're supposed to mix it with like juice and water. You're not supposed to smoke the [ __ ] because if you smoke the [ __ ] the",true
3327.0,2026-09-21 20:04:20,@brickz718187,,suffercate lll,neutral,vader,,"close on that one. Number two, how many weightlifterss do we got here? Anybody here lift weights? >> Okay. Now, how many people here use supplements like creatine? I'm a creatine guy. I like to use creatine. >> Now, when you use creatine, you're supposed to mix it with like juice and water. You're not supposed to smoke the [ __ ] because if you smoke the [ __ ] the",true
3339.0,2026-09-21 20:04:32,@ineverlutes,,Suffercrates,neutral,vader,,"creatine guy. I like to use creatine. >> Now, when you use creatine, you're supposed to mix it with like juice and water. You're not supposed to smoke the [ __ ] because if you smoke the [ __ ] the only thing that's going to happen, you're going to get very sick to your stomach and you're going to puke in the toilet for about a few hours. So, let's not do that [ __ ] neither. And number three, number three, never",true
3342.0,2026-09-21 20:04:35,@Stephen.Perryman,,she's mo been with women,neutral,vader,,"supposed to mix it with like juice and water. You're not supposed to smoke the [ __ ] because if you smoke the [ __ ] the only thing that's going to happen, you're going to get very sick to your stomach and you're going to puke in the toilet for about a few hours. So, let's not do that [ __ ] neither. And number three, number three, never ever play with an Ouija board by",true
3348.0,2026-09-21 20:04:41,@McMisfit,,only your mamma,neutral,vader,,"[ __ ] because if you smoke the [ __ ] the only thing that's going to happen, you're going to get very sick to your stomach and you're going to puke in the toilet for about a few hours. So, let's not do that [ __ ] neither. And number three, number three, never ever play with an Ouija board by yourself at an old Confederate soldier cemetery, especially at night. The only thing",true
3351.0,2026-09-21 20:04:44,@Panther_Paws,,This guy isn’t funny ,negative,vader,,"you're going to get very sick to your stomach and you're going to puke in the toilet for about a few hours. So, let's not do that [ __ ] neither. And number three, number three, never ever play with an Ouija board by yourself at an old Confederate soldier cemetery, especially at night. The only thing that's going to happen is they're going to attract a lot of evil spirits to you",true
3353.0,2026-09-21 20:04:46,@EricNelson1236,,don't randomly jump on crowds and bite them,neutral,vader,,"toilet for about a few hours. So, let's not do that [ __ ] neither. And number three, number three, never ever play with an Ouija board by yourself at an old Confederate soldier cemetery, especially at night. The only thing that's going to happen is they're going to attract a lot of evil spirits to you and eventually you're going to need",true
3358.0,2026-09-21 20:04:51,@JimboTheComic,,#Suffercrate,neutral,vader,,"not do that [ __ ] neither. And number three, number three, never ever play with an Ouija board by yourself at an old Confederate soldier cemetery, especially at night. The only thing that's going to happen is they're going to attract a lot of evil spirits to you and eventually you're going to need about three years of therapy. So, let's not do that [ __ ] neither.",true
3361.0,2026-09-21 20:04:54,@henryOP8749,,The his dude is as moist as dry ice,neutral,vader,,"ever play with an Ouija board by yourself at an old Confederate soldier cemetery, especially at night. The only thing that's going to happen is they're going to attract a lot of evil spirits to you and eventually you're going to need about three years of therapy. So, let's not do that [ __ ] neither. >> So, after high after high school, I",true
3364.0,2026-09-21 20:04:57,@Jonny5ive5,,is this supposed to be comedy?,positive,vader,,"yourself at an old Confederate soldier cemetery, especially at night. The only thing that's going to happen is they're going to attract a lot of evil spirits to you and eventually you're going to need about three years of therapy. So, let's not do that [ __ ] neither. >> So, after high after high school, I always wanted to go to a clown college.",true
3366.0,2026-09-21 20:04:59,@goodviibes8573,,What the fuck is Craahteen ??? ,negative,vader,,"cemetery, especially at night. The only thing that's going to happen is they're going to attract a lot of evil spirits to you and eventually you're going to need about three years of therapy. So, let's not do that [ __ ] neither. >> So, after high after high school, I always wanted to go to a clown college. >> It's just too bad there was no clown",true
3366.0,2026-09-21 20:04:59,@DeronJohnson70,,Suffering Suffer cat,negative,vader,,"cemetery, especially at night. The only thing that's going to happen is they're going to attract a lot of evil spirits to you and eventually you're going to need about three years of therapy. So, let's not do that [ __ ] neither. >> So, after high after high school, I always wanted to go to a clown college. >> It's just too bad there was no clown",true
3367.0,2026-09-21 20:05:00,@rocjames1,,wow DDs,positive,vader,,"especially at night. The only thing that's going to happen is they're going to attract a lot of evil spirits to you and eventually you're going to need about three years of therapy. So, let's not do that [ __ ] neither. >> So, after high after high school, I always wanted to go to a clown college. >> It's just too bad there was no clown",true
3372.0,2026-09-21 20:05:05,@HollywoodStar2026,,only 3 years?,neutral,vader,,"and eventually you're going to need about three years of therapy. So, let's not do that [ __ ] neither. >> So, after high after high school, I always wanted to go to a clown college. >> It's just too bad there was no clown colleges available after high school. Now, back in the '9s, clown colleges",true
3372.0,2026-09-21 20:05:05,@williamjohnson1302,,"@jimbo, thats racist wat u said lol im black. idk if wat u tryin to say:rolling_on_the_floor_laughing: all love brotha. Just trolling",positive,vader,,"and eventually you're going to need about three years of therapy. So, let's not do that [ __ ] neither. >> So, after high after high school, I always wanted to go to a clown college. >> It's just too bad there was no clown colleges available after high school. Now, back in the '9s, clown colleges",true
3374.0,2026-09-21 20:05:07,@Slice2112,,What was the theme tonight? ,neutral,vader,,"about three years of therapy. So, let's not do that [ __ ] neither. >> So, after high after high school, I always wanted to go to a clown college. >> It's just too bad there was no clown colleges available after high school. Now, back in the '9s, clown colleges were like [ __ ] booming everywhere. No",true
3381.0,2026-09-21 20:05:14,@ineverlutes,,"""suffercrate,"" the audience whispers ",neutral,vader,,">> So, after high after high school, I always wanted to go to a clown college. >> It's just too bad there was no clown colleges available after high school. Now, back in the '9s, clown colleges were like [ __ ] booming everywhere. No [ __ ] I'm telling you, it was actually at one time it was more harder to get into a clown college than a Harvard University. And that's true [ __ ] You",true
3386.0,2026-09-21 20:05:19,@JimboTheComic,,Drunkles ,neutral,vader,,">> It's just too bad there was no clown colleges available after high school. Now, back in the '9s, clown colleges were like [ __ ] booming everywhere. No [ __ ] I'm telling you, it was actually at one time it was more harder to get into a clown college than a Harvard University. And that's true [ __ ] You guys can Google that all you want. That's right, folks. There's nothing",true
3391.0,2026-09-21 20:05:24,@Donnieboy24,,drunk uncles,negative,vader,,"Now, back in the '9s, clown colleges were like [ __ ] booming everywhere. No [ __ ] I'm telling you, it was actually at one time it was more harder to get into a clown college than a Harvard University. And that's true [ __ ] You guys can Google that all you want. That's right, folks. There's nothing wrong with being a professional clown. They'll teach you how to juggle in one",true
3394.0,2026-09-21 20:05:27,@jackcarr3361,,Skipped college went straight to the pros ,positive,vader,,"were like [ __ ] booming everywhere. No [ __ ] I'm telling you, it was actually at one time it was more harder to get into a clown college than a Harvard University. And that's true [ __ ] You guys can Google that all you want. That's right, folks. There's nothing wrong with being a professional clown. They'll teach you how to juggle in one hand and finger [ __ ] in the other.",true
3397.0,2026-09-21 20:05:30,@ef9hatchy,,More,neutral,vader,,"[ __ ] I'm telling you, it was actually at one time it was more harder to get into a clown college than a Harvard University. And that's true [ __ ] You guys can Google that all you want. That's right, folks. There's nothing wrong with being a professional clown. They'll teach you how to juggle in one hand and finger [ __ ] in the other. So, how many ladies here tonight have",true
3399.0,2026-09-21 20:05:32,@Slice2112,,Ahh yes ,positive,vader,,"into a clown college than a Harvard University. And that's true [ __ ] You guys can Google that all you want. That's right, folks. There's nothing wrong with being a professional clown. They'll teach you how to juggle in one hand and finger [ __ ] in the other. So, how many ladies here tonight have ever been like in a real [ __ ] up",true
3403.0,2026-09-21 20:05:36,@JimboTheComic,,William- I followed up with. That was funny hahahaha,positive,vader,,"University. And that's true [ __ ] You guys can Google that all you want. That's right, folks. There's nothing wrong with being a professional clown. They'll teach you how to juggle in one hand and finger [ __ ] in the other. So, how many ladies here tonight have ever been like in a real [ __ ] up relationship? >> Now, you know what your problem is,",true
3404.0,2026-09-21 20:05:37,@HanzSygnal,,I love this dude I swear,positive,vader,,"guys can Google that all you want. That's right, folks. There's nothing wrong with being a professional clown. They'll teach you how to juggle in one hand and finger [ __ ] in the other. So, how many ladies here tonight have ever been like in a real [ __ ] up relationship? >> Now, you know what your problem is, ladies? You always end up with the guy",true
3405.0,2026-09-21 20:05:38,@Donnieboy24,,lmao,positive,vader,,"guys can Google that all you want. That's right, folks. There's nothing wrong with being a professional clown. They'll teach you how to juggle in one hand and finger [ __ ] in the other. So, how many ladies here tonight have ever been like in a real [ __ ] up relationship? >> Now, you know what your problem is, ladies? You always end up with the guy",true
3406.0,2026-09-21 20:05:39,@rocjames1,,non smoking area,neutral,vader,,"That's right, folks. There's nothing wrong with being a professional clown. They'll teach you how to juggle in one hand and finger [ __ ] in the other. So, how many ladies here tonight have ever been like in a real [ __ ] up relationship? >> Now, you know what your problem is, ladies? You always end up with the guy",true
3406.0,2026-09-21 20:05:39,@ef9hatchy,,More harder ,neutral,vader,,"That's right, folks. There's nothing wrong with being a professional clown. They'll teach you how to juggle in one hand and finger [ __ ] in the other. So, how many ladies here tonight have ever been like in a real [ __ ] up relationship? >> Now, you know what your problem is, ladies? You always end up with the guy",true
3407.0,2026-09-21 20:05:40,@Panther_Paws,,Oh,neutral,vader,,"That's right, folks. There's nothing wrong with being a professional clown. They'll teach you how to juggle in one hand and finger [ __ ] in the other. So, how many ladies here tonight have ever been like in a real [ __ ] up relationship? >> Now, you know what your problem is, ladies? You always end up with the guy that you got to tell twice to do",true
3407.0,2026-09-21 20:05:40,@Stephen.Perryman,,zCreatine,neutral,vader,,"That's right, folks. There's nothing wrong with being a professional clown. They'll teach you how to juggle in one hand and finger [ __ ] in the other. So, how many ladies here tonight have ever been like in a real [ __ ] up relationship? >> Now, you know what your problem is, ladies? You always end up with the guy that you got to tell twice to do",true
3408.0,2026-09-21 20:05:41,@sunkissed335,,oh my,neutral,vader,,"wrong with being a professional clown. They'll teach you how to juggle in one hand and finger [ __ ] in the other. So, how many ladies here tonight have ever been like in a real [ __ ] up relationship? >> Now, you know what your problem is, ladies? You always end up with the guy that you got to tell twice to do something. Now, me on the other hand, I",true
3413.0,2026-09-21 20:05:46,@McMisfit,,circus freak,negative,vader,,"They'll teach you how to juggle in one hand and finger [ __ ] in the other. So, how many ladies here tonight have ever been like in a real [ __ ] up relationship? >> Now, you know what your problem is, ladies? You always end up with the guy that you got to tell twice to do something. Now, me on the other hand, I don't mind at all being the [ __ ] of the",true
3414.0,2026-09-21 20:05:47,@goodviibes8573,,His shirt is cool… he sucks ,negative,vader,,"So, how many ladies here tonight have ever been like in a real [ __ ] up relationship? >> Now, you know what your problem is, ladies? You always end up with the guy that you got to tell twice to do something. Now, me on the other hand, I don't mind at all being the [ __ ] of the relationship.",true
3416.0,2026-09-21 20:05:49,@Mike-Alice-D-InWonderland,,not funny at all,negative,vader,,"So, how many ladies here tonight have ever been like in a real [ __ ] up relationship? >> Now, you know what your problem is, ladies? You always end up with the guy that you got to tell twice to do something. Now, me on the other hand, I don't mind at all being the [ __ ] of the relationship. I'm totally fine with that. I'll even do",true
3417.0,2026-09-21 20:05:50,@alisonwayland6057,,the theme is bring us ANY JOKES,positive,vader,,"So, how many ladies here tonight have ever been like in a real [ __ ] up relationship? >> Now, you know what your problem is, ladies? You always end up with the guy that you got to tell twice to do something. Now, me on the other hand, I don't mind at all being the [ __ ] of the relationship. I'm totally fine with that. I'll even do",true
3419.0,2026-09-21 20:05:52,@Adopted_Banana,,stand up from temu,neutral,vader,,"ever been like in a real [ __ ] up relationship? >> Now, you know what your problem is, ladies? You always end up with the guy that you got to tell twice to do something. Now, me on the other hand, I don't mind at all being the [ __ ] of the relationship. I'm totally fine with that. I'll even do things for you that you don't want me to",true
3420.0,2026-09-21 20:05:53,@DeronJohnson70,,Nodoze the clown,neutral,vader,,"ever been like in a real [ __ ] up relationship? >> Now, you know what your problem is, ladies? You always end up with the guy that you got to tell twice to do something. Now, me on the other hand, I don't mind at all being the [ __ ] of the relationship. I'm totally fine with that. I'll even do things for you that you don't want me to",true
3423.0,2026-09-21 20:05:56,@JimboTheComic,,We are all about WITTY racism. Low hanging fruit gets put in timeout ,negative,vader,,">> Now, you know what your problem is, ladies? You always end up with the guy that you got to tell twice to do something. Now, me on the other hand, I don't mind at all being the [ __ ] of the relationship. I'm totally fine with that. I'll even do things for you that you don't want me to do. Your breakfast is on the counter,",true
3428.0,2026-09-21 20:06:01,@williamjohnson1302,,slap a silly corny future military suit on him an he a double in planet of the apes,positive,vader,,"that you got to tell twice to do something. Now, me on the other hand, I don't mind at all being the [ __ ] of the relationship. I'm totally fine with that. I'll even do things for you that you don't want me to do. Your breakfast is on the counter, dear, and I just iron your dress. Remember, folks, a relationship isn't",true
3429.0,2026-09-21 20:06:02,@aliwritesfunny,,Even more afraid of clowns than I was before this bit ,neutral,vader,,"that you got to tell twice to do something. Now, me on the other hand, I don't mind at all being the [ __ ] of the relationship. I'm totally fine with that. I'll even do things for you that you don't want me to do. Your breakfast is on the counter, dear, and I just iron your dress. Remember, folks, a relationship isn't",true
3432.0,2026-09-21 20:06:05,@Solopro777,,1302 stfu,neutral,vader,,"don't mind at all being the [ __ ] of the relationship. I'm totally fine with that. I'll even do things for you that you don't want me to do. Your breakfast is on the counter, dear, and I just iron your dress. Remember, folks, a relationship isn't just about sex, drugs, and furniture.",true
3433.0,2026-09-21 20:06:06,@z28diablo,,Pennywise is Danny's druncle,neutral,vader,,"don't mind at all being the [ __ ] of the relationship. I'm totally fine with that. I'll even do things for you that you don't want me to do. Your breakfast is on the counter, dear, and I just iron your dress. Remember, folks, a relationship isn't just about sex, drugs, and furniture. It's also a business.",true
3440.0,2026-09-21 20:06:13,@rocjames1,,too many lead chips,neutral,vader,,"things for you that you don't want me to do. Your breakfast is on the counter, dear, and I just iron your dress. Remember, folks, a relationship isn't just about sex, drugs, and furniture. It's also a business. a business that also besides court dates and lawyers. And when [ __ ] doesn't go right in court,",true
3446.0,2026-09-21 20:06:19,@FaintOfHeart91,,people find him funny?,positive,vader,,"dear, and I just iron your dress. Remember, folks, a relationship isn't just about sex, drugs, and furniture. It's also a business. a business that also besides court dates and lawyers. And when [ __ ] doesn't go right in court, people come up missing. What exactly am I talking about? I do",true
3455.0,2026-09-21 20:06:28,@HollywoodStar2026,,sex drugs and furniture,neutral,vader,,"It's also a business. a business that also besides court dates and lawyers. And when [ __ ] doesn't go right in court, people come up missing. What exactly am I talking about? I do not know. >> So, I still haven't received my $5,000 from Donald Trump yet.",true
3458.0,2026-09-21 20:06:31,@Gloobus.q,,His hand movements make me uncomfortable ,positive,vader,,"and lawyers. And when [ __ ] doesn't go right in court, people come up missing. What exactly am I talking about? I do not know. >> So, I still haven't received my $5,000 from Donald Trump yet. >> And I had a I had a lot a lot of plans",true
3459.0,2026-09-21 20:06:32,@Jonny5ive5,,hmm,neutral,vader,,"and lawyers. And when [ __ ] doesn't go right in court, people come up missing. What exactly am I talking about? I do not know. >> So, I still haven't received my $5,000 from Donald Trump yet. >> And I had a I had a lot a lot of plans",true
3461.0,2026-09-21 20:06:34,@goodviibes8573,,Funny looking :eyes: ,positive,vader,,"And when [ __ ] doesn't go right in court, people come up missing. What exactly am I talking about? I do not know. >> So, I still haven't received my $5,000 from Donald Trump yet. >> And I had a I had a lot a lot of plans for that money, too. You know, I had a lot of plans. I was going to buy my cat",true
3461.0,2026-09-21 20:06:34,@ineverlutes,,@faintofheart no,negative,vader,,"And when [ __ ] doesn't go right in court, people come up missing. What exactly am I talking about? I do not know. >> So, I still haven't received my $5,000 from Donald Trump yet. >> And I had a I had a lot a lot of plans for that money, too. You know, I had a lot of plans. I was going to buy my cat",true
3465.0,2026-09-21 20:06:38,@tylerdarnell4842,,Ha ha,positive,vader,,"What exactly am I talking about? I do not know. >> So, I still haven't received my $5,000 from Donald Trump yet. >> And I had a I had a lot a lot of plans for that money, too. You know, I had a lot of plans. I was going to buy my cat a new cap box, but a good cap box, you",true
3473.0,2026-09-21 20:06:46,@henryOP8749,,He said where can we find that prostitute :rolling_on_the_floor_laughing: ,neutral,vader,,">> So, I still haven't received my $5,000 from Donald Trump yet. >> And I had a I had a lot a lot of plans for that money, too. You know, I had a lot of plans. I was going to buy my cat a new cap box, but a good cap box, you know, one of those cap boxes that clean themselves and all the [ __ ] lights light up and [ __ ] My cat would have loved that one.",true
3477.0,2026-09-21 20:06:50,@McMisfit,,neither do we,neutral,vader,,"from Donald Trump yet. >> And I had a I had a lot a lot of plans for that money, too. You know, I had a lot of plans. I was going to buy my cat a new cap box, but a good cap box, you know, one of those cap boxes that clean themselves and all the [ __ ] lights light up and [ __ ] My cat would have loved that one. Maybe a few tickets to the Miley Cyrus concert.",true
3479.0,2026-09-21 20:06:52,@POOPURL,,…,neutral,vader,,"for that money, too. You know, I had a lot of plans. I was going to buy my cat a new cap box, but a good cap box, you know, one of those cap boxes that clean themselves and all the [ __ ] lights light up and [ __ ] My cat would have loved that one. Maybe a few tickets to the Miley Cyrus concert. A couple pyote plants for the house",true
3480.0,2026-09-21 20:06:53,@Zeroturn70,,Art the Clown,neutral,vader,,"for that money, too. You know, I had a lot of plans. I was going to buy my cat a new cap box, but a good cap box, you know, one of those cap boxes that clean themselves and all the [ __ ] lights light up and [ __ ] My cat would have loved that one. Maybe a few tickets to the Miley Cyrus concert. A couple pyote plants for the house",true
3481.0,2026-09-21 20:06:54,@JimboTheComic,,PIEOTIY PLANTS ,neutral,vader,,"for that money, too. You know, I had a lot of plans. I was going to buy my cat a new cap box, but a good cap box, you know, one of those cap boxes that clean themselves and all the [ __ ] lights light up and [ __ ] My cat would have loved that one. Maybe a few tickets to the Miley Cyrus concert. A couple pyote plants for the house and a brand new assassination rifle. I",true
3485.0,2026-09-21 20:06:58,@HanzSygnal,,is low key the most prepared every week,neutral,vader,,"a new cap box, but a good cap box, you know, one of those cap boxes that clean themselves and all the [ __ ] lights light up and [ __ ] My cat would have loved that one. Maybe a few tickets to the Miley Cyrus concert. A couple pyote plants for the house and a brand new assassination rifle. I mean, hunting rifle. Hunting rifle. Holy",true
3487.0,2026-09-21 20:07:00,@HollywoodStar2026,,what's Danny like to talk to?,positive,vader,,"know, one of those cap boxes that clean themselves and all the [ __ ] lights light up and [ __ ] My cat would have loved that one. Maybe a few tickets to the Miley Cyrus concert. A couple pyote plants for the house and a brand new assassination rifle. I mean, hunting rifle. Hunting rifle. Holy [ __ ] Did I say assassination rifle? We",true
3488.0,2026-09-21 20:07:01,@Donnieboy24,,damnit gloobus,negative,vader,,"themselves and all the [ __ ] lights light up and [ __ ] My cat would have loved that one. Maybe a few tickets to the Miley Cyrus concert. A couple pyote plants for the house and a brand new assassination rifle. I mean, hunting rifle. Hunting rifle. Holy [ __ ] Did I say assassination rifle? We",true
3492.0,2026-09-21 20:07:05,@sunkissed335,,he was gonna re-up,neutral,vader,,"loved that one. Maybe a few tickets to the Miley Cyrus concert. A couple pyote plants for the house and a brand new assassination rifle. I mean, hunting rifle. Hunting rifle. Holy [ __ ] Did I say assassination rifle? We could probably delete that one. We don't got to put that one. We're not [ __ ] live streaming this, are we?",true
3498.0,2026-09-21 20:07:11,@williamjohnson1302,,fez from that 70s show hit rock bottom guys,neutral,vader,,"concert. A couple pyote plants for the house and a brand new assassination rifle. I mean, hunting rifle. Hunting rifle. Holy [ __ ] Did I say assassination rifle? We could probably delete that one. We don't got to put that one. We're not [ __ ] live streaming this, are we? >> Oh, [ __ ] FBI will be looking for me for sure. >> All right, folks. That's all I got.",true
3502.0,2026-09-21 20:07:15,@Mike-Alice-D-InWonderland,,where's the tomatoes,neutral,vader,,"and a brand new assassination rifle. I mean, hunting rifle. Hunting rifle. Holy [ __ ] Did I say assassination rifle? We could probably delete that one. We don't got to put that one. We're not [ __ ] live streaming this, are we? >> Oh, [ __ ] FBI will be looking for me for sure. >> All right, folks. That's all I got. Thank you.",true
3503.0,2026-09-21 20:07:16,@alisonwayland6057,,LMAFO keep the dream alive man,positive,vader,,"and a brand new assassination rifle. I mean, hunting rifle. Hunting rifle. Holy [ __ ] Did I say assassination rifle? We could probably delete that one. We don't got to put that one. We're not [ __ ] live streaming this, are we? >> Oh, [ __ ] FBI will be looking for me for sure. >> All right, folks. That's all I got. Thank you.",true
3508.0,2026-09-21 20:07:21,@Gloobus.q,,Ashashination,neutral,vader,,"[ __ ] Did I say assassination rifle? We could probably delete that one. We don't got to put that one. We're not [ __ ] live streaming this, are we? >> Oh, [ __ ] FBI will be looking for me for sure. >> All right, folks. That's all I got. Thank you.",true
3509.0,2026-09-21 20:07:22,@FaintOfHeart91,,yeah he's definitely prepared i do give that to him,positive,vader,,"could probably delete that one. We don't got to put that one. We're not [ __ ] live streaming this, are we? >> Oh, [ __ ] FBI will be looking for me for sure. >> All right, folks. That's all I got. Thank you. >> Give him Dumpster Danny. Ladies and",true
3509.0,2026-09-21 20:07:22,@JimboTheComic,,That’s not why they are looking for you Danny ,neutral,vader,,"could probably delete that one. We don't got to put that one. We're not [ __ ] live streaming this, are we? >> Oh, [ __ ] FBI will be looking for me for sure. >> All right, folks. That's all I got. Thank you. >> Give him Dumpster Danny. Ladies and",true
3510.0,2026-09-21 20:07:23,@tylerdarnell4842,,Funny shirt,positive,vader,,"got to put that one. We're not [ __ ] live streaming this, are we? >> Oh, [ __ ] FBI will be looking for me for sure. >> All right, folks. That's all I got. Thank you. >> Give him Dumpster Danny. Ladies and",true
3511.0,2026-09-21 20:07:24,@Panther_Paws,,:neutral_face:,neutral,vader,,"got to put that one. We're not [ __ ] live streaming this, are we? >> Oh, [ __ ] FBI will be looking for me for sure. >> All right, folks. That's all I got. Thank you. >> Give him Dumpster Danny. Ladies and gentlemen,",true
3512.0,2026-09-21 20:07:25,@EricNelson1236,,need his wolverine cosplay that's why,neutral,vader,,"live streaming this, are we? >> Oh, [ __ ] FBI will be looking for me for sure. >> All right, folks. That's all I got. Thank you. >> Give him Dumpster Danny. Ladies and gentlemen,",true
3514.0,2026-09-21 20:07:27,@rocjames1,,"I'm busy more than a John at a hookers, convention.",neutral,vader,,"live streaming this, are we? >> Oh, [ __ ] FBI will be looking for me for sure. >> All right, folks. That's all I got. Thank you. >> Give him Dumpster Danny. Ladies and gentlemen,",true
3514.0,2026-09-21 20:07:27,@DeronJohnson70,,Rice shell ,neutral,vader,,"live streaming this, are we? >> Oh, [ __ ] FBI will be looking for me for sure. >> All right, folks. That's all I got. Thank you. >> Give him Dumpster Danny. Ladies and gentlemen,",true
3517.0,2026-09-21 20:07:30,@POOPURL,,Yeah alright ,positive,vader,,"sure. >> All right, folks. That's all I got. Thank you. >> Give him Dumpster Danny. Ladies and gentlemen, >> with a name like Dumpster Danny, he never disappoints. Uh, this mic is so",true
3520.0,2026-09-21 20:07:33,@ef9hatchy,,Good night ,positive,vader,,"Thank you. >> Give him Dumpster Danny. Ladies and gentlemen, >> with a name like Dumpster Danny, he never disappoints. Uh, this mic is so unhinged. I love I love I love this. By",true
3525.0,2026-09-21 20:07:38,@goodviibes8573,,"More garbage, where’s the dumpster ",negative,vader,,">> Give him Dumpster Danny. Ladies and gentlemen, >> with a name like Dumpster Danny, he never disappoints. Uh, this mic is so unhinged. I love I love I love this. By the way, Cooking with Corki, Chef Corky Gardner gave me a piece of chocolate",true
3530.0,2026-09-21 20:07:43,@Jonny5ive5,,wtf was that,negative,vader,,">> Give him Dumpster Danny. Ladies and gentlemen, >> with a name like Dumpster Danny, he never disappoints. Uh, this mic is so unhinged. I love I love I love this. By the way, Cooking with Corki, Chef Corky Gardner gave me a piece of chocolate cake. One of the desserts that you can expect [laughter] at her cooking for",true
3532.0,2026-09-21 20:07:45,@stuarta4393,,what me worry?,negative,vader,,"gentlemen, >> with a name like Dumpster Danny, he never disappoints. Uh, this mic is so unhinged. I love I love I love this. By the way, Cooking with Corki, Chef Corky Gardner gave me a piece of chocolate cake. One of the desserts that you can expect [laughter] at her cooking for one. How many courses is the meal,",true
3534.0,2026-09-21 20:07:47,@POOPURL,,Terrified ,negative,vader,,">> with a name like Dumpster Danny, he never disappoints. Uh, this mic is so unhinged. I love I love I love this. By the way, Cooking with Corki, Chef Corky Gardner gave me a piece of chocolate cake. One of the desserts that you can expect [laughter] at her cooking for one. How many courses is the meal, Corki?",true
3536.0,2026-09-21 20:07:49,@williamjohnson1302,,"shiit. he was the ""funny one"" :rolling_on_the_floor_laughing:",positive,vader,,">> with a name like Dumpster Danny, he never disappoints. Uh, this mic is so unhinged. I love I love I love this. By the way, Cooking with Corki, Chef Corky Gardner gave me a piece of chocolate cake. One of the desserts that you can expect [laughter] at her cooking for one. How many courses is the meal, Corki? >> Two. It's a two course meal, but the",true
3541.0,2026-09-21 20:07:54,@5882mcnastynate,,Wtf horrible ,negative,vader,,"unhinged. I love I love I love this. By the way, Cooking with Corki, Chef Corky Gardner gave me a piece of chocolate cake. One of the desserts that you can expect [laughter] at her cooking for one. How many courses is the meal, Corki? >> Two. It's a two course meal, but the portions, what are the portions like, Corki? >> Huge.",true
3544.0,2026-09-21 20:07:57,@ef9hatchy,,Give him a turd,neutral,vader,,"Gardner gave me a piece of chocolate cake. One of the desserts that you can expect [laughter] at her cooking for one. How many courses is the meal, Corki? >> Two. It's a two course meal, but the portions, what are the portions like, Corki? >> Huge. >> The portions are huge. You're You're going to get an entire box of cake. It",true
3544.0,2026-09-21 20:07:57,@ineverlutes,,@goodvibes :face_with_tears_of_joy:,neutral,vader,,"Gardner gave me a piece of chocolate cake. One of the desserts that you can expect [laughter] at her cooking for one. How many courses is the meal, Corki? >> Two. It's a two course meal, but the portions, what are the portions like, Corki? >> Huge. >> The portions are huge. You're You're going to get an entire box of cake. It",true
3546.0,2026-09-21 20:07:59,@Skin-E-Vadee-Vechee,,he's got the right approach,neutral,vader,,"cake. One of the desserts that you can expect [laughter] at her cooking for one. How many courses is the meal, Corki? >> Two. It's a two course meal, but the portions, what are the portions like, Corki? >> Huge. >> The portions are huge. You're You're going to get an entire box of cake. It looks like served to you on the box",true
3550.0,2026-09-21 20:08:03,@Gloobus.q,,Make her try a bite first ,neutral,vader,,"expect [laughter] at her cooking for one. How many courses is the meal, Corki? >> Two. It's a two course meal, but the portions, what are the portions like, Corki? >> Huge. >> The portions are huge. You're You're going to get an entire box of cake. It looks like served to you on the box itself. I don't know if you can tell. She gave me a piece of cake on a piece",true
3552.0,2026-09-21 20:08:05,@Zeroturn70,,Funnier than Danny,positive,vader,,"one. How many courses is the meal, Corki? >> Two. It's a two course meal, but the portions, what are the portions like, Corki? >> Huge. >> The portions are huge. You're You're going to get an entire box of cake. It looks like served to you on the box itself. I don't know if you can tell. She gave me a piece of cake on a piece of cardboard.",true
3557.0,2026-09-21 20:08:10,@rocjames1,,You resembles one of the missing links in the human neanderthal,negative,vader,,">> Two. It's a two course meal, but the portions, what are the portions like, Corki? >> Huge. >> The portions are huge. You're You're going to get an entire box of cake. It looks like served to you on the box itself. I don't know if you can tell. She gave me a piece of cake on a piece of cardboard. That is the Corky way. I appreciate the craftsmanship, Corky. I'm gonna eat this right now. Ladies and gentlemen, come to",true
3561.0,2026-09-21 20:08:14,@aliwritesfunny,,Cakes by Corky,neutral,vader,,">> The portions are huge. You're You're going to get an entire box of cake. It looks like served to you on the box itself. I don't know if you can tell. She gave me a piece of cake on a piece of cardboard. That is the Corky way. I appreciate the craftsmanship, Corky. I'm gonna eat this right now. Ladies and gentlemen, come to the stage. Comedian uh uh immigrant and",true
3566.0,2026-09-21 20:08:19,@McMisfit,,don't eat it,neutral,vader,,"looks like served to you on the box itself. I don't know if you can tell. She gave me a piece of cake on a piece of cardboard. That is the Corky way. I appreciate the craftsmanship, Corky. I'm gonna eat this right now. Ladies and gentlemen, come to the stage. Comedian uh uh immigrant and now father added to the list. Get over Bashar.",true
3566.0,2026-09-21 20:08:19,@JustMeInMpls,,what did Ashley do when Daddy Joe got her to the ball? She gagged,negative,vader,,"looks like served to you on the box itself. I don't know if you can tell. She gave me a piece of cake on a piece of cardboard. That is the Corky way. I appreciate the craftsmanship, Corky. I'm gonna eat this right now. Ladies and gentlemen, come to the stage. Comedian uh uh immigrant and now father added to the list. Get over Bashar.",true
3572.0,2026-09-21 20:08:25,@JimboTheComic,,Rocjames LMAO,positive,vader,,"of cardboard. That is the Corky way. I appreciate the craftsmanship, Corky. I'm gonna eat this right now. Ladies and gentlemen, come to the stage. Comedian uh uh immigrant and now father added to the list. Get over Bashar.",true
3578.0,2026-09-21 20:08:31,@goodviibes8573,,Chino throw it away ,neutral,vader,,"right now. Ladies and gentlemen, come to the stage. Comedian uh uh immigrant and now father added to the list. Get over Bashar. >> All right, keep it going for Chino guys. I am all of those things combined.",true
3580.0,2026-09-21 20:08:33,@DeronJohnson70,,:clapping_hands: ,neutral,vader,,"right now. Ladies and gentlemen, come to the stage. Comedian uh uh immigrant and now father added to the list. Get over Bashar. >> All right, keep it going for Chino guys. I am all of those things combined.",true
3584.0,2026-09-21 20:08:37,@POOPURL,,Holy this is,neutral,vader,,"now father added to the list. Get over Bashar. >> All right, keep it going for Chino guys. I am all of those things combined. So, God help you. I actually have a drunk uncle myself. Um, his name in",true
3584.0,2026-09-21 20:08:37,@EricNelson1236,,thanks Google :smiling_face_with_tear:,positive,vader,,"now father added to the list. Get over Bashar. >> All right, keep it going for Chino guys. I am all of those things combined. So, God help you. I actually have a drunk uncle myself. Um, his name in",true
3588.0,2026-09-21 20:08:41,@McMisfit,,laxative icing,neutral,vader,,">> All right, keep it going for Chino guys. I am all of those things combined. So, God help you. I actually have a drunk uncle myself. Um, his name in Arabic, it's Sad, which means uh trutht",true
3588.0,2026-09-21 20:08:41,@z28diablo,,the 27 month old baby finally came out?,neutral,vader,,">> All right, keep it going for Chino guys. I am all of those things combined. So, God help you. I actually have a drunk uncle myself. Um, his name in Arabic, it's Sad, which means uh trutht",true
3591.0,2026-09-21 20:08:44,@alisonwayland6057,,Bashar find your funny,positive,vader,,">> All right, keep it going for Chino guys. I am all of those things combined. So, God help you. I actually have a drunk uncle myself. Um, his name in Arabic, it's Sad, which means uh trutht teller. He was so charismatic.",true
3596.0,2026-09-21 20:08:49,@aliwritesfunny,,"Hey, would you like to try my cardboard cake? ",positive,vader,,">> All right, keep it going for Chino guys. I am all of those things combined. So, God help you. I actually have a drunk uncle myself. Um, his name in Arabic, it's Sad, which means uh trutht teller. He was so charismatic. Uh, he conned my father with all of his life savings. Okay? And uh he didn't",true
3597.0,2026-09-21 20:08:50,@ineverlutes,,@rocjames i screenshotted that with chino :face_with_tears_of_joy::face_with_tears_of_joy:,neutral,vader,,">> All right, keep it going for Chino guys. I am all of those things combined. So, God help you. I actually have a drunk uncle myself. Um, his name in Arabic, it's Sad, which means uh trutht teller. He was so charismatic. Uh, he conned my father with all of his life savings. Okay? And uh he didn't",true
3600.0,2026-09-21 20:08:53,@rocjames1,,he the one that knuckle drags,negative,vader,,"I am all of those things combined. So, God help you. I actually have a drunk uncle myself. Um, his name in Arabic, it's Sad, which means uh trutht teller. He was so charismatic. Uh, he conned my father with all of his life savings. Okay? And uh he didn't just skip town, he skipped country. He",true
3601.0,2026-09-21 20:08:54,@ONWARD24seven,,Brave man eating that,positive,vader,,"I am all of those things combined. So, God help you. I actually have a drunk uncle myself. Um, his name in Arabic, it's Sad, which means uh trutht teller. He was so charismatic. Uh, he conned my father with all of his life savings. Okay? And uh he didn't just skip town, he skipped country. He went and lived in Iran out of all",true
3604.0,2026-09-21 20:08:57,@jackcarr3361,,Can’t wait for the scooter joke ,positive,vader,,"So, God help you. I actually have a drunk uncle myself. Um, his name in Arabic, it's Sad, which means uh trutht teller. He was so charismatic. Uh, he conned my father with all of his life savings. Okay? And uh he didn't just skip town, he skipped country. He went and lived in Iran out of all places. So, good luck to my father. He",true
3604.0,2026-09-21 20:08:57,@Zeroturn70,,Fucking terroist ,neutral,vader,,"So, God help you. I actually have a drunk uncle myself. Um, his name in Arabic, it's Sad, which means uh trutht teller. He was so charismatic. Uh, he conned my father with all of his life savings. Okay? And uh he didn't just skip town, he skipped country. He went and lived in Iran out of all places. So, good luck to my father. He",true
3609.0,2026-09-21 20:09:02,@JimboTheComic,,Lutes me too cmon ,neutral,vader,,"Arabic, it's Sad, which means uh trutht teller. He was so charismatic. Uh, he conned my father with all of his life savings. Okay? And uh he didn't just skip town, he skipped country. He went and lived in Iran out of all places. So, good luck to my father. He has never got his money back. Uh, but I still like my uncle somehow. I don't",true
3621.0,2026-09-21 20:09:14,@JimboTheComic,,Don’t act like I’m not the goat lol I got the screenshot of all fire comments ,positive,phrase_or_manual,,"went and lived in Iran out of all places. So, good luck to my father. He has never got his money back. Uh, but I still like my uncle somehow. I don't know why he got me. I recently became a father. Give it up guys. 3 [applause] weeks in to be exact. And people ask me how is it like? And u I'm",true
3622.0,2026-09-21 20:09:15,@goodviibes8573,,My dog is funnier than anyone here ,positive,vader,,"went and lived in Iran out of all places. So, good luck to my father. He has never got his money back. Uh, but I still like my uncle somehow. I don't know why he got me. I recently became a father. Give it up guys. 3 [applause] weeks in to be exact. And people ask me how is it like? And u I'm",true
3626.0,2026-09-21 20:09:19,@Mike-Alice-D-InWonderland,,heran,neutral,vader,,"places. So, good luck to my father. He has never got his money back. Uh, but I still like my uncle somehow. I don't know why he got me. I recently became a father. Give it up guys. 3 [applause] weeks in to be exact. And people ask me how is it like? And u I'm like don't do it. Okay. I think I think it's a it's a conspiracy",true
3628.0,2026-09-21 20:09:21,@JimboTheComic,,ITS MY JOB LUTES,neutral,vader,,"has never got his money back. Uh, but I still like my uncle somehow. I don't know why he got me. I recently became a father. Give it up guys. 3 [applause] weeks in to be exact. And people ask me how is it like? And u I'm like don't do it. Okay. I think I think it's a it's a conspiracy done by Big Baby",true
3635.0,2026-09-21 20:09:28,@JimboTheComic,,MY VOLUNTEER JOB ,neutral,vader,,"know why he got me. I recently became a father. Give it up guys. 3 [applause] weeks in to be exact. And people ask me how is it like? And u I'm like don't do it. Okay. I think I think it's a it's a conspiracy done by Big Baby trying to get us all to have more babies. Um yeah, it is it is awesome. It is awesome",true
3639.0,2026-09-21 20:09:32,@POOPURL,,5 ppl. ,neutral,vader,,"3 [applause] weeks in to be exact. And people ask me how is it like? And u I'm like don't do it. Okay. I think I think it's a it's a conspiracy done by Big Baby trying to get us all to have more babies. Um yeah, it is it is awesome. It is awesome just spending time with the little one.",true
3644.0,2026-09-21 20:09:37,@alisonwayland6057,,it's one thing to look like Adam Sandler but another to be funny,positive,vader,,"like don't do it. Okay. I think I think it's a it's a conspiracy done by Big Baby trying to get us all to have more babies. Um yeah, it is it is awesome. It is awesome just spending time with the little one. Um what happened to conspiracies though, right? Like there used to be some",true
3645.0,2026-09-21 20:09:38,@DeronJohnson70,,Where’s the cigars,neutral,vader,,"like don't do it. Okay. I think I think it's a it's a conspiracy done by Big Baby trying to get us all to have more babies. Um yeah, it is it is awesome. It is awesome just spending time with the little one. Um what happened to conspiracies though, right? Like there used to be some conspiracies where like I believed in",true
3647.0,2026-09-21 20:09:40,@williamjohnson1302,,Jimbos solid:oncoming_fist:,neutral,vader,,"I think I think it's a it's a conspiracy done by Big Baby trying to get us all to have more babies. Um yeah, it is it is awesome. It is awesome just spending time with the little one. Um what happened to conspiracies though, right? Like there used to be some conspiracies where like I believed in and everybody else didn't and it kind of",true
3650.0,2026-09-21 20:09:43,@ronnieallen92,,You're losing the crowd bro,negative,vader,,"trying to get us all to have more babies. Um yeah, it is it is awesome. It is awesome just spending time with the little one. Um what happened to conspiracies though, right? Like there used to be some conspiracies where like I believed in and everybody else didn't and it kind of honestly made me feel a bit superior,",true
3654.0,2026-09-21 20:09:47,@ef9hatchy,,That guy gets laid ,neutral,vader,,"babies. Um yeah, it is it is awesome. It is awesome just spending time with the little one. Um what happened to conspiracies though, right? Like there used to be some conspiracies where like I believed in and everybody else didn't and it kind of honestly made me feel a bit superior, right? Like the 911, the MK Ultra, the",true
3660.0,2026-09-21 20:09:53,@JimboTheComic,,William :call_me_hand::raised_fist:,neutral,vader,,"just spending time with the little one. Um what happened to conspiracies though, right? Like there used to be some conspiracies where like I believed in and everybody else didn't and it kind of honestly made me feel a bit superior, right? Like the 911, the MK Ultra, the Epstein file is files, right? But now we all kind of",true
3663.0,2026-09-21 20:09:56,@androidchannel309,,you think Adam Sandler is funny?,positive,vader,,"right? Like there used to be some conspiracies where like I believed in and everybody else didn't and it kind of honestly made me feel a bit superior, right? Like the 911, the MK Ultra, the Epstein file is files, right? But now we all kind of know that [ __ ] is true.",true
3666.0,2026-09-21 20:09:59,@Warisstupid,,I watch this for the laughs :neutral_face:,positive,vader,,"conspiracies where like I believed in and everybody else didn't and it kind of honestly made me feel a bit superior, right? Like the 911, the MK Ultra, the Epstein file is files, right? But now we all kind of know that [ __ ] is true. >> Are there any new conspiracies now? Is",true
3668.0,2026-09-21 20:10:01,@goodviibes8573,,Im lost in space here ,negative,vader,,"and everybody else didn't and it kind of honestly made me feel a bit superior, right? Like the 911, the MK Ultra, the Epstein file is files, right? But now we all kind of know that [ __ ] is true. >> Are there any new conspiracies now? Is",true
3671.0,2026-09-21 20:10:04,@williamjohnson1302,,sadam Sandler :rolling_on_the_floor_laughing:,neutral,vader,,"honestly made me feel a bit superior, right? Like the 911, the MK Ultra, the Epstein file is files, right? But now we all kind of know that [ __ ] is true. >> Are there any new conspiracies now? Is there anything that like we don't believe in?",true
3677.0,2026-09-21 20:10:10,@POOPURL,,???????,neutral,vader,,"right? Like the 911, the MK Ultra, the Epstein file is files, right? But now we all kind of know that [ __ ] is true. >> Are there any new conspiracies now? Is there anything that like we don't believe in? >> Clown school. >> What is it? >> Clown school. >> Clown school. Good one. Is there a clown",true
3680.0,2026-09-21 20:10:13,@henryOP8749,,Sorry I’m not talking ugh tonight chat I am trying really hard to listen for a funny joke :rolling_on_the_floor_laughing: ,positive,vader,,"Epstein file is files, right? But now we all kind of know that [ __ ] is true. >> Are there any new conspiracies now? Is there anything that like we don't believe in? >> Clown school. >> What is it? >> Clown school. >> Clown school. Good one. Is there a clown school? We There's There's few of us here. So, I guess there is, right?",true
3683.0,2026-09-21 20:10:16,@goodviibes8573,,Someone say something funny I’m dying ,positive,phrase_or_manual,,"is files, right? But now we all kind of know that [ __ ] is true. >> Are there any new conspiracies now? Is there anything that like we don't believe in? >> Clown school. >> What is it? >> Clown school. >> Clown school. Good one. Is there a clown school? We There's There's few of us here. So, I guess there is, right? You're you're learning right now.",true
3686.0,2026-09-21 20:10:19,@Zeroturn70,,Adam Sandler at least was funny,positive,vader,,"know that [ __ ] is true. >> Are there any new conspiracies now? Is there anything that like we don't believe in? >> Clown school. >> What is it? >> Clown school. >> Clown school. Good one. Is there a clown school? We There's There's few of us here. So, I guess there is, right? You're you're learning right now. >> Say that again.",true
3688.0,2026-09-21 20:10:21,@Panther_Paws,,"These guys not funny, bye",negative,vader,,"there anything that like we don't believe in? >> Clown school. >> What is it? >> Clown school. >> Clown school. Good one. Is there a clown school? We There's There's few of us here. So, I guess there is, right? You're you're learning right now. >> Say that again. >> Bears.",true
3688.0,2026-09-21 20:10:21,@z28diablo,,"Bashar needs to bring back his confront ""tell a joke"" guy energy",positive,vader,,"there anything that like we don't believe in? >> Clown school. >> What is it? >> Clown school. >> Clown school. Good one. Is there a clown school? We There's There's few of us here. So, I guess there is, right? You're you're learning right now. >> Say that again. >> Bears.",true
3690.0,2026-09-21 20:10:23,@rocjames1,,burnt popcorn,neutral,vader,,"believe in? >> Clown school. >> What is it? >> Clown school. >> Clown school. Good one. Is there a clown school? We There's There's few of us here. So, I guess there is, right? You're you're learning right now. >> Say that again. >> Bears. >> Yep. >> Bernstein.",true
3697.0,2026-09-21 20:10:30,@JimboTheComic,,The crowd is very high. Idk how imma wake the crowd up ,negative,vader,,">> Clown school. Good one. Is there a clown school? We There's There's few of us here. So, I guess there is, right? You're you're learning right now. >> Say that again. >> Bears. >> Yep. >> Bernstein. Amanda. >> Okay. All right, guys. Let's let's chill out on the news. See? >> See, but it seems like all these",true
3698.0,2026-09-21 20:10:31,@henryOP8749,,Panther,neutral,vader,,"school? We There's There's few of us here. So, I guess there is, right? You're you're learning right now. >> Say that again. >> Bears. >> Yep. >> Bernstein. Amanda. >> Okay. All right, guys. Let's let's chill out on the news. See? >> See, but it seems like all these",true
3698.0,2026-09-21 20:10:31,@Mike-Alice-D-InWonderland,,how was 9/11 a conspiracy?,negative,vader,,"school? We There's There's few of us here. So, I guess there is, right? You're you're learning right now. >> Say that again. >> Bears. >> Yep. >> Bernstein. Amanda. >> Okay. All right, guys. Let's let's chill out on the news. See? >> See, but it seems like all these",true
3703.0,2026-09-21 20:10:36,@ineverlutes,,clown school :index_pointing_at_the_viewer:,neutral,vader,,"You're you're learning right now. >> Say that again. >> Bears. >> Yep. >> Bernstein. Amanda. >> Okay. All right, guys. Let's let's chill out on the news. See? >> See, but it seems like all these conspiracies have one common denominator",true
3710.0,2026-09-21 20:10:43,@Gloobus.q,,Narcan jimbo,neutral,vader,,"Amanda. >> Okay. All right, guys. Let's let's chill out on the news. See? >> See, but it seems like all these conspiracies have one common denominator that we can trace him back to. >> Okay. All right. Like the 911. Who did",true
3712.0,2026-09-21 20:10:45,@henryOP8749,,You don’t come for the comedy you come for the chat bro :rolling_on_the_floor_laughing: ,positive,vader,,">> Okay. All right, guys. Let's let's chill out on the news. See? >> See, but it seems like all these conspiracies have one common denominator that we can trace him back to. >> Okay. All right. Like the 911. Who did the 911 after all?",true
3715.0,2026-09-21 20:10:48,@williamjohnson1302,,wish they got a machine to read comments real time an lets us toast these fools:rolling_on_the_floor_laughing:,positive,vader,,"out on the news. See? >> See, but it seems like all these conspiracies have one common denominator that we can trace him back to. >> Okay. All right. Like the 911. Who did the 911 after all? >> Charlie.",true
3721.0,2026-09-21 20:10:54,@Zeroturn70,,Fucking terroist ,neutral,vader,,conspiracies have one common denominator that we can trace him back to. >> Okay. All right. Like the 911. Who did the 911 after all? >> Charlie. >> We can't say it. Okay. >> Right. There's so many things so many,true
3722.0,2026-09-21 20:10:55,@goodviibes8573,,The crowd need some lines of meth ,neutral,vader,,have one common denominator that we can trace him back to. >> Okay. All right. Like the 911. Who did the 911 after all? >> Charlie. >> We can't say it. Okay. >> Right. There's so many things so many things and I'm here to tell you who it,true
3735.0,2026-09-21 20:11:08,@z28diablo,,We need more crowd pics Skyler!,neutral,vader,,">> Charlie. >> We can't say it. Okay. >> Right. There's so many things so many things and I'm here to tell you who it is and I'm I'm tired of it. Okay, Filipinos. Okay, I'm tired of Filipinos. They are too likable. Okay, I can't stand them.",true
3737.0,2026-09-21 20:11:10,@rocjames1,,Too close to the volcano,neutral,vader,,">> Charlie. >> We can't say it. Okay. >> Right. There's so many things so many things and I'm here to tell you who it is and I'm I'm tired of it. Okay, Filipinos. Okay, I'm tired of Filipinos. They are too likable. Okay, I can't stand them.",true
3741.0,2026-09-21 20:11:14,@JimboTheComic,,FILIPINOS :face_with_tears_of_joy::face_with_tears_of_joy::face_with_tears_of_joy:,neutral,vader,,">> Right. There's so many things so many things and I'm here to tell you who it is and I'm I'm tired of it. Okay, Filipinos. Okay, I'm tired of Filipinos. They are too likable. Okay, I can't stand them. What else are we talking about? We're",true
3744.0,2026-09-21 20:11:17,@williamjohnson1302,,"its on a TV, they can see it, but I wanna toast em real time",neutral,vader,,"things and I'm here to tell you who it is and I'm I'm tired of it. Okay, Filipinos. Okay, I'm tired of Filipinos. They are too likable. Okay, I can't stand them. What else are we talking about? We're talking about Donald Trump. Anybody here voted for Donald Trump?",true
3745.0,2026-09-21 20:11:18,@McMisfit,,your drunkle,neutral,vader,,"things and I'm here to tell you who it is and I'm I'm tired of it. Okay, Filipinos. Okay, I'm tired of Filipinos. They are too likable. Okay, I can't stand them. What else are we talking about? We're talking about Donald Trump. Anybody here voted for Donald Trump?",true
3746.0,2026-09-21 20:11:19,@Gloobus.q,,Pretty sure they found this guys passport in the rubble ,positive,vader,,"is and I'm I'm tired of it. Okay, Filipinos. Okay, I'm tired of Filipinos. They are too likable. Okay, I can't stand them. What else are we talking about? We're talking about Donald Trump. Anybody here voted for Donald Trump? Yeah,",true
3761.0,2026-09-21 20:11:34,@henryOP8749,,William they were putting up the live chat but they said they stopped because we were to funny I mean mean :rolling_on_the_floor_laughing: ,positive,vader,,"What else are we talking about? We're talking about Donald Trump. Anybody here voted for Donald Trump? Yeah, Samly, I believe you. I know you come in sweet, but you're a closeted Trump voter just like myself. Okay. >> I know. I know. Hey. Um, but you know, you got a lot of",true
3762.0,2026-09-21 20:11:35,@Mike-Alice-D-InWonderland,,barak Obama bin laden did it,neutral,vader,,"talking about Donald Trump. Anybody here voted for Donald Trump? Yeah, Samly, I believe you. I know you come in sweet, but you're a closeted Trump voter just like myself. Okay. >> I know. I know. Hey. Um, but you know, you got a lot of",true
3763.0,2026-09-21 20:11:36,@williamjohnson1302,,gloo:rolling_on_the_floor_laughing::rolling_on_the_floor_laughing::rolling_on_the_floor_laughing:,neutral,vader,,"talking about Donald Trump. Anybody here voted for Donald Trump? Yeah, Samly, I believe you. I know you come in sweet, but you're a closeted Trump voter just like myself. Okay. >> I know. I know. Hey. Um, but you know, you got a lot of people with Trump, they voted for him.",true
3764.0,2026-09-21 20:11:37,@goodviibes8573,,Oh it’s bullshit bashar. Yay ,negative,vader,,"voted for Donald Trump? Yeah, Samly, I believe you. I know you come in sweet, but you're a closeted Trump voter just like myself. Okay. >> I know. I know. Hey. Um, but you know, you got a lot of people with Trump, they voted for him.",true
3764.0,2026-09-21 20:11:37,@Warisstupid,,this guy sucks,negative,vader,,"voted for Donald Trump? Yeah, Samly, I believe you. I know you come in sweet, but you're a closeted Trump voter just like myself. Okay. >> I know. I know. Hey. Um, but you know, you got a lot of people with Trump, they voted for him.",true
3766.0,2026-09-21 20:11:39,@HollywoodStar2026,,im just playing solitaire and listening,positive,vader,,"Yeah, Samly, I believe you. I know you come in sweet, but you're a closeted Trump voter just like myself. Okay. >> I know. I know. Hey. Um, but you know, you got a lot of people with Trump, they voted for him. We're like, we want somebody that runs",true
3781.0,2026-09-21 20:11:54,@ineverlutes,,@gloobus lmao,positive,vader,,"Um, but you know, you got a lot of people with Trump, they voted for him. We're like, we want somebody that runs the country like a business, right? We know we want a man that runs it like a business. We're like, yeah, like his business. Okay, this [ __ ] is running to the country into the ground. We're about to bankrupt any moment now. And there's there's",true
3784.0,2026-09-21 20:11:57,@Jonny5ive5,,I feel bad for the owner of this comedy club,negative,vader,,"people with Trump, they voted for him. We're like, we want somebody that runs the country like a business, right? We know we want a man that runs it like a business. We're like, yeah, like his business. Okay, this [ __ ] is running to the country into the ground. We're about to bankrupt any moment now. And there's there's actually a fact there because his",true
3785.0,2026-09-21 20:11:58,@POOPURL,,The ,neutral,vader,,"We're like, we want somebody that runs the country like a business, right? We know we want a man that runs it like a business. We're like, yeah, like his business. Okay, this [ __ ] is running to the country into the ground. We're about to bankrupt any moment now. And there's there's actually a fact there because his",true
3796.0,2026-09-21 20:12:09,@goodviibes8573,,Has no comedic muscle  ,negative,vader,,"running to the country into the ground. We're about to bankrupt any moment now. And there's there's actually a fact there because his daughter is buying an island uh in a whole another country. Okay, that should tell you a lot about the stock of your own rulings where you got it happening.",true
3799.0,2026-09-21 20:12:12,@williamjohnson1302,,"@henry .. damnnn, weak lol we funnier than them, least we can make them laugh",positive,vader,,"We're about to bankrupt any moment now. And there's there's actually a fact there because his daughter is buying an island uh in a whole another country. Okay, that should tell you a lot about the stock of your own rulings where you got it happening. Okay, this is kind of becoming more of a um",true
3799.0,2026-09-21 20:12:12,@POOPURL,,??? ,neutral,vader,,"We're about to bankrupt any moment now. And there's there's actually a fact there because his daughter is buying an island uh in a whole another country. Okay, that should tell you a lot about the stock of your own rulings where you got it happening. Okay, this is kind of becoming more of a um",true
3804.0,2026-09-21 20:12:17,@JimboTheComic,,Bashar is on acid ,neutral,vader,,"actually a fact there because his daughter is buying an island uh in a whole another country. Okay, that should tell you a lot about the stock of your own rulings where you got it happening. Okay, this is kind of becoming more of a um a hate speech that needs to be contained. than an actual.",true
3807.0,2026-09-21 20:12:20,@williamjohnson1302,,gos knows they aint making us laugh,negative,vader,,"daughter is buying an island uh in a whole another country. Okay, that should tell you a lot about the stock of your own rulings where you got it happening. Okay, this is kind of becoming more of a um a hate speech that needs to be contained. than an actual. Okay, what else did I have for you guys?",true
3807.0,2026-09-21 20:12:20,@McMisfit,,alhoa snackbar,neutral,vader,,"daughter is buying an island uh in a whole another country. Okay, that should tell you a lot about the stock of your own rulings where you got it happening. Okay, this is kind of becoming more of a um a hate speech that needs to be contained. than an actual. Okay, what else did I have for you guys?",true
3808.0,2026-09-21 20:12:21,@z28diablo,,Bashar is Secretary of Straight Faced Comedy,positive,vader,,"daughter is buying an island uh in a whole another country. Okay, that should tell you a lot about the stock of your own rulings where you got it happening. Okay, this is kind of becoming more of a um a hate speech that needs to be contained. than an actual. Okay, what else did I have for you guys?",true
3809.0,2026-09-21 20:12:22,@rocjames1,,God save the chair :seat:,positive,vader,,"whole another country. Okay, that should tell you a lot about the stock of your own rulings where you got it happening. Okay, this is kind of becoming more of a um a hate speech that needs to be contained. than an actual. Okay, what else did I have for you guys?",true
3810.0,2026-09-21 20:12:23,@Skin-E-Vadee-Vechee,,they need to have a well known comedian come up after these guys just to see the difference in the crowds reaction,positive,vader,,"whole another country. Okay, that should tell you a lot about the stock of your own rulings where you got it happening. Okay, this is kind of becoming more of a um a hate speech that needs to be contained. than an actual. Okay, what else did I have for you guys? We talked about conspiracies, talked",true
3812.0,2026-09-21 20:12:25,@JimboTheComic,,I gave it to him I’m sorry ,negative,vader,,"tell you a lot about the stock of your own rulings where you got it happening. Okay, this is kind of becoming more of a um a hate speech that needs to be contained. than an actual. Okay, what else did I have for you guys? We talked about conspiracies, talked",true
3819.0,2026-09-21 20:12:32,@henryOP8749,,William :rolling_on_the_floor_laughing: ,neutral,vader,,"um a hate speech that needs to be contained. than an actual. Okay, what else did I have for you guys? We talked about conspiracies, talked about baby stuff. Um, yeah, you know, the whole thing with babies is like so many red flags in this relationship,",true
3833.0,2026-09-21 20:12:46,@EricNelson1236,,all those grapings,neutral,vader,,"We talked about conspiracies, talked about baby stuff. Um, yeah, you know, the whole thing with babies is like so many red flags in this relationship, right? Like we still putting up with it. There's no giving back on the side of the baby. I have to do everything. So, I went ahead and just opened a few credit cards in my baby's name. Okay. Just in",true
3835.0,2026-09-21 20:12:48,@POOPURL,,Yeah talked into a mic ,positive,vader,,"about baby stuff. Um, yeah, you know, the whole thing with babies is like so many red flags in this relationship, right? Like we still putting up with it. There's no giving back on the side of the baby. I have to do everything. So, I went ahead and just opened a few credit cards in my baby's name. Okay. Just in case if you don't pay me back, you're",true
3839.0,2026-09-21 20:12:52,@TommyTheJarvis,,"You should have given it to ALL of them, Jimbo ",neutral,vader,,"many red flags in this relationship, right? Like we still putting up with it. There's no giving back on the side of the baby. I have to do everything. So, I went ahead and just opened a few credit cards in my baby's name. Okay. Just in case if you don't pay me back, you're going to have to deal with Bank of America. Okay.",true
3842.0,2026-09-21 20:12:55,@POOPURL,,No jokes,negative,vader,,"right? Like we still putting up with it. There's no giving back on the side of the baby. I have to do everything. So, I went ahead and just opened a few credit cards in my baby's name. Okay. Just in case if you don't pay me back, you're going to have to deal with Bank of America. Okay. Um All right. One problem though. I am",true
3854.0,2026-09-21 20:13:07,@JimboTheComic,,Hahahahahah ,neutral,vader,,"case if you don't pay me back, you're going to have to deal with Bank of America. Okay. Um All right. One problem though. I am Iraqi. Okay. Now, that's not the problem. If you if you knod it, if you knod it, you're racist. No. The problem is my baby's white. Okay. And I don't",true
3859.0,2026-09-21 20:13:12,@ef9hatchy,,Man this stand up is rough,neutral,vader,,"America. Okay. Um All right. One problem though. I am Iraqi. Okay. Now, that's not the problem. If you if you knod it, if you knod it, you're racist. No. The problem is my baby's white. Okay. And I don't know how to get over [laughter] [ __ ]",true
3860.0,2026-09-21 20:13:13,@henryOP8749,,They should call it Therapy Simulator ,neutral,vader,,"Um All right. One problem though. I am Iraqi. Okay. Now, that's not the problem. If you if you knod it, if you knod it, you're racist. No. The problem is my baby's white. Okay. And I don't know how to get over [laughter] [ __ ] That is That is true. I showed my baby",true
3861.0,2026-09-21 20:13:14,@ineverlutes,,"""lmao",positive,vader,,"Um All right. One problem though. I am Iraqi. Okay. Now, that's not the problem. If you if you knod it, if you knod it, you're racist. No. The problem is my baby's white. Okay. And I don't know how to get over [laughter] [ __ ] That is That is true. I showed my baby",true
3873.0,2026-09-21 20:13:26,@POOPURL,,LLLLLLL,neutral,vader,,"knod it, you're racist. No. The problem is my baby's white. Okay. And I don't know how to get over [laughter] [ __ ] That is That is true. I showed my baby to my mother and she's like, ""That is a white baby, son. What has happened to you?"" Okay. Um [laughter] All right. Well, now that everybody's on board on disliking this Iraqi, um we're going to",true
3878.0,2026-09-21 20:13:31,@POOPURL,,Lllll,neutral,vader,,"know how to get over [laughter] [ __ ] That is That is true. I showed my baby to my mother and she's like, ""That is a white baby, son. What has happened to you?"" Okay. Um [laughter] All right. Well, now that everybody's on board on disliking this Iraqi, um we're going to keep it going to the next comic. You guys keep it going for your host, Gino.",true
3880.0,2026-09-21 20:13:33,@ineverlutes,,"""one problem tho is im iraqi"" is a great joke ",positive,vader,,"know how to get over [laughter] [ __ ] That is That is true. I showed my baby to my mother and she's like, ""That is a white baby, son. What has happened to you?"" Okay. Um [laughter] All right. Well, now that everybody's on board on disliking this Iraqi, um we're going to keep it going to the next comic. You guys keep it going for your host, Gino.",true
3881.0,2026-09-21 20:13:34,@williamjohnson1302,,milkmans baby,neutral,vader,,"That is That is true. I showed my baby to my mother and she's like, ""That is a white baby, son. What has happened to you?"" Okay. Um [laughter] All right. Well, now that everybody's on board on disliking this Iraqi, um we're going to keep it going to the next comic. You guys keep it going for your host, Gino.",true
3886.0,2026-09-21 20:13:39,@jackcarr3361,,Having a baby. Major red flag in any relationship.,neutral,vader,,"white baby, son. What has happened to you?"" Okay. Um [laughter] All right. Well, now that everybody's on board on disliking this Iraqi, um we're going to keep it going to the next comic. You guys keep it going for your host, Gino.",true
3887.0,2026-09-21 20:13:40,@goodviibes8573,,I’m starting to get mad :pouting_face: ,negative,vader,,"white baby, son. What has happened to you?"" Okay. Um [laughter] All right. Well, now that everybody's on board on disliking this Iraqi, um we're going to keep it going to the next comic. You guys keep it going for your host, Gino. >> For sure, ladies and gentlemen. Keep it",true
3890.0,2026-09-21 20:13:43,@Jonny5ive5,,do they tell jokes over there?,positive,vader,,"Well, now that everybody's on board on disliking this Iraqi, um we're going to keep it going to the next comic. You guys keep it going for your host, Gino. >> For sure, ladies and gentlemen. Keep it going for him.",true
3890.0,2026-09-21 20:13:43,@Gloobus.q,,It’s jimbos child,neutral,vader,,"Well, now that everybody's on board on disliking this Iraqi, um we're going to keep it going to the next comic. You guys keep it going for your host, Gino. >> For sure, ladies and gentlemen. Keep it going for him.",true
3891.0,2026-09-21 20:13:44,@Warisstupid,,L for sure,positive,vader,,"Well, now that everybody's on board on disliking this Iraqi, um we're going to keep it going to the next comic. You guys keep it going for your host, Gino. >> For sure, ladies and gentlemen. Keep it going for him. Hey, the white baby's your fault. You",true
3891.0,2026-09-21 20:13:44,@McMisfit,,is your wife too?,neutral,vader,,"Well, now that everybody's on board on disliking this Iraqi, um we're going to keep it going to the next comic. You guys keep it going for your host, Gino. >> For sure, ladies and gentlemen. Keep it going for him. Hey, the white baby's your fault. You",true
3893.0,2026-09-21 20:13:46,@EricNelson1236,,look like them babies on the map blowing wind at us,positive,vader,,"Well, now that everybody's on board on disliking this Iraqi, um we're going to keep it going to the next comic. You guys keep it going for your host, Gino. >> For sure, ladies and gentlemen. Keep it going for him. Hey, the white baby's your fault. You",true
3895.0,2026-09-21 20:13:48,@alisonwayland6057,,sometimes it hard to be a woman. giving all your love to just ONE man,positive,vader,,"disliking this Iraqi, um we're going to keep it going to the next comic. You guys keep it going for your host, Gino. >> For sure, ladies and gentlemen. Keep it going for him. Hey, the white baby's your fault. You prayed for weeks to have You're like,",true
3899.0,2026-09-21 20:13:52,@POOPURL,,Not one joke ,negative,vader,,"guys keep it going for your host, Gino. >> For sure, ladies and gentlemen. Keep it going for him. Hey, the white baby's your fault. You prayed for weeks to have You're like, ""Please, please give my baby a better life."" And now you're upset. No.",true
3900.0,2026-09-21 20:13:53,@goodviibes8573,,L ,positive,vader,,"guys keep it going for your host, Gino. >> For sure, ladies and gentlemen. Keep it going for him. Hey, the white baby's your fault. You prayed for weeks to have You're like, ""Please, please give my baby a better life."" And now you're upset. No.",true
3902.0,2026-09-21 20:13:55,@Hackofalltrades-mh5fq,,:clapping_hands::clapping_hands::clapping_hands:,neutral,vader,,">> For sure, ladies and gentlemen. Keep it going for him. Hey, the white baby's your fault. You prayed for weeks to have You're like, ""Please, please give my baby a better life."" And now you're upset. No. >> Oh, I see all the people not laughing.",true
3904.0,2026-09-21 20:13:57,@anthonyrd1539,,This comedian is not funny,positive,vader,,">> For sure, ladies and gentlemen. Keep it going for him. Hey, the white baby's your fault. You prayed for weeks to have You're like, ""Please, please give my baby a better life."" And now you're upset. No. >> Oh, I see all the people not laughing. That's all the white people. That's",true
3908.0,2026-09-21 20:14:01,@HollywoodStar2026,,Bashar cmic of the night,neutral,vader,,">> For sure, ladies and gentlemen. Keep it going for him. Hey, the white baby's your fault. You prayed for weeks to have You're like, ""Please, please give my baby a better life."" And now you're upset. No. >> Oh, I see all the people not laughing. That's all the white people. That's right. It feels weird on that side of the privilege, doesn't it? Yeah.",true
3914.0,2026-09-21 20:14:07,@aliwritesfunny,,Idk that chair is looking pretty good ,positive,vader,,"prayed for weeks to have You're like, ""Please, please give my baby a better life."" And now you're upset. No. >> Oh, I see all the people not laughing. That's all the white people. That's right. It feels weird on that side of the privilege, doesn't it? Yeah. >> I'm half, so I get to ride both sides. It's wonderful. The the the racial",true
3914.0,2026-09-21 20:14:07,@Mike-Alice-D-InWonderland,,"Iraq and islam isn't a race, arab is the race, these comedians are dumb",negative,vader,,"prayed for weeks to have You're like, ""Please, please give my baby a better life."" And now you're upset. No. >> Oh, I see all the people not laughing. That's all the white people. That's right. It feels weird on that side of the privilege, doesn't it? Yeah. >> I'm half, so I get to ride both sides. It's wonderful. The the the racial",true
3917.0,2026-09-21 20:14:10,@henryOP8749,,Sufferkate,neutral,vader,,"""Please, please give my baby a better life."" And now you're upset. No. >> Oh, I see all the people not laughing. That's all the white people. That's right. It feels weird on that side of the privilege, doesn't it? Yeah. >> I'm half, so I get to ride both sides. It's wonderful. The the the racial >> discre What was that? >> Are you a",true
3921.0,2026-09-21 20:14:14,@williamjohnson1302,,baby born with 800 credit score,positive,vader,,"life."" And now you're upset. No. >> Oh, I see all the people not laughing. That's all the white people. That's right. It feels weird on that side of the privilege, doesn't it? Yeah. >> I'm half, so I get to ride both sides. It's wonderful. The the the racial >> discre What was that? >> Are you a >> kha'? I I could be. I could be. I'm a child of the world. I got a passport to",true
3923.0,2026-09-21 20:14:16,@POOPURL,,??????,neutral,vader,,"That's all the white people. That's right. It feels weird on that side of the privilege, doesn't it? Yeah. >> I'm half, so I get to ride both sides. It's wonderful. The the the racial >> discre What was that? >> Are you a >> kha'? I I could be. I could be. I'm a child of the world. I got a passport to anywhere. Look at this face. I can go in",true
3930.0,2026-09-21 20:14:23,@DRFROGGENETICS,,I'm white and that's funny,positive,vader,,">> I'm half, so I get to ride both sides. It's wonderful. The the the racial >> discre What was that? >> Are you a >> kha'? I I could be. I could be. I'm a child of the world. I got a passport to anywhere. Look at this face. I can go in some middle some Middle Eastern countries, right? Somebody with this would pass. >> No. [ __ ] No. No. I'm getting stoned.",true
3931.0,2026-09-21 20:14:24,@Hackofalltrades-mh5fq,,huh?,neutral,vader,,">> I'm half, so I get to ride both sides. It's wonderful. The the the racial >> discre What was that? >> Are you a >> kha'? I I could be. I could be. I'm a child of the world. I got a passport to anywhere. Look at this face. I can go in some middle some Middle Eastern countries, right? Somebody with this would pass. >> No. [ __ ] No. No. I'm getting stoned. Yeah, for sure. Not the way I get stoned",true
3941.0,2026-09-21 20:14:34,@ineverlutes,,@williamjohnson lmao :face_with_tears_of_joy:,positive,vader,,"child of the world. I got a passport to anywhere. Look at this face. I can go in some middle some Middle Eastern countries, right? Somebody with this would pass. >> No. [ __ ] No. No. I'm getting stoned. Yeah, for sure. Not the way I get stoned out here either. I definitely All right, ladies and gentlemen. Uh, I'm going to walk around with a tip bucket in a second. If you guys thought I got a little extra cash to throw the production, we appreciate it. If you don't, you will not be qualified to be",true
3942.0,2026-09-21 20:14:35,@JimboTheComic,,Lit ,neutral,vader,,"child of the world. I got a passport to anywhere. Look at this face. I can go in some middle some Middle Eastern countries, right? Somebody with this would pass. >> No. [ __ ] No. No. I'm getting stoned. Yeah, for sure. Not the way I get stoned out here either. I definitely All right, ladies and gentlemen. Uh, I'm going to walk around with a tip bucket in a second. If you guys thought I got a little extra cash to throw the production, we appreciate it. If you don't, you will not be qualified to be",true
3942.0,2026-09-21 20:14:35,@MODERN-CAVEMAN-420,,not funny.,negative,vader,,"child of the world. I got a passport to anywhere. Look at this face. I can go in some middle some Middle Eastern countries, right? Somebody with this would pass. >> No. [ __ ] No. No. I'm getting stoned. Yeah, for sure. Not the way I get stoned out here either. I definitely All right, ladies and gentlemen. Uh, I'm going to walk around with a tip bucket in a second. If you guys thought I got a little extra cash to throw the production, we appreciate it. If you don't, you will not be qualified to be",true
3953.0,2026-09-21 20:14:46,@goodviibes8573,,Only whites laugh at credit score jokes ,positive,vader,,"out here either. I definitely All right, ladies and gentlemen. Uh, I'm going to walk around with a tip bucket in a second. If you guys thought I got a little extra cash to throw the production, we appreciate it. If you don't, you will not be qualified to be the audience member of the night. No, I'm just joking. We don't lure it over you like that. But, uh, it does appreciate it. But coming to the stage, probably the uh the most quafted hair of the evening, ladies and gentlemen, the",true
3954.0,2026-09-21 20:14:47,@mysewcalledlife2299,,Not funny ,negative,vader,,"out here either. I definitely All right, ladies and gentlemen. Uh, I'm going to walk around with a tip bucket in a second. If you guys thought I got a little extra cash to throw the production, we appreciate it. If you don't, you will not be qualified to be the audience member of the night. No, I'm just joking. We don't lure it over you like that. But, uh, it does appreciate it. But coming to the stage, probably the uh the most quafted hair of the evening, ladies and gentlemen, the one and only Joel Huitt.",true
3955.0,2026-09-21 20:14:48,@Warisstupid,,"these guys suck, terribly.",negative,vader,,"ladies and gentlemen. Uh, I'm going to walk around with a tip bucket in a second. If you guys thought I got a little extra cash to throw the production, we appreciate it. If you don't, you will not be qualified to be the audience member of the night. No, I'm just joking. We don't lure it over you like that. But, uh, it does appreciate it. But coming to the stage, probably the uh the most quafted hair of the evening, ladies and gentlemen, the one and only Joel Huitt.",true
3958.0,2026-09-21 20:14:51,@jackcarr3361,,Thought he was Tibetan tbh ,neutral,vader,,"little extra cash to throw the production, we appreciate it. If you don't, you will not be qualified to be the audience member of the night. No, I'm just joking. We don't lure it over you like that. But, uh, it does appreciate it. But coming to the stage, probably the uh the most quafted hair of the evening, ladies and gentlemen, the one and only Joel Huitt.",true
3960.0,2026-09-21 20:14:53,@Gloobus.q,,Do not tip for this,neutral,vader,,"production, we appreciate it. If you don't, you will not be qualified to be the audience member of the night. No, I'm just joking. We don't lure it over you like that. But, uh, it does appreciate it. But coming to the stage, probably the uh the most quafted hair of the evening, ladies and gentlemen, the one and only Joel Huitt.",true
3960.0,2026-09-21 20:14:53,@Donnieboy24,,I would let chair sit on my face,neutral,vader,,"production, we appreciate it. If you don't, you will not be qualified to be the audience member of the night. No, I'm just joking. We don't lure it over you like that. But, uh, it does appreciate it. But coming to the stage, probably the uh the most quafted hair of the evening, ladies and gentlemen, the one and only Joel Huitt.",true
3965.0,2026-09-21 20:14:58,@POOPURL,,Host sucks ,negative,vader,,"you like that. But, uh, it does appreciate it. But coming to the stage, probably the uh the most quafted hair of the evening, ladies and gentlemen, the one and only Joel Huitt. That's incredible. Uh congratulations, Bashar. That's incredible. Fatherhood.",true
3972.0,2026-09-21 20:15:05,@DeronJohnson70,,:clapping_hands: ,neutral,vader,,"the evening, ladies and gentlemen, the one and only Joel Huitt. That's incredible. Uh congratulations, Bashar. That's incredible. Fatherhood. Everybody give it up for Bashar's Middle Eastern baby. That's awesome. [applause] That's great. Biracial love. That's great. >> I love your hair.",true
3974.0,2026-09-21 20:15:07,@POOPURL,,Production sucked,negative,vader,,"the evening, ladies and gentlemen, the one and only Joel Huitt. That's incredible. Uh congratulations, Bashar. That's incredible. Fatherhood. Everybody give it up for Bashar's Middle Eastern baby. That's awesome. [applause] That's great. Biracial love. That's great. >> I love your hair. >> Thank you. Um we all know an uncle here",true
3984.0,2026-09-21 20:15:17,@henryOP8749,,Come for the comedy stay for the chat I’ll say it forever :rolling_on_the_floor_laughing: ,positive,vader,,"Bashar. That's incredible. Fatherhood. Everybody give it up for Bashar's Middle Eastern baby. That's awesome. [applause] That's great. Biracial love. That's great. >> I love your hair. >> Thank you. Um we all know an uncle here on Maui. You know what I mean? I run into a bunch of uncles at the beach. More often than not, they'll walk up to me. They'll be like, ""Oh, nephew. Why",true
3988.0,2026-09-21 20:15:21,@ruthless6752,,lets rate this one yall,neutral,vader,,"Eastern baby. That's awesome. [applause] That's great. Biracial love. That's great. >> I love your hair. >> Thank you. Um we all know an uncle here on Maui. You know what I mean? I run into a bunch of uncles at the beach. More often than not, they'll walk up to me. They'll be like, ""Oh, nephew. Why you like polo?"" And they'll try to sell me weed, right? And I'll end up giving",true
3988.0,2026-09-21 20:15:21,@POOPURL,,Comedians suckkk,positive,vader,,"Eastern baby. That's awesome. [applause] That's great. Biracial love. That's great. >> I love your hair. >> Thank you. Um we all know an uncle here on Maui. You know what I mean? I run into a bunch of uncles at the beach. More often than not, they'll walk up to me. They'll be like, ""Oh, nephew. Why you like polo?"" And they'll try to sell me weed, right? And I'll end up giving",true
3988.0,2026-09-21 20:15:21,@williamjohnson1302,,*gentle clap*..,positive,vader,,"Eastern baby. That's awesome. [applause] That's great. Biracial love. That's great. >> I love your hair. >> Thank you. Um we all know an uncle here on Maui. You know what I mean? I run into a bunch of uncles at the beach. More often than not, they'll walk up to me. They'll be like, ""Oh, nephew. Why you like polo?"" And they'll try to sell me weed, right? And I'll end up giving",true
3992.0,2026-09-21 20:15:25,@goodviibes8573,,Not saying I could do any better but fuck man ,negative,vader,,">> I love your hair. >> Thank you. Um we all know an uncle here on Maui. You know what I mean? I run into a bunch of uncles at the beach. More often than not, they'll walk up to me. They'll be like, ""Oh, nephew. Why you like polo?"" And they'll try to sell me weed, right? And I'll end up giving them some of my weed. And about 30",true
3993.0,2026-09-21 20:15:26,@ineverlutes,,this guy kissed on stage last week :face_blowing_a_kiss:,positive,vader,,">> I love your hair. >> Thank you. Um we all know an uncle here on Maui. You know what I mean? I run into a bunch of uncles at the beach. More often than not, they'll walk up to me. They'll be like, ""Oh, nephew. Why you like polo?"" And they'll try to sell me weed, right? And I'll end up giving them some of my weed. And about 30 minutes later, they'll come back to buy",true
3995.0,2026-09-21 20:15:28,@Hackofalltrades-mh5fq,,the homie Joel dirt,negative,vader,,">> Thank you. Um we all know an uncle here on Maui. You know what I mean? I run into a bunch of uncles at the beach. More often than not, they'll walk up to me. They'll be like, ""Oh, nephew. Why you like polo?"" And they'll try to sell me weed, right? And I'll end up giving them some of my weed. And about 30 minutes later, they'll come back to buy some more from me. You know what I mean?",true
4008.0,2026-09-21 20:15:41,@McMisfit,,it's magnificent,positive,vader,,"me weed, right? And I'll end up giving them some of my weed. And about 30 minutes later, they'll come back to buy some more from me. You know what I mean? >> Yeah. One uncle was so thankful for the weed that I sold him one time, he took me to church. Took me to the Samoan church. Now, I'm a white boy from the Southeast, and I'm the son of a preacher, man. So, I was putting the",true
4009.0,2026-09-21 20:15:42,@MODERN-CAVEMAN-420,,if the stand up sucks. I'll just start doing better in the comments.,positive,vader,,"me weed, right? And I'll end up giving them some of my weed. And about 30 minutes later, they'll come back to buy some more from me. You know what I mean? >> Yeah. One uncle was so thankful for the weed that I sold him one time, he took me to church. Took me to the Samoan church. Now, I'm a white boy from the Southeast, and I'm the son of a preacher, man. So, I was putting the",true
4010.0,2026-09-21 20:15:43,@Jonny5ive5,,"good, this guy looks prepared",positive,vader,,"them some of my weed. And about 30 minutes later, they'll come back to buy some more from me. You know what I mean? >> Yeah. One uncle was so thankful for the weed that I sold him one time, he took me to church. Took me to the Samoan church. Now, I'm a white boy from the Southeast, and I'm the son of a preacher, man. So, I was putting the howle and hallelujah that day. Come on",true
4011.0,2026-09-21 20:15:44,@mysewcalledlife2299,,Boring ,negative,vader,,"them some of my weed. And about 30 minutes later, they'll come back to buy some more from me. You know what I mean? >> Yeah. One uncle was so thankful for the weed that I sold him one time, he took me to church. Took me to the Samoan church. Now, I'm a white boy from the Southeast, and I'm the son of a preacher, man. So, I was putting the howle and hallelujah that day. Come on",true
4014.0,2026-09-21 20:15:47,@rocjames1,,the Chair has no armrest,negative,vader,,"minutes later, they'll come back to buy some more from me. You know what I mean? >> Yeah. One uncle was so thankful for the weed that I sold him one time, he took me to church. Took me to the Samoan church. Now, I'm a white boy from the Southeast, and I'm the son of a preacher, man. So, I was putting the howle and hallelujah that day. Come on now. All right, that's a medium life.",true
4018.0,2026-09-21 20:15:51,@henryOP8749,,More like Faux Dirt,neutral,vader,,">> Yeah. One uncle was so thankful for the weed that I sold him one time, he took me to church. Took me to the Samoan church. Now, I'm a white boy from the Southeast, and I'm the son of a preacher, man. So, I was putting the howle and hallelujah that day. Come on now. All right, that's a medium life. Take it. Um, let's see here. Uh,",true
4022.0,2026-09-21 20:15:55,@POOPURL,,Lowkey nice bulge ,positive,vader,,"me to church. Took me to the Samoan church. Now, I'm a white boy from the Southeast, and I'm the son of a preacher, man. So, I was putting the howle and hallelujah that day. Come on now. All right, that's a medium life. Take it. Um, let's see here. Uh, my dad is a is a pastor and my uncle is",true
4029.0,2026-09-21 20:16:02,@alisonwayland6057,,I want wallet size pics of his sears prtaits,positive,vader,,"preacher, man. So, I was putting the howle and hallelujah that day. Come on now. All right, that's a medium life. Take it. Um, let's see here. Uh, my dad is a is a pastor and my uncle is a chef. They're brothers. [snorts] Uh, my uncle's also a Grateful Dead fan, so they kind of went very different",true
4029.0,2026-09-21 20:16:02,@DRFROGGENETICS,,bro they grow amazing weed on the island,positive,vader,,"preacher, man. So, I was putting the howle and hallelujah that day. Come on now. All right, that's a medium life. Take it. Um, let's see here. Uh, my dad is a is a pastor and my uncle is a chef. They're brothers. [snorts] Uh, my uncle's also a Grateful Dead fan, so they kind of went very different",true
4032.0,2026-09-21 20:16:05,@williamjohnson1302,,1985 called an wants your hair back,neutral,vader,,"howle and hallelujah that day. Come on now. All right, that's a medium life. Take it. Um, let's see here. Uh, my dad is a is a pastor and my uncle is a chef. They're brothers. [snorts] Uh, my uncle's also a Grateful Dead fan, so they kind of went very different directions in life. The pastor uncle or",true
4040.0,2026-09-21 20:16:13,@ineverlutes,,Faux Dirt :face_with_tears_of_joy:,negative,vader,,"Um, let's see here. Uh, my dad is a is a pastor and my uncle is a chef. They're brothers. [snorts] Uh, my uncle's also a Grateful Dead fan, so they kind of went very different directions in life. The pastor uncle or the >> They both went very different directions. >> My uncle. My uncle.",true
4042.0,2026-09-21 20:16:15,@Gloobus.q,,Medium laugh is a generous way to put it,positive,vader,,"my dad is a is a pastor and my uncle is a chef. They're brothers. [snorts] Uh, my uncle's also a Grateful Dead fan, so they kind of went very different directions in life. The pastor uncle or the >> They both went very different directions. >> My uncle. My uncle. >> No, his dad.",true
4042.0,2026-09-21 20:16:15,@POOPURL,,Kinda funny best one yet,positive,vader,,"my dad is a is a pastor and my uncle is a chef. They're brothers. [snorts] Uh, my uncle's also a Grateful Dead fan, so they kind of went very different directions in life. The pastor uncle or the >> They both went very different directions. >> My uncle. My uncle. >> No, his dad.",true
4053.0,2026-09-21 20:16:26,@POOPURL,,Terrible crowd,negative,vader,,"the >> They both went very different directions. >> My uncle. My uncle. >> No, his dad. >> Yeah, one is my It's not how that works. His brother is my father. That's how that works. It's uncle's theme. I don't know if you got the memo. Um but yeah, no, my uncle was a Grateful Dead fan.",true
4055.0,2026-09-21 20:16:28,@billyboing215,,he's jyst telling us random facts,neutral,vader,,">> They both went very different directions. >> My uncle. My uncle. >> No, his dad. >> Yeah, one is my It's not how that works. His brother is my father. That's how that works. It's uncle's theme. I don't know if you got the memo. Um but yeah, no, my uncle was a Grateful Dead fan. And uh whenever I drink with my uncle,",true
4057.0,2026-09-21 20:16:30,@Reasonable6,,hey the world's shittiest comedy is on,negative,vader,,"directions. >> My uncle. My uncle. >> No, his dad. >> Yeah, one is my It's not how that works. His brother is my father. That's how that works. It's uncle's theme. I don't know if you got the memo. Um but yeah, no, my uncle was a Grateful Dead fan. And uh whenever I drink with my uncle, it's kind of an unusual experience. My",true
4058.0,2026-09-21 20:16:31,@Warisstupid,,Joe dirts brother ain't funny.,negative,vader,,"directions. >> My uncle. My uncle. >> No, his dad. >> Yeah, one is my It's not how that works. His brother is my father. That's how that works. It's uncle's theme. I don't know if you got the memo. Um but yeah, no, my uncle was a Grateful Dead fan. And uh whenever I drink with my uncle, it's kind of an unusual experience. My",true
4058.0,2026-09-21 20:16:31,@alisonwayland6057,,is radio shack still in business?,neutral,vader,,"directions. >> My uncle. My uncle. >> No, his dad. >> Yeah, one is my It's not how that works. His brother is my father. That's how that works. It's uncle's theme. I don't know if you got the memo. Um but yeah, no, my uncle was a Grateful Dead fan. And uh whenever I drink with my uncle, it's kind of an unusual experience. My",true
4058.0,2026-09-21 20:16:31,@ruthless6752,,we have to look at the phone tho my guy...,neutral,vader,,"directions. >> My uncle. My uncle. >> No, his dad. >> Yeah, one is my It's not how that works. His brother is my father. That's how that works. It's uncle's theme. I don't know if you got the memo. Um but yeah, no, my uncle was a Grateful Dead fan. And uh whenever I drink with my uncle, it's kind of an unusual experience. My",true
4064.0,2026-09-21 20:16:37,@MODERN-CAVEMAN-420,,....so I've been dating exclusively blind women for about 3 years now.. because they gotta touch it before they knownits small. they never see it cunning. it's like reading braille.,negative,vader,,">> Yeah, one is my It's not how that works. His brother is my father. That's how that works. It's uncle's theme. I don't know if you got the memo. Um but yeah, no, my uncle was a Grateful Dead fan. And uh whenever I drink with my uncle, it's kind of an unusual experience. My dad doesn't drink. And uh when I drink with my uncle, he's like, ""Man, I knew",true
4066.0,2026-09-21 20:16:39,@goodviibes8573,,The goodwill called and want the wig back ,positive,vader,,"His brother is my father. That's how that works. It's uncle's theme. I don't know if you got the memo. Um but yeah, no, my uncle was a Grateful Dead fan. And uh whenever I drink with my uncle, it's kind of an unusual experience. My dad doesn't drink. And uh when I drink with my uncle, he's like, ""Man, I knew your dad when he was cool. I knew your",true
4068.0,2026-09-21 20:16:41,@JimboTheComic,,Henry that was top 3 of the night bravo ,positive,vader,,"that works. It's uncle's theme. I don't know if you got the memo. Um but yeah, no, my uncle was a Grateful Dead fan. And uh whenever I drink with my uncle, it's kind of an unusual experience. My dad doesn't drink. And uh when I drink with my uncle, he's like, ""Man, I knew your dad when he was cool. I knew your dad when he used to [ __ ] on rival frat",true
4072.0,2026-09-21 20:16:45,@Mike-Alice-D-InWonderland,,it's probably been growing since 85,positive,vader,,"know if you got the memo. Um but yeah, no, my uncle was a Grateful Dead fan. And uh whenever I drink with my uncle, it's kind of an unusual experience. My dad doesn't drink. And uh when I drink with my uncle, he's like, ""Man, I knew your dad when he was cool. I knew your dad when he used to [ __ ] on rival frat house stairs. I used to know your dad",true
4073.0,2026-09-21 20:16:46,@z28diablo,,"If he says Life's a garden, I'm signing off",neutral,vader,,"no, my uncle was a Grateful Dead fan. And uh whenever I drink with my uncle, it's kind of an unusual experience. My dad doesn't drink. And uh when I drink with my uncle, he's like, ""Man, I knew your dad when he was cool. I knew your dad when he used to [ __ ] on rival frat house stairs. I used to know your dad when he dated black women.""",true
4075.0,2026-09-21 20:16:48,@williamjohnson1302,,he wishes he was joe dirt,negative,vader,,"And uh whenever I drink with my uncle, it's kind of an unusual experience. My dad doesn't drink. And uh when I drink with my uncle, he's like, ""Man, I knew your dad when he was cool. I knew your dad when he used to [ __ ] on rival frat house stairs. I used to know your dad when he dated black women.""",true
4090.0,2026-09-21 20:17:03,@JimboTheComic,,Diablo LMAO,positive,vader,,"dad when he used to [ __ ] on rival frat house stairs. I used to know your dad when he dated black women."" He used to tell me he used to tell me uh [ __ ] I forgot my [ __ ] joke. Um, yeah. He told me, ""I knew your dad back when he got a scorpion tattoo on his ass because he thought it was hilarious."" And I asked my dad about that the other",true
4091.0,2026-09-21 20:17:04,@ruthless6752,,....,neutral,vader,,"house stairs. I used to know your dad when he dated black women."" He used to tell me he used to tell me uh [ __ ] I forgot my [ __ ] joke. Um, yeah. He told me, ""I knew your dad back when he got a scorpion tattoo on his ass because he thought it was hilarious."" And I asked my dad about that the other",true
4091.0,2026-09-21 20:17:04,@billyboing215,,are these jokes????,positive,vader,,"house stairs. I used to know your dad when he dated black women."" He used to tell me he used to tell me uh [ __ ] I forgot my [ __ ] joke. Um, yeah. He told me, ""I knew your dad back when he got a scorpion tattoo on his ass because he thought it was hilarious."" And I asked my dad about that the other",true
4095.0,2026-09-21 20:17:08,@rocjames1,,I poop funny shit,negative,vader,,"when he dated black women."" He used to tell me he used to tell me uh [ __ ] I forgot my [ __ ] joke. Um, yeah. He told me, ""I knew your dad back when he got a scorpion tattoo on his ass because he thought it was hilarious."" And I asked my dad about that the other day. I called him up. I was like, ""Hey, Dad. Uncle Steve told me that you have a scorpion tattoo on your ass."" And all my",true
4097.0,2026-09-21 20:17:10,@ruthless6752,,wowwww,neutral,vader,,"He used to tell me he used to tell me uh [ __ ] I forgot my [ __ ] joke. Um, yeah. He told me, ""I knew your dad back when he got a scorpion tattoo on his ass because he thought it was hilarious."" And I asked my dad about that the other day. I called him up. I was like, ""Hey, Dad. Uncle Steve told me that you have a scorpion tattoo on your ass."" And all my",true
4098.0,2026-09-21 20:17:11,@Reasonable6,,It's not even a real joke. He stole it from other people.,positive,vader,,"He used to tell me he used to tell me uh [ __ ] I forgot my [ __ ] joke. Um, yeah. He told me, ""I knew your dad back when he got a scorpion tattoo on his ass because he thought it was hilarious."" And I asked my dad about that the other day. I called him up. I was like, ""Hey, Dad. Uncle Steve told me that you have a scorpion tattoo on your ass."" And all my dad said to that was is",true
4098.0,2026-09-21 20:17:11,@DRFROGGENETICS,,Joe Dirt cousin Tom Dirt,negative,vader,,"He used to tell me he used to tell me uh [ __ ] I forgot my [ __ ] joke. Um, yeah. He told me, ""I knew your dad back when he got a scorpion tattoo on his ass because he thought it was hilarious."" And I asked my dad about that the other day. I called him up. I was like, ""Hey, Dad. Uncle Steve told me that you have a scorpion tattoo on your ass."" And all my dad said to that was is",true
4102.0,2026-09-21 20:17:15,@Donnieboy24,,same hairstyle as princess peach,neutral,vader,,"[ __ ] I forgot my [ __ ] joke. Um, yeah. He told me, ""I knew your dad back when he got a scorpion tattoo on his ass because he thought it was hilarious."" And I asked my dad about that the other day. I called him up. I was like, ""Hey, Dad. Uncle Steve told me that you have a scorpion tattoo on your ass."" And all my dad said to that was is that's hilarious. Um, so I can't confirm",true
4105.0,2026-09-21 20:17:18,@alisonwayland6057,,Tennessee called and they want their waterfall back,positive,vader,,"yeah. He told me, ""I knew your dad back when he got a scorpion tattoo on his ass because he thought it was hilarious."" And I asked my dad about that the other day. I called him up. I was like, ""Hey, Dad. Uncle Steve told me that you have a scorpion tattoo on your ass."" And all my dad said to that was is that's hilarious. Um, so I can't confirm or deny whether or not he actually has it, but that's like some lore in my",true
4108.0,2026-09-21 20:17:21,@goodviibes8573,,The jokes got lost in his hair ,negative,vader,,"because he thought it was hilarious."" And I asked my dad about that the other day. I called him up. I was like, ""Hey, Dad. Uncle Steve told me that you have a scorpion tattoo on your ass."" And all my dad said to that was is that's hilarious. Um, so I can't confirm or deny whether or not he actually has it, but that's like some lore in my family. Um, my nephew, he's going on 12",true
4108.0,2026-09-21 20:17:21,@ruthless6752,,he said I forgot the joke smh,neutral,vader,,"because he thought it was hilarious."" And I asked my dad about that the other day. I called him up. I was like, ""Hey, Dad. Uncle Steve told me that you have a scorpion tattoo on your ass."" And all my dad said to that was is that's hilarious. Um, so I can't confirm or deny whether or not he actually has it, but that's like some lore in my family. Um, my nephew, he's going on 12",true
4109.0,2026-09-21 20:17:22,@Reasonable6,,boo,neutral,vader,,"because he thought it was hilarious."" And I asked my dad about that the other day. I called him up. I was like, ""Hey, Dad. Uncle Steve told me that you have a scorpion tattoo on your ass."" And all my dad said to that was is that's hilarious. Um, so I can't confirm or deny whether or not he actually has it, but that's like some lore in my family. Um, my nephew, he's going on 12",true
4117.0,2026-09-21 20:17:30,@henryOP8749,,Jim :thumbs_up: and modern that was crazy about the blind chicks bro :rolling_on_the_floor_laughing: ,negative,vader,,"scorpion tattoo on your ass."" And all my dad said to that was is that's hilarious. Um, so I can't confirm or deny whether or not he actually has it, but that's like some lore in my family. Um, my nephew, he's going on 12 years old. And, uh, the other day he asked me, he goes, ""Uncle Joel, why do you smell like weed?"" And I go, ""You're 12 years old.",true
4119.0,2026-09-21 20:17:32,@POOPURL,,Okay,positive,vader,,"dad said to that was is that's hilarious. Um, so I can't confirm or deny whether or not he actually has it, but that's like some lore in my family. Um, my nephew, he's going on 12 years old. And, uh, the other day he asked me, he goes, ""Uncle Joel, why do you smell like weed?"" And I go, ""You're 12 years old.",true
4120.0,2026-09-21 20:17:33,@williamjohnson1302,,uhhh....,neutral,vader,,"dad said to that was is that's hilarious. Um, so I can't confirm or deny whether or not he actually has it, but that's like some lore in my family. Um, my nephew, he's going on 12 years old. And, uh, the other day he asked me, he goes, ""Uncle Joel, why do you smell like weed?"" And I go, ""You're 12 years old. How do you know what weed smells like?""",true
4122.0,2026-09-21 20:17:35,@DRFROGGENETICS,,terrible,negative,vader,,"or deny whether or not he actually has it, but that's like some lore in my family. Um, my nephew, he's going on 12 years old. And, uh, the other day he asked me, he goes, ""Uncle Joel, why do you smell like weed?"" And I go, ""You're 12 years old. How do you know what weed smells like?"" And we kind of caught each other in a in",true
4125.0,2026-09-21 20:17:38,@POOPURL,,Nvm,neutral,vader,,"it, but that's like some lore in my family. Um, my nephew, he's going on 12 years old. And, uh, the other day he asked me, he goes, ""Uncle Joel, why do you smell like weed?"" And I go, ""You're 12 years old. How do you know what weed smells like?"" And we kind of caught each other in a in an awkward moment. And I said, ""Man,",true
4126.0,2026-09-21 20:17:39,@billyboing215,,he grew up rich,positive,vader,,"it, but that's like some lore in my family. Um, my nephew, he's going on 12 years old. And, uh, the other day he asked me, he goes, ""Uncle Joel, why do you smell like weed?"" And I go, ""You're 12 years old. How do you know what weed smells like?"" And we kind of caught each other in a in an awkward moment. And I said, ""Man, [ __ ] this. I want to be a good influence",true
4128.0,2026-09-21 20:17:41,@sunkissed335,,Donnieboy:bullseye:,neutral,vader,,"it, but that's like some lore in my family. Um, my nephew, he's going on 12 years old. And, uh, the other day he asked me, he goes, ""Uncle Joel, why do you smell like weed?"" And I go, ""You're 12 years old. How do you know what weed smells like?"" And we kind of caught each other in a in an awkward moment. And I said, ""Man, [ __ ] this. I want to be a good influence on you. We're not going to do that. Do",true
4128.0,2026-09-21 20:17:41,@ineverlutes,,@donnieboy nooo :rolling_on_the_floor_laughing::rolling_on_the_floor_laughing:,neutral,vader,,"it, but that's like some lore in my family. Um, my nephew, he's going on 12 years old. And, uh, the other day he asked me, he goes, ""Uncle Joel, why do you smell like weed?"" And I go, ""You're 12 years old. How do you know what weed smells like?"" And we kind of caught each other in a in an awkward moment. And I said, ""Man, [ __ ] this. I want to be a good influence on you. We're not going to do that. Do",true
4128.0,2026-09-21 20:17:41,@JimboTheComic,,Ok well I’m trying my best ,positive,vader,,"it, but that's like some lore in my family. Um, my nephew, he's going on 12 years old. And, uh, the other day he asked me, he goes, ""Uncle Joel, why do you smell like weed?"" And I go, ""You're 12 years old. How do you know what weed smells like?"" And we kind of caught each other in a in an awkward moment. And I said, ""Man, [ __ ] this. I want to be a good influence on you. We're not going to do that. Do",true
4131.0,2026-09-21 20:17:44,@williamjohnson1302,,literally no punch line,negative,vader,,"years old. And, uh, the other day he asked me, he goes, ""Uncle Joel, why do you smell like weed?"" And I go, ""You're 12 years old. How do you know what weed smells like?"" And we kind of caught each other in a in an awkward moment. And I said, ""Man, [ __ ] this. I want to be a good influence on you. We're not going to do that. Do you want to go ride our dirt bikes without helmets on like right now?""",true
4135.0,2026-09-21 20:17:48,@ruthless6752,,no one laughed bruh I would be embarrassed,negative,vader,,"goes, ""Uncle Joel, why do you smell like weed?"" And I go, ""You're 12 years old. How do you know what weed smells like?"" And we kind of caught each other in a in an awkward moment. And I said, ""Man, [ __ ] this. I want to be a good influence on you. We're not going to do that. Do you want to go ride our dirt bikes without helmets on like right now?""",true
4138.0,2026-09-21 20:17:51,@JimboTheComic,,Billy LMAO,positive,vader,,"weed?"" And I go, ""You're 12 years old. How do you know what weed smells like?"" And we kind of caught each other in a in an awkward moment. And I said, ""Man, [ __ ] this. I want to be a good influence on you. We're not going to do that. Do you want to go ride our dirt bikes without helmets on like right now?"" >> All right. That's good. Well, that's my nephew. Um,",true
4142.0,2026-09-21 20:17:55,@z28diablo,,Why you holding out Uncle Joel?,neutral,vader,,"And we kind of caught each other in a in an awkward moment. And I said, ""Man, [ __ ] this. I want to be a good influence on you. We're not going to do that. Do you want to go ride our dirt bikes without helmets on like right now?"" >> All right. That's good. Well, that's my nephew. Um, I have a niece. Um, she is 13 years old",true
4143.0,2026-09-21 20:17:56,@bigvinceking,,:tomato::tomato::tomato::tomato:,neutral,vader,,"And we kind of caught each other in a in an awkward moment. And I said, ""Man, [ __ ] this. I want to be a good influence on you. We're not going to do that. Do you want to go ride our dirt bikes without helmets on like right now?"" >> All right. That's good. Well, that's my nephew. Um, I have a niece. Um, she is 13 years old",true
4143.0,2026-09-21 20:17:56,@rocjames1,,Farah faucet if she was a transgender,neutral,vader,,"And we kind of caught each other in a in an awkward moment. And I said, ""Man, [ __ ] this. I want to be a good influence on you. We're not going to do that. Do you want to go ride our dirt bikes without helmets on like right now?"" >> All right. That's good. Well, that's my nephew. Um, I have a niece. Um, she is 13 years old",true
4144.0,2026-09-21 20:17:57,@Reasonable6,,This is why rich people suck,positive,vader,,"an awkward moment. And I said, ""Man, [ __ ] this. I want to be a good influence on you. We're not going to do that. Do you want to go ride our dirt bikes without helmets on like right now?"" >> All right. That's good. Well, that's my nephew. Um, I have a niece. Um, she is 13 years old and she's a joy. Um, but the other day I",true
4144.0,2026-09-21 20:17:57,@Jonny5ive5,,it's hard to follow a lot of bombing,negative,vader,,"an awkward moment. And I said, ""Man, [ __ ] this. I want to be a good influence on you. We're not going to do that. Do you want to go ride our dirt bikes without helmets on like right now?"" >> All right. That's good. Well, that's my nephew. Um, I have a niece. Um, she is 13 years old and she's a joy. Um, but the other day I",true
4155.0,2026-09-21 20:18:08,@JimboTheComic,,Jonny welcome to hell ,negative,vader,,">> All right. That's good. Well, that's my nephew. Um, I have a niece. Um, she is 13 years old and she's a joy. Um, but the other day I watched her eat mayonnaise out of the jar with a spoon. >> Yep. And uh I don't know what's happening there. I don't know what's going wrong there. But uh while she was",true
4157.0,2026-09-21 20:18:10,@j.moreno9703,,no helmets :face_with_tears_of_joy::face_with_tears_of_joy::face_with_tears_of_joy::face_with_tears_of_joy: hilarious,positive,vader,,">> All right. That's good. Well, that's my nephew. Um, I have a niece. Um, she is 13 years old and she's a joy. Um, but the other day I watched her eat mayonnaise out of the jar with a spoon. >> Yep. And uh I don't know what's happening there. I don't know what's going wrong there. But uh while she was doing that, she told me, ""Uncle Joel,",true
4158.0,2026-09-21 20:18:11,@JimboTheComic,,Glad to have ya ,positive,vader,,"That's good. Well, that's my nephew. Um, I have a niece. Um, she is 13 years old and she's a joy. Um, but the other day I watched her eat mayonnaise out of the jar with a spoon. >> Yep. And uh I don't know what's happening there. I don't know what's going wrong there. But uh while she was doing that, she told me, ""Uncle Joel, have you ever heard of Coco the",true
4159.0,2026-09-21 20:18:12,@KristyFlattley-o2e,,dont give up the day job,neutral,vader,,"That's good. Well, that's my nephew. Um, I have a niece. Um, she is 13 years old and she's a joy. Um, but the other day I watched her eat mayonnaise out of the jar with a spoon. >> Yep. And uh I don't know what's happening there. I don't know what's going wrong there. But uh while she was doing that, she told me, ""Uncle Joel, have you ever heard of Coco the",true
4159.0,2026-09-21 20:18:12,@EricNelson1236,,woulda called you a perv,neutral,vader,,"That's good. Well, that's my nephew. Um, I have a niece. Um, she is 13 years old and she's a joy. Um, but the other day I watched her eat mayonnaise out of the jar with a spoon. >> Yep. And uh I don't know what's happening there. I don't know what's going wrong there. But uh while she was doing that, she told me, ""Uncle Joel, have you ever heard of Coco the",true
4163.0,2026-09-21 20:18:16,@bigvinceking,,:tomato: :tomato: :tomato:,neutral,vader,,"I have a niece. Um, she is 13 years old and she's a joy. Um, but the other day I watched her eat mayonnaise out of the jar with a spoon. >> Yep. And uh I don't know what's happening there. I don't know what's going wrong there. But uh while she was doing that, she told me, ""Uncle Joel, have you ever heard of Coco the Gorilla?"" Has anybody in this room heard of Coco the Gorilla? Yeah. For those of",true
4164.0,2026-09-21 20:18:17,@Zeroturn70,,Did you fuck her?,negative,vader,,"and she's a joy. Um, but the other day I watched her eat mayonnaise out of the jar with a spoon. >> Yep. And uh I don't know what's happening there. I don't know what's going wrong there. But uh while she was doing that, she told me, ""Uncle Joel, have you ever heard of Coco the Gorilla?"" Has anybody in this room heard of Coco the Gorilla? Yeah. For those of",true
4165.0,2026-09-21 20:18:18,@MODERN-CAVEMAN-420,,"this bomb is so bad, it's a war crime.",negative,vader,,"and she's a joy. Um, but the other day I watched her eat mayonnaise out of the jar with a spoon. >> Yep. And uh I don't know what's happening there. I don't know what's going wrong there. But uh while she was doing that, she told me, ""Uncle Joel, have you ever heard of Coco the Gorilla?"" Has anybody in this room heard of Coco the Gorilla? Yeah. For those of you who don't know, my niece informed me",true
4166.0,2026-09-21 20:18:19,@billyboing215,,so confident with no talent,positive,vader,,"watched her eat mayonnaise out of the jar with a spoon. >> Yep. And uh I don't know what's happening there. I don't know what's going wrong there. But uh while she was doing that, she told me, ""Uncle Joel, have you ever heard of Coco the Gorilla?"" Has anybody in this room heard of Coco the Gorilla? Yeah. For those of you who don't know, my niece informed me",true
4167.0,2026-09-21 20:18:20,@DeronJohnson70,,Hairpes ,neutral,vader,,"watched her eat mayonnaise out of the jar with a spoon. >> Yep. And uh I don't know what's happening there. I don't know what's going wrong there. But uh while she was doing that, she told me, ""Uncle Joel, have you ever heard of Coco the Gorilla?"" Has anybody in this room heard of Coco the Gorilla? Yeah. For those of you who don't know, my niece informed me it's a gorilla that knew 500 different",true
4171.0,2026-09-21 20:18:24,@POOPURL,,The big hitter failed lmao,positive,vader,,"happening there. I don't know what's going wrong there. But uh while she was doing that, she told me, ""Uncle Joel, have you ever heard of Coco the Gorilla?"" Has anybody in this room heard of Coco the Gorilla? Yeah. For those of you who don't know, my niece informed me it's a gorilla that knew 500 different words in sign language and also was an",true
4171.0,2026-09-21 20:18:24,@GregDouchette,,"Jimbo, is this you? ",neutral,vader,,"happening there. I don't know what's going wrong there. But uh while she was doing that, she told me, ""Uncle Joel, have you ever heard of Coco the Gorilla?"" Has anybody in this room heard of Coco the Gorilla? Yeah. For those of you who don't know, my niece informed me it's a gorilla that knew 500 different words in sign language and also was an",true
4174.0,2026-09-21 20:18:27,@Reasonable6,,Every time I turn this f****** channel on the only thing that wins is the chat.,positive,vader,,"going wrong there. But uh while she was doing that, she told me, ""Uncle Joel, have you ever heard of Coco the Gorilla?"" Has anybody in this room heard of Coco the Gorilla? Yeah. For those of you who don't know, my niece informed me it's a gorilla that knew 500 different words in sign language and also was an owner of a cat. It was a whole thing.",true
4180.0,2026-09-21 20:18:33,@williamjohnson1302,,"loser in the front, party in the bacckkkk",negative,vader,,"Gorilla?"" Has anybody in this room heard of Coco the Gorilla? Yeah. For those of you who don't know, my niece informed me it's a gorilla that knew 500 different words in sign language and also was an owner of a cat. It was a whole thing. There's a whole documentary on it. And uh while she was sitting there eating mayonnaise, I said, ""You know, isn't it",true
4182.0,2026-09-21 20:18:35,@McMisfit,,"mayo, jesus",neutral,vader,,"Gorilla?"" Has anybody in this room heard of Coco the Gorilla? Yeah. For those of you who don't know, my niece informed me it's a gorilla that knew 500 different words in sign language and also was an owner of a cat. It was a whole thing. There's a whole documentary on it. And uh while she was sitting there eating mayonnaise, I said, ""You know, isn't it wild to think",true
4184.0,2026-09-21 20:18:37,@DeronJohnson70,,:canned_food::canned_food::canned_food::canned_food::canned_food:,neutral,vader,,"of Coco the Gorilla? Yeah. For those of you who don't know, my niece informed me it's a gorilla that knew 500 different words in sign language and also was an owner of a cat. It was a whole thing. There's a whole documentary on it. And uh while she was sitting there eating mayonnaise, I said, ""You know, isn't it wild to think that Helen Keller was almost definitely",true
4185.0,2026-09-21 20:18:38,@bigvinceking,,BOOOOOOOOOO,neutral,vader,,"you who don't know, my niece informed me it's a gorilla that knew 500 different words in sign language and also was an owner of a cat. It was a whole thing. There's a whole documentary on it. And uh while she was sitting there eating mayonnaise, I said, ""You know, isn't it wild to think that Helen Keller was almost definitely",true
4188.0,2026-09-21 20:18:41,@S.D.L-m1j,,Is Comedy here:eyes:,positive,vader,,"it's a gorilla that knew 500 different words in sign language and also was an owner of a cat. It was a whole thing. There's a whole documentary on it. And uh while she was sitting there eating mayonnaise, I said, ""You know, isn't it wild to think that Helen Keller was almost definitely",true
4188.0,2026-09-21 20:18:41,@alisonwayland6057,,I wonder if he rinses and repeats,neutral,vader,,"it's a gorilla that knew 500 different words in sign language and also was an owner of a cat. It was a whole thing. There's a whole documentary on it. And uh while she was sitting there eating mayonnaise, I said, ""You know, isn't it wild to think that Helen Keller was almost definitely",true
4187.0,2026-09-21 20:18:40,@Warisstupid,,OMG these comics have no self awareness.,negative,vader,,"you who don't know, my niece informed me it's a gorilla that knew 500 different words in sign language and also was an owner of a cat. It was a whole thing. There's a whole documentary on it. And uh while she was sitting there eating mayonnaise, I said, ""You know, isn't it wild to think that Helen Keller was almost definitely",true
4188.0,2026-09-21 20:18:41,@JimboTheComic,,Greg I almost put you in timeout ,neutral,vader,,"it's a gorilla that knew 500 different words in sign language and also was an owner of a cat. It was a whole thing. There's a whole documentary on it. And uh while she was sitting there eating mayonnaise, I said, ""You know, isn't it wild to think that Helen Keller was almost definitely",true
4191.0,2026-09-21 20:18:44,@MODERN-CAVEMAN-420,,:tomato: :tomato: :tomato: :tomato: :tomato: :tomato: :tomato: :tomato: :tomato: :tomato: :tomato: :tomato: :tomato: :tomato: :tomato: :tomato: :tomato: :tomato: :tomato: :tomato: :tomato: :tomato: :tomato: :tomato: :tomato: :tomato: :tomato: :tomato: :tomato: :tomato: :tomato: :tomato: :tomato: :tomato: :tomato: :tomato: :tomato: :tomato: :tomato: :tomato: :tomato: :tomato: :tomato: :tomato: :tomato: :face_vomiting:,neutral,vader,,"words in sign language and also was an owner of a cat. It was a whole thing. There's a whole documentary on it. And uh while she was sitting there eating mayonnaise, I said, ""You know, isn't it wild to think that Helen Keller was almost definitely way worse at sign language than Coco the Gorilla?",true
4192.0,2026-09-21 20:18:45,@goodviibes8573,,This is more related to a slow painful death rather than comedy ,negative,vader,,"words in sign language and also was an owner of a cat. It was a whole thing. There's a whole documentary on it. And uh while she was sitting there eating mayonnaise, I said, ""You know, isn't it wild to think that Helen Keller was almost definitely way worse at sign language than Coco the Gorilla? I mean, if it if a [ __ ] monkey can do",true
4194.0,2026-09-21 20:18:47,@bigvinceking,,:tomato:,neutral,vader,,"owner of a cat. It was a whole thing. There's a whole documentary on it. And uh while she was sitting there eating mayonnaise, I said, ""You know, isn't it wild to think that Helen Keller was almost definitely way worse at sign language than Coco the Gorilla? I mean, if it if a [ __ ] monkey can do it, how hard can it be? You know what I",true
4195.0,2026-09-21 20:18:48,@henryOP8749,,Lotta titles for this guy imma hold on and see if he funny before I give him anymore,positive,vader,,"owner of a cat. It was a whole thing. There's a whole documentary on it. And uh while she was sitting there eating mayonnaise, I said, ""You know, isn't it wild to think that Helen Keller was almost definitely way worse at sign language than Coco the Gorilla? I mean, if it if a [ __ ] monkey can do it, how hard can it be? You know what I",true
4195.0,2026-09-21 20:18:48,@S.D.L-m1j,,:face-green-smiling:,neutral,vader,,"owner of a cat. It was a whole thing. There's a whole documentary on it. And uh while she was sitting there eating mayonnaise, I said, ""You know, isn't it wild to think that Helen Keller was almost definitely way worse at sign language than Coco the Gorilla? I mean, if it if a [ __ ] monkey can do it, how hard can it be? You know what I",true
4196.0,2026-09-21 20:18:49,@JimboTheComic,,But I’m too nervous for my set ,negative,vader,,"There's a whole documentary on it. And uh while she was sitting there eating mayonnaise, I said, ""You know, isn't it wild to think that Helen Keller was almost definitely way worse at sign language than Coco the Gorilla? I mean, if it if a [ __ ] monkey can do it, how hard can it be? You know what I mean?",true
4198.0,2026-09-21 20:18:51,@GregDouchette,,:face_with_tears_of_joy:,neutral,vader,,"uh while she was sitting there eating mayonnaise, I said, ""You know, isn't it wild to think that Helen Keller was almost definitely way worse at sign language than Coco the Gorilla? I mean, if it if a [ __ ] monkey can do it, how hard can it be? You know what I mean? >> I don't know. Even Coco Gorilla knew not",true
4203.0,2026-09-21 20:18:56,@Reasonable6,,I imagine this is the average comedy show in Israel.,positive,vader,,"wild to think that Helen Keller was almost definitely way worse at sign language than Coco the Gorilla? I mean, if it if a [ __ ] monkey can do it, how hard can it be? You know what I mean? >> I don't know. Even Coco Gorilla knew not to eat mayonnaise out of the jar. All right, that's all I got. Thank you.",true
4204.0,2026-09-21 20:18:57,@williamjohnson1302,,his split ends got split ends,neutral,vader,,"wild to think that Helen Keller was almost definitely way worse at sign language than Coco the Gorilla? I mean, if it if a [ __ ] monkey can do it, how hard can it be? You know what I mean? >> I don't know. Even Coco Gorilla knew not to eat mayonnaise out of the jar. All right, that's all I got. Thank you.",true
4204.0,2026-09-21 20:18:57,@JimboTheComic,,You’re all going to be SO MEAN TO ME ,neutral,vader,,"wild to think that Helen Keller was almost definitely way worse at sign language than Coco the Gorilla? I mean, if it if a [ __ ] monkey can do it, how hard can it be? You know what I mean? >> I don't know. Even Coco Gorilla knew not to eat mayonnaise out of the jar. All right, that's all I got. Thank you.",true
4205.0,2026-09-21 20:18:58,@GregDouchette,,sorry about that mate ,negative,vader,,"wild to think that Helen Keller was almost definitely way worse at sign language than Coco the Gorilla? I mean, if it if a [ __ ] monkey can do it, how hard can it be? You know what I mean? >> I don't know. Even Coco Gorilla knew not to eat mayonnaise out of the jar. All right, that's all I got. Thank you.",true
4205.0,2026-09-21 20:18:58,@z28diablo,,"Jimbo, you have to say the chair is your druncle for us",neutral,vader,,"wild to think that Helen Keller was almost definitely way worse at sign language than Coco the Gorilla? I mean, if it if a [ __ ] monkey can do it, how hard can it be? You know what I mean? >> I don't know. Even Coco Gorilla knew not to eat mayonnaise out of the jar. All right, that's all I got. Thank you.",true
4210.0,2026-09-21 20:19:03,@billyboing215,,Helen Keller is it 1988,neutral,vader,,"Gorilla? I mean, if it if a [ __ ] monkey can do it, how hard can it be? You know what I mean? >> I don't know. Even Coco Gorilla knew not to eat mayonnaise out of the jar. All right, that's all I got. Thank you. >> Keep control, ladies and gentlemen.",true
4210.0,2026-09-21 20:19:03,@Slice2112,,Best foods mayo doing some heavy lifting here…,positive,vader,,"Gorilla? I mean, if it if a [ __ ] monkey can do it, how hard can it be? You know what I mean? >> I don't know. Even Coco Gorilla knew not to eat mayonnaise out of the jar. All right, that's all I got. Thank you. >> Keep control, ladies and gentlemen.",true
4210.0,2026-09-21 20:19:03,@bigvinceking,,:tomato: :tomato: :tomato:,neutral,vader,,"Gorilla? I mean, if it if a [ __ ] monkey can do it, how hard can it be? You know what I mean? >> I don't know. Even Coco Gorilla knew not to eat mayonnaise out of the jar. All right, that's all I got. Thank you. >> Keep control, ladies and gentlemen.",true
4217.0,2026-09-21 20:19:10,@rocjames1,,Peter Franklin. on Crack,neutral,vader,,"mean? >> I don't know. Even Coco Gorilla knew not to eat mayonnaise out of the jar. All right, that's all I got. Thank you. >> Keep control, ladies and gentlemen. >> What he's saying is it so easy a caveman can do it. Uh,",true
4219.0,2026-09-21 20:19:12,@POOPURL,, Z:face-orange-raised-eyebrow::face-orange-raised-eyebrow::face-orange-raised-eyebrow:,neutral,vader,,"to eat mayonnaise out of the jar. All right, that's all I got. Thank you. >> Keep control, ladies and gentlemen. >> What he's saying is it so easy a caveman can do it. Uh, >> all right. A couple people like that",true
4220.0,2026-09-21 20:19:13,@JimboTheComic,,I’ll bring up the chair ,neutral,vader,,"to eat mayonnaise out of the jar. All right, that's all I got. Thank you. >> Keep control, ladies and gentlemen. >> What he's saying is it so easy a caveman can do it. Uh, >> all right. A couple people like that",true
4224.0,2026-09-21 20:19:17,@MODERN-CAVEMAN-420,,lord help us.,positive,vader,,">> Keep control, ladies and gentlemen. >> What he's saying is it so easy a caveman can do it. Uh, >> all right. A couple people like that joke. All right. All right. Should have been more. Should have been more by my",true
4225.0,2026-09-21 20:19:18,@Hackofalltrades-mh5fq,,:clapping_hands::clapping_hands::clapping_hands:,neutral,vader,,">> Keep control, ladies and gentlemen. >> What he's saying is it so easy a caveman can do it. Uh, >> all right. A couple people like that joke. All right. All right. Should have been more. Should have been more by my count. That was pretty funny. No. All",true
4225.0,2026-09-21 20:19:18,@bigvinceking,,Thank god :rolling_on_the_floor_laughing::rolling_on_the_floor_laughing::rolling_on_the_floor_laughing:,positive,vader,,">> Keep control, ladies and gentlemen. >> What he's saying is it so easy a caveman can do it. Uh, >> all right. A couple people like that joke. All right. All right. Should have been more. Should have been more by my count. That was pretty funny. No. All",true
4227.0,2026-09-21 20:19:20,@williamjohnson1302,,he hasn't gotten a haircut in 30 yrs cus he spends it on weed,neutral,vader,,">> Keep control, ladies and gentlemen. >> What he's saying is it so easy a caveman can do it. Uh, >> all right. A couple people like that joke. All right. All right. Should have been more. Should have been more by my count. That was pretty funny. No. All",true
4228.0,2026-09-21 20:19:21,@ineverlutes,,@diablo YES,positive,vader,,">> Keep control, ladies and gentlemen. >> What he's saying is it so easy a caveman can do it. Uh, >> all right. A couple people like that joke. All right. All right. Should have been more. Should have been more by my count. That was pretty funny. No. All right. So, how many comedies we got",true
4231.0,2026-09-21 20:19:24,@DRFROGGENETICS,,I write better jokes in my sleep :sleeping_face:,positive,vader,,">> Keep control, ladies and gentlemen. >> What he's saying is it so easy a caveman can do it. Uh, >> all right. A couple people like that joke. All right. All right. Should have been more. Should have been more by my count. That was pretty funny. No. All right. So, how many comedies we got left? We got one, two, three, four. We got about five more comics for the night",true
4232.0,2026-09-21 20:19:25,@bigvinceking,,Boooooooooo,neutral,vader,,">> Keep control, ladies and gentlemen. >> What he's saying is it so easy a caveman can do it. Uh, >> all right. A couple people like that joke. All right. All right. Should have been more. Should have been more by my count. That was pretty funny. No. All right. So, how many comedies we got left? We got one, two, three, four. We got about five more comics for the night",true
4233.0,2026-09-21 20:19:26,@henryOP8749,,Jim is e mean to you without you ever getting on stage your used to it kill it bro,negative,vader,,">> Keep control, ladies and gentlemen. >> What he's saying is it so easy a caveman can do it. Uh, >> all right. A couple people like that joke. All right. All right. Should have been more. Should have been more by my count. That was pretty funny. No. All right. So, how many comedies we got left? We got one, two, three, four. We got about five more comics for the night left. If you want to get on the list,",true
4236.0,2026-09-21 20:19:29,@Mike-Alice-D-InWonderland,,someone booed :grinning_squinting_face:,neutral,vader,,">> What he's saying is it so easy a caveman can do it. Uh, >> all right. A couple people like that joke. All right. All right. Should have been more. Should have been more by my count. That was pretty funny. No. All right. So, how many comedies we got left? We got one, two, three, four. We got about five more comics for the night left. If you want to get on the list, just put your name on. We got a few more spots left.",true
4240.0,2026-09-21 20:19:33,@goodviibes8573,,Gay ,neutral,vader,,"joke. All right. All right. Should have been more. Should have been more by my count. That was pretty funny. No. All right. So, how many comedies we got left? We got one, two, three, four. We got about five more comics for the night left. If you want to get on the list, just put your name on. We got a few more spots left. >> They love the comedy. >> You heard them. No, I think they were",true
4244.0,2026-09-21 20:19:37,@bigvinceking,,Yall succk ,neutral,vader,,"been more. Should have been more by my count. That was pretty funny. No. All right. So, how many comedies we got left? We got one, two, three, four. We got about five more comics for the night left. If you want to get on the list, just put your name on. We got a few more spots left. >> They love the comedy. >> You heard them. No, I think they were honking at the people in exercise wear. I think that's what was going on. That",true
4244.0,2026-09-21 20:19:37,@billyboing215,,booooooooo,neutral,vader,,"been more. Should have been more by my count. That was pretty funny. No. All right. So, how many comedies we got left? We got one, two, three, four. We got about five more comics for the night left. If you want to get on the list, just put your name on. We got a few more spots left. >> They love the comedy. >> You heard them. No, I think they were honking at the people in exercise wear. I think that's what was going on. That",true
4247.0,2026-09-21 20:19:40,@EricNelson1236,,they did abandon her,negative,vader,,"right. So, how many comedies we got left? We got one, two, three, four. We got about five more comics for the night left. If you want to get on the list, just put your name on. We got a few more spots left. >> They love the comedy. >> You heard them. No, I think they were honking at the people in exercise wear. I think that's what was going on. That That was a sexual harassment. That was",true
4249.0,2026-09-21 20:19:42,@williamjohnson1302,,funniest part was watching him walk away,positive,vader,,"left? We got one, two, three, four. We got about five more comics for the night left. If you want to get on the list, just put your name on. We got a few more spots left. >> They love the comedy. >> You heard them. No, I think they were honking at the people in exercise wear. I think that's what was going on. That That was a sexual harassment. That was not >> That was not a tune for us. Woo! Wait,",true
4252.0,2026-09-21 20:19:45,@z28diablo,,"Battle the chair, Jimbo. Guaranteed comic of night",negative,vader,,"left. If you want to get on the list, just put your name on. We got a few more spots left. >> They love the comedy. >> You heard them. No, I think they were honking at the people in exercise wear. I think that's what was going on. That That was a sexual harassment. That was not >> That was not a tune for us. Woo! Wait,",true
4256.0,2026-09-21 20:19:49,@alisonwayland6057,,overtime i see him i instantly think of extras in Fast Time at Ridmont High,neutral,vader,,"spots left. >> They love the comedy. >> You heard them. No, I think they were honking at the people in exercise wear. I think that's what was going on. That That was a sexual harassment. That was not >> That was not a tune for us. Woo! Wait, >> you guys are conflicted. You're like, ""Do I applaud that?"" Sure. That's the",true
4257.0,2026-09-21 20:19:50,@S.D.L-m1j,,:chair::chair::chair::chair:,neutral,vader,,"spots left. >> They love the comedy. >> You heard them. No, I think they were honking at the people in exercise wear. I think that's what was going on. That That was a sexual harassment. That was not >> That was not a tune for us. Woo! Wait, >> you guys are conflicted. You're like, ""Do I applaud that?"" Sure. That's the answer. Whatever. Why not? All right,",true
4258.0,2026-09-21 20:19:51,@JimboTheComic,,Modern there is no lord,negative,vader,,">> They love the comedy. >> You heard them. No, I think they were honking at the people in exercise wear. I think that's what was going on. That That was a sexual harassment. That was not >> That was not a tune for us. Woo! Wait, >> you guys are conflicted. You're like, ""Do I applaud that?"" Sure. That's the answer. Whatever. Why not? All right,",true
4262.0,2026-09-21 20:19:55,@ineverlutes,,jimbo i will take screenshots of your set don't worry ,positive,vader,,"honking at the people in exercise wear. I think that's what was going on. That That was a sexual harassment. That was not >> That was not a tune for us. Woo! Wait, >> you guys are conflicted. You're like, ""Do I applaud that?"" Sure. That's the answer. Whatever. Why not? All right, ladies and gentlemen, come to the stage right now. I forgot who I said was next.",true
4262.0,2026-09-21 20:19:55,@POOPURL,,End it now u are all to drunk,negative,vader,,"honking at the people in exercise wear. I think that's what was going on. That That was a sexual harassment. That was not >> That was not a tune for us. Woo! Wait, >> you guys are conflicted. You're like, ""Do I applaud that?"" Sure. That's the answer. Whatever. Why not? All right, ladies and gentlemen, come to the stage right now. I forgot who I said was next.",true
4262.0,2026-09-21 20:19:55,@bigvinceking,,Good vibes AF!!!,positive,vader,,"honking at the people in exercise wear. I think that's what was going on. That That was a sexual harassment. That was not >> That was not a tune for us. Woo! Wait, >> you guys are conflicted. You're like, ""Do I applaud that?"" Sure. That's the answer. Whatever. Why not? All right, ladies and gentlemen, come to the stage right now. I forgot who I said was next.",true
4265.0,2026-09-21 20:19:58,@goodviibes8573,,5 more :person_facepalming::person_facepalming::person_facepalming::person_facepalming::person_facepalming::person_facepalming:,neutral,vader,,"I think that's what was going on. That That was a sexual harassment. That was not >> That was not a tune for us. Woo! Wait, >> you guys are conflicted. You're like, ""Do I applaud that?"" Sure. That's the answer. Whatever. Why not? All right, ladies and gentlemen, come to the stage right now. I forgot who I said was next. Who's next? >> Oh, that's right. The the moderator of",true
4267.0,2026-09-21 20:20:00,@HollywoodStar2026,,vibe has picked up a bit,neutral,vader,,"not >> That was not a tune for us. Woo! Wait, >> you guys are conflicted. You're like, ""Do I applaud that?"" Sure. That's the answer. Whatever. Why not? All right, ladies and gentlemen, come to the stage right now. I forgot who I said was next. Who's next? >> Oh, that's right. The the moderator of the comments, ladies and gentlemen, one",true
4267.0,2026-09-21 20:20:00,@Reasonable6,,its soo easy a cave jew can do it,positive,vader,,"not >> That was not a tune for us. Woo! Wait, >> you guys are conflicted. You're like, ""Do I applaud that?"" Sure. That's the answer. Whatever. Why not? All right, ladies and gentlemen, come to the stage right now. I forgot who I said was next. Who's next? >> Oh, that's right. The the moderator of the comments, ladies and gentlemen, one",true
4268.0,2026-09-21 20:20:01,@henryOP8749,,I write funny jokes then burn them so comedy sim can’t get ahold of them :rolling_on_the_floor_laughing: ,positive,vader,,"not >> That was not a tune for us. Woo! Wait, >> you guys are conflicted. You're like, ""Do I applaud that?"" Sure. That's the answer. Whatever. Why not? All right, ladies and gentlemen, come to the stage right now. I forgot who I said was next. Who's next? >> Oh, that's right. The the moderator of the comments, ladies and gentlemen, one of the house favorites, one of the",true
4268.0,2026-09-21 20:20:01,@z28diablo,,Chair is Lord,neutral,vader,,"not >> That was not a tune for us. Woo! Wait, >> you guys are conflicted. You're like, ""Do I applaud that?"" Sure. That's the answer. Whatever. Why not? All right, ladies and gentlemen, come to the stage right now. I forgot who I said was next. Who's next? >> Oh, that's right. The the moderator of the comments, ladies and gentlemen, one of the house favorites, one of the",true
4274.0,2026-09-21 20:20:07,@MODERN-CAVEMAN-420,,I used to think niccoret gum was made for black women.... and I may have been saying it wrong....,negative,vader,,">> you guys are conflicted. You're like, ""Do I applaud that?"" Sure. That's the answer. Whatever. Why not? All right, ladies and gentlemen, come to the stage right now. I forgot who I said was next. Who's next? >> Oh, that's right. The the moderator of the comments, ladies and gentlemen, one of the house favorites, one of the chat's favorites. You know him, you love him. GIVE UP MR. JIMBO SLICE. [applause]",true
4276.0,2026-09-21 20:20:09,@royscott2369,,Where are you guys from,neutral,vader,,"""Do I applaud that?"" Sure. That's the answer. Whatever. Why not? All right, ladies and gentlemen, come to the stage right now. I forgot who I said was next. Who's next? >> Oh, that's right. The the moderator of the comments, ladies and gentlemen, one of the house favorites, one of the chat's favorites. You know him, you love him. GIVE UP MR. JIMBO SLICE. [applause]",true
4282.0,2026-09-21 20:20:15,@Donnieboy24,,jimmmboooo,neutral,vader,,"Who's next? >> Oh, that's right. The the moderator of the comments, ladies and gentlemen, one of the house favorites, one of the chat's favorites. You know him, you love him. GIVE UP MR. JIMBO SLICE. [applause] OH, you have no idea how gnarly the chat is. Oh my god, there's such incels. All",true
4284.0,2026-09-21 20:20:17,@ruthless6752,,JIMBOOOO,neutral,vader,,">> Oh, that's right. The the moderator of the comments, ladies and gentlemen, one of the house favorites, one of the chat's favorites. You know him, you love him. GIVE UP MR. JIMBO SLICE. [applause] OH, you have no idea how gnarly the chat is. Oh my god, there's such incels. All they want me to do, 200 people in the",true
4288.0,2026-09-21 20:20:21,@z28diablo,,REPENT AND DEDICATE YOUR LIKE TO CHAIR,positive,vader,,"of the house favorites, one of the chat's favorites. You know him, you love him. GIVE UP MR. JIMBO SLICE. [applause] OH, you have no idea how gnarly the chat is. Oh my god, there's such incels. All they want me to do, 200 people in the chat want me to move this [ __ ] chair into the camera. That's the level of",true
4288.0,2026-09-21 20:20:21,@ineverlutes,,JUMBOOOO,neutral,vader,,"of the house favorites, one of the chat's favorites. You know him, you love him. GIVE UP MR. JIMBO SLICE. [applause] OH, you have no idea how gnarly the chat is. Oh my god, there's such incels. All they want me to do, 200 people in the chat want me to move this [ __ ] chair into the camera. That's the level of",true
4292.0,2026-09-21 20:20:25,@ruthless6752,,we gonnablet you know,neutral,vader,,"chat's favorites. You know him, you love him. GIVE UP MR. JIMBO SLICE. [applause] OH, you have no idea how gnarly the chat is. Oh my god, there's such incels. All they want me to do, 200 people in the chat want me to move this [ __ ] chair into the camera. That's the level of intellect. It's bad. Um, I don't know. I I'm",true
4295.0,2026-09-21 20:20:28,@williamjohnson1302,,lets goo jumbooooo,neutral,vader,,"OH, you have no idea how gnarly the chat is. Oh my god, there's such incels. All they want me to do, 200 people in the chat want me to move this [ __ ] chair into the camera. That's the level of intellect. It's bad. Um, I don't know. I I'm getting old enough to where now I am",true
4296.0,2026-09-21 20:20:29,@POOPURL,,Sexual harassment allowed there ,negative,vader,,"OH, you have no idea how gnarly the chat is. Oh my god, there's such incels. All they want me to do, 200 people in the chat want me to move this [ __ ] chair into the camera. That's the level of intellect. It's bad. Um, I don't know. I I'm getting old enough to where now I am kind of considered that uncle.",true
4296.0,2026-09-21 20:20:29,@TommyTheJarvis,,Jumbooooo,neutral,vader,,"OH, you have no idea how gnarly the chat is. Oh my god, there's such incels. All they want me to do, 200 people in the chat want me to move this [ __ ] chair into the camera. That's the level of intellect. It's bad. Um, I don't know. I I'm getting old enough to where now I am kind of considered that uncle.",true
4299.0,2026-09-21 20:20:32,@henryOP8749,,Boston baby,neutral,vader,,"OH, you have no idea how gnarly the chat is. Oh my god, there's such incels. All they want me to do, 200 people in the chat want me to move this [ __ ] chair into the camera. That's the level of intellect. It's bad. Um, I don't know. I I'm getting old enough to where now I am kind of considered that uncle. Obviously, like every single person said before me in the Steam night, but I feel",true
4303.0,2026-09-21 20:20:36,@androidchannel309,,chair!!!!!,neutral,vader,,"they want me to do, 200 people in the chat want me to move this [ __ ] chair into the camera. That's the level of intellect. It's bad. Um, I don't know. I I'm getting old enough to where now I am kind of considered that uncle. Obviously, like every single person said before me in the Steam night, but I feel like I'm not that old. But I'm not old",true
4304.0,2026-09-21 20:20:37,@goodviibes8573,,Finally ,neutral,vader,,"they want me to do, 200 people in the chat want me to move this [ __ ] chair into the camera. That's the level of intellect. It's bad. Um, I don't know. I I'm getting old enough to where now I am kind of considered that uncle. Obviously, like every single person said before me in the Steam night, but I feel like I'm not that old. But I'm not old enough to regularly start using the term",true
4305.0,2026-09-21 20:20:38,@williamjohnson1302,,represent!!!!,neutral,vader,,"chat want me to move this [ __ ] chair into the camera. That's the level of intellect. It's bad. Um, I don't know. I I'm getting old enough to where now I am kind of considered that uncle. Obviously, like every single person said before me in the Steam night, but I feel like I'm not that old. But I'm not old enough to regularly start using the term",true
4306.0,2026-09-21 20:20:39,@ineverlutes,,WE DID IT,neutral,vader,,"chat want me to move this [ __ ] chair into the camera. That's the level of intellect. It's bad. Um, I don't know. I I'm getting old enough to where now I am kind of considered that uncle. Obviously, like every single person said before me in the Steam night, but I feel like I'm not that old. But I'm not old enough to regularly start using the term prostate.",true
4307.0,2026-09-21 20:20:40,@HollywoodStar2026,,HOT CAIR ACTION,neutral,vader,,"into the camera. That's the level of intellect. It's bad. Um, I don't know. I I'm getting old enough to where now I am kind of considered that uncle. Obviously, like every single person said before me in the Steam night, but I feel like I'm not that old. But I'm not old enough to regularly start using the term prostate.",true
4311.0,2026-09-21 20:20:44,@Donnieboy24,,aww yeah look at that thing. armless w 4 sturdy legs. God dayum,positive,vader,,"intellect. It's bad. Um, I don't know. I I'm getting old enough to where now I am kind of considered that uncle. Obviously, like every single person said before me in the Steam night, but I feel like I'm not that old. But I'm not old enough to regularly start using the term prostate. >> I I know >> you said prostate how many times in the",true
4312.0,2026-09-21 20:20:45,@Reasonable6,,boo,neutral,vader,,"It's bad. Um, I don't know. I I'm getting old enough to where now I am kind of considered that uncle. Obviously, like every single person said before me in the Steam night, but I feel like I'm not that old. But I'm not old enough to regularly start using the term prostate. >> I I know >> you said prostate how many times in the last 6 months?",true
4313.0,2026-09-21 20:20:46,@Jasonbrennerdj,,Uncle incel on stage ,neutral,vader,,"It's bad. Um, I don't know. I I'm getting old enough to where now I am kind of considered that uncle. Obviously, like every single person said before me in the Steam night, but I feel like I'm not that old. But I'm not old enough to regularly start using the term prostate. >> I I know >> you said prostate how many times in the last 6 months?",true
4314.0,2026-09-21 20:20:47,@henryOP8749,,Chair!!!!,neutral,vader,,"getting old enough to where now I am kind of considered that uncle. Obviously, like every single person said before me in the Steam night, but I feel like I'm not that old. But I'm not old enough to regularly start using the term prostate. >> I I know >> you said prostate how many times in the last 6 months? >> Come on. You zero.",true
4314.0,2026-09-21 20:20:47,@Hackofalltrades-mh5fq,,@Jim blows the comic,neutral,vader,,"getting old enough to where now I am kind of considered that uncle. Obviously, like every single person said before me in the Steam night, but I feel like I'm not that old. But I'm not old enough to regularly start using the term prostate. >> I I know >> you said prostate how many times in the last 6 months? >> Come on. You zero.",true
4316.0,2026-09-21 20:20:49,@williamjohnson1302,,we won!!!!,positive,vader,,"Obviously, like every single person said before me in the Steam night, but I feel like I'm not that old. But I'm not old enough to regularly start using the term prostate. >> I I know >> you said prostate how many times in the last 6 months? >> Come on. You zero.",true
4318.0,2026-09-21 20:20:51,@z28diablo,,No jokes needed now Jimbo,negative,vader,,"Obviously, like every single person said before me in the Steam night, but I feel like I'm not that old. But I'm not old enough to regularly start using the term prostate. >> I I know >> you said prostate how many times in the last 6 months? >> Come on. You zero. >> Let's go out back real quick.",true
4318.0,2026-09-21 20:20:51,@rocjames1,,more hair than brains,neutral,vader,,"Obviously, like every single person said before me in the Steam night, but I feel like I'm not that old. But I'm not old enough to regularly start using the term prostate. >> I I know >> you said prostate how many times in the last 6 months? >> Come on. You zero. >> Let's go out back real quick.",true
4320.0,2026-09-21 20:20:53,@S.D.L-m1j,,Did I miss any jokes?:face-green-smiling:,negative,vader,,"before me in the Steam night, but I feel like I'm not that old. But I'm not old enough to regularly start using the term prostate. >> I I know >> you said prostate how many times in the last 6 months? >> Come on. You zero. >> Let's go out back real quick. >> No, I don't know. I just I I do think",true
4321.0,2026-09-21 20:20:54,@S.D.L-m1j,,JIMBOOO,neutral,vader,,"before me in the Steam night, but I feel like I'm not that old. But I'm not old enough to regularly start using the term prostate. >> I I know >> you said prostate how many times in the last 6 months? >> Come on. You zero. >> Let's go out back real quick. >> No, I don't know. I just I I do think that that term means you're getting",true
4322.0,2026-09-21 20:20:55,@MODERN-CAVEMAN-420,,chair is better,positive,vader,,"like I'm not that old. But I'm not old enough to regularly start using the term prostate. >> I I know >> you said prostate how many times in the last 6 months? >> Come on. You zero. >> Let's go out back real quick. >> No, I don't know. I just I I do think that that term means you're getting",true
4323.0,2026-09-21 20:20:56,@jackcarr3361,,It’s a fine chair that one ,positive,vader,,"like I'm not that old. But I'm not old enough to regularly start using the term prostate. >> I I know >> you said prostate how many times in the last 6 months? >> Come on. You zero. >> Let's go out back real quick. >> No, I don't know. I just I I do think that that term means you're getting older when you have to say it regularly.",true
4324.0,2026-09-21 20:20:57,@alisonwayland6057,,yes! give the chair its light,positive,vader,,"enough to regularly start using the term prostate. >> I I know >> you said prostate how many times in the last 6 months? >> Come on. You zero. >> Let's go out back real quick. >> No, I don't know. I just I I do think that that term means you're getting older when you have to say it regularly.",true
4324.0,2026-09-21 20:20:57,@DRFROGGENETICS,,Jimbow seems not funny :neutral_face:,negative,vader,,"enough to regularly start using the term prostate. >> I I know >> you said prostate how many times in the last 6 months? >> Come on. You zero. >> Let's go out back real quick. >> No, I don't know. I just I I do think that that term means you're getting older when you have to say it regularly.",true
4324.0,2026-09-21 20:20:57,@goodviibes8573,,Hey chair :rolling_on_the_floor_laughing:,neutral,vader,,"enough to regularly start using the term prostate. >> I I know >> you said prostate how many times in the last 6 months? >> Come on. You zero. >> Let's go out back real quick. >> No, I don't know. I just I I do think that that term means you're getting older when you have to say it regularly.",true
4328.0,2026-09-21 20:21:01,@royscott2369,,lol,positive,vader,,">> I I know >> you said prostate how many times in the last 6 months? >> Come on. You zero. >> Let's go out back real quick. >> No, I don't know. I just I I do think that that term means you're getting older when you have to say it regularly. And I did, however, schedule a prostate exam cuz I'm getting to that uncle age.",true
4328.0,2026-09-21 20:21:01,@ineverlutes,,oh god give it more CHAIR,positive,vader,,">> I I know >> you said prostate how many times in the last 6 months? >> Come on. You zero. >> Let's go out back real quick. >> No, I don't know. I just I I do think that that term means you're getting older when you have to say it regularly. And I did, however, schedule a prostate exam cuz I'm getting to that uncle age.",true
4329.0,2026-09-21 20:21:02,@z28diablo,,Skyler knows the assignment!,neutral,vader,,">> I I know >> you said prostate how many times in the last 6 months? >> Come on. You zero. >> Let's go out back real quick. >> No, I don't know. I just I I do think that that term means you're getting older when you have to say it regularly. And I did, however, schedule a prostate exam cuz I'm getting to that uncle age. And I went into the doctor's office and",true
4333.0,2026-09-21 20:21:06,@DRFROGGENETICS,,like at all,positive,vader,,"last 6 months? >> Come on. You zero. >> Let's go out back real quick. >> No, I don't know. I just I I do think that that term means you're getting older when you have to say it regularly. And I did, however, schedule a prostate exam cuz I'm getting to that uncle age. And I went into the doctor's office and uh I thought it was going to be a mundane doctor kind of like a just real",true
4334.0,2026-09-21 20:21:07,@GregDouchette,,The camera guy understood the assignment ,neutral,vader,,"last 6 months? >> Come on. You zero. >> Let's go out back real quick. >> No, I don't know. I just I I do think that that term means you're getting older when you have to say it regularly. And I did, however, schedule a prostate exam cuz I'm getting to that uncle age. And I went into the doctor's office and uh I thought it was going to be a mundane doctor kind of like a just real",true
4337.0,2026-09-21 20:21:10,@williamjohnson1302,,sexy ahh chair,positive,vader,,">> Come on. You zero. >> Let's go out back real quick. >> No, I don't know. I just I I do think that that term means you're getting older when you have to say it regularly. And I did, however, schedule a prostate exam cuz I'm getting to that uncle age. And I went into the doctor's office and uh I thought it was going to be a mundane doctor kind of like a just real business-like in-n-out if you will.",true
4337.0,2026-09-21 20:21:10,@Reasonable6,,jewbooe,neutral,vader,,">> Come on. You zero. >> Let's go out back real quick. >> No, I don't know. I just I I do think that that term means you're getting older when you have to say it regularly. And I did, however, schedule a prostate exam cuz I'm getting to that uncle age. And I went into the doctor's office and uh I thought it was going to be a mundane doctor kind of like a just real business-like in-n-out if you will.",true
4338.0,2026-09-21 20:21:11,@MODERN-CAVEMAN-420,,:seat: :chair: :wheelchair_symbol: :seat: :chair: :wheelchair_symbol: :seat: :chair: :wheelchair_symbol: :seat: :chair: :wheelchair_symbol: :seat: :chair: :wheelchair_symbol: :seat:,neutral,vader,,">> Let's go out back real quick. >> No, I don't know. I just I I do think that that term means you're getting older when you have to say it regularly. And I did, however, schedule a prostate exam cuz I'm getting to that uncle age. And I went into the doctor's office and uh I thought it was going to be a mundane doctor kind of like a just real business-like in-n-out if you will. >> But let's just say this doctor had a",true
4339.0,2026-09-21 20:21:12,@POOPURL,,Yeah you still wear a snaoback at 40,positive,vader,,">> No, I don't know. I just I I do think that that term means you're getting older when you have to say it regularly. And I did, however, schedule a prostate exam cuz I'm getting to that uncle age. And I went into the doctor's office and uh I thought it was going to be a mundane doctor kind of like a just real business-like in-n-out if you will. >> But let's just say this doctor had a",true
4340.0,2026-09-21 20:21:13,@Donnieboy24,,legend!!,neutral,vader,,">> No, I don't know. I just I I do think that that term means you're getting older when you have to say it regularly. And I did, however, schedule a prostate exam cuz I'm getting to that uncle age. And I went into the doctor's office and uh I thought it was going to be a mundane doctor kind of like a just real business-like in-n-out if you will. >> But let's just say this doctor had a",true
4341.0,2026-09-21 20:21:14,@billyboing215,,chair is 3rd best tonight,positive,vader,,"that that term means you're getting older when you have to say it regularly. And I did, however, schedule a prostate exam cuz I'm getting to that uncle age. And I went into the doctor's office and uh I thought it was going to be a mundane doctor kind of like a just real business-like in-n-out if you will. >> But let's just say this doctor had a",true
4342.0,2026-09-21 20:21:15,@Warisstupid,,chats funnier than the hacks on stage.,positive,vader,,"that that term means you're getting older when you have to say it regularly. And I did, however, schedule a prostate exam cuz I'm getting to that uncle age. And I went into the doctor's office and uh I thought it was going to be a mundane doctor kind of like a just real business-like in-n-out if you will. >> But let's just say this doctor had a little too much aloha.",true
4344.0,2026-09-21 20:21:17,@goodviibes8573,,More chair more chair more chair ,neutral,vader,,"older when you have to say it regularly. And I did, however, schedule a prostate exam cuz I'm getting to that uncle age. And I went into the doctor's office and uh I thought it was going to be a mundane doctor kind of like a just real business-like in-n-out if you will. >> But let's just say this doctor had a little too much aloha.",true
4348.0,2026-09-21 20:21:21,@ineverlutes,,HOLY CHAIR :loudly_crying_face:,neutral,vader,,exam cuz I'm getting to that uncle age. And I went into the doctor's office and uh I thought it was going to be a mundane doctor kind of like a just real business-like in-n-out if you will. >> But let's just say this doctor had a little too much aloha. I went in and he gave me a hug. >> Didn't like that.,true
4348.0,2026-09-21 20:21:21,@z28diablo,,Show us chair for Jimbo's entire set,neutral,vader,,exam cuz I'm getting to that uncle age. And I went into the doctor's office and uh I thought it was going to be a mundane doctor kind of like a just real business-like in-n-out if you will. >> But let's just say this doctor had a little too much aloha. I went in and he gave me a hug. >> Didn't like that.,true
4349.0,2026-09-21 20:21:22,@EricNelson1236,,pro state?,neutral,vader,,And I went into the doctor's office and uh I thought it was going to be a mundane doctor kind of like a just real business-like in-n-out if you will. >> But let's just say this doctor had a little too much aloha. I went in and he gave me a hug. >> Didn't like that.,true
4350.0,2026-09-21 20:21:23,@kirsteneldridge4489,,Beautiful chair ,positive,vader,,"uh I thought it was going to be a mundane doctor kind of like a just real business-like in-n-out if you will. >> But let's just say this doctor had a little too much aloha. I went in and he gave me a hug. >> Didn't like that. >> Didn't like that. And he and he said,",true
4351.0,2026-09-21 20:21:24,@bigvinceking,,:rolling_on_the_floor_laughing::rolling_on_the_floor_laughing::rolling_on_the_floor_laughing:,neutral,vader,,"uh I thought it was going to be a mundane doctor kind of like a just real business-like in-n-out if you will. >> But let's just say this doctor had a little too much aloha. I went in and he gave me a hug. >> Didn't like that. >> Didn't like that. And he and he said,",true
4352.0,2026-09-21 20:21:25,@alisonwayland6057,,lol this is finally funny,positive,vader,,"uh I thought it was going to be a mundane doctor kind of like a just real business-like in-n-out if you will. >> But let's just say this doctor had a little too much aloha. I went in and he gave me a hug. >> Didn't like that. >> Didn't like that. And he and he said, ""Sit down."" He sat me down and he gave",true
4353.0,2026-09-21 20:21:26,@henryOP8749,,Seeing a lot of names back :heart_hands: welcome all my hilarious chat ,positive,vader,,"mundane doctor kind of like a just real business-like in-n-out if you will. >> But let's just say this doctor had a little too much aloha. I went in and he gave me a hug. >> Didn't like that. >> Didn't like that. And he and he said, ""Sit down."" He sat me down and he gave",true
4354.0,2026-09-21 20:21:27,@ruthless6752,,the chair zoom is the crazyyy,neutral,vader,,"mundane doctor kind of like a just real business-like in-n-out if you will. >> But let's just say this doctor had a little too much aloha. I went in and he gave me a hug. >> Didn't like that. >> Didn't like that. And he and he said, ""Sit down."" He sat me down and he gave me two thumbs up and said, ""Ready,",true
4355.0,2026-09-21 20:21:28,@Jasonbrennerdj,,More chair ,neutral,vader,,"mundane doctor kind of like a just real business-like in-n-out if you will. >> But let's just say this doctor had a little too much aloha. I went in and he gave me a hug. >> Didn't like that. >> Didn't like that. And he and he said, ""Sit down."" He sat me down and he gave me two thumbs up and said, ""Ready,",true
4356.0,2026-09-21 20:21:29,@goodviibes8573,,Yaaaaaassssss the chair ,neutral,vader,,"business-like in-n-out if you will. >> But let's just say this doctor had a little too much aloha. I went in and he gave me a hug. >> Didn't like that. >> Didn't like that. And he and he said, ""Sit down."" He sat me down and he gave me two thumbs up and said, ""Ready, Freddy?""",true
4356.0,2026-09-21 20:21:29,@MODERN-CAVEMAN-420,,go back to the chair!,neutral,vader,,"business-like in-n-out if you will. >> But let's just say this doctor had a little too much aloha. I went in and he gave me a hug. >> Didn't like that. >> Didn't like that. And he and he said, ""Sit down."" He sat me down and he gave me two thumbs up and said, ""Ready, Freddy?""",true
4357.0,2026-09-21 20:21:30,@McMisfit,,gotta be in top of prostate issues,positive,vader,,"business-like in-n-out if you will. >> But let's just say this doctor had a little too much aloha. I went in and he gave me a hug. >> Didn't like that. >> Didn't like that. And he and he said, ""Sit down."" He sat me down and he gave me two thumbs up and said, ""Ready, Freddy?"" >> REALLY DIDN'T LIKE THAT. MAN, I GOT THE",true
4357.0,2026-09-21 20:21:30,@Reasonable6,,gay jew,neutral,vader,,"business-like in-n-out if you will. >> But let's just say this doctor had a little too much aloha. I went in and he gave me a hug. >> Didn't like that. >> Didn't like that. And he and he said, ""Sit down."" He sat me down and he gave me two thumbs up and said, ""Ready, Freddy?"" >> REALLY DIDN'T LIKE THAT. MAN, I GOT THE",true
4358.0,2026-09-21 20:21:31,@jackcarr3361,,The contour is perfect ,positive,vader,,"business-like in-n-out if you will. >> But let's just say this doctor had a little too much aloha. I went in and he gave me a hug. >> Didn't like that. >> Didn't like that. And he and he said, ""Sit down."" He sat me down and he gave me two thumbs up and said, ""Ready, Freddy?"" >> REALLY DIDN'T LIKE THAT. MAN, I GOT THE",true
4362.0,2026-09-21 20:21:35,@Mike-Alice-D-InWonderland,,the chair is funnier,positive,vader,,">> But let's just say this doctor had a little too much aloha. I went in and he gave me a hug. >> Didn't like that. >> Didn't like that. And he and he said, ""Sit down."" He sat me down and he gave me two thumbs up and said, ""Ready, Freddy?"" >> REALLY DIDN'T LIKE THAT. MAN, I GOT THE [ __ ] OUT OF THERE. I left. >> I was not trying to find out where that",true
4363.0,2026-09-21 20:21:36,@S.D.L-m1j,,That's one sexy chair:smiling_face_with_hearts::smiling_face_with_heart_eyes:,positive,vader,,"little too much aloha. I went in and he gave me a hug. >> Didn't like that. >> Didn't like that. And he and he said, ""Sit down."" He sat me down and he gave me two thumbs up and said, ""Ready, Freddy?"" >> REALLY DIDN'T LIKE THAT. MAN, I GOT THE [ __ ] OUT OF THERE. I left. >> I was not trying to find out where that",true
4363.0,2026-09-21 20:21:36,@Zeroturn70,,French kiss,positive,vader,,"little too much aloha. I went in and he gave me a hug. >> Didn't like that. >> Didn't like that. And he and he said, ""Sit down."" He sat me down and he gave me two thumbs up and said, ""Ready, Freddy?"" >> REALLY DIDN'T LIKE THAT. MAN, I GOT THE [ __ ] OUT OF THERE. I left. >> I was not trying to find out where that",true
4368.0,2026-09-21 20:21:41,@DeronJohnson70,,:clapping_hands:chair,neutral,vader,,">> Didn't like that. >> Didn't like that. And he and he said, ""Sit down."" He sat me down and he gave me two thumbs up and said, ""Ready, Freddy?"" >> REALLY DIDN'T LIKE THAT. MAN, I GOT THE [ __ ] OUT OF THERE. I left. >> I was not trying to find out where that shock has been. >> I don't know. Um, speaking of uncles, do",true
4369.0,2026-09-21 20:21:42,@bigvinceking,,Boooooooo,neutral,vader,,">> Didn't like that. >> Didn't like that. And he and he said, ""Sit down."" He sat me down and he gave me two thumbs up and said, ""Ready, Freddy?"" >> REALLY DIDN'T LIKE THAT. MAN, I GOT THE [ __ ] OUT OF THERE. I left. >> I was not trying to find out where that shock has been. >> I don't know. Um, speaking of uncles, do",true
4370.0,2026-09-21 20:21:43,@goodviibes8573,,Empty chairs crack me up ,negative,vader,,">> Didn't like that. And he and he said, ""Sit down."" He sat me down and he gave me two thumbs up and said, ""Ready, Freddy?"" >> REALLY DIDN'T LIKE THAT. MAN, I GOT THE [ __ ] OUT OF THERE. I left. >> I was not trying to find out where that shock has been. >> I don't know. Um, speaking of uncles, do you guys know there's a sex offender app",true
4374.0,2026-09-21 20:21:47,@henryOP8749,,French twist ,neutral,vader,,"me two thumbs up and said, ""Ready, Freddy?"" >> REALLY DIDN'T LIKE THAT. MAN, I GOT THE [ __ ] OUT OF THERE. I left. >> I was not trying to find out where that shock has been. >> I don't know. Um, speaking of uncles, do you guys know there's a sex offender app now? >> Yeah. Were you They tell you who the sex",true
4375.0,2026-09-21 20:21:48,@POOPURL,,Backwards SnapBack at 50 years old ,neutral,vader,,"Freddy?"" >> REALLY DIDN'T LIKE THAT. MAN, I GOT THE [ __ ] OUT OF THERE. I left. >> I was not trying to find out where that shock has been. >> I don't know. Um, speaking of uncles, do you guys know there's a sex offender app now? >> Yeah. Were you They tell you who the sex offenders are when they live in your",true
4378.0,2026-09-21 20:21:51,@alisonwayland6057,,BRAVO CHAIR:confetti_ball::party_popper:,neutral,vader,,">> REALLY DIDN'T LIKE THAT. MAN, I GOT THE [ __ ] OUT OF THERE. I left. >> I was not trying to find out where that shock has been. >> I don't know. Um, speaking of uncles, do you guys know there's a sex offender app now? >> Yeah. Were you They tell you who the sex offenders are when they live in your area. >> About time, right? About time. I know",true
4381.0,2026-09-21 20:21:54,@williamjohnson1302,,looks soft,neutral,vader,,"[ __ ] OUT OF THERE. I left. >> I was not trying to find out where that shock has been. >> I don't know. Um, speaking of uncles, do you guys know there's a sex offender app now? >> Yeah. Were you They tell you who the sex offenders are when they live in your area. >> About time, right? About time. I know mystery shaking in his boots. Calm down.",true
4382.0,2026-09-21 20:21:55,@moneymagic6119,,LMAO CHAIR IS HILARIOUS,positive,vader,,">> I was not trying to find out where that shock has been. >> I don't know. Um, speaking of uncles, do you guys know there's a sex offender app now? >> Yeah. Were you They tell you who the sex offenders are when they live in your area. >> About time, right? About time. I know mystery shaking in his boots. Calm down. >> [laughter]",true
4384.0,2026-09-21 20:21:57,@POOPURL,,Crazy ,negative,vader,,">> I was not trying to find out where that shock has been. >> I don't know. Um, speaking of uncles, do you guys know there's a sex offender app now? >> Yeah. Were you They tell you who the sex offenders are when they live in your area. >> About time, right? About time. I know mystery shaking in his boots. Calm down. >> [laughter] >> You know, it it's it tells you where the",true
4385.0,2026-09-21 20:21:58,@DRFROGGENETICS,,what made him think talking about his ass getting probed was the hook,negative,vader,,"shock has been. >> I don't know. Um, speaking of uncles, do you guys know there's a sex offender app now? >> Yeah. Were you They tell you who the sex offenders are when they live in your area. >> About time, right? About time. I know mystery shaking in his boots. Calm down. >> [laughter] >> You know, it it's it tells you where the sex vendors are in your area, but you",true
4389.0,2026-09-21 20:22:02,@goodviibes8573,,Get this guy out of the way of the chair ,neutral,vader,,">> I don't know. Um, speaking of uncles, do you guys know there's a sex offender app now? >> Yeah. Were you They tell you who the sex offenders are when they live in your area. >> About time, right? About time. I know mystery shaking in his boots. Calm down. >> [laughter] >> You know, it it's it tells you where the sex vendors are in your area, but you know, it's kind of [ __ ] up cuz you have to pay 20 bucks a month or else they blur the faces and the name.",true
4391.0,2026-09-21 20:22:04,@POOPURL,,Ur probably on it ,neutral,vader,,"now? >> Yeah. Were you They tell you who the sex offenders are when they live in your area. >> About time, right? About time. I know mystery shaking in his boots. Calm down. >> [laughter] >> You know, it it's it tells you where the sex vendors are in your area, but you know, it's kind of [ __ ] up cuz you have to pay 20 bucks a month or else they blur the faces and the name.",true
4394.0,2026-09-21 20:22:07,@billyboing215,,these guys make me appreciate willuam montgomery,positive,vader,,">> Yeah. Were you They tell you who the sex offenders are when they live in your area. >> About time, right? About time. I know mystery shaking in his boots. Calm down. >> [laughter] >> You know, it it's it tells you where the sex vendors are in your area, but you know, it's kind of [ __ ] up cuz you have to pay 20 bucks a month or else they blur the faces and the name. >> Isn't that [ __ ] up? They put them behind the wrong wall. They put them",true
4394.0,2026-09-21 20:22:07,@aliwritesfunny,,#wherethatshakabeen,neutral,vader,,">> Yeah. Were you They tell you who the sex offenders are when they live in your area. >> About time, right? About time. I know mystery shaking in his boots. Calm down. >> [laughter] >> You know, it it's it tells you where the sex vendors are in your area, but you know, it's kind of [ __ ] up cuz you have to pay 20 bucks a month or else they blur the faces and the name. >> Isn't that [ __ ] up? They put them behind the wrong wall. They put them",true
4394.0,2026-09-21 20:22:07,@Warisstupid,,this guy sucks :disappointed_face:,negative,vader,,">> Yeah. Were you They tell you who the sex offenders are when they live in your area. >> About time, right? About time. I know mystery shaking in his boots. Calm down. >> [laughter] >> You know, it it's it tells you where the sex vendors are in your area, but you know, it's kind of [ __ ] up cuz you have to pay 20 bucks a month or else they blur the faces and the name. >> Isn't that [ __ ] up? They put them behind the wrong wall. They put them",true
4396.0,2026-09-21 20:22:09,@McMisfit,,two thumbs up where,neutral,vader,,"area. >> About time, right? About time. I know mystery shaking in his boots. Calm down. >> [laughter] >> You know, it it's it tells you where the sex vendors are in your area, but you know, it's kind of [ __ ] up cuz you have to pay 20 bucks a month or else they blur the faces and the name. >> Isn't that [ __ ] up? They put them behind the wrong wall. They put them behind a pay wall. We wanted them in",true
4397.0,2026-09-21 20:22:10,@ineverlutes,,unclefinder,neutral,vader,,">> About time, right? About time. I know mystery shaking in his boots. Calm down. >> [laughter] >> You know, it it's it tells you where the sex vendors are in your area, but you know, it's kind of [ __ ] up cuz you have to pay 20 bucks a month or else they blur the faces and the name. >> Isn't that [ __ ] up? They put them behind the wrong wall. They put them behind a pay wall. We wanted them in jail.",true
4400.0,2026-09-21 20:22:13,@Reasonable6,,nose like a lighthouse and ears like a elephant confirmed jew,positive,vader,,"mystery shaking in his boots. Calm down. >> [laughter] >> You know, it it's it tells you where the sex vendors are in your area, but you know, it's kind of [ __ ] up cuz you have to pay 20 bucks a month or else they blur the faces and the name. >> Isn't that [ __ ] up? They put them behind the wrong wall. They put them behind a pay wall. We wanted them in jail. >> It's terrible. But, you know, Mystery actually was telling me before the show",true
4401.0,2026-09-21 20:22:14,@POOPURL,, Even around for years ,neutral,vader,,">> [laughter] >> You know, it it's it tells you where the sex vendors are in your area, but you know, it's kind of [ __ ] up cuz you have to pay 20 bucks a month or else they blur the faces and the name. >> Isn't that [ __ ] up? They put them behind the wrong wall. They put them behind a pay wall. We wanted them in jail. >> It's terrible. But, you know, Mystery actually was telling me before the show",true
4405.0,2026-09-21 20:22:18,@DeronJohnson70,,I miss Uncle Floyd ,negative,vader,,"sex vendors are in your area, but you know, it's kind of [ __ ] up cuz you have to pay 20 bucks a month or else they blur the faces and the name. >> Isn't that [ __ ] up? They put them behind the wrong wall. They put them behind a pay wall. We wanted them in jail. >> It's terrible. But, you know, Mystery actually was telling me before the show that if you pay a hundred bucks a month, you can reblur your face in your name.",true
4407.0,2026-09-21 20:22:20,@Zeroturn70,,Dumpster Danny is on it,negative,vader,,"have to pay 20 bucks a month or else they blur the faces and the name. >> Isn't that [ __ ] up? They put them behind the wrong wall. They put them behind a pay wall. We wanted them in jail. >> It's terrible. But, you know, Mystery actually was telling me before the show that if you pay a hundred bucks a month, you can reblur your face in your name.",true
4408.0,2026-09-21 20:22:21,@S.D.L-m1j,,Henry,neutral,vader,,"have to pay 20 bucks a month or else they blur the faces and the name. >> Isn't that [ __ ] up? They put them behind the wrong wall. They put them behind a pay wall. We wanted them in jail. >> It's terrible. But, you know, Mystery actually was telling me before the show that if you pay a hundred bucks a month, you can reblur your face in your name.",true
4409.0,2026-09-21 20:22:22,@rocjames1,,Remember sunny and chair. I got you babe,positive,vader,,"have to pay 20 bucks a month or else they blur the faces and the name. >> Isn't that [ __ ] up? They put them behind the wrong wall. They put them behind a pay wall. We wanted them in jail. >> It's terrible. But, you know, Mystery actually was telling me before the show that if you pay a hundred bucks a month, you can reblur your face in your name. >> That's the thinker. Why do people keep",true
4411.0,2026-09-21 20:22:24,@MODERN-CAVEMAN-420,,"""give me the chair"" :sparkles: :battery: 2",positive,vader,,"they blur the faces and the name. >> Isn't that [ __ ] up? They put them behind the wrong wall. They put them behind a pay wall. We wanted them in jail. >> It's terrible. But, you know, Mystery actually was telling me before the show that if you pay a hundred bucks a month, you can reblur your face in your name. >> That's the thinker. Why do people keep my name out?",true
4411.0,2026-09-21 20:22:24,@Jonny5ive5,,heckler city there,neutral,vader,,"they blur the faces and the name. >> Isn't that [ __ ] up? They put them behind the wrong wall. They put them behind a pay wall. We wanted them in jail. >> It's terrible. But, you know, Mystery actually was telling me before the show that if you pay a hundred bucks a month, you can reblur your face in your name. >> That's the thinker. Why do people keep my name out?",true
4418.0,2026-09-21 20:22:31,@ruthless6752,,:loudly_crying_face::loudly_crying_face:,neutral,vader,,">> It's terrible. But, you know, Mystery actually was telling me before the show that if you pay a hundred bucks a month, you can reblur your face in your name. >> That's the thinker. Why do people keep my name out? and Mystery had something to say about that. I know that shocks all of you. >> I know growing up, I was born on the 4th of July, a real firecracker.",true
4419.0,2026-09-21 20:22:32,@bigvinceking,,No it’s not it’s free,negative,vader,,">> It's terrible. But, you know, Mystery actually was telling me before the show that if you pay a hundred bucks a month, you can reblur your face in your name. >> That's the thinker. Why do people keep my name out? and Mystery had something to say about that. I know that shocks all of you. >> I know growing up, I was born on the 4th of July, a real firecracker.",true
4420.0,2026-09-21 20:22:33,@Reasonable6,,so he means 84%of israel,neutral,vader,,"actually was telling me before the show that if you pay a hundred bucks a month, you can reblur your face in your name. >> That's the thinker. Why do people keep my name out? and Mystery had something to say about that. I know that shocks all of you. >> I know growing up, I was born on the 4th of July, a real firecracker.",true
4424.0,2026-09-21 20:22:37,@ineverlutes,,@rocjames ohh yeah!!,positive,vader,,"that if you pay a hundred bucks a month, you can reblur your face in your name. >> That's the thinker. Why do people keep my name out? and Mystery had something to say about that. I know that shocks all of you. >> I know growing up, I was born on the 4th of July, a real firecracker. >> I uh you know, I will tell you growing up before July sucks. Like, spoiler",true
4425.0,2026-09-21 20:22:38,@z28diablo,,Chino is reading chat and Jimbo think he's laughing at him,positive,vader,,"that if you pay a hundred bucks a month, you can reblur your face in your name. >> That's the thinker. Why do people keep my name out? and Mystery had something to say about that. I know that shocks all of you. >> I know growing up, I was born on the 4th of July, a real firecracker. >> I uh you know, I will tell you growing up before July sucks. Like, spoiler",true
4425.0,2026-09-21 20:22:38,@Hackofalltrades-mh5fq,,haaaahaaaa!,neutral,vader,,"that if you pay a hundred bucks a month, you can reblur your face in your name. >> That's the thinker. Why do people keep my name out? and Mystery had something to say about that. I know that shocks all of you. >> I know growing up, I was born on the 4th of July, a real firecracker. >> I uh you know, I will tell you growing up before July sucks. Like, spoiler",true
4428.0,2026-09-21 20:22:41,@ruthless6752,,that one was good,positive,vader,,">> That's the thinker. Why do people keep my name out? and Mystery had something to say about that. I know that shocks all of you. >> I know growing up, I was born on the 4th of July, a real firecracker. >> I uh you know, I will tell you growing up before July sucks. Like, spoiler alert, Santa's not real. And I know that",true
4431.0,2026-09-21 20:22:44,@billyboing215,,"""joke"" must have a different definition in usa",positive,vader,,"my name out? and Mystery had something to say about that. I know that shocks all of you. >> I know growing up, I was born on the 4th of July, a real firecracker. >> I uh you know, I will tell you growing up before July sucks. Like, spoiler alert, Santa's not real. And I know that hurts a lot of you or did hurt a lot of you,",true
4435.0,2026-09-21 20:22:48,@McMisfit,,haha,positive,vader,,"that. I know that shocks all of you. >> I know growing up, I was born on the 4th of July, a real firecracker. >> I uh you know, I will tell you growing up before July sucks. Like, spoiler alert, Santa's not real. And I know that hurts a lot of you or did hurt a lot of you, but try finding out the fireworks weren't all for you.",true
4436.0,2026-09-21 20:22:49,@Reasonable6,,typical jew like epstien,positive,vader,,">> I know growing up, I was born on the 4th of July, a real firecracker. >> I uh you know, I will tell you growing up before July sucks. Like, spoiler alert, Santa's not real. And I know that hurts a lot of you or did hurt a lot of you, but try finding out the fireworks weren't all for you.",true
4440.0,2026-09-21 20:22:53,@jackcarr3361,,Jimbo can you start over? I was distracted by the chair.,negative,vader,,"of July, a real firecracker. >> I uh you know, I will tell you growing up before July sucks. Like, spoiler alert, Santa's not real. And I know that hurts a lot of you or did hurt a lot of you, but try finding out the fireworks weren't all for you. >> It was very bad. Thanks, Dad. go to school and they're like, ""No, Jim,",true
4443.0,2026-09-21 20:22:56,@MODERN-CAVEMAN-420,,car alarm was the funniest thing I heard,positive,vader,,">> I uh you know, I will tell you growing up before July sucks. Like, spoiler alert, Santa's not real. And I know that hurts a lot of you or did hurt a lot of you, but try finding out the fireworks weren't all for you. >> It was very bad. Thanks, Dad. go to school and they're like, ""No, Jim, it's not your birthday. It's this whole",true
4451.0,2026-09-21 20:23:04,@Mike-Alice-D-InWonderland,,or 99% of muslims,neutral,vader,,"you, but try finding out the fireworks weren't all for you. >> It was very bad. Thanks, Dad. go to school and they're like, ""No, Jim, it's not your birthday. It's this whole place's birthday."" It's all downhill from there. That's sad. Yeah. Well, you know what else is sad? I don't get to watch my uncles anymore on the 4th of July blow off firecrackers in a",true
4451.0,2026-09-21 20:23:04,@ineverlutes,,LOL,positive,vader,,"you, but try finding out the fireworks weren't all for you. >> It was very bad. Thanks, Dad. go to school and they're like, ""No, Jim, it's not your birthday. It's this whole place's birthday."" It's all downhill from there. That's sad. Yeah. Well, you know what else is sad? I don't get to watch my uncles anymore on the 4th of July blow off firecrackers in a",true
4452.0,2026-09-21 20:23:05,@aliwritesfunny,,Did someone 86 self respect? ,positive,vader,,"but try finding out the fireworks weren't all for you. >> It was very bad. Thanks, Dad. go to school and they're like, ""No, Jim, it's not your birthday. It's this whole place's birthday."" It's all downhill from there. That's sad. Yeah. Well, you know what else is sad? I don't get to watch my uncles anymore on the 4th of July blow off firecrackers in a telephone pole and catch it on fire and",true
4456.0,2026-09-21 20:23:09,@Jacobe90,,Booooo!! get him off the stage!,neutral,vader,,"weren't all for you. >> It was very bad. Thanks, Dad. go to school and they're like, ""No, Jim, it's not your birthday. It's this whole place's birthday."" It's all downhill from there. That's sad. Yeah. Well, you know what else is sad? I don't get to watch my uncles anymore on the 4th of July blow off firecrackers in a telephone pole and catch it on fire and try to pour it out with liquor. Those were good days in the '9s.",true
4458.0,2026-09-21 20:23:11,@bigvinceking,,The chair was better,positive,vader,,">> It was very bad. Thanks, Dad. go to school and they're like, ""No, Jim, it's not your birthday. It's this whole place's birthday."" It's all downhill from there. That's sad. Yeah. Well, you know what else is sad? I don't get to watch my uncles anymore on the 4th of July blow off firecrackers in a telephone pole and catch it on fire and try to pour it out with liquor. Those were good days in the '9s.",true
4458.0,2026-09-21 20:23:11,@z28diablo,,Is Jimbo talking?,neutral,vader,,">> It was very bad. Thanks, Dad. go to school and they're like, ""No, Jim, it's not your birthday. It's this whole place's birthday."" It's all downhill from there. That's sad. Yeah. Well, you know what else is sad? I don't get to watch my uncles anymore on the 4th of July blow off firecrackers in a telephone pole and catch it on fire and try to pour it out with liquor. Those were good days in the '9s.",true
4460.0,2026-09-21 20:23:13,@williamjohnson1302,,bunch of dots in hana hawaii right now:rolling_on_the_floor_laughing:,neutral,vader,,"go to school and they're like, ""No, Jim, it's not your birthday. It's this whole place's birthday."" It's all downhill from there. That's sad. Yeah. Well, you know what else is sad? I don't get to watch my uncles anymore on the 4th of July blow off firecrackers in a telephone pole and catch it on fire and try to pour it out with liquor. Those were good days in the '9s. This is so fun. Can I tell you guys what",true
4463.0,2026-09-21 20:23:16,@McMisfit,,chair has a nice bottom,positive,vader,,"it's not your birthday. It's this whole place's birthday."" It's all downhill from there. That's sad. Yeah. Well, you know what else is sad? I don't get to watch my uncles anymore on the 4th of July blow off firecrackers in a telephone pole and catch it on fire and try to pour it out with liquor. Those were good days in the '9s. This is so fun. Can I tell you guys what a fever dream it is to be up here?",true
4466.0,2026-09-21 20:23:19,@POOPURL,,???,neutral,vader,,"from there. That's sad. Yeah. Well, you know what else is sad? I don't get to watch my uncles anymore on the 4th of July blow off firecrackers in a telephone pole and catch it on fire and try to pour it out with liquor. Those were good days in the '9s. This is so fun. Can I tell you guys what a fever dream it is to be up here? >> Why?",true
4467.0,2026-09-21 20:23:20,@DRFROGGENETICS,,Jimbow is terrible,negative,vader,,know what else is sad? I don't get to watch my uncles anymore on the 4th of July blow off firecrackers in a telephone pole and catch it on fire and try to pour it out with liquor. Those were good days in the '9s. This is so fun. Can I tell you guys what a fever dream it is to be up here? >> Why?,true
4468.0,2026-09-21 20:23:21,@Reasonable6,,thanks for ruining the 4th of jew lie,positive,vader,,watch my uncles anymore on the 4th of July blow off firecrackers in a telephone pole and catch it on fire and try to pour it out with liquor. Those were good days in the '9s. This is so fun. Can I tell you guys what a fever dream it is to be up here? >> Why? mainly because everyone stares at you,true
4470.0,2026-09-21 20:23:23,@ineverlutes,,that's a :fire: joke ,negative,vader,,July blow off firecrackers in a telephone pole and catch it on fire and try to pour it out with liquor. Those were good days in the '9s. This is so fun. Can I tell you guys what a fever dream it is to be up here? >> Why? mainly because everyone stares at you with a blank fake expecting to be very,true
4470.0,2026-09-21 20:23:23,@williamjohnson1302,,thats jimbo,neutral,vader,,July blow off firecrackers in a telephone pole and catch it on fire and try to pour it out with liquor. Those were good days in the '9s. This is so fun. Can I tell you guys what a fever dream it is to be up here? >> Why? mainly because everyone stares at you with a blank fake expecting to be very,true
4472.0,2026-09-21 20:23:25,@alisonwayland6057,,must have sucked for the plans his folks had for the 4th,negative,vader,,telephone pole and catch it on fire and try to pour it out with liquor. Those were good days in the '9s. This is so fun. Can I tell you guys what a fever dream it is to be up here? >> Why? mainly because everyone stares at you with a blank fake expecting to be very funny and we're just up here sharing our,true
4472.0,2026-09-21 20:23:25,@bigvinceking,,BOOOOOOOOO!!!,neutral,vader,,telephone pole and catch it on fire and try to pour it out with liquor. Those were good days in the '9s. This is so fun. Can I tell you guys what a fever dream it is to be up here? >> Why? mainly because everyone stares at you with a blank fake expecting to be very funny and we're just up here sharing our,true
4475.0,2026-09-21 20:23:28,@loso2107,,Zooming in the chair is funnier ,positive,vader,,try to pour it out with liquor. Those were good days in the '9s. This is so fun. Can I tell you guys what a fever dream it is to be up here? >> Why? mainly because everyone stares at you with a blank fake expecting to be very funny and we're just up here sharing our trauma.,true
4480.0,2026-09-21 20:23:33,@Zeroturn70,,Wet dream,positive,vader,,This is so fun. Can I tell you guys what a fever dream it is to be up here? >> Why? mainly because everyone stares at you with a blank fake expecting to be very funny and we're just up here sharing our trauma. It's cheaper than therapy. I drink ginger beer. It cost me $7 to be here. I'm poor.,true
4482.0,2026-09-21 20:23:35,@S.D.L-m1j,,That guy looks like Jimbo:face-green-smiling:,positive,vader,,This is so fun. Can I tell you guys what a fever dream it is to be up here? >> Why? mainly because everyone stares at you with a blank fake expecting to be very funny and we're just up here sharing our trauma. It's cheaper than therapy. I drink ginger beer. It cost me $7 to be here. I'm poor. >> Who else is poor?,true
4482.0,2026-09-21 20:23:35,@billyboing215,,jyst random life facts,neutral,vader,,This is so fun. Can I tell you guys what a fever dream it is to be up here? >> Why? mainly because everyone stares at you with a blank fake expecting to be very funny and we're just up here sharing our trauma. It's cheaper than therapy. I drink ginger beer. It cost me $7 to be here. I'm poor. >> Who else is poor?,true
4482.0,2026-09-21 20:23:35,@rocjames1,,that's the sleeve less chair,neutral,vader,,This is so fun. Can I tell you guys what a fever dream it is to be up here? >> Why? mainly because everyone stares at you with a blank fake expecting to be very funny and we're just up here sharing our trauma. It's cheaper than therapy. I drink ginger beer. It cost me $7 to be here. I'm poor. >> Who else is poor?,true
4483.0,2026-09-21 20:23:36,@bigvinceking,,:tomato::tomato::tomato::tomato::tomato::tomato::tomato:,neutral,vader,,This is so fun. Can I tell you guys what a fever dream it is to be up here? >> Why? mainly because everyone stares at you with a blank fake expecting to be very funny and we're just up here sharing our trauma. It's cheaper than therapy. I drink ginger beer. It cost me $7 to be here. I'm poor. >> Who else is poor?,true
4483.0,2026-09-21 20:23:36,@ineverlutes,,oh he's going meta,neutral,vader,,This is so fun. Can I tell you guys what a fever dream it is to be up here? >> Why? mainly because everyone stares at you with a blank fake expecting to be very funny and we're just up here sharing our trauma. It's cheaper than therapy. I drink ginger beer. It cost me $7 to be here. I'm poor. >> Who else is poor?,true
4485.0,2026-09-21 20:23:38,@MODERN-CAVEMAN-420,,trans joke. They're actually just statements that identify as jokes.,positive,vader,,"a fever dream it is to be up here? >> Why? mainly because everyone stares at you with a blank fake expecting to be very funny and we're just up here sharing our trauma. It's cheaper than therapy. I drink ginger beer. It cost me $7 to be here. I'm poor. >> Who else is poor? >> Yeah, I'm sorry. That explains the bar",true
4486.0,2026-09-21 20:23:39,@goodviibes8573,,I’m so focused on the chair I can’t hear any jokes ,positive,vader,,">> Why? mainly because everyone stares at you with a blank fake expecting to be very funny and we're just up here sharing our trauma. It's cheaper than therapy. I drink ginger beer. It cost me $7 to be here. I'm poor. >> Who else is poor? >> Yeah, I'm sorry. That explains the bar",true
4489.0,2026-09-21 20:23:42,@Hackofalltrades-mh5fq,,you're killing it Jimbo,positive,phrase_or_manual,,"mainly because everyone stares at you with a blank fake expecting to be very funny and we're just up here sharing our trauma. It's cheaper than therapy. I drink ginger beer. It cost me $7 to be here. I'm poor. >> Who else is poor? >> Yeah, I'm sorry. That explains the bar sales. We know. She's like, ""Do you want a menu?"" I said, [laughter]",true
4490.0,2026-09-21 20:23:43,@williamjohnson1302,,"jumbo fixed the chair. idc, goated",neutral,vader,,"with a blank fake expecting to be very funny and we're just up here sharing our trauma. It's cheaper than therapy. I drink ginger beer. It cost me $7 to be here. I'm poor. >> Who else is poor? >> Yeah, I'm sorry. That explains the bar sales. We know. She's like, ""Do you want a menu?"" I said, [laughter]",true
4492.0,2026-09-21 20:23:45,@melissasejba1820,,Suckssssssss,neutral,vader,,"funny and we're just up here sharing our trauma. It's cheaper than therapy. I drink ginger beer. It cost me $7 to be here. I'm poor. >> Who else is poor? >> Yeah, I'm sorry. That explains the bar sales. We know. She's like, ""Do you want a menu?"" I said, [laughter] ""Men? I could barely afford Costco in bulk for",true
4494.0,2026-09-21 20:23:47,@bigvinceking,,:tomato::tomato::tomato::tomato::tomato::tomato::tomato:,neutral,vader,,"trauma. It's cheaper than therapy. I drink ginger beer. It cost me $7 to be here. I'm poor. >> Who else is poor? >> Yeah, I'm sorry. That explains the bar sales. We know. She's like, ""Do you want a menu?"" I said, [laughter] ""Men? I could barely afford Costco in bulk for",true
4496.0,2026-09-21 20:23:49,@Reasonable6,,kid is like watching paint dry,positive,vader,,"It's cheaper than therapy. I drink ginger beer. It cost me $7 to be here. I'm poor. >> Who else is poor? >> Yeah, I'm sorry. That explains the bar sales. We know. She's like, ""Do you want a menu?"" I said, [laughter] ""Men? I could barely afford Costco in bulk for 12 weeks of food. It's terrible. I'm so",true
4504.0,2026-09-21 20:23:57,@z28diablo,,The crowd is still confused by the chair,negative,vader,,">> Who else is poor? >> Yeah, I'm sorry. That explains the bar sales. We know. She's like, ""Do you want a menu?"" I said, [laughter] ""Men? I could barely afford Costco in bulk for 12 weeks of food. It's terrible. I'm so poor. I did the gun trade in. You guys see they're advertising that on the street, which is very weird, I think. And I'm poor, but I have a gun. Cuz",true
4504.0,2026-09-21 20:23:57,@bigvinceking,,:tomato::tomato::tomato::tomato::tomato:,neutral,vader,,">> Who else is poor? >> Yeah, I'm sorry. That explains the bar sales. We know. She's like, ""Do you want a menu?"" I said, [laughter] ""Men? I could barely afford Costco in bulk for 12 weeks of food. It's terrible. I'm so poor. I did the gun trade in. You guys see they're advertising that on the street, which is very weird, I think. And I'm poor, but I have a gun. Cuz",true
4510.0,2026-09-21 20:24:03,@rocjames1,,Muscle shirt chair,neutral,vader,,"""Men? I could barely afford Costco in bulk for 12 weeks of food. It's terrible. I'm so poor. I did the gun trade in. You guys see they're advertising that on the street, which is very weird, I think. And I'm poor, but I have a gun. Cuz that's always the correlation, right? Somehow I traded in my gun and the cops",true
4512.0,2026-09-21 20:24:05,@goodviibes8573,,Jimmy fix the chair again ,neutral,vader,,"""Men? I could barely afford Costco in bulk for 12 weeks of food. It's terrible. I'm so poor. I did the gun trade in. You guys see they're advertising that on the street, which is very weird, I think. And I'm poor, but I have a gun. Cuz that's always the correlation, right? Somehow I traded in my gun and the cops gave me a $100 gift card to Foodland.",true
4513.0,2026-09-21 20:24:06,@EricNelson1236,,"Wana see fireworks?""",neutral,vader,,"I could barely afford Costco in bulk for 12 weeks of food. It's terrible. I'm so poor. I did the gun trade in. You guys see they're advertising that on the street, which is very weird, I think. And I'm poor, but I have a gun. Cuz that's always the correlation, right? Somehow I traded in my gun and the cops gave me a $100 gift card to Foodland.",true
4513.0,2026-09-21 20:24:06,@Jacobe90,,BOOOOOOOOO!!!,neutral,vader,,"I could barely afford Costco in bulk for 12 weeks of food. It's terrible. I'm so poor. I did the gun trade in. You guys see they're advertising that on the street, which is very weird, I think. And I'm poor, but I have a gun. Cuz that's always the correlation, right? Somehow I traded in my gun and the cops gave me a $100 gift card to Foodland.",true
4514.0,2026-09-21 20:24:07,@billyboing215,,kid????,neutral,vader,,"I could barely afford Costco in bulk for 12 weeks of food. It's terrible. I'm so poor. I did the gun trade in. You guys see they're advertising that on the street, which is very weird, I think. And I'm poor, but I have a gun. Cuz that's always the correlation, right? Somehow I traded in my gun and the cops gave me a $100 gift card to Foodland.",true
4521.0,2026-09-21 20:24:14,@billyboing215,,he's 40,neutral,vader,,"see they're advertising that on the street, which is very weird, I think. And I'm poor, but I have a gun. Cuz that's always the correlation, right? Somehow I traded in my gun and the cops gave me a $100 gift card to Foodland. And I was walking away and I was like, that was such a shitty deal. >> I could have got 10 times more if I just went into Foodland with my gun.",true
4521.0,2026-09-21 20:24:14,@moneymagic6119,,give the chair the mic,neutral,vader,,"see they're advertising that on the street, which is very weird, I think. And I'm poor, but I have a gun. Cuz that's always the correlation, right? Somehow I traded in my gun and the cops gave me a $100 gift card to Foodland. And I was walking away and I was like, that was such a shitty deal. >> I could have got 10 times more if I just went into Foodland with my gun.",true
4522.0,2026-09-21 20:24:15,@bigvinceking,,U succk,neutral,vader,,"street, which is very weird, I think. And I'm poor, but I have a gun. Cuz that's always the correlation, right? Somehow I traded in my gun and the cops gave me a $100 gift card to Foodland. And I was walking away and I was like, that was such a shitty deal. >> I could have got 10 times more if I just went into Foodland with my gun.",true
4523.0,2026-09-21 20:24:16,@MODERN-CAVEMAN-420,,I'd rather read mine kampf,neutral,vader,,"street, which is very weird, I think. And I'm poor, but I have a gun. Cuz that's always the correlation, right? Somehow I traded in my gun and the cops gave me a $100 gift card to Foodland. And I was walking away and I was like, that was such a shitty deal. >> I could have got 10 times more if I just went into Foodland with my gun.",true
4525.0,2026-09-21 20:24:18,@POOPURL,,Alright,positive,vader,,"And I'm poor, but I have a gun. Cuz that's always the correlation, right? Somehow I traded in my gun and the cops gave me a $100 gift card to Foodland. And I was walking away and I was like, that was such a shitty deal. >> I could have got 10 times more if I just went into Foodland with my gun.",true
4527.0,2026-09-21 20:24:20,@Reasonable6,,this is why this jewish club is worth skipping,positive,vader,,"that's always the correlation, right? Somehow I traded in my gun and the cops gave me a $100 gift card to Foodland. And I was walking away and I was like, that was such a shitty deal. >> I could have got 10 times more if I just went into Foodland with my gun. >> All right, everybody. My name is Jimbo the comic. Thank you so much. Shout out",true
4528.0,2026-09-21 20:24:21,@aliwritesfunny,,He’s wearing a cockroach you guys,neutral,vader,,"that's always the correlation, right? Somehow I traded in my gun and the cops gave me a $100 gift card to Foodland. And I was walking away and I was like, that was such a shitty deal. >> I could have got 10 times more if I just went into Foodland with my gun. >> All right, everybody. My name is Jimbo the comic. Thank you so much. Shout out",true
4535.0,2026-09-21 20:24:28,@ineverlutes,,jimbo we see them guns :eyes:,neutral,vader,,"And I was walking away and I was like, that was such a shitty deal. >> I could have got 10 times more if I just went into Foodland with my gun. >> All right, everybody. My name is Jimbo the comic. Thank you so much. Shout out chat. Here's your [ __ ] cherry. You weirdos. Please pay us.",true
4536.0,2026-09-21 20:24:29,@goodviibes8573,,This cameraman sucks ,negative,vader,,"And I was walking away and I was like, that was such a shitty deal. >> I could have got 10 times more if I just went into Foodland with my gun. >> All right, everybody. My name is Jimbo the comic. Thank you so much. Shout out chat. Here's your [ __ ] cherry. You weirdos. Please pay us.",true
4538.0,2026-09-21 20:24:31,@DeronJohnson70,,Your moma so poor …….,negative,vader,,"that was such a shitty deal. >> I could have got 10 times more if I just went into Foodland with my gun. >> All right, everybody. My name is Jimbo the comic. Thank you so much. Shout out chat. Here's your [ __ ] cherry. You weirdos. Please pay us.",true
4539.0,2026-09-21 20:24:32,@TysonSAUCIER-q7c1c,,I'm so excited to hear about the gun trading for the third time this week,positive,vader,,">> I could have got 10 times more if I just went into Foodland with my gun. >> All right, everybody. My name is Jimbo the comic. Thank you so much. Shout out chat. Here's your [ __ ] cherry. You weirdos. Please pay us. Give him Jimbo. Ladies and gentlemen,",true
4541.0,2026-09-21 20:24:34,@Mike-Alice-D-InWonderland,,my cousin threw rotten tomatoes at Angus from ACDC when he stood on his table while he was eating,negative,vader,,">> I could have got 10 times more if I just went into Foodland with my gun. >> All right, everybody. My name is Jimbo the comic. Thank you so much. Shout out chat. Here's your [ __ ] cherry. You weirdos. Please pay us. Give him Jimbo. Ladies and gentlemen,",true
4541.0,2026-09-21 20:24:34,@bigvinceking,,40 year old virgin,neutral,vader,,">> I could have got 10 times more if I just went into Foodland with my gun. >> All right, everybody. My name is Jimbo the comic. Thank you so much. Shout out chat. Here's your [ __ ] cherry. You weirdos. Please pay us. Give him Jimbo. Ladies and gentlemen,",true
4546.0,2026-09-21 20:24:39,@JimboTheComic,,Ok how bad wa sit chat ,negative,vader,,">> All right, everybody. My name is Jimbo the comic. Thank you so much. Shout out chat. Here's your [ __ ] cherry. You weirdos. Please pay us. Give him Jimbo. Ladies and gentlemen, >> I got a quick drunk one for you. I had I have a Hawaiian uncle that's missing uh",true
4547.0,2026-09-21 20:24:40,@realbrandocalrissian,,I have a gun,negative,vader,,">> All right, everybody. My name is Jimbo the comic. Thank you so much. Shout out chat. Here's your [ __ ] cherry. You weirdos. Please pay us. Give him Jimbo. Ladies and gentlemen, >> I got a quick drunk one for you. I had I have a Hawaiian uncle that's missing uh",true
4548.0,2026-09-21 20:24:41,@williamjohnson1302,,goat!!!,neutral,vader,,"the comic. Thank you so much. Shout out chat. Here's your [ __ ] cherry. You weirdos. Please pay us. Give him Jimbo. Ladies and gentlemen, >> I got a quick drunk one for you. I had I have a Hawaiian uncle that's missing uh his pinky and half of his ring finger.",true
4552.0,2026-09-21 20:24:45,@rocjames1,,that's the Armrest chair,neutral,vader,,"weirdos. Please pay us. Give him Jimbo. Ladies and gentlemen, >> I got a quick drunk one for you. I had I have a Hawaiian uncle that's missing uh his pinky and half of his ring finger. Uh we called him Uncle Manu for a long time cuz he said he got it bitten off by",true
4553.0,2026-09-21 20:24:46,@goodviibes8573,,More like Jim Blow ,positive,vader,,"weirdos. Please pay us. Give him Jimbo. Ladies and gentlemen, >> I got a quick drunk one for you. I had I have a Hawaiian uncle that's missing uh his pinky and half of his ring finger. Uh we called him Uncle Manu for a long time cuz he said he got it bitten off by a shark when he was diving. One night",true
4553.0,2026-09-21 20:24:46,@aliwritesfunny,,:clapping_hands::clapping_hands::clapping_hands:,neutral,vader,,"weirdos. Please pay us. Give him Jimbo. Ladies and gentlemen, >> I got a quick drunk one for you. I had I have a Hawaiian uncle that's missing uh his pinky and half of his ring finger. Uh we called him Uncle Manu for a long time cuz he said he got it bitten off by a shark when he was diving. One night",true
4554.0,2026-09-21 20:24:47,@jackcarr3361,,Chair’s about to do something crazy I bet. Any second now…,negative,vader,,"weirdos. Please pay us. Give him Jimbo. Ladies and gentlemen, >> I got a quick drunk one for you. I had I have a Hawaiian uncle that's missing uh his pinky and half of his ring finger. Uh we called him Uncle Manu for a long time cuz he said he got it bitten off by a shark when he was diving. One night",true
4555.0,2026-09-21 20:24:48,@DRFROGGENETICS,,Jimbow the gun joke was good,positive,vader,,"weirdos. Please pay us. Give him Jimbo. Ladies and gentlemen, >> I got a quick drunk one for you. I had I have a Hawaiian uncle that's missing uh his pinky and half of his ring finger. Uh we called him Uncle Manu for a long time cuz he said he got it bitten off by a shark when he was diving. One night",true
4555.0,2026-09-21 20:24:48,@Jonny5ive5,,this crowd has been too drowned in bombers to accept real comedy at this point,positive,vader,,"weirdos. Please pay us. Give him Jimbo. Ladies and gentlemen, >> I got a quick drunk one for you. I had I have a Hawaiian uncle that's missing uh his pinky and half of his ring finger. Uh we called him Uncle Manu for a long time cuz he said he got it bitten off by a shark when he was diving. One night",true
4556.0,2026-09-21 20:24:49,@realbrandocalrissian,,Well 5,positive,vader,,"Give him Jimbo. Ladies and gentlemen, >> I got a quick drunk one for you. I had I have a Hawaiian uncle that's missing uh his pinky and half of his ring finger. Uh we called him Uncle Manu for a long time cuz he said he got it bitten off by a shark when he was diving. One night we're drinking at a bar drinking next to",true
4557.0,2026-09-21 20:24:50,@POOPURL,,Jimbo and the cuck,neutral,vader,,"Give him Jimbo. Ladies and gentlemen, >> I got a quick drunk one for you. I had I have a Hawaiian uncle that's missing uh his pinky and half of his ring finger. Uh we called him Uncle Manu for a long time cuz he said he got it bitten off by a shark when he was diving. One night we're drinking at a bar drinking next to",true
4557.0,2026-09-21 20:24:50,@McMisfit,,gotta have the gun for ending it,negative,vader,,"Give him Jimbo. Ladies and gentlemen, >> I got a quick drunk one for you. I had I have a Hawaiian uncle that's missing uh his pinky and half of his ring finger. Uh we called him Uncle Manu for a long time cuz he said he got it bitten off by a shark when he was diving. One night we're drinking at a bar drinking next to",true
4558.0,2026-09-21 20:24:51,@moneymagic6119,,WE LOVE YOU JIMBO :face_with_tears_of_joy:,positive,vader,,"Give him Jimbo. Ladies and gentlemen, >> I got a quick drunk one for you. I had I have a Hawaiian uncle that's missing uh his pinky and half of his ring finger. Uh we called him Uncle Manu for a long time cuz he said he got it bitten off by a shark when he was diving. One night we're drinking at a bar drinking next to a a services guy and he looks at the",true
4558.0,2026-09-21 20:24:51,@TommyTheJarvis,,Jomboooooo,neutral,vader,,"Give him Jimbo. Ladies and gentlemen, >> I got a quick drunk one for you. I had I have a Hawaiian uncle that's missing uh his pinky and half of his ring finger. Uh we called him Uncle Manu for a long time cuz he said he got it bitten off by a shark when he was diving. One night we're drinking at a bar drinking next to a a services guy and he looks at the",true
4560.0,2026-09-21 20:24:53,@Hackofalltrades-mh5fq,,10/10,neutral,vader,,"Give him Jimbo. Ladies and gentlemen, >> I got a quick drunk one for you. I had I have a Hawaiian uncle that's missing uh his pinky and half of his ring finger. Uh we called him Uncle Manu for a long time cuz he said he got it bitten off by a shark when he was diving. One night we're drinking at a bar drinking next to a a services guy and he looks at the",true
4560.0,2026-09-21 20:24:53,@billyboing215,,if you gotta call yourself the comic you aint,neutral,vader,,"Give him Jimbo. Ladies and gentlemen, >> I got a quick drunk one for you. I had I have a Hawaiian uncle that's missing uh his pinky and half of his ring finger. Uh we called him Uncle Manu for a long time cuz he said he got it bitten off by a shark when he was diving. One night we're drinking at a bar drinking next to a a services guy and he looks at the",true
4561.0,2026-09-21 20:24:54,@ineverlutes,,you had us jimbo!,neutral,vader,,"Give him Jimbo. Ladies and gentlemen, >> I got a quick drunk one for you. I had I have a Hawaiian uncle that's missing uh his pinky and half of his ring finger. Uh we called him Uncle Manu for a long time cuz he said he got it bitten off by a shark when he was diving. One night we're drinking at a bar drinking next to a a services guy and he looks at the hand. He's like, ""Hey, shark bite. Let",true
4565.0,2026-09-21 20:24:58,@goodviibes8573,,Jim Blow ,neutral,vader,,">> I got a quick drunk one for you. I had I have a Hawaiian uncle that's missing uh his pinky and half of his ring finger. Uh we called him Uncle Manu for a long time cuz he said he got it bitten off by a shark when he was diving. One night we're drinking at a bar drinking next to a a services guy and he looks at the hand. He's like, ""Hey, shark bite. Let me see that finger."" He looks at the finger. He's like, ""Bro, that's not one",true
4566.0,2026-09-21 20:24:59,@z28diablo,,"Jimbo, the chair carried you bro",neutral,vader,,"have a Hawaiian uncle that's missing uh his pinky and half of his ring finger. Uh we called him Uncle Manu for a long time cuz he said he got it bitten off by a shark when he was diving. One night we're drinking at a bar drinking next to a a services guy and he looks at the hand. He's like, ""Hey, shark bite. Let me see that finger."" He looks at the finger. He's like, ""Bro, that's not one shark bite. That's one turtle bite.""",true
4577.0,2026-09-21 20:25:10,@POOPURL,,Jimbo the luck chair ,positive,vader,,"we're drinking at a bar drinking next to a a services guy and he looks at the hand. He's like, ""Hey, shark bite. Let me see that finger."" He looks at the finger. He's like, ""Bro, that's not one shark bite. That's one turtle bite."" Goes, ""Huh?"" He goes, ""That's not a shark bite. Shark bites have ridges. That's smooth. That's a turtle bite."" Why was your hand next to a turtle's face? Were you riding turtles? My uncle",true
4586.0,2026-09-21 20:25:19,@S.D.L-m1j,,This guy's better looking than Jimbo:face_with_tears_of_joy:,positive,vader,,"finger. He's like, ""Bro, that's not one shark bite. That's one turtle bite."" Goes, ""Huh?"" He goes, ""That's not a shark bite. Shark bites have ridges. That's smooth. That's a turtle bite."" Why was your hand next to a turtle's face? Were you riding turtles? My uncle was riding turtles in the 80s before it was fully illegal. Relax. That's all you can you can service other people.",true
4589.0,2026-09-21 20:25:22,@williamjohnson1302,,@z28 :rolling_on_the_floor_laughing:,neutral,vader,,"Goes, ""Huh?"" He goes, ""That's not a shark bite. Shark bites have ridges. That's smooth. That's a turtle bite."" Why was your hand next to a turtle's face? Were you riding turtles? My uncle was riding turtles in the 80s before it was fully illegal. Relax. That's all you can you can service other people. >> Yeah. Back in the day, people would just ride turtles if like what you're late to",true
4592.0,2026-09-21 20:25:25,@EricNelson1236,,had to take a dump,negative,vader,,"shark bite. Shark bites have ridges. That's smooth. That's a turtle bite."" Why was your hand next to a turtle's face? Were you riding turtles? My uncle was riding turtles in the 80s before it was fully illegal. Relax. That's all you can you can service other people. >> Yeah. Back in the day, people would just ride turtles if like what you're late to work. H you want to ride.",true
4597.0,2026-09-21 20:25:30,@rocjames1,,let the chair finish the show,neutral,vader,,"Why was your hand next to a turtle's face? Were you riding turtles? My uncle was riding turtles in the 80s before it was fully illegal. Relax. That's all you can you can service other people. >> Yeah. Back in the day, people would just ride turtles if like what you're late to work. H you want to ride. So then from there he was Uncle Honu and he doesn't like that nickname. He hates it. All right ladies and gentlemen",true
4598.0,2026-09-21 20:25:31,@moneymagic6119,,next time you have to stand on the Chair Jimbo,neutral,vader,,"face? Were you riding turtles? My uncle was riding turtles in the 80s before it was fully illegal. Relax. That's all you can you can service other people. >> Yeah. Back in the day, people would just ride turtles if like what you're late to work. H you want to ride. So then from there he was Uncle Honu and he doesn't like that nickname. He hates it. All right ladies and gentlemen",true
4602.0,2026-09-21 20:25:35,@alisonwayland6057,,"Jimbo, you and Chair are a great act",positive,vader,,"was fully illegal. Relax. That's all you can you can service other people. >> Yeah. Back in the day, people would just ride turtles if like what you're late to work. H you want to ride. So then from there he was Uncle Honu and he doesn't like that nickname. He hates it. All right ladies and gentlemen coming up to the stage another house favorite. If you come here you know her. Get up for Semile.",true
4604.0,2026-09-21 20:25:37,@S.D.L-m1j,,Chino:face-fuchsia-tongue-out:,neutral,vader,,"was fully illegal. Relax. That's all you can you can service other people. >> Yeah. Back in the day, people would just ride turtles if like what you're late to work. H you want to ride. So then from there he was Uncle Honu and he doesn't like that nickname. He hates it. All right ladies and gentlemen coming up to the stage another house favorite. If you come here you know her. Get up for Semile.",true
4607.0,2026-09-21 20:25:40,@Mike-Alice-D-InWonderland,,these jokes?,positive,vader,,">> Yeah. Back in the day, people would just ride turtles if like what you're late to work. H you want to ride. So then from there he was Uncle Honu and he doesn't like that nickname. He hates it. All right ladies and gentlemen coming up to the stage another house favorite. If you come here you know her. Get up for Semile.",true
4611.0,2026-09-21 20:25:44,@billyboing215,,wtf,negative,vader,,work. H you want to ride. So then from there he was Uncle Honu and he doesn't like that nickname. He hates it. All right ladies and gentlemen coming up to the stage another house favorite. If you come here you know her. Get up for Semile. >> So let's play with this chair. Huh?,true
4614.0,2026-09-21 20:25:47,@goodviibes8573,,Cudoos to the chair ,neutral,vader,,So then from there he was Uncle Honu and he doesn't like that nickname. He hates it. All right ladies and gentlemen coming up to the stage another house favorite. If you come here you know her. Get up for Semile. >> So let's play with this chair. Huh?,true
4614.0,2026-09-21 20:25:47,@DeronJohnson70,,:turtle:,neutral,vader,,So then from there he was Uncle Honu and he doesn't like that nickname. He hates it. All right ladies and gentlemen coming up to the stage another house favorite. If you come here you know her. Get up for Semile. >> So let's play with this chair. Huh?,true
4618.0,2026-09-21 20:25:51,@Reasonable6,,that's what happens when you piss off the mafia,negative,vader,,"coming up to the stage another house favorite. If you come here you know her. Get up for Semile. >> So let's play with this chair. Huh? not too sexy, but anyway. Um,",true
4620.0,2026-09-21 20:25:53,@McMisfit,,big sea turtles?,neutral,vader,,"favorite. If you come here you know her. Get up for Semile. >> So let's play with this chair. Huh? not too sexy, but anyway. Um,",true
4620.0,2026-09-21 20:25:53,@MODERN-CAVEMAN-420,,oh christ...,neutral,vader,,"favorite. If you come here you know her. Get up for Semile. >> So let's play with this chair. Huh? not too sexy, but anyway. Um,",true
4624.0,2026-09-21 20:25:57,@Reasonable6,,idiot,negative,vader,,">> So let's play with this chair. Huh? not too sexy, but anyway. Um, so I wanted to tell you a cautionary tale today about anybody that you know",true
4626.0,2026-09-21 20:25:59,@ineverlutes,,is she wearing a butterfly ,neutral,vader,,">> So let's play with this chair. Huh? not too sexy, but anyway. Um, so I wanted to tell you a cautionary tale today about anybody that you know",true
4627.0,2026-09-21 20:26:00,@Skin-E-Vadee-Vechee,,bring turtle :turtle: riding back!!,neutral,vader,,">> So let's play with this chair. Huh? not too sexy, but anyway. Um, so I wanted to tell you a cautionary tale today about anybody that you know that has a little bit of high blood",true
4628.0,2026-09-21 20:26:01,@Donnieboy24,,hey hey whoa,neutral,vader,,">> So let's play with this chair. Huh? not too sexy, but anyway. Um, so I wanted to tell you a cautionary tale today about anybody that you know that has a little bit of high blood pressure",true
4631.0,2026-09-21 20:26:04,@williamjohnson1302,,:rolling_on_the_floor_laughing:,neutral,vader,,">> So let's play with this chair. Huh? not too sexy, but anyway. Um, so I wanted to tell you a cautionary tale today about anybody that you know that has a little bit of high blood pressure or might have a heart problem. Make sure",true
4631.0,2026-09-21 20:26:04,@DRFROGGENETICS,,she's on that shit,negative,vader,,">> So let's play with this chair. Huh? not too sexy, but anyway. Um, so I wanted to tell you a cautionary tale today about anybody that you know that has a little bit of high blood pressure or might have a heart problem. Make sure",true
4631.0,2026-09-21 20:26:04,@goodviibes8573,,Oh fuck ,negative,vader,,">> So let's play with this chair. Huh? not too sexy, but anyway. Um, so I wanted to tell you a cautionary tale today about anybody that you know that has a little bit of high blood pressure or might have a heart problem. Make sure",true
4635.0,2026-09-21 20:26:08,@MODERN-CAVEMAN-420,,GET OFF THE FUCKING CHAIR!!!!,neutral,vader,,"not too sexy, but anyway. Um, so I wanted to tell you a cautionary tale today about anybody that you know that has a little bit of high blood pressure or might have a heart problem. Make sure you take your little baby aspirin because",true
4636.0,2026-09-21 20:26:09,@Hackofalltrades-mh5fq,,wow,positive,vader,,"not too sexy, but anyway. Um, so I wanted to tell you a cautionary tale today about anybody that you know that has a little bit of high blood pressure or might have a heart problem. Make sure you take your little baby aspirin because I'm like, [clears throat] ""Ma, are you",true
4636.0,2026-09-21 20:26:09,@z28diablo,,NOOOOOOOOOOOOOOOOOOOOOOOOOOOOOOOOOOOOOOO,neutral,vader,,"not too sexy, but anyway. Um, so I wanted to tell you a cautionary tale today about anybody that you know that has a little bit of high blood pressure or might have a heart problem. Make sure you take your little baby aspirin because I'm like, [clears throat] ""Ma, are you",true
4636.0,2026-09-21 20:26:09,@TANE-D-80,,Woooo,neutral,vader,,"not too sexy, but anyway. Um, so I wanted to tell you a cautionary tale today about anybody that you know that has a little bit of high blood pressure or might have a heart problem. Make sure you take your little baby aspirin because I'm like, [clears throat] ""Ma, are you",true
4636.0,2026-09-21 20:26:09,@Reasonable6,,must be a snitch,neutral,vader,,"not too sexy, but anyway. Um, so I wanted to tell you a cautionary tale today about anybody that you know that has a little bit of high blood pressure or might have a heart problem. Make sure you take your little baby aspirin because I'm like, [clears throat] ""Ma, are you",true
4638.0,2026-09-21 20:26:11,@sunkissed335,,geez,neutral,vader,,"not too sexy, but anyway. Um, so I wanted to tell you a cautionary tale today about anybody that you know that has a little bit of high blood pressure or might have a heart problem. Make sure you take your little baby aspirin because I'm like, [clears throat] ""Ma, are you drunk? What's going on? Did you drive",true
4639.0,2026-09-21 20:26:12,@Mike-Alice-D-InWonderland,,she looks like Angus young,positive,vader,,"not too sexy, but anyway. Um, so I wanted to tell you a cautionary tale today about anybody that you know that has a little bit of high blood pressure or might have a heart problem. Make sure you take your little baby aspirin because I'm like, [clears throat] ""Ma, are you drunk? What's going on? Did you drive all the way home from Nepili drunk?""",true
4645.0,2026-09-21 20:26:18,@McMisfit,,she a butterfly,neutral,vader,,"tale today about anybody that you know that has a little bit of high blood pressure or might have a heart problem. Make sure you take your little baby aspirin because I'm like, [clears throat] ""Ma, are you drunk? What's going on? Did you drive all the way home from Nepili drunk?"" So, you got to know your people and know what's the slight difference so you can",true
4646.0,2026-09-21 20:26:19,@jackcarr3361,,Hey that chair is innocent! ,positive,vader,,"that has a little bit of high blood pressure or might have a heart problem. Make sure you take your little baby aspirin because I'm like, [clears throat] ""Ma, are you drunk? What's going on? Did you drive all the way home from Nepili drunk?"" So, you got to know your people and know what's the slight difference so you can help them out when they're having a",true
4646.0,2026-09-21 20:26:19,@rocjames1,,a lot of ass has been on that chair,negative,vader,,"that has a little bit of high blood pressure or might have a heart problem. Make sure you take your little baby aspirin because I'm like, [clears throat] ""Ma, are you drunk? What's going on? Did you drive all the way home from Nepili drunk?"" So, you got to know your people and know what's the slight difference so you can help them out when they're having a",true
4646.0,2026-09-21 20:26:19,@Reasonable6,,another jew,neutral,vader,,"that has a little bit of high blood pressure or might have a heart problem. Make sure you take your little baby aspirin because I'm like, [clears throat] ""Ma, are you drunk? What's going on? Did you drive all the way home from Nepili drunk?"" So, you got to know your people and know what's the slight difference so you can help them out when they're having a",true
4647.0,2026-09-21 20:26:20,@alisonwayland6057,,chair has a weak back,negative,vader,,"that has a little bit of high blood pressure or might have a heart problem. Make sure you take your little baby aspirin because I'm like, [clears throat] ""Ma, are you drunk? What's going on? Did you drive all the way home from Nepili drunk?"" So, you got to know your people and know what's the slight difference so you can help them out when they're having a stroke",true
4652.0,2026-09-21 20:26:25,@williamjohnson1302,,chairs getting more action than anyone in there tonight,neutral,vader,,"you take your little baby aspirin because I'm like, [clears throat] ""Ma, are you drunk? What's going on? Did you drive all the way home from Nepili drunk?"" So, you got to know your people and know what's the slight difference so you can help them out when they're having a stroke because [clears throat] they might look like they're drunk, but they might be having a stroke. So, serious folks, it's",true
4652.0,2026-09-21 20:26:25,@moneymagic6119,,stanky chair :chair:,neutral,vader,,"you take your little baby aspirin because I'm like, [clears throat] ""Ma, are you drunk? What's going on? Did you drive all the way home from Nepili drunk?"" So, you got to know your people and know what's the slight difference so you can help them out when they're having a stroke because [clears throat] they might look like they're drunk, but they might be having a stroke. So, serious folks, it's",true
4653.0,2026-09-21 20:26:26,@goodviibes8573,,Get off our chit…,neutral,vader,,"you take your little baby aspirin because I'm like, [clears throat] ""Ma, are you drunk? What's going on? Did you drive all the way home from Nepili drunk?"" So, you got to know your people and know what's the slight difference so you can help them out when they're having a stroke because [clears throat] they might look like they're drunk, but they might be having a stroke. So, serious folks, it's",true
4653.0,2026-09-21 20:26:26,@HollywoodStar2026,,I need those butterfly wings,neutral,vader,,"you take your little baby aspirin because I'm like, [clears throat] ""Ma, are you drunk? What's going on? Did you drive all the way home from Nepili drunk?"" So, you got to know your people and know what's the slight difference so you can help them out when they're having a stroke because [clears throat] they might look like they're drunk, but they might be having a stroke. So, serious folks, it's",true
4654.0,2026-09-21 20:26:27,@HanzSygnal,,AC Slater style,neutral,vader,,"because I'm like, [clears throat] ""Ma, are you drunk? What's going on? Did you drive all the way home from Nepili drunk?"" So, you got to know your people and know what's the slight difference so you can help them out when they're having a stroke because [clears throat] they might look like they're drunk, but they might be having a stroke. So, serious folks, it's not a joke.",true
4655.0,2026-09-21 20:26:28,@ineverlutes,,@mike lmaoo,neutral,vader,,"I'm like, [clears throat] ""Ma, are you drunk? What's going on? Did you drive all the way home from Nepili drunk?"" So, you got to know your people and know what's the slight difference so you can help them out when they're having a stroke because [clears throat] they might look like they're drunk, but they might be having a stroke. So, serious folks, it's not a joke.",true
4662.0,2026-09-21 20:26:35,@MODERN-CAVEMAN-420,,...yeah.. yeah... that's right.,positive,vader,,"So, you got to know your people and know what's the slight difference so you can help them out when they're having a stroke because [clears throat] they might look like they're drunk, but they might be having a stroke. So, serious folks, it's not a joke. So, [clears throat] me and my mom are in recovery. We're falling in love with the recovery. We're learning a lot through this about our brains",true
4664.0,2026-09-21 20:26:37,@TANE-D-80,,Woooo!,neutral,vader,,"what's the slight difference so you can help them out when they're having a stroke because [clears throat] they might look like they're drunk, but they might be having a stroke. So, serious folks, it's not a joke. So, [clears throat] me and my mom are in recovery. We're falling in love with the recovery. We're learning a lot through this about our brains",true
4664.0,2026-09-21 20:26:37,@POOPURL,,??????,neutral,vader,,"what's the slight difference so you can help them out when they're having a stroke because [clears throat] they might look like they're drunk, but they might be having a stroke. So, serious folks, it's not a joke. So, [clears throat] me and my mom are in recovery. We're falling in love with the recovery. We're learning a lot through this about our brains",true
4665.0,2026-09-21 20:26:38,@McMisfit,,show us ya wings,neutral,vader,,"help them out when they're having a stroke because [clears throat] they might look like they're drunk, but they might be having a stroke. So, serious folks, it's not a joke. So, [clears throat] me and my mom are in recovery. We're falling in love with the recovery. We're learning a lot through this about our brains and what can happen and that when that",true
4665.0,2026-09-21 20:26:38,@DRFROGGENETICS,,looks like a tiny hat,positive,vader,,"help them out when they're having a stroke because [clears throat] they might look like they're drunk, but they might be having a stroke. So, serious folks, it's not a joke. So, [clears throat] me and my mom are in recovery. We're falling in love with the recovery. We're learning a lot through this about our brains and what can happen and that when that",true
4667.0,2026-09-21 20:26:40,@aliwritesfunny,,Can I borrow those wings tho?,neutral,vader,,"stroke because [clears throat] they might look like they're drunk, but they might be having a stroke. So, serious folks, it's not a joke. So, [clears throat] me and my mom are in recovery. We're falling in love with the recovery. We're learning a lot through this about our brains and what can happen and that when that happens. [clears throat] So, God forbid",true
4667.0,2026-09-21 20:26:40,@Reasonable6,,shes just a hyperbaric woman,neutral,vader,,"stroke because [clears throat] they might look like they're drunk, but they might be having a stroke. So, serious folks, it's not a joke. So, [clears throat] me and my mom are in recovery. We're falling in love with the recovery. We're learning a lot through this about our brains and what can happen and that when that happens. [clears throat] So, God forbid",true
4669.0,2026-09-21 20:26:42,@JimboTheComic,,Omg I’m so sorry chair ,negative,vader,,"like they're drunk, but they might be having a stroke. So, serious folks, it's not a joke. So, [clears throat] me and my mom are in recovery. We're falling in love with the recovery. We're learning a lot through this about our brains and what can happen and that when that happens. [clears throat] So, God forbid I was the one that had a stroke because",true
4670.0,2026-09-21 20:26:43,@henryOP8749,,Did I miss any jokes had to tell the neighbors to shut up at 230 in the am because babies :person_facepalming: :rolling_on_the_floor_laughing: ,positive,vader,,"like they're drunk, but they might be having a stroke. So, serious folks, it's not a joke. So, [clears throat] me and my mom are in recovery. We're falling in love with the recovery. We're learning a lot through this about our brains and what can happen and that when that happens. [clears throat] So, God forbid I was the one that had a stroke because",true
4670.0,2026-09-21 20:26:43,@z28diablo,,Chino gave her the throat slice about the chair,neutral,vader,,"like they're drunk, but they might be having a stroke. So, serious folks, it's not a joke. So, [clears throat] me and my mom are in recovery. We're falling in love with the recovery. We're learning a lot through this about our brains and what can happen and that when that happens. [clears throat] So, God forbid I was the one that had a stroke because",true
4671.0,2026-09-21 20:26:44,@GregDouchette,,Is this Sam Kinnison? ,neutral,vader,,"like they're drunk, but they might be having a stroke. So, serious folks, it's not a joke. So, [clears throat] me and my mom are in recovery. We're falling in love with the recovery. We're learning a lot through this about our brains and what can happen and that when that happens. [clears throat] So, God forbid I was the one that had a stroke because I don't think anybody be taking care of",true
4672.0,2026-09-21 20:26:45,@Jonny5ive5,,oh no,negative,vader,,"having a stroke. So, serious folks, it's not a joke. So, [clears throat] me and my mom are in recovery. We're falling in love with the recovery. We're learning a lot through this about our brains and what can happen and that when that happens. [clears throat] So, God forbid I was the one that had a stroke because I don't think anybody be taking care of me, but I'm glad to be there for my mom.",true
4673.0,2026-09-21 20:26:46,@POOPURL,,Alright ,positive,vader,,"having a stroke. So, serious folks, it's not a joke. So, [clears throat] me and my mom are in recovery. We're falling in love with the recovery. We're learning a lot through this about our brains and what can happen and that when that happens. [clears throat] So, God forbid I was the one that had a stroke because I don't think anybody be taking care of me, but I'm glad to be there for my mom.",true
4673.0,2026-09-21 20:26:46,@billyboing215,,Angus ming,neutral,vader,,"having a stroke. So, serious folks, it's not a joke. So, [clears throat] me and my mom are in recovery. We're falling in love with the recovery. We're learning a lot through this about our brains and what can happen and that when that happens. [clears throat] So, God forbid I was the one that had a stroke because I don't think anybody be taking care of me, but I'm glad to be there for my mom.",true
4674.0,2026-09-21 20:26:47,@goodviibes8573,,Did she just try and fuck the chair ,negative,vader,,"having a stroke. So, serious folks, it's not a joke. So, [clears throat] me and my mom are in recovery. We're falling in love with the recovery. We're learning a lot through this about our brains and what can happen and that when that happens. [clears throat] So, God forbid I was the one that had a stroke because I don't think anybody be taking care of me, but I'm glad to be there for my mom.",true
4675.0,2026-09-21 20:26:48,@S.D.L-m1j,,:face-purple-crying::face-green-smiling:,neutral,vader,,"not a joke. So, [clears throat] me and my mom are in recovery. We're falling in love with the recovery. We're learning a lot through this about our brains and what can happen and that when that happens. [clears throat] So, God forbid I was the one that had a stroke because I don't think anybody be taking care of me, but I'm glad to be there for my mom.",true
4678.0,2026-09-21 20:26:51,@Slice2112,,Heart attack and stroke to start of us off lol ,positive,vader,,"recovery. We're falling in love with the recovery. We're learning a lot through this about our brains and what can happen and that when that happens. [clears throat] So, God forbid I was the one that had a stroke because I don't think anybody be taking care of me, but I'm glad to be there for my mom. So, um, yeah. And I have a dog named",true
4679.0,2026-09-21 20:26:52,@Reasonable6,,lump,neutral,vader,,"recovery. We're falling in love with the recovery. We're learning a lot through this about our brains and what can happen and that when that happens. [clears throat] So, God forbid I was the one that had a stroke because I don't think anybody be taking care of me, but I'm glad to be there for my mom. So, um, yeah. And I have a dog named",true
4680.0,2026-09-21 20:26:53,@JimboTheComic,,You were nice chat Ty. ,positive,vader,,"recovery. We're learning a lot through this about our brains and what can happen and that when that happens. [clears throat] So, God forbid I was the one that had a stroke because I don't think anybody be taking care of me, but I'm glad to be there for my mom. So, um, yeah. And I have a dog named Bentley. He's the best dog. He has a",true
4682.0,2026-09-21 20:26:55,@stuarta4393,,:nauseated_face:,neutral,vader,,"this about our brains and what can happen and that when that happens. [clears throat] So, God forbid I was the one that had a stroke because I don't think anybody be taking care of me, but I'm glad to be there for my mom. So, um, yeah. And I have a dog named Bentley. He's the best dog. He has a",true
4686.0,2026-09-21 20:26:59,@aliwritesfunny,,Recovery is dope!!!,neutral,vader,,"and what can happen and that when that happens. [clears throat] So, God forbid I was the one that had a stroke because I don't think anybody be taking care of me, but I'm glad to be there for my mom. So, um, yeah. And I have a dog named Bentley. He's the best dog. He has a bent tail and he's a he's a poodle corgi like poodle doodle. He's an air doodle.",true
4686.0,2026-09-21 20:26:59,@JimboTheComic,,I blacked out ,neutral,vader,,"and what can happen and that when that happens. [clears throat] So, God forbid I was the one that had a stroke because I don't think anybody be taking care of me, but I'm glad to be there for my mom. So, um, yeah. And I have a dog named Bentley. He's the best dog. He has a bent tail and he's a he's a poodle corgi like poodle doodle. He's an air doodle.",true
4687.0,2026-09-21 20:27:00,@Reasonable6,,her grindr name is meatloaf,neutral,vader,,"happens. [clears throat] So, God forbid I was the one that had a stroke because I don't think anybody be taking care of me, but I'm glad to be there for my mom. So, um, yeah. And I have a dog named Bentley. He's the best dog. He has a bent tail and he's a he's a poodle corgi like poodle doodle. He's an air doodle.",true
4689.0,2026-09-21 20:27:02,@rocjames1,,the chair looks so presentable tonight,neutral,vader,,"I was the one that had a stroke because I don't think anybody be taking care of me, but I'm glad to be there for my mom. So, um, yeah. And I have a dog named Bentley. He's the best dog. He has a bent tail and he's a he's a poodle corgi like poodle doodle. He's an air doodle. Air airdale doodle mix. And he's the",true
4690.0,2026-09-21 20:27:03,@Jasonbrennerdj,,Are they drunk or are they having a stroke? Seriously people. lol :face_with_tears_of_joy: ,negative,vader,,"I don't think anybody be taking care of me, but I'm glad to be there for my mom. So, um, yeah. And I have a dog named Bentley. He's the best dog. He has a bent tail and he's a he's a poodle corgi like poodle doodle. He's an air doodle. Air airdale doodle mix. And he's the",true
4692.0,2026-09-21 20:27:05,@williamjohnson1302,,we know that was not a joke,negative,vader,,"I don't think anybody be taking care of me, but I'm glad to be there for my mom. So, um, yeah. And I have a dog named Bentley. He's the best dog. He has a bent tail and he's a he's a poodle corgi like poodle doodle. He's an air doodle. Air airdale doodle mix. And he's the best dog ever. But,",true
4693.0,2026-09-21 20:27:06,@TANE-D-80,,make time go faster,neutral,vader,,"I don't think anybody be taking care of me, but I'm glad to be there for my mom. So, um, yeah. And I have a dog named Bentley. He's the best dog. He has a bent tail and he's a he's a poodle corgi like poodle doodle. He's an air doodle. Air airdale doodle mix. And he's the best dog ever. But,",true
4694.0,2026-09-21 20:27:07,@DeronJohnson70,,First broke now stoke,negative,vader,,"me, but I'm glad to be there for my mom. So, um, yeah. And I have a dog named Bentley. He's the best dog. He has a bent tail and he's a he's a poodle corgi like poodle doodle. He's an air doodle. Air airdale doodle mix. And he's the best dog ever. But,",true
4695.0,2026-09-21 20:27:08,@Gloobus.q,,Butterfly? Looks more like a slug,positive,vader,,"me, but I'm glad to be there for my mom. So, um, yeah. And I have a dog named Bentley. He's the best dog. He has a bent tail and he's a he's a poodle corgi like poodle doodle. He's an air doodle. Air airdale doodle mix. And he's the best dog ever. But, and I'm on the spectrum. I have a little",true
4695.0,2026-09-21 20:27:08,@henryOP8749,,Jim :rolling_on_the_floor_laughing: ,neutral,vader,,"me, but I'm glad to be there for my mom. So, um, yeah. And I have a dog named Bentley. He's the best dog. He has a bent tail and he's a he's a poodle corgi like poodle doodle. He's an air doodle. Air airdale doodle mix. And he's the best dog ever. But, and I'm on the spectrum. I have a little",true
4695.0,2026-09-21 20:27:08,@goodviibes8573,,Jim Blow ,neutral,vader,,"me, but I'm glad to be there for my mom. So, um, yeah. And I have a dog named Bentley. He's the best dog. He has a bent tail and he's a he's a poodle corgi like poodle doodle. He's an air doodle. Air airdale doodle mix. And he's the best dog ever. But, and I'm on the spectrum. I have a little",true
4696.0,2026-09-21 20:27:09,@MODERN-CAVEMAN-420,,:grinning_squinting_face:,neutral,vader,,"me, but I'm glad to be there for my mom. So, um, yeah. And I have a dog named Bentley. He's the best dog. He has a bent tail and he's a he's a poodle corgi like poodle doodle. He's an air doodle. Air airdale doodle mix. And he's the best dog ever. But, and I'm on the spectrum. I have a little",true
4698.0,2026-09-21 20:27:11,@POOPURL,,Don’t think this went threw to much schooling ,neutral,vader,,"So, um, yeah. And I have a dog named Bentley. He's the best dog. He has a bent tail and he's a he's a poodle corgi like poodle doodle. He's an air doodle. Air airdale doodle mix. And he's the best dog ever. But, and I'm on the spectrum. I have a little thing, tiny ass burgers. So, I call",true
4699.0,2026-09-21 20:27:12,@billyboing215,,jim blow is back,neutral,vader,,"So, um, yeah. And I have a dog named Bentley. He's the best dog. He has a bent tail and he's a he's a poodle corgi like poodle doodle. He's an air doodle. Air airdale doodle mix. And he's the best dog ever. But, and I'm on the spectrum. I have a little thing, tiny ass burgers. So, I call",true
4706.0,2026-09-21 20:27:19,@Reasonable6,,W chat,neutral,vader,,"bent tail and he's a he's a poodle corgi like poodle doodle. He's an air doodle. Air airdale doodle mix. And he's the best dog ever. But, and I'm on the spectrum. I have a little thing, tiny ass burgers. So, I call myself um I identify as having sliders. So, sometimes I like skip the subject, you know, all the like woo, different",true
4706.0,2026-09-21 20:27:19,@alisonwayland6057,,soooooo how has everyone been doing?,neutral,vader,,"bent tail and he's a he's a poodle corgi like poodle doodle. He's an air doodle. Air airdale doodle mix. And he's the best dog ever. But, and I'm on the spectrum. I have a little thing, tiny ass burgers. So, I call myself um I identify as having sliders. So, sometimes I like skip the subject, you know, all the like woo, different",true
4709.0,2026-09-21 20:27:22,@JimboTheComic,,Good vibes I will for $200,positive,vader,,"like poodle doodle. He's an air doodle. Air airdale doodle mix. And he's the best dog ever. But, and I'm on the spectrum. I have a little thing, tiny ass burgers. So, I call myself um I identify as having sliders. So, sometimes I like skip the subject, you know, all the like woo, different subject coming up, change the subject,",true
4712.0,2026-09-21 20:27:25,@williamjohnson1302,,think she's just talkin an lonely,negative,vader,,"Air airdale doodle mix. And he's the best dog ever. But, and I'm on the spectrum. I have a little thing, tiny ass burgers. So, I call myself um I identify as having sliders. So, sometimes I like skip the subject, you know, all the like woo, different subject coming up, change the subject, try to be funny.",true
4716.0,2026-09-21 20:27:29,@Zeroturn70,,Tiny ass?,negative,vader,,"and I'm on the spectrum. I have a little thing, tiny ass burgers. So, I call myself um I identify as having sliders. So, sometimes I like skip the subject, you know, all the like woo, different subject coming up, change the subject, try to be funny. Um, so yeah, there's a lot of conspiracy",true
4717.0,2026-09-21 20:27:30,@rocjames1,,jimblow:face-green-smiling:,neutral,vader,,"and I'm on the spectrum. I have a little thing, tiny ass burgers. So, I call myself um I identify as having sliders. So, sometimes I like skip the subject, you know, all the like woo, different subject coming up, change the subject, try to be funny. Um, so yeah, there's a lot of conspiracy theories. Like back in the day, people",true
4717.0,2026-09-21 20:27:30,@moneymagic6119,,assburger sliders,neutral,vader,,"and I'm on the spectrum. I have a little thing, tiny ass burgers. So, I call myself um I identify as having sliders. So, sometimes I like skip the subject, you know, all the like woo, different subject coming up, change the subject, try to be funny. Um, so yeah, there's a lot of conspiracy theories. Like back in the day, people",true
4719.0,2026-09-21 20:27:32,@TANE-D-80,,make timer go faster,neutral,vader,,"thing, tiny ass burgers. So, I call myself um I identify as having sliders. So, sometimes I like skip the subject, you know, all the like woo, different subject coming up, change the subject, try to be funny. Um, so yeah, there's a lot of conspiracy theories. Like back in the day, people used to think I was weird for believing",true
4720.0,2026-09-21 20:27:33,@GregDouchette,,Waiting for her to start screaming like Sam Kinnison ,neutral,vader,,"thing, tiny ass burgers. So, I call myself um I identify as having sliders. So, sometimes I like skip the subject, you know, all the like woo, different subject coming up, change the subject, try to be funny. Um, so yeah, there's a lot of conspiracy theories. Like back in the day, people used to think I was weird for believing",true
4726.0,2026-09-21 20:27:39,@billyboing215,,jim blow ate it,negative,phrase_or_manual,,"you know, all the like woo, different subject coming up, change the subject, try to be funny. Um, so yeah, there's a lot of conspiracy theories. Like back in the day, people used to think I was weird for believing in aliens. I used to say, ""Yeah, there's at least four species of aliens on Earth, and",true
4727.0,2026-09-21 20:27:40,@JimboTheComic,,I’m high and still shaking from nerves Alison hbu ,negative,vader,,"you know, all the like woo, different subject coming up, change the subject, try to be funny. Um, so yeah, there's a lot of conspiracy theories. Like back in the day, people used to think I was weird for believing in aliens. I used to say, ""Yeah, there's at least four species of aliens on Earth, and there's the originals that were the",true
4729.0,2026-09-21 20:27:42,@DRFROGGENETICS,,Jimbow tell her get off the stage,neutral,vader,,"subject coming up, change the subject, try to be funny. Um, so yeah, there's a lot of conspiracy theories. Like back in the day, people used to think I was weird for believing in aliens. I used to say, ""Yeah, there's at least four species of aliens on Earth, and there's the originals that were the terrarians, which are the lizards, of",true
4730.0,2026-09-21 20:27:43,@goodviibes8573,,I only got $20 sorry dude ,negative,vader,,"subject coming up, change the subject, try to be funny. Um, so yeah, there's a lot of conspiracy theories. Like back in the day, people used to think I was weird for believing in aliens. I used to say, ""Yeah, there's at least four species of aliens on Earth, and there's the originals that were the terrarians, which are the lizards, of course."" And back in the day, they used",true
4732.0,2026-09-21 20:27:45,@henryOP8749,,This one saying she on the spectrum to get people to laugh at her is wild :rolling_on_the_floor_laughing: ,positive,vader,,"try to be funny. Um, so yeah, there's a lot of conspiracy theories. Like back in the day, people used to think I was weird for believing in aliens. I used to say, ""Yeah, there's at least four species of aliens on Earth, and there's the originals that were the terrarians, which are the lizards, of course."" And back in the day, they used",true
4733.0,2026-09-21 20:27:46,@Hackofalltrades-mh5fq,,busy thanks for asking,positive,vader,,"try to be funny. Um, so yeah, there's a lot of conspiracy theories. Like back in the day, people used to think I was weird for believing in aliens. I used to say, ""Yeah, there's at least four species of aliens on Earth, and there's the originals that were the terrarians, which are the lizards, of course."" And back in the day, they used to tease me and think I was crazy, but",true
4736.0,2026-09-21 20:27:49,@TommyTheJarvis,,Is she going to address the butterfly wings lmao ,positive,vader,,"Um, so yeah, there's a lot of conspiracy theories. Like back in the day, people used to think I was weird for believing in aliens. I used to say, ""Yeah, there's at least four species of aliens on Earth, and there's the originals that were the terrarians, which are the lizards, of course."" And back in the day, they used to tease me and think I was crazy, but hello. Um, they're reading the AI is",true
4737.0,2026-09-21 20:27:50,@JimboTheComic,,I AYEEEETE,neutral,vader,,"theories. Like back in the day, people used to think I was weird for believing in aliens. I used to say, ""Yeah, there's at least four species of aliens on Earth, and there's the originals that were the terrarians, which are the lizards, of course."" And back in the day, they used to tease me and think I was crazy, but hello. Um, they're reading the AI is",true
4738.0,2026-09-21 20:27:51,@Mike-Alice-D-InWonderland,,aliens created us,positive,vader,,"theories. Like back in the day, people used to think I was weird for believing in aliens. I used to say, ""Yeah, there's at least four species of aliens on Earth, and there's the originals that were the terrarians, which are the lizards, of course."" And back in the day, they used to tease me and think I was crazy, but hello. Um, they're reading the AI is",true
4738.0,2026-09-21 20:27:51,@MODERN-CAVEMAN-420,,I'm surprised she doesnt own 10 cats,positive,vader,,"theories. Like back in the day, people used to think I was weird for believing in aliens. I used to say, ""Yeah, there's at least four species of aliens on Earth, and there's the originals that were the terrarians, which are the lizards, of course."" And back in the day, they used to tease me and think I was crazy, but hello. Um, they're reading the AI is",true
4738.0,2026-09-21 20:27:51,@S.D.L-m1j,,Ass burgers?,negative,vader,,"theories. Like back in the day, people used to think I was weird for believing in aliens. I used to say, ""Yeah, there's at least four species of aliens on Earth, and there's the originals that were the terrarians, which are the lizards, of course."" And back in the day, they used to tease me and think I was crazy, but hello. Um, they're reading the AI is",true
4740.0,2026-09-21 20:27:53,@McMisfit,,air doodle is me friday nights,neutral,vader,,"used to think I was weird for believing in aliens. I used to say, ""Yeah, there's at least four species of aliens on Earth, and there's the originals that were the terrarians, which are the lizards, of course."" And back in the day, they used to tease me and think I was crazy, but hello. Um, they're reading the AI is reading these tablets and they're figuring it all out. And if you get the",true
4744.0,2026-09-21 20:27:57,@Skin-E-Vadee-Vechee,,mercy laughing,positive,vader,,"I used to say, ""Yeah, there's at least four species of aliens on Earth, and there's the originals that were the terrarians, which are the lizards, of course."" And back in the day, they used to tease me and think I was crazy, but hello. Um, they're reading the AI is reading these tablets and they're figuring it all out. And if you get the right the right people that they haven't",true
4745.0,2026-09-21 20:27:58,@ineverlutes,,jimBOMB ATE,neutral,vader,,"four species of aliens on Earth, and there's the originals that were the terrarians, which are the lizards, of course."" And back in the day, they used to tease me and think I was crazy, but hello. Um, they're reading the AI is reading these tablets and they're figuring it all out. And if you get the right the right people that they haven't like",true
4748.0,2026-09-21 20:28:01,@Donnieboy24,,God.. damn that chair is somethin else,negative,vader,,"terrarians, which are the lizards, of course."" And back in the day, they used to tease me and think I was crazy, but hello. Um, they're reading the AI is reading these tablets and they're figuring it all out. And if you get the right the right people that they haven't like [ __ ] it up already. I hope we get the",true
4749.0,2026-09-21 20:28:02,@DeronJohnson70,,:alien::flying_saucer::alien_monster:,neutral,vader,,"terrarians, which are the lizards, of course."" And back in the day, they used to tease me and think I was crazy, but hello. Um, they're reading the AI is reading these tablets and they're figuring it all out. And if you get the right the right people that they haven't like [ __ ] it up already. I hope we get the honest AI, the ancient intelligence,",true
4752.0,2026-09-21 20:28:05,@JimboTheComic,,She’s killed ten cats modern caveman ,neutral,vader,,"course."" And back in the day, they used to tease me and think I was crazy, but hello. Um, they're reading the AI is reading these tablets and they're figuring it all out. And if you get the right the right people that they haven't like [ __ ] it up already. I hope we get the honest AI, the ancient intelligence, right? Not the artificial intelligence.",true
4752.0,2026-09-21 20:28:05,@aliwritesfunny,,:alien::flying_saucer:,neutral,vader,,"course."" And back in the day, they used to tease me and think I was crazy, but hello. Um, they're reading the AI is reading these tablets and they're figuring it all out. And if you get the right the right people that they haven't like [ __ ] it up already. I hope we get the honest AI, the ancient intelligence, right? Not the artificial intelligence.",true
4755.0,2026-09-21 20:28:08,@POOPURL,,Jimbo still a 50 year old unc wearing a snaoback ,neutral,vader,,"to tease me and think I was crazy, but hello. Um, they're reading the AI is reading these tablets and they're figuring it all out. And if you get the right the right people that they haven't like [ __ ] it up already. I hope we get the honest AI, the ancient intelligence, right? Not the artificial intelligence. We want the agent intelligence. It's not",true
4756.0,2026-09-21 20:28:09,@henryOP8749,,Ass burglar ,negative,vader,,"hello. Um, they're reading the AI is reading these tablets and they're figuring it all out. And if you get the right the right people that they haven't like [ __ ] it up already. I hope we get the honest AI, the ancient intelligence, right? Not the artificial intelligence. We want the agent intelligence. It's not going to destroy it all and tell us the",true
4757.0,2026-09-21 20:28:10,@z28diablo,,The chair looking around thinking someone ordered seafood,neutral,vader,,"hello. Um, they're reading the AI is reading these tablets and they're figuring it all out. And if you get the right the right people that they haven't like [ __ ] it up already. I hope we get the honest AI, the ancient intelligence, right? Not the artificial intelligence. We want the agent intelligence. It's not going to destroy it all and tell us the",true
4759.0,2026-09-21 20:28:12,@melissasejba1820,,crazy. YEs,positive,vader,,"reading these tablets and they're figuring it all out. And if you get the right the right people that they haven't like [ __ ] it up already. I hope we get the honest AI, the ancient intelligence, right? Not the artificial intelligence. We want the agent intelligence. It's not going to destroy it all and tell us the truth. We need the truth. Um there's a",true
4760.0,2026-09-21 20:28:13,@moneymagic6119,,:face_with_tears_of_joy::face_with_tears_of_joy::face_with_tears_of_joy:,neutral,vader,,"reading these tablets and they're figuring it all out. And if you get the right the right people that they haven't like [ __ ] it up already. I hope we get the honest AI, the ancient intelligence, right? Not the artificial intelligence. We want the agent intelligence. It's not going to destroy it all and tell us the truth. We need the truth. Um there's a",true
4763.0,2026-09-21 20:28:16,@rocjames1,,Sounds like animal abuse,negative,vader,,"right the right people that they haven't like [ __ ] it up already. I hope we get the honest AI, the ancient intelligence, right? Not the artificial intelligence. We want the agent intelligence. It's not going to destroy it all and tell us the truth. We need the truth. Um there's a lot of conspiracies that's happening for thousands and thousands of years. Um",true
4765.0,2026-09-21 20:28:18,@aliwritesfunny,,Beeeeee Gooooood,neutral,vader,,"like [ __ ] it up already. I hope we get the honest AI, the ancient intelligence, right? Not the artificial intelligence. We want the agent intelligence. It's not going to destroy it all and tell us the truth. We need the truth. Um there's a lot of conspiracies that's happening for thousands and thousands of years. Um starting with Paul from the Bible. He's",true
4767.0,2026-09-21 20:28:20,@Zeroturn70,,I like eating Asian ,positive,vader,,"[ __ ] it up already. I hope we get the honest AI, the ancient intelligence, right? Not the artificial intelligence. We want the agent intelligence. It's not going to destroy it all and tell us the truth. We need the truth. Um there's a lot of conspiracies that's happening for thousands and thousands of years. Um starting with Paul from the Bible. He's",true
4769.0,2026-09-21 20:28:22,@goodviibes8573,,The chair did a great job ,positive,vader,,"[ __ ] it up already. I hope we get the honest AI, the ancient intelligence, right? Not the artificial intelligence. We want the agent intelligence. It's not going to destroy it all and tell us the truth. We need the truth. Um there's a lot of conspiracies that's happening for thousands and thousands of years. Um starting with Paul from the Bible. He's the one that [ __ ] it all up from the beginning. Anyways,",true
4771.0,2026-09-21 20:28:24,@JimboTheComic,,I’m not 50 poopurl come onnnnnn,neutral,vader,,"honest AI, the ancient intelligence, right? Not the artificial intelligence. We want the agent intelligence. It's not going to destroy it all and tell us the truth. We need the truth. Um there's a lot of conspiracies that's happening for thousands and thousands of years. Um starting with Paul from the Bible. He's the one that [ __ ] it all up from the beginning. Anyways,",true
4772.0,2026-09-21 20:28:25,@MODERN-CAVEMAN-420,,"Holy fuck, what's the average IQ in these Hawaiian islands?",negative,vader,,"right? Not the artificial intelligence. We want the agent intelligence. It's not going to destroy it all and tell us the truth. We need the truth. Um there's a lot of conspiracies that's happening for thousands and thousands of years. Um starting with Paul from the Bible. He's the one that [ __ ] it all up from the beginning. Anyways,",true
4772.0,2026-09-21 20:28:25,@Donnieboy24,,diablo :face_with_tears_of_joy:,neutral,vader,,"right? Not the artificial intelligence. We want the agent intelligence. It's not going to destroy it all and tell us the truth. We need the truth. Um there's a lot of conspiracies that's happening for thousands and thousands of years. Um starting with Paul from the Bible. He's the one that [ __ ] it all up from the beginning. Anyways,",true
4772.0,2026-09-21 20:28:25,@ineverlutes,,"holy shit, new chair :eyes::eyes:",negative,vader,,"right? Not the artificial intelligence. We want the agent intelligence. It's not going to destroy it all and tell us the truth. We need the truth. Um there's a lot of conspiracies that's happening for thousands and thousands of years. Um starting with Paul from the Bible. He's the one that [ __ ] it all up from the beginning. Anyways,",true
4776.0,2026-09-21 20:28:29,@S.D.L-m1j,,:disguised_face:,neutral,vader,,"going to destroy it all and tell us the truth. We need the truth. Um there's a lot of conspiracies that's happening for thousands and thousands of years. Um starting with Paul from the Bible. He's the one that [ __ ] it all up from the beginning. Anyways, yeah. And then um also, would you give a",true
4778.0,2026-09-21 20:28:31,@jackcarr3361,,The ai is reading the tablets. What did I miss?,negative,vader,,"going to destroy it all and tell us the truth. We need the truth. Um there's a lot of conspiracies that's happening for thousands and thousands of years. Um starting with Paul from the Bible. He's the one that [ __ ] it all up from the beginning. Anyways, yeah. And then um also, would you give a 15-year-old that only had a year to live",true
4784.0,2026-09-21 20:28:37,@Reasonable6,,idiots,neutral,vader,,"thousands and thousands of years. Um starting with Paul from the Bible. He's the one that [ __ ] it all up from the beginning. Anyways, yeah. And then um also, would you give a 15-year-old that only had a year to live some psilocybin mushrooms? Um, [ __ ] yeah, you would. And would you give an 82year-old lady who's had some a little",true
4786.0,2026-09-21 20:28:39,@JimboTheComic,,I gotta get a new chair FUCK,negative,vader,,"starting with Paul from the Bible. He's the one that [ __ ] it all up from the beginning. Anyways, yeah. And then um also, would you give a 15-year-old that only had a year to live some psilocybin mushrooms? Um, [ __ ] yeah, you would. And would you give an 82year-old lady who's had some a little tiny bit of stroke, would you give her",true
4790.0,2026-09-21 20:28:43,@williamjohnson1302,,she assaulted our beloved chair,neutral,vader,,"the one that [ __ ] it all up from the beginning. Anyways, yeah. And then um also, would you give a 15-year-old that only had a year to live some psilocybin mushrooms? Um, [ __ ] yeah, you would. And would you give an 82year-old lady who's had some a little tiny bit of stroke, would you give her some psilocybin mushrooms? [ __ ] yeah.",true
4794.0,2026-09-21 20:28:47,@ineverlutes,,@diablo oh hell no :face_with_tears_of_joy:,negative,vader,,"yeah. And then um also, would you give a 15-year-old that only had a year to live some psilocybin mushrooms? Um, [ __ ] yeah, you would. And would you give an 82year-old lady who's had some a little tiny bit of stroke, would you give her some psilocybin mushrooms? [ __ ] yeah. I'm all about that psilocybin psychedelic therapy. So, we're waiting",true
4795.0,2026-09-21 20:28:48,@Gloobus.q,,50lbs overweight jimbo,negative,vader,,"yeah. And then um also, would you give a 15-year-old that only had a year to live some psilocybin mushrooms? Um, [ __ ] yeah, you would. And would you give an 82year-old lady who's had some a little tiny bit of stroke, would you give her some psilocybin mushrooms? [ __ ] yeah. I'm all about that psilocybin psychedelic therapy. So, we're waiting",true
4796.0,2026-09-21 20:28:49,@billyboing215,,bring back jim blow,neutral,vader,,"yeah. And then um also, would you give a 15-year-old that only had a year to live some psilocybin mushrooms? Um, [ __ ] yeah, you would. And would you give an 82year-old lady who's had some a little tiny bit of stroke, would you give her some psilocybin mushrooms? [ __ ] yeah. I'm all about that psilocybin psychedelic therapy. So, we're waiting patiently for mom to say okay and we'll",true
4798.0,2026-09-21 20:28:51,@POOPURL,,The fuck is this ,negative,vader,,"15-year-old that only had a year to live some psilocybin mushrooms? Um, [ __ ] yeah, you would. And would you give an 82year-old lady who's had some a little tiny bit of stroke, would you give her some psilocybin mushrooms? [ __ ] yeah. I'm all about that psilocybin psychedelic therapy. So, we're waiting patiently for mom to say okay and we'll",true
4799.0,2026-09-21 20:28:52,@Reasonable6,,morons,negative,vader,,"some psilocybin mushrooms? Um, [ __ ] yeah, you would. And would you give an 82year-old lady who's had some a little tiny bit of stroke, would you give her some psilocybin mushrooms? [ __ ] yeah. I'm all about that psilocybin psychedelic therapy. So, we're waiting patiently for mom to say okay and we'll see we'll let you know what happens.",true
4804.0,2026-09-21 20:28:57,@henryOP8749,,Chairs not new Jim sat on it and stripped the old paint off :rolling_on_the_floor_laughing: ,neutral,vader,,"82year-old lady who's had some a little tiny bit of stroke, would you give her some psilocybin mushrooms? [ __ ] yeah. I'm all about that psilocybin psychedelic therapy. So, we're waiting patiently for mom to say okay and we'll see we'll let you know what happens. She's down for it. I think I told her to to smoke a little weed because that will",true
4804.0,2026-09-21 20:28:57,@z28diablo,,Modern Caeman 420 has to be Dumpster Dan,negative,vader,,"82year-old lady who's had some a little tiny bit of stroke, would you give her some psilocybin mushrooms? [ __ ] yeah. I'm all about that psilocybin psychedelic therapy. So, we're waiting patiently for mom to say okay and we'll see we'll let you know what happens. She's down for it. I think I told her to to smoke a little weed because that will",true
4807.0,2026-09-21 20:29:00,@DRFROGGENETICS,,yes Mushrooms are good for you,positive,vader,,"tiny bit of stroke, would you give her some psilocybin mushrooms? [ __ ] yeah. I'm all about that psilocybin psychedelic therapy. So, we're waiting patiently for mom to say okay and we'll see we'll let you know what happens. She's down for it. I think I told her to to smoke a little weed because that will help expect her the lungs with the",true
4808.0,2026-09-21 20:29:01,@rocjames1,,Janice Chaplin. stay back,neutral,vader,,"tiny bit of stroke, would you give her some psilocybin mushrooms? [ __ ] yeah. I'm all about that psilocybin psychedelic therapy. So, we're waiting patiently for mom to say okay and we'll see we'll let you know what happens. She's down for it. I think I told her to to smoke a little weed because that will help expect her the lungs with the swallowing issue. You don't want to get",true
4813.0,2026-09-21 20:29:06,@aliwritesfunny,,:mushroom::mushroom::mushroom::mushroom::mushroom:,neutral,vader,,"I'm all about that psilocybin psychedelic therapy. So, we're waiting patiently for mom to say okay and we'll see we'll let you know what happens. She's down for it. I think I told her to to smoke a little weed because that will help expect her the lungs with the swallowing issue. You don't want to get pneumonia. So, a little bit of cannabis will help her get that out of her lungs",true
4815.0,2026-09-21 20:29:08,@billyboing215,,never thought I'd miss jim blow,positive,vader,,"psychedelic therapy. So, we're waiting patiently for mom to say okay and we'll see we'll let you know what happens. She's down for it. I think I told her to to smoke a little weed because that will help expect her the lungs with the swallowing issue. You don't want to get pneumonia. So, a little bit of cannabis will help her get that out of her lungs and she'll be healthy. So, just keep the",true
4816.0,2026-09-21 20:29:09,@Reasonable6,,typical jew,neutral,vader,,"psychedelic therapy. So, we're waiting patiently for mom to say okay and we'll see we'll let you know what happens. She's down for it. I think I told her to to smoke a little weed because that will help expect her the lungs with the swallowing issue. You don't want to get pneumonia. So, a little bit of cannabis will help her get that out of her lungs and she'll be healthy. So, just keep the",true
4818.0,2026-09-21 20:29:11,@TommyTheJarvis,,Bring back jomboooo,neutral,vader,,"patiently for mom to say okay and we'll see we'll let you know what happens. She's down for it. I think I told her to to smoke a little weed because that will help expect her the lungs with the swallowing issue. You don't want to get pneumonia. So, a little bit of cannabis will help her get that out of her lungs and she'll be healthy. So, just keep the prayers up for mom to keep being",true
4819.0,2026-09-21 20:29:12,@MODERN-CAVEMAN-420,,maybe this is why it's called comedy simulation.,positive,vader,,"patiently for mom to say okay and we'll see we'll let you know what happens. She's down for it. I think I told her to to smoke a little weed because that will help expect her the lungs with the swallowing issue. You don't want to get pneumonia. So, a little bit of cannabis will help her get that out of her lungs and she'll be healthy. So, just keep the prayers up for mom to keep being healthy. And my my dad's actually",true
4824.0,2026-09-21 20:29:17,@DRFROGGENETICS,,they rebuild your nervous system,negative,vader,,"to smoke a little weed because that will help expect her the lungs with the swallowing issue. You don't want to get pneumonia. So, a little bit of cannabis will help her get that out of her lungs and she'll be healthy. So, just keep the prayers up for mom to keep being healthy. And my my dad's actually starting a bank. Where was that joke? The lady made a joke about her dad had a",true
4824.0,2026-09-21 20:29:17,@kirsteneldridge4489,,Tainted chair ,neutral,vader,,"to smoke a little weed because that will help expect her the lungs with the swallowing issue. You don't want to get pneumonia. So, a little bit of cannabis will help her get that out of her lungs and she'll be healthy. So, just keep the prayers up for mom to keep being healthy. And my my dad's actually starting a bank. Where was that joke? The lady made a joke about her dad had a",true
4826.0,2026-09-21 20:29:19,@QUINNHAMELIN,,A drunk too no doubt,negative,vader,,"help expect her the lungs with the swallowing issue. You don't want to get pneumonia. So, a little bit of cannabis will help her get that out of her lungs and she'll be healthy. So, just keep the prayers up for mom to keep being healthy. And my my dad's actually starting a bank. Where was that joke? The lady made a joke about her dad had a bank, but last time I talked to him,",true
4826.0,2026-09-21 20:29:19,@DeronJohnson70,,:cigarette::cigarette::cigarette::cigarette::cigarette:,neutral,vader,,"help expect her the lungs with the swallowing issue. You don't want to get pneumonia. So, a little bit of cannabis will help her get that out of her lungs and she'll be healthy. So, just keep the prayers up for mom to keep being healthy. And my my dad's actually starting a bank. Where was that joke? The lady made a joke about her dad had a bank, but last time I talked to him,",true
4830.0,2026-09-21 20:29:23,@williamjohnson1302,,I thought my mom was crazy. i need to reconsider that,negative,vader,,"pneumonia. So, a little bit of cannabis will help her get that out of her lungs and she'll be healthy. So, just keep the prayers up for mom to keep being healthy. And my my dad's actually starting a bank. Where was that joke? The lady made a joke about her dad had a bank, but last time I talked to him, he's like, ""Yeah, I'm gonna be a bank. I'm having my own bank."" I'm like, ""Good",true
4831.0,2026-09-21 20:29:24,@JimboTheComic,,Billy you don’t know the good times when you’re in um,negative,vader,,"pneumonia. So, a little bit of cannabis will help her get that out of her lungs and she'll be healthy. So, just keep the prayers up for mom to keep being healthy. And my my dad's actually starting a bank. Where was that joke? The lady made a joke about her dad had a bank, but last time I talked to him, he's like, ""Yeah, I'm gonna be a bank. I'm having my own bank."" I'm like, ""Good",true
4831.0,2026-09-21 20:29:24,@jackcarr3361,,Trip goes wrong she might have another stroke ,negative,vader,,"pneumonia. So, a little bit of cannabis will help her get that out of her lungs and she'll be healthy. So, just keep the prayers up for mom to keep being healthy. And my my dad's actually starting a bank. Where was that joke? The lady made a joke about her dad had a bank, but last time I talked to him, he's like, ""Yeah, I'm gonna be a bank. I'm having my own bank."" I'm like, ""Good",true
4831.0,2026-09-21 20:29:24,@trentderzerstorer1838,,Not Funny At All :thumbs_down:,negative,vader,,"pneumonia. So, a little bit of cannabis will help her get that out of her lungs and she'll be healthy. So, just keep the prayers up for mom to keep being healthy. And my my dad's actually starting a bank. Where was that joke? The lady made a joke about her dad had a bank, but last time I talked to him, he's like, ""Yeah, I'm gonna be a bank. I'm having my own bank."" I'm like, ""Good",true
4832.0,2026-09-21 20:29:25,@S.D.L-m1j,,Did she glide onto the stage with those wings:face-green-smiling:,neutral,vader,,"pneumonia. So, a little bit of cannabis will help her get that out of her lungs and she'll be healthy. So, just keep the prayers up for mom to keep being healthy. And my my dad's actually starting a bank. Where was that joke? The lady made a joke about her dad had a bank, but last time I talked to him, he's like, ""Yeah, I'm gonna be a bank. I'm having my own bank."" I'm like, ""Good luck with that, Dad. I hope it's okay.""",true
4832.0,2026-09-21 20:29:25,@ineverlutes,,Jaundice Joplin,neutral,vader,,"pneumonia. So, a little bit of cannabis will help her get that out of her lungs and she'll be healthy. So, just keep the prayers up for mom to keep being healthy. And my my dad's actually starting a bank. Where was that joke? The lady made a joke about her dad had a bank, but last time I talked to him, he's like, ""Yeah, I'm gonna be a bank. I'm having my own bank."" I'm like, ""Good luck with that, Dad. I hope it's okay.""",true
4835.0,2026-09-21 20:29:28,@Zeroturn70,,Debbie Downer is back,neutral,vader,,"and she'll be healthy. So, just keep the prayers up for mom to keep being healthy. And my my dad's actually starting a bank. Where was that joke? The lady made a joke about her dad had a bank, but last time I talked to him, he's like, ""Yeah, I'm gonna be a bank. I'm having my own bank."" I'm like, ""Good luck with that, Dad. I hope it's okay."" But yeah, that's better than dealing",true
4835.0,2026-09-21 20:29:28,@melissasejba1820,,where's the comedy,positive,vader,,"and she'll be healthy. So, just keep the prayers up for mom to keep being healthy. And my my dad's actually starting a bank. Where was that joke? The lady made a joke about her dad had a bank, but last time I talked to him, he's like, ""Yeah, I'm gonna be a bank. I'm having my own bank."" I'm like, ""Good luck with that, Dad. I hope it's okay."" But yeah, that's better than dealing",true
4835.0,2026-09-21 20:29:28,@5882mcnastynate,,Do these people not know they are supposed to tell jokes wtf ,negative,vader,,"and she'll be healthy. So, just keep the prayers up for mom to keep being healthy. And my my dad's actually starting a bank. Where was that joke? The lady made a joke about her dad had a bank, but last time I talked to him, he's like, ""Yeah, I'm gonna be a bank. I'm having my own bank."" I'm like, ""Good luck with that, Dad. I hope it's okay."" But yeah, that's better than dealing",true
4839.0,2026-09-21 20:29:32,@Reasonable6,,Massachusetts already has it,neutral,vader,,"healthy. And my my dad's actually starting a bank. Where was that joke? The lady made a joke about her dad had a bank, but last time I talked to him, he's like, ""Yeah, I'm gonna be a bank. I'm having my own bank."" I'm like, ""Good luck with that, Dad. I hope it's okay."" But yeah, that's better than dealing cocaine like you did when I was a baby.",true
4845.0,2026-09-21 20:29:38,@z28diablo,,"Chino, we need you to clean wipe the chair please sir",positive,vader,,"The lady made a joke about her dad had a bank, but last time I talked to him, he's like, ""Yeah, I'm gonna be a bank. I'm having my own bank."" I'm like, ""Good luck with that, Dad. I hope it's okay."" But yeah, that's better than dealing cocaine like you did when I was a baby. It was what they call the disco mafia situation. I don't know. going up and",true
4845.0,2026-09-21 20:29:38,@goodviibes8573,,Call the cops that bitch rapped our fav comedian ,positive,vader,,"The lady made a joke about her dad had a bank, but last time I talked to him, he's like, ""Yeah, I'm gonna be a bank. I'm having my own bank."" I'm like, ""Good luck with that, Dad. I hope it's okay."" But yeah, that's better than dealing cocaine like you did when I was a baby. It was what they call the disco mafia situation. I don't know. going up and",true
4845.0,2026-09-21 20:29:38,@Mike-Alice-D-InWonderland,,"I stew shrooms, they're horrible otherwise",negative,vader,,"The lady made a joke about her dad had a bank, but last time I talked to him, he's like, ""Yeah, I'm gonna be a bank. I'm having my own bank."" I'm like, ""Good luck with that, Dad. I hope it's okay."" But yeah, that's better than dealing cocaine like you did when I was a baby. It was what they call the disco mafia situation. I don't know. going up and",true
4846.0,2026-09-21 20:29:39,@moneymagic6119,,:mushroom: :hamsa:,neutral,vader,,"bank, but last time I talked to him, he's like, ""Yeah, I'm gonna be a bank. I'm having my own bank."" I'm like, ""Good luck with that, Dad. I hope it's okay."" But yeah, that's better than dealing cocaine like you did when I was a baby. It was what they call the disco mafia situation. I don't know. going up and",true
4850.0,2026-09-21 20:29:43,@billyboing215,,"remember when jim blow was on, good times",positive,vader,,"I'm having my own bank."" I'm like, ""Good luck with that, Dad. I hope it's okay."" But yeah, that's better than dealing cocaine like you did when I was a baby. It was what they call the disco mafia situation. I don't know. going up and down the coast doing the disco with a partner and everything and selling",true
4850.0,2026-09-21 20:29:43,@EricNelson1236,,"make sure they're not laced with glass,they will trip you out",positive,vader,,"I'm having my own bank."" I'm like, ""Good luck with that, Dad. I hope it's okay."" But yeah, that's better than dealing cocaine like you did when I was a baby. It was what they call the disco mafia situation. I don't know. going up and down the coast doing the disco with a partner and everything and selling",true
4853.0,2026-09-21 20:29:46,@McMisfit,,"yeah smoking""s great for the lungs",positive,vader,,"luck with that, Dad. I hope it's okay."" But yeah, that's better than dealing cocaine like you did when I was a baby. It was what they call the disco mafia situation. I don't know. going up and down the coast doing the disco with a partner and everything and selling cocaine and um so yeah I'm product of that",true
4858.0,2026-09-21 20:29:51,@zarnath1689,,She’s just trauma dumping ,negative,vader,,"But yeah, that's better than dealing cocaine like you did when I was a baby. It was what they call the disco mafia situation. I don't know. going up and down the coast doing the disco with a partner and everything and selling cocaine and um so yeah I'm product of that >> and then he came to Maui",true
4860.0,2026-09-21 20:29:53,@alisonwayland6057,,okie dokie,neutral,vader,,It was what they call the disco mafia situation. I don't know. going up and down the coast doing the disco with a partner and everything and selling cocaine and um so yeah I'm product of that >> and then he came to Maui and he got saved he was now he's a born,true
4863.0,2026-09-21 20:29:56,@QUINNHAMELIN,,Hope Dad is Jewish,positive,vader,,It was what they call the disco mafia situation. I don't know. going up and down the coast doing the disco with a partner and everything and selling cocaine and um so yeah I'm product of that >> and then he came to Maui and he got saved he was now he's a born again Christian so he taught me a lot,true
4866.0,2026-09-21 20:29:59,@HollywoodStar2026,,"Sem is actually provide an upbeat set, somparatively",neutral,vader,,situation. I don't know. going up and down the coast doing the disco with a partner and everything and selling cocaine and um so yeah I'm product of that >> and then he came to Maui and he got saved he was now he's a born again Christian so he taught me a lot about Jesus my father,true
4866.0,2026-09-21 20:29:59,@henryOP8749,,Professor Mcgonewithjokes,neutral,vader,,situation. I don't know. going up and down the coast doing the disco with a partner and everything and selling cocaine and um so yeah I'm product of that >> and then he came to Maui and he got saved he was now he's a born again Christian so he taught me a lot about Jesus my father,true
4867.0,2026-09-21 20:30:00,@greendayisawesome123,,When do the jokes start ,positive,vader,,down the coast doing the disco with a partner and everything and selling cocaine and um so yeah I'm product of that >> and then he came to Maui and he got saved he was now he's a born again Christian so he taught me a lot about Jesus my father,true
4868.0,2026-09-21 20:30:01,@williamjohnson1302,,she just had a lame convo with us for 5 mins.. feep cheated,negative,vader,,down the coast doing the disco with a partner and everything and selling cocaine and um so yeah I'm product of that >> and then he came to Maui and he got saved he was now he's a born again Christian so he taught me a lot about Jesus my father and if he couldn't be there at least my,true
4870.0,2026-09-21 20:30:03,@JimboTheComic,,Saved from Coke? Doesn’t work like that ,positive,vader,,partner and everything and selling cocaine and um so yeah I'm product of that >> and then he came to Maui and he got saved he was now he's a born again Christian so he taught me a lot about Jesus my father and if he couldn't be there at least my heavenly father was there for me,true
4876.0,2026-09-21 20:30:09,@Slice2112,,"Loool good god woman, what are we talking about??",positive,vader,,and um so yeah I'm product of that >> and then he came to Maui and he got saved he was now he's a born again Christian so he taught me a lot about Jesus my father and if he couldn't be there at least my heavenly father was there for me I guess so but the real thing is um the power is,true
4876.0,2026-09-21 20:30:09,@Gloobus.q,,Damn fent really needs to hit Hawaii ,negative,vader,,and um so yeah I'm product of that >> and then he came to Maui and he got saved he was now he's a born again Christian so he taught me a lot about Jesus my father and if he couldn't be there at least my heavenly father was there for me I guess so but the real thing is um the power is,true
4877.0,2026-09-21 20:30:10,@ineverlutes,,alright alright ,positive,vader,,and um so yeah I'm product of that >> and then he came to Maui and he got saved he was now he's a born again Christian so he taught me a lot about Jesus my father and if he couldn't be there at least my heavenly father was there for me I guess so but the real thing is um the power is,true
4884.0,2026-09-21 20:30:17,@JimboTheComic,,Oh boy ,neutral,vader,,"again Christian so he taught me a lot about Jesus my father and if he couldn't be there at least my heavenly father was there for me I guess so but the real thing is um the power is within, right? And 9/11 was an inside job. It's by the deep state",true
4885.0,2026-09-21 20:30:18,@moneymagic6119,,NEXT,neutral,vader,,"again Christian so he taught me a lot about Jesus my father and if he couldn't be there at least my heavenly father was there for me I guess so but the real thing is um the power is within, right? And 9/11 was an inside job. It's by the deep state",true
4886.0,2026-09-21 20:30:19,@sunkissed335,,:coffin::chair:RIP,neutral,vader,,"about Jesus my father and if he couldn't be there at least my heavenly father was there for me I guess so but the real thing is um the power is within, right? And 9/11 was an inside job. It's by the deep state",true
4887.0,2026-09-21 20:30:20,@billyboing215,,jim blow set this up to look good,positive,vader,,"about Jesus my father and if he couldn't be there at least my heavenly father was there for me I guess so but the real thing is um the power is within, right? And 9/11 was an inside job. It's by the deep state >> and Israel. I said it, didn't I?",true
4888.0,2026-09-21 20:30:21,@DRFROGGENETICS,,smoking cannabis will increase your testosterone by 25 percent,positive,vader,,"and if he couldn't be there at least my heavenly father was there for me I guess so but the real thing is um the power is within, right? And 9/11 was an inside job. It's by the deep state >> and Israel. I said it, didn't I?",true
4889.0,2026-09-21 20:30:22,@ineverlutes,,"""and i'm on the spectrum"" you don't say ",neutral,vader,,"and if he couldn't be there at least my heavenly father was there for me I guess so but the real thing is um the power is within, right? And 9/11 was an inside job. It's by the deep state >> and Israel. I said it, didn't I?",true
4892.0,2026-09-21 20:30:25,@JimboTheComic,,Someone come get their drunk uncle ,negative,vader,,"heavenly father was there for me I guess so but the real thing is um the power is within, right? And 9/11 was an inside job. It's by the deep state >> and Israel. I said it, didn't I?",true
4893.0,2026-09-21 20:30:26,@DeronJohnson70,,:place_of_worship::place_of_worship::place_of_worship:,neutral,vader,,"I guess so but the real thing is um the power is within, right? And 9/11 was an inside job. It's by the deep state >> and Israel. I said it, didn't I?",true
4894.0,2026-09-21 20:30:27,@williamjohnson1302,,apl,neutral,vader,,"I guess so but the real thing is um the power is within, right? And 9/11 was an inside job. It's by the deep state >> and Israel. I said it, didn't I?",true
4901.0,2026-09-21 20:30:34,@STICKY_tt6,,dumpin a bump on everyone .,neutral,vader,,"within, right? And 9/11 was an inside job. It's by the deep state >> and Israel. I said it, didn't I? >> [applause] >> If anyone accuses this open mic as being",true
4901.0,2026-09-21 20:30:34,@alisonwayland6057,,accept Chair as your lord and savior,positive,vader,,"within, right? And 9/11 was an inside job. It's by the deep state >> and Israel. I said it, didn't I? >> [applause] >> If anyone accuses this open mic as being",true
4902.0,2026-09-21 20:30:35,@b-da-b,,Cringe,neutral,vader,,"within, right? And 9/11 was an inside job. It's by the deep state >> and Israel. I said it, didn't I? >> [applause] >> If anyone accuses this open mic as being",true
4903.0,2026-09-21 20:30:36,@S.D.L-m1j,,what's happening here?:face-fuchsia-wide-eyes:,neutral,vader,,"within, right? And 9/11 was an inside job. It's by the deep state >> and Israel. I said it, didn't I? >> [applause] >> If anyone accuses this open mic as being not open, I use that as example as",true
4903.0,2026-09-21 20:30:36,@POOPURL,,W,neutral,vader,,"within, right? And 9/11 was an inside job. It's by the deep state >> and Israel. I said it, didn't I? >> [applause] >> If anyone accuses this open mic as being not open, I use that as example as",true
4904.0,2026-09-21 20:30:37,@Gloobus.q,,Is this Shane?,neutral,vader,,">> and Israel. I said it, didn't I? >> [applause] >> If anyone accuses this open mic as being not open, I use that as example as",true
4904.0,2026-09-21 20:30:37,@rocjames1,,Captain and tenille. love won't get us together,positive,vader,,">> and Israel. I said it, didn't I? >> [applause] >> If anyone accuses this open mic as being not open, I use that as example as",true
4905.0,2026-09-21 20:30:38,@LilSmokeytheTruthTeller,,Put her back in the cocoon please,positive,vader,,">> and Israel. I said it, didn't I? >> [applause] >> If anyone accuses this open mic as being not open, I use that as example as",true
4905.0,2026-09-21 20:30:38,@z28diablo,,Chair is the one true Heavenly Father,positive,vader,,">> and Israel. I said it, didn't I? >> [applause] >> If anyone accuses this open mic as being not open, I use that as example as",true
4909.0,2026-09-21 20:30:42,@billyboing215,,so sad,negative,vader,,">> and Israel. I said it, didn't I? >> [applause] >> If anyone accuses this open mic as being not open, I use that as example as exhibit A, B, and C. >> You can generally say whatever you want,",true
4910.0,2026-09-21 20:30:43,@MODERN-CAVEMAN-420,,two chairs?!,neutral,vader,,">> and Israel. I said it, didn't I? >> [applause] >> If anyone accuses this open mic as being not open, I use that as example as exhibit A, B, and C. >> You can generally say whatever you want, no matter who no matter whom agrees with",true
4910.0,2026-09-21 20:30:43,@Hackofalltrades-mh5fq,,OH OH,neutral,vader,,">> and Israel. I said it, didn't I? >> [applause] >> If anyone accuses this open mic as being not open, I use that as example as exhibit A, B, and C. >> You can generally say whatever you want, no matter who no matter whom agrees with",true
4911.0,2026-09-21 20:30:44,@williamjohnson1302,,Apollo clown *runs out with broom*,neutral,vader,,">> [applause] >> If anyone accuses this open mic as being not open, I use that as example as exhibit A, B, and C. >> You can generally say whatever you want, no matter who no matter whom agrees with",true
4913.0,2026-09-21 20:30:46,@goodviibes8573,,What’s the cape for ?? ,neutral,vader,,">> [applause] >> If anyone accuses this open mic as being not open, I use that as example as exhibit A, B, and C. >> You can generally say whatever you want, no matter who no matter whom agrees with you or disagrees. Uh,",true
4914.0,2026-09-21 20:30:47,@DeronJohnson70,,The Jews ,neutral,vader,,">> [applause] >> If anyone accuses this open mic as being not open, I use that as example as exhibit A, B, and C. >> You can generally say whatever you want, no matter who no matter whom agrees with you or disagrees. Uh,",true
4915.0,2026-09-21 20:30:48,@DRFROGGENETICS,,did she say fuck Israel,negative,vader,,">> [applause] >> If anyone accuses this open mic as being not open, I use that as example as exhibit A, B, and C. >> You can generally say whatever you want, no matter who no matter whom agrees with you or disagrees. Uh,",true
4915.0,2026-09-21 20:30:48,@McMisfit,,druauntie,neutral,vader,,">> [applause] >> If anyone accuses this open mic as being not open, I use that as example as exhibit A, B, and C. >> You can generally say whatever you want, no matter who no matter whom agrees with you or disagrees. Uh,",true
4915.0,2026-09-21 20:30:48,@JimboTheComic,,ALL HAIL CHAIR ,positive,vader,,">> [applause] >> If anyone accuses this open mic as being not open, I use that as example as exhibit A, B, and C. >> You can generally say whatever you want, no matter who no matter whom agrees with you or disagrees. Uh,",true
4916.0,2026-09-21 20:30:49,@henryOP8749,,I have a druncle chair,neutral,vader,,">> If anyone accuses this open mic as being not open, I use that as example as exhibit A, B, and C. >> You can generally say whatever you want, no matter who no matter whom agrees with you or disagrees. Uh,",true
4917.0,2026-09-21 20:30:50,@STICKY_tt6,,:thumbs_down:,neutral,vader,,">> If anyone accuses this open mic as being not open, I use that as example as exhibit A, B, and C. >> You can generally say whatever you want, no matter who no matter whom agrees with you or disagrees. Uh, so that's it for us being monetized, but",true
4917.0,2026-09-21 20:30:50,@ineverlutes,,@jimbo :rolling_on_the_floor_laughing::rolling_on_the_floor_laughing: nice,positive,vader,,">> If anyone accuses this open mic as being not open, I use that as example as exhibit A, B, and C. >> You can generally say whatever you want, no matter who no matter whom agrees with you or disagrees. Uh, so that's it for us being monetized, but",true
4921.0,2026-09-21 20:30:54,@aliwritesfunny,,:fish-orange-wide-eyes:,neutral,vader,,">> If anyone accuses this open mic as being not open, I use that as example as exhibit A, B, and C. >> You can generally say whatever you want, no matter who no matter whom agrees with you or disagrees. Uh, so that's it for us being monetized, but we can try another angle in [laughter]",true
4927.0,2026-09-21 20:31:00,@alisonwayland6057,,ALL HAIL CHAIR!!!!,positive,vader,,"exhibit A, B, and C. >> You can generally say whatever you want, no matter who no matter whom agrees with you or disagrees. Uh, so that's it for us being monetized, but we can try another angle in [laughter] No, I'm not joking. They're not monetizing us, guys. We've been trying for months. They're not monetizing us. So, uh, we're going to have to do this",true
4933.0,2026-09-21 20:31:06,@Reasonable6,,good I sell t shirts that says israel did 911,positive,vader,,"no matter who no matter whom agrees with you or disagrees. Uh, so that's it for us being monetized, but we can try another angle in [laughter] No, I'm not joking. They're not monetizing us, guys. We've been trying for months. They're not monetizing us. So, uh, we're going to have to do this the oldfashioned way. Uh, we'll be filling up Molotov cocktails in the corner. No. Um, we'll find a way to turn",true
4934.0,2026-09-21 20:31:07,@goodviibes8573,,Please wipe the chair chino ,positive,vader,,"no matter who no matter whom agrees with you or disagrees. Uh, so that's it for us being monetized, but we can try another angle in [laughter] No, I'm not joking. They're not monetizing us, guys. We've been trying for months. They're not monetizing us. So, uh, we're going to have to do this the oldfashioned way. Uh, we'll be filling up Molotov cocktails in the corner. No. Um, we'll find a way to turn",true
4934.0,2026-09-21 20:31:07,@Mike-Alice-D-InWonderland,,"sir, she farted on the chair",neutral,vader,,"no matter who no matter whom agrees with you or disagrees. Uh, so that's it for us being monetized, but we can try another angle in [laughter] No, I'm not joking. They're not monetizing us, guys. We've been trying for months. They're not monetizing us. So, uh, we're going to have to do this the oldfashioned way. Uh, we'll be filling up Molotov cocktails in the corner. No. Um, we'll find a way to turn",true
4935.0,2026-09-21 20:31:08,@QUINNHAMELIN,,We need more Jewish comedians at least they're funny,positive,vader,,"you or disagrees. Uh, so that's it for us being monetized, but we can try another angle in [laughter] No, I'm not joking. They're not monetizing us, guys. We've been trying for months. They're not monetizing us. So, uh, we're going to have to do this the oldfashioned way. Uh, we'll be filling up Molotov cocktails in the corner. No. Um, we'll find a way to turn",true
4935.0,2026-09-21 20:31:08,@TommyTheJarvis,,Chino and Jombo the real ones ,neutral,vader,,"you or disagrees. Uh, so that's it for us being monetized, but we can try another angle in [laughter] No, I'm not joking. They're not monetizing us, guys. We've been trying for months. They're not monetizing us. So, uh, we're going to have to do this the oldfashioned way. Uh, we'll be filling up Molotov cocktails in the corner. No. Um, we'll find a way to turn",true
4938.0,2026-09-21 20:31:11,@GregDouchette,,"In hindsight, Jimbo did phenomenal :rolling_on_the_floor_laughing:",neutral,vader,,"so that's it for us being monetized, but we can try another angle in [laughter] No, I'm not joking. They're not monetizing us, guys. We've been trying for months. They're not monetizing us. So, uh, we're going to have to do this the oldfashioned way. Uh, we'll be filling up Molotov cocktails in the corner. No. Um, we'll find a way to turn this into money or not. Who gives a",true
4939.0,2026-09-21 20:31:12,@moneymagic6119,,GIVE CHAIR MIC,neutral,vader,,"so that's it for us being monetized, but we can try another angle in [laughter] No, I'm not joking. They're not monetizing us, guys. We've been trying for months. They're not monetizing us. So, uh, we're going to have to do this the oldfashioned way. Uh, we'll be filling up Molotov cocktails in the corner. No. Um, we'll find a way to turn this into money or not. Who gives a [ __ ] Your, ladies and gentlemen, your",true
4939.0,2026-09-21 20:31:12,@POOPURL,,Put the chair on the mic ,neutral,vader,,"so that's it for us being monetized, but we can try another angle in [laughter] No, I'm not joking. They're not monetizing us, guys. We've been trying for months. They're not monetizing us. So, uh, we're going to have to do this the oldfashioned way. Uh, we'll be filling up Molotov cocktails in the corner. No. Um, we'll find a way to turn this into money or not. Who gives a [ __ ] Your, ladies and gentlemen, your",true
4942.0,2026-09-21 20:31:15,@S.D.L-m1j,,she just got put on a watchlist:face-green-smiling:,neutral,vader,,"No, I'm not joking. They're not monetizing us, guys. We've been trying for months. They're not monetizing us. So, uh, we're going to have to do this the oldfashioned way. Uh, we'll be filling up Molotov cocktails in the corner. No. Um, we'll find a way to turn this into money or not. Who gives a [ __ ] Your, ladies and gentlemen, your next comic uh is running a lot of AI",true
4944.0,2026-09-21 20:31:17,@Hackofalltrades-mh5fq,,chairish the chair,neutral,vader,,"monetizing us, guys. We've been trying for months. They're not monetizing us. So, uh, we're going to have to do this the oldfashioned way. Uh, we'll be filling up Molotov cocktails in the corner. No. Um, we'll find a way to turn this into money or not. Who gives a [ __ ] Your, ladies and gentlemen, your next comic uh is running a lot of AI programs alongside of our show. I He",true
4949.0,2026-09-21 20:31:22,@billyboing215,,ask your parents for money,neutral,vader,,"the oldfashioned way. Uh, we'll be filling up Molotov cocktails in the corner. No. Um, we'll find a way to turn this into money or not. Who gives a [ __ ] Your, ladies and gentlemen, your next comic uh is running a lot of AI programs alongside of our show. I He talks and tells me what he's doing, but",true
4959.0,2026-09-21 20:31:32,@JimboTheComic,,Idk what mister e is doing ,negative,vader,,"[ __ ] Your, ladies and gentlemen, your next comic uh is running a lot of AI programs alongside of our show. I He talks and tells me what he's doing, but I don't understand it. And uh I tell him to stop telling me. Maybe he'll tell you. Ladies and gentlemen, go for Mr. E.",true
4961.0,2026-09-21 20:31:34,@williamjohnson1302,,I called the cops for the chair. we got his back,neutral,vader,,"[ __ ] Your, ladies and gentlemen, your next comic uh is running a lot of AI programs alongside of our show. I He talks and tells me what he's doing, but I don't understand it. And uh I tell him to stop telling me. Maybe he'll tell you. Ladies and gentlemen, go for Mr. E.",true
4960.0,2026-09-21 20:31:33,@McMisfit,,that sucks,negative,vader,,"[ __ ] Your, ladies and gentlemen, your next comic uh is running a lot of AI programs alongside of our show. I He talks and tells me what he's doing, but I don't understand it. And uh I tell him to stop telling me. Maybe he'll tell you. Ladies and gentlemen, go for Mr. E.",true
4965.0,2026-09-21 20:31:38,@Reasonable6,,W char,neutral,vader,,"next comic uh is running a lot of AI programs alongside of our show. I He talks and tells me what he's doing, but I don't understand it. And uh I tell him to stop telling me. Maybe he'll tell you. Ladies and gentlemen, go for Mr. E. NAH, I don't think you deserve it yet.",true
4966.0,2026-09-21 20:31:39,@henryOP8749,,The chair of charity apparently ,positive,vader,,"programs alongside of our show. I He talks and tells me what he's doing, but I don't understand it. And uh I tell him to stop telling me. Maybe he'll tell you. Ladies and gentlemen, go for Mr. E. NAH, I don't think you deserve it yet.",true
4966.0,2026-09-21 20:31:39,@POOPURL,,Chair needs to talk ,neutral,vader,,"programs alongside of our show. I He talks and tells me what he's doing, but I don't understand it. And uh I tell him to stop telling me. Maybe he'll tell you. Ladies and gentlemen, go for Mr. E. NAH, I don't think you deserve it yet.",true
4967.0,2026-09-21 20:31:40,@JimboTheComic,,I’m on his list for sure ,positive,vader,,"programs alongside of our show. I He talks and tells me what he's doing, but I don't understand it. And uh I tell him to stop telling me. Maybe he'll tell you. Ladies and gentlemen, go for Mr. E. NAH, I don't think you deserve it yet. Couple people in the crowd. I don't",true
4968.0,2026-09-21 20:31:41,@sunkissed335,,:dove::chair: the chair is no longer with us:crying_face:,negative,vader,,"programs alongside of our show. I He talks and tells me what he's doing, but I don't understand it. And uh I tell him to stop telling me. Maybe he'll tell you. Ladies and gentlemen, go for Mr. E. NAH, I don't think you deserve it yet. Couple people in the crowd. I don't know. It ain't all you, but it's some of",true
4969.0,2026-09-21 20:31:42,@goodviibes8573,,Don’t fucking touch the chair next comic ,neutral,vader,,"talks and tells me what he's doing, but I don't understand it. And uh I tell him to stop telling me. Maybe he'll tell you. Ladies and gentlemen, go for Mr. E. NAH, I don't think you deserve it yet. Couple people in the crowd. I don't know. It ain't all you, but it's some of",true
4971.0,2026-09-21 20:31:44,@DRFROGGENETICS,,we need less Jewish period,neutral,vader,,"talks and tells me what he's doing, but I don't understand it. And uh I tell him to stop telling me. Maybe he'll tell you. Ladies and gentlemen, go for Mr. E. NAH, I don't think you deserve it yet. Couple people in the crowd. I don't know. It ain't all you, but it's some of you. Give it up for Chino, everyone.",true
4971.0,2026-09-21 20:31:44,@Reasonable6,,chat,neutral,vader,,"talks and tells me what he's doing, but I don't understand it. And uh I tell him to stop telling me. Maybe he'll tell you. Ladies and gentlemen, go for Mr. E. NAH, I don't think you deserve it yet. Couple people in the crowd. I don't know. It ain't all you, but it's some of you. Give it up for Chino, everyone.",true
4983.0,2026-09-21 20:31:56,@z28diablo,,"Jimbo, it's always a MIster E",neutral,vader,,"NAH, I don't think you deserve it yet. Couple people in the crowd. I don't know. It ain't all you, but it's some of you. Give it up for Chino, everyone. Holy [ __ ] Shane Nelson can sit on stage talking about buying hookers for kids and want to feed him drugs and I get called a pedophile. Can we be realistic, Jimbo? Your girlfriend looks like a",true
4983.0,2026-09-21 20:31:56,@McMisfit,,nerd,negative,vader,,"NAH, I don't think you deserve it yet. Couple people in the crowd. I don't know. It ain't all you, but it's some of you. Give it up for Chino, everyone. Holy [ __ ] Shane Nelson can sit on stage talking about buying hookers for kids and want to feed him drugs and I get called a pedophile. Can we be realistic, Jimbo? Your girlfriend looks like a",true
4989.0,2026-09-21 20:32:02,@williamjohnson1302,,uni bomber lookin arse,neutral,vader,,"know. It ain't all you, but it's some of you. Give it up for Chino, everyone. Holy [ __ ] Shane Nelson can sit on stage talking about buying hookers for kids and want to feed him drugs and I get called a pedophile. Can we be realistic, Jimbo? Your girlfriend looks like a quarter pound without cheese next to you. You're called me a pedophile. Be real.",true
4991.0,2026-09-21 20:32:04,@Gloobus.q,,Mr. (Rap) E,neutral,vader,,"know. It ain't all you, but it's some of you. Give it up for Chino, everyone. Holy [ __ ] Shane Nelson can sit on stage talking about buying hookers for kids and want to feed him drugs and I get called a pedophile. Can we be realistic, Jimbo? Your girlfriend looks like a quarter pound without cheese next to you. You're called me a pedophile. Be real.",true
4993.0,2026-09-21 20:32:06,@alisonwayland6057,,is it cold there?,neutral,vader,,"you. Give it up for Chino, everyone. Holy [ __ ] Shane Nelson can sit on stage talking about buying hookers for kids and want to feed him drugs and I get called a pedophile. Can we be realistic, Jimbo? Your girlfriend looks like a quarter pound without cheese next to you. You're called me a pedophile. Be real. [ __ ] I give I give adults sacraments to",true
4994.0,2026-09-21 20:32:07,@goodviibes8573,,This guy sells meth for sure ,positive,vader,,"you. Give it up for Chino, everyone. Holy [ __ ] Shane Nelson can sit on stage talking about buying hookers for kids and want to feed him drugs and I get called a pedophile. Can we be realistic, Jimbo? Your girlfriend looks like a quarter pound without cheese next to you. You're called me a pedophile. Be real. [ __ ] I give I give adults sacraments to",true
4996.0,2026-09-21 20:32:09,@POOPURL,,???,neutral,vader,,"talking about buying hookers for kids and want to feed him drugs and I get called a pedophile. Can we be realistic, Jimbo? Your girlfriend looks like a quarter pound without cheese next to you. You're called me a pedophile. Be real. [ __ ] I give I give adults sacraments to find their healing. Come on, be",true
4997.0,2026-09-21 20:32:10,@JimboTheComic,,Look at him ,neutral,vader,,"talking about buying hookers for kids and want to feed him drugs and I get called a pedophile. Can we be realistic, Jimbo? Your girlfriend looks like a quarter pound without cheese next to you. You're called me a pedophile. Be real. [ __ ] I give I give adults sacraments to find their healing. Come on, be realistic. You're on the dark side. I",true
4997.0,2026-09-21 20:32:10,@GregDouchette,,Didn’t know the unabomber did comedy ,positive,vader,,"talking about buying hookers for kids and want to feed him drugs and I get called a pedophile. Can we be realistic, Jimbo? Your girlfriend looks like a quarter pound without cheese next to you. You're called me a pedophile. Be real. [ __ ] I give I give adults sacraments to find their healing. Come on, be realistic. You're on the dark side. I",true
4998.0,2026-09-21 20:32:11,@rocjames1,,chair had too much ass,negative,vader,,"and want to feed him drugs and I get called a pedophile. Can we be realistic, Jimbo? Your girlfriend looks like a quarter pound without cheese next to you. You're called me a pedophile. Be real. [ __ ] I give I give adults sacraments to find their healing. Come on, be realistic. You're on the dark side. I",true
4999.0,2026-09-21 20:32:12,@IfyouZayzo,,lmao poor jimbo,positive,vader,,"and want to feed him drugs and I get called a pedophile. Can we be realistic, Jimbo? Your girlfriend looks like a quarter pound without cheese next to you. You're called me a pedophile. Be real. [ __ ] I give I give adults sacraments to find their healing. Come on, be realistic. You're on the dark side. I",true
5000.0,2026-09-21 20:32:13,@jackcarr3361,,Both can be true ,positive,vader,,"and want to feed him drugs and I get called a pedophile. Can we be realistic, Jimbo? Your girlfriend looks like a quarter pound without cheese next to you. You're called me a pedophile. Be real. [ __ ] I give I give adults sacraments to find their healing. Come on, be realistic. You're on the dark side. I love my side.",true
5003.0,2026-09-21 20:32:16,@henryOP8749,,Crowd so worked up the chair is funnier so they remove it from the set :rolling_on_the_floor_laughing: ,positive,vader,,"Jimbo? Your girlfriend looks like a quarter pound without cheese next to you. You're called me a pedophile. Be real. [ __ ] I give I give adults sacraments to find their healing. Come on, be realistic. You're on the dark side. I love my side.",true
5004.0,2026-09-21 20:32:17,@Slice2112,,Sounds like something a pedo would say ,positive,vader,,"quarter pound without cheese next to you. You're called me a pedophile. Be real. [ __ ] I give I give adults sacraments to find their healing. Come on, be realistic. You're on the dark side. I love my side. Oh man.",true
5006.0,2026-09-21 20:32:19,@moneymagic6119,,:face_with_tears_of_joy::face_with_tears_of_joy::face_with_tears_of_joy:,neutral,vader,,"quarter pound without cheese next to you. You're called me a pedophile. Be real. [ __ ] I give I give adults sacraments to find their healing. Come on, be realistic. You're on the dark side. I love my side. Oh man.",true
5010.0,2026-09-21 20:32:23,@TommyTheJarvis,,This just got real ,neutral,vader,,"[ __ ] I give I give adults sacraments to find their healing. Come on, be realistic. You're on the dark side. I love my side. Oh man. >> Daddy. Daddy. I just hope you know you're the one that people are praying",true
5010.0,2026-09-21 20:32:23,@QUINNHAMELIN,,I think he may be funny,positive,vader,,"[ __ ] I give I give adults sacraments to find their healing. Come on, be realistic. You're on the dark side. I love my side. Oh man. >> Daddy. Daddy. I just hope you know you're the one that people are praying",true
5010.0,2026-09-21 20:32:23,@McMisfit,,he looks like a drug dealer,positive,vader,,"[ __ ] I give I give adults sacraments to find their healing. Come on, be realistic. You're on the dark side. I love my side. Oh man. >> Daddy. Daddy. I just hope you know you're the one that people are praying",true
5011.0,2026-09-21 20:32:24,@EricNelson1236,,"the big d shaped grey cloud scared her,weather",negative,vader,,"[ __ ] I give I give adults sacraments to find their healing. Come on, be realistic. You're on the dark side. I love my side. Oh man. >> Daddy. Daddy. I just hope you know you're the one that people are praying",true
5012.0,2026-09-21 20:32:25,@IfyouZayzo,,why we shitting on jimbo,negative,vader,,"[ __ ] I give I give adults sacraments to find their healing. Come on, be realistic. You're on the dark side. I love my side. Oh man. >> Daddy. Daddy. I just hope you know you're the one that people are praying to stay away from the Lu Ouija board.",true
5013.0,2026-09-21 20:32:26,@OxyStrike,,Scitzo comedy show ,positive,vader,,"[ __ ] I give I give adults sacraments to find their healing. Come on, be realistic. You're on the dark side. I love my side. Oh man. >> Daddy. Daddy. I just hope you know you're the one that people are praying to stay away from the Lu Ouija board.",true
5013.0,2026-09-21 20:32:26,@Reasonable6,,another jew,neutral,vader,,"[ __ ] I give I give adults sacraments to find their healing. Come on, be realistic. You're on the dark side. I love my side. Oh man. >> Daddy. Daddy. I just hope you know you're the one that people are praying to stay away from the Lu Ouija board.",true
5014.0,2026-09-21 20:32:27,@JimboTheComic,,Get him chat ,neutral,vader,,"[ __ ] I give I give adults sacraments to find their healing. Come on, be realistic. You're on the dark side. I love my side. Oh man. >> Daddy. Daddy. I just hope you know you're the one that people are praying to stay away from the Lu Ouija board.",true
5014.0,2026-09-21 20:32:27,@alisonwayland6057,,coming in hot,neutral,vader,,"[ __ ] I give I give adults sacraments to find their healing. Come on, be realistic. You're on the dark side. I love my side. Oh man. >> Daddy. Daddy. I just hope you know you're the one that people are praying to stay away from the Lu Ouija board.",true
5017.0,2026-09-21 20:32:30,@greendayisawesome123,,Ah ,neutral,vader,,"find their healing. Come on, be realistic. You're on the dark side. I love my side. Oh man. >> Daddy. Daddy. I just hope you know you're the one that people are praying to stay away from the Lu Ouija board. >> God, you're so creepy.",true
5017.0,2026-09-21 20:32:30,@aliwritesfunny,,Where’s Chris Hansen when you need him ,neutral,vader,,"find their healing. Come on, be realistic. You're on the dark side. I love my side. Oh man. >> Daddy. Daddy. I just hope you know you're the one that people are praying to stay away from the Lu Ouija board. >> God, you're so creepy.",true
5017.0,2026-09-21 20:32:30,@ineverlutes,,speak on it E :speaking_head::speaking_head::speaking_head:,neutral,vader,,"find their healing. Come on, be realistic. You're on the dark side. I love my side. Oh man. >> Daddy. Daddy. I just hope you know you're the one that people are praying to stay away from the Lu Ouija board. >> God, you're so creepy.",true
5018.0,2026-09-21 20:32:31,@kirsteneldridge4489,,He’s pretty defensive :eyes:,positive,vader,,"realistic. You're on the dark side. I love my side. Oh man. >> Daddy. Daddy. I just hope you know you're the one that people are praying to stay away from the Lu Ouija board. >> God, you're so creepy. I don't I I I'm pretty sure it's stupid",true
5018.0,2026-09-21 20:32:31,@goodviibes8573,,He has 3 teeth :tooth: ,neutral,vader,,"realistic. You're on the dark side. I love my side. Oh man. >> Daddy. Daddy. I just hope you know you're the one that people are praying to stay away from the Lu Ouija board. >> God, you're so creepy. I don't I I I'm pretty sure it's stupid",true
5021.0,2026-09-21 20:32:34,@Reasonable6,,what a surprise,positive,vader,,"Oh man. >> Daddy. Daddy. I just hope you know you're the one that people are praying to stay away from the Lu Ouija board. >> God, you're so creepy. I don't I I I'm pretty sure it's stupid for me to say I don't want the CIA to",true
5021.0,2026-09-21 20:32:34,@HollywoodStar2026,,a quarter pound without cheese?!?!?!?!? Man them fighting words,negative,vader,,"Oh man. >> Daddy. Daddy. I just hope you know you're the one that people are praying to stay away from the Lu Ouija board. >> God, you're so creepy. I don't I I I'm pretty sure it's stupid for me to say I don't want the CIA to",true
5025.0,2026-09-21 20:32:38,@rocjames1,,she made an ass out of the chair,negative,vader,,">> Daddy. Daddy. I just hope you know you're the one that people are praying to stay away from the Lu Ouija board. >> God, you're so creepy. I don't I I I'm pretty sure it's stupid for me to say I don't want the CIA to get me for the Illuminati or the Masons.",true
5025.0,2026-09-21 20:32:38,@williamjohnson1302,,he definitely has warrents,positive,vader,,">> Daddy. Daddy. I just hope you know you're the one that people are praying to stay away from the Lu Ouija board. >> God, you're so creepy. I don't I I I'm pretty sure it's stupid for me to say I don't want the CIA to get me for the Illuminati or the Masons.",true
5028.0,2026-09-21 20:32:41,@z28diablo,,GET OUT OF THE WAY OF THE CHAIR,neutral,vader,,">> Daddy. Daddy. I just hope you know you're the one that people are praying to stay away from the Lu Ouija board. >> God, you're so creepy. I don't I I I'm pretty sure it's stupid for me to say I don't want the CIA to get me for the Illuminati or the Masons. Probably should change the subject. What the hell am I talking about? I said",true
5031.0,2026-09-21 20:32:44,@henryOP8749,,Vibes that’s too many,neutral,vader,,"you're the one that people are praying to stay away from the Lu Ouija board. >> God, you're so creepy. I don't I I I'm pretty sure it's stupid for me to say I don't want the CIA to get me for the Illuminati or the Masons. Probably should change the subject. What the hell am I talking about? I said don't don't take my CIA. Don't ci don't",true
5032.0,2026-09-21 20:32:45,@billyboing215,,I've got it they're beat poets not comedians,negative,vader,,"you're the one that people are praying to stay away from the Lu Ouija board. >> God, you're so creepy. I don't I I I'm pretty sure it's stupid for me to say I don't want the CIA to get me for the Illuminati or the Masons. Probably should change the subject. What the hell am I talking about? I said don't don't take my CIA. Don't ci don't take my help. I need it.",true
5037.0,2026-09-21 20:32:50,@MODERN-CAVEMAN-420,,Adderall,neutral,vader,,">> God, you're so creepy. I don't I I I'm pretty sure it's stupid for me to say I don't want the CIA to get me for the Illuminati or the Masons. Probably should change the subject. What the hell am I talking about? I said don't don't take my CIA. Don't ci don't take my help. I need it. >> God, I thought I was going to come up",true
5038.0,2026-09-21 20:32:51,@sunkissed335,,he owns a :skateboard:,neutral,vader,,">> God, you're so creepy. I don't I I I'm pretty sure it's stupid for me to say I don't want the CIA to get me for the Illuminati or the Masons. Probably should change the subject. What the hell am I talking about? I said don't don't take my CIA. Don't ci don't take my help. I need it. >> God, I thought I was going to come up",true
5038.0,2026-09-21 20:32:51,@S.D.L-m1j,,looks like the guy who gave me an Exctasy pill at a rave in 1998,positive,vader,,">> God, you're so creepy. I don't I I I'm pretty sure it's stupid for me to say I don't want the CIA to get me for the Illuminati or the Masons. Probably should change the subject. What the hell am I talking about? I said don't don't take my CIA. Don't ci don't take my help. I need it. >> God, I thought I was going to come up",true
5041.0,2026-09-21 20:32:54,@HanzSygnal,,this show is changing me,neutral,vader,,"for me to say I don't want the CIA to get me for the Illuminati or the Masons. Probably should change the subject. What the hell am I talking about? I said don't don't take my CIA. Don't ci don't take my help. I need it. >> God, I thought I was going to come up and pretend to play all the drunk family members that you could kind of learn to",true
5042.0,2026-09-21 20:32:55,@OxyStrike,,Jesus :skull: this is bad,negative,vader,,"for me to say I don't want the CIA to get me for the Illuminati or the Masons. Probably should change the subject. What the hell am I talking about? I said don't don't take my CIA. Don't ci don't take my help. I need it. >> God, I thought I was going to come up and pretend to play all the drunk family members that you could kind of learn to",true
5047.0,2026-09-21 20:33:00,@williamjohnson1302,,"Holy shit, hes a ginger to!",negative,vader,,"the hell am I talking about? I said don't don't take my CIA. Don't ci don't take my help. I need it. >> God, I thought I was going to come up and pretend to play all the drunk family members that you could kind of learn to laugh at. And then a couple beers in after all my [ __ ] dickish comments, I realized I am that drunkle.",true
5050.0,2026-09-21 20:33:03,@billyboing215,,bad beat poets,negative,vader,,"don't don't take my CIA. Don't ci don't take my help. I need it. >> God, I thought I was going to come up and pretend to play all the drunk family members that you could kind of learn to laugh at. And then a couple beers in after all my [ __ ] dickish comments, I realized I am that drunkle. >> So, I'm just going to be messing",true
5052.0,2026-09-21 20:33:05,@Gloobus.q,,We are all living in Mr E’s head. None of this is real,neutral,vader,,"don't don't take my CIA. Don't ci don't take my help. I need it. >> God, I thought I was going to come up and pretend to play all the drunk family members that you could kind of learn to laugh at. And then a couple beers in after all my [ __ ] dickish comments, I realized I am that drunkle. >> So, I'm just going to be messing [ __ ] for a minute. Man, so much",true
5053.0,2026-09-21 20:33:06,@JimboTheComic,,Get him chat ,neutral,vader,,"don't don't take my CIA. Don't ci don't take my help. I need it. >> God, I thought I was going to come up and pretend to play all the drunk family members that you could kind of learn to laugh at. And then a couple beers in after all my [ __ ] dickish comments, I realized I am that drunkle. >> So, I'm just going to be messing [ __ ] for a minute. Man, so much",true
5054.0,2026-09-21 20:33:07,@Reasonable6,,jewflection,neutral,vader,,"take my help. I need it. >> God, I thought I was going to come up and pretend to play all the drunk family members that you could kind of learn to laugh at. And then a couple beers in after all my [ __ ] dickish comments, I realized I am that drunkle. >> So, I'm just going to be messing [ __ ] for a minute. Man, so much",true
5055.0,2026-09-21 20:33:08,@katygoldsmith9242,,I'm not sure it's just alcohol.,negative,vader,,"take my help. I need it. >> God, I thought I was going to come up and pretend to play all the drunk family members that you could kind of learn to laugh at. And then a couple beers in after all my [ __ ] dickish comments, I realized I am that drunkle. >> So, I'm just going to be messing [ __ ] for a minute. Man, so much [ __ ] to roll out. Where does it stop?",true
5059.0,2026-09-21 20:33:12,@ineverlutes,,he's one allegation away from disappearing into Israel ,neutral,vader,,"and pretend to play all the drunk family members that you could kind of learn to laugh at. And then a couple beers in after all my [ __ ] dickish comments, I realized I am that drunkle. >> So, I'm just going to be messing [ __ ] for a minute. Man, so much [ __ ] to roll out. Where does it stop? Oh, man. So many things to say. Right.",true
5061.0,2026-09-21 20:33:14,@JustMeInMpls,,don't do drugs kids,neutral,vader,,"members that you could kind of learn to laugh at. And then a couple beers in after all my [ __ ] dickish comments, I realized I am that drunkle. >> So, I'm just going to be messing [ __ ] for a minute. Man, so much [ __ ] to roll out. Where does it stop? Oh, man. So many things to say. Right. It's, you know, when you have like all",true
5061.0,2026-09-21 20:33:14,@TommyTheJarvis,,Everyone catchin strays ,neutral,vader,,"members that you could kind of learn to laugh at. And then a couple beers in after all my [ __ ] dickish comments, I realized I am that drunkle. >> So, I'm just going to be messing [ __ ] for a minute. Man, so much [ __ ] to roll out. Where does it stop? Oh, man. So many things to say. Right. It's, you know, when you have like all",true
5063.0,2026-09-21 20:33:16,@IfyouZayzo,,carrot bottom up here,neutral,vader,,"laugh at. And then a couple beers in after all my [ __ ] dickish comments, I realized I am that drunkle. >> So, I'm just going to be messing [ __ ] for a minute. Man, so much [ __ ] to roll out. Where does it stop? Oh, man. So many things to say. Right. It's, you know, when you have like all the marbles trying to pour out of a",true
5064.0,2026-09-21 20:33:17,@aliwritesfunny,,:face-turquoise-speaker-shape:,neutral,vader,,"laugh at. And then a couple beers in after all my [ __ ] dickish comments, I realized I am that drunkle. >> So, I'm just going to be messing [ __ ] for a minute. Man, so much [ __ ] to roll out. Where does it stop? Oh, man. So many things to say. Right. It's, you know, when you have like all the marbles trying to pour out of a bottle at once.",true
5065.0,2026-09-21 20:33:18,@DRFROGGENETICS,,ginger jew,neutral,vader,,"after all my [ __ ] dickish comments, I realized I am that drunkle. >> So, I'm just going to be messing [ __ ] for a minute. Man, so much [ __ ] to roll out. Where does it stop? Oh, man. So many things to say. Right. It's, you know, when you have like all the marbles trying to pour out of a bottle at once.",true
5067.0,2026-09-21 20:33:20,@goodviibes8573,,Ok 2 ,positive,vader,,"realized I am that drunkle. >> So, I'm just going to be messing [ __ ] for a minute. Man, so much [ __ ] to roll out. Where does it stop? Oh, man. So many things to say. Right. It's, you know, when you have like all the marbles trying to pour out of a bottle at once. >> I'm usually the opposite way with",true
5068.0,2026-09-21 20:33:21,@HollywoodStar2026,,"wait, does he have teeth?",neutral,vader,,"realized I am that drunkle. >> So, I'm just going to be messing [ __ ] for a minute. Man, so much [ __ ] to roll out. Where does it stop? Oh, man. So many things to say. Right. It's, you know, when you have like all the marbles trying to pour out of a bottle at once. >> I'm usually the opposite way with psychedelics, but this is a nice change",true
5068.0,2026-09-21 20:33:21,@gnomecaveira1490,,Bro doesn’t need to play drunks he just straight tweakin,neutral,vader,,"realized I am that drunkle. >> So, I'm just going to be messing [ __ ] for a minute. Man, so much [ __ ] to roll out. Where does it stop? Oh, man. So many things to say. Right. It's, you know, when you have like all the marbles trying to pour out of a bottle at once. >> I'm usually the opposite way with psychedelics, but this is a nice change",true
5071.0,2026-09-21 20:33:24,@williamjohnson1302,,look at them fire pubes on his chin,negative,vader,,">> So, I'm just going to be messing [ __ ] for a minute. Man, so much [ __ ] to roll out. Where does it stop? Oh, man. So many things to say. Right. It's, you know, when you have like all the marbles trying to pour out of a bottle at once. >> I'm usually the opposite way with psychedelics, but this is a nice change of pace. I like being present.",true
5071.0,2026-09-21 20:33:24,@JimboTheComic,,GET HIM CHAT ,neutral,vader,,">> So, I'm just going to be messing [ __ ] for a minute. Man, so much [ __ ] to roll out. Where does it stop? Oh, man. So many things to say. Right. It's, you know, when you have like all the marbles trying to pour out of a bottle at once. >> I'm usually the opposite way with psychedelics, but this is a nice change of pace. I like being present.",true
5071.0,2026-09-21 20:33:24,@alisonwayland6057,,OK who brought the game of Monopoly to the bar tonight?,positive,vader,,">> So, I'm just going to be messing [ __ ] for a minute. Man, so much [ __ ] to roll out. Where does it stop? Oh, man. So many things to say. Right. It's, you know, when you have like all the marbles trying to pour out of a bottle at once. >> I'm usually the opposite way with psychedelics, but this is a nice change of pace. I like being present.",true
5072.0,2026-09-21 20:33:25,@OxyStrike,,This guy sold my mom drugs then bear her up and took the drugs back in 1999,neutral,vader,,">> So, I'm just going to be messing [ __ ] for a minute. Man, so much [ __ ] to roll out. Where does it stop? Oh, man. So many things to say. Right. It's, you know, when you have like all the marbles trying to pour out of a bottle at once. >> I'm usually the opposite way with psychedelics, but this is a nice change of pace. I like being present.",true
5074.0,2026-09-21 20:33:27,@billyboing215,,jim blow is a bad beat poet,negative,vader,,"[ __ ] for a minute. Man, so much [ __ ] to roll out. Where does it stop? Oh, man. So many things to say. Right. It's, you know, when you have like all the marbles trying to pour out of a bottle at once. >> I'm usually the opposite way with psychedelics, but this is a nice change of pace. I like being present. >> Ground out with the what the earth means",true
5074.0,2026-09-21 20:33:27,@Jasonbrennerdj,,Fkn great :thumbs_up: ,positive,vader,,"[ __ ] for a minute. Man, so much [ __ ] to roll out. Where does it stop? Oh, man. So many things to say. Right. It's, you know, when you have like all the marbles trying to pour out of a bottle at once. >> I'm usually the opposite way with psychedelics, but this is a nice change of pace. I like being present. >> Ground out with the what the earth means",true
5076.0,2026-09-21 20:33:29,@QUINNHAMELIN,,He would be funny if he wasn't drunk,positive,vader,,"[ __ ] to roll out. Where does it stop? Oh, man. So many things to say. Right. It's, you know, when you have like all the marbles trying to pour out of a bottle at once. >> I'm usually the opposite way with psychedelics, but this is a nice change of pace. I like being present. >> Ground out with the what the earth means for a minute, man. Normal people. Holy",true
5078.0,2026-09-21 20:33:31,@Reasonable6,,W chat,neutral,vader,,"[ __ ] to roll out. Where does it stop? Oh, man. So many things to say. Right. It's, you know, when you have like all the marbles trying to pour out of a bottle at once. >> I'm usually the opposite way with psychedelics, but this is a nice change of pace. I like being present. >> Ground out with the what the earth means for a minute, man. Normal people. Holy cow.",true
5082.0,2026-09-21 20:33:35,@DRFROGGENETICS,,red pedophiles,neutral,vader,,"the marbles trying to pour out of a bottle at once. >> I'm usually the opposite way with psychedelics, but this is a nice change of pace. I like being present. >> Ground out with the what the earth means for a minute, man. Normal people. Holy cow. >> Does anybody know what a normal person is?",true
5084.0,2026-09-21 20:33:37,@DeronJohnson70,,What’s he spatting on about ,neutral,vader,,"the marbles trying to pour out of a bottle at once. >> I'm usually the opposite way with psychedelics, but this is a nice change of pace. I like being present. >> Ground out with the what the earth means for a minute, man. Normal people. Holy cow. >> Does anybody know what a normal person is?",true
5084.0,2026-09-21 20:33:37,@jackcarr3361,,What’s the nickname for an uncle that does too much acid? ,neutral,vader,,"the marbles trying to pour out of a bottle at once. >> I'm usually the opposite way with psychedelics, but this is a nice change of pace. I like being present. >> Ground out with the what the earth means for a minute, man. Normal people. Holy cow. >> Does anybody know what a normal person is?",true
5084.0,2026-09-21 20:33:37,@billyboing215,,no,negative,vader,,"the marbles trying to pour out of a bottle at once. >> I'm usually the opposite way with psychedelics, but this is a nice change of pace. I like being present. >> Ground out with the what the earth means for a minute, man. Normal people. Holy cow. >> Does anybody know what a normal person is?",true
5085.0,2026-09-21 20:33:38,@Mike-Alice-D-InWonderland,,"X sucks, I almost, I o.d last time",negative,vader,,"bottle at once. >> I'm usually the opposite way with psychedelics, but this is a nice change of pace. I like being present. >> Ground out with the what the earth means for a minute, man. Normal people. Holy cow. >> Does anybody know what a normal person is? >> I found normal ones. It was that setting",true
5085.0,2026-09-21 20:33:38,@stuarta4393,,Ted Kaczynski,neutral,vader,,"bottle at once. >> I'm usually the opposite way with psychedelics, but this is a nice change of pace. I like being present. >> Ground out with the what the earth means for a minute, man. Normal people. Holy cow. >> Does anybody know what a normal person is? >> I found normal ones. It was that setting",true
5085.0,2026-09-21 20:33:38,@EricNelson1236,,urangutang man escaped,neutral,vader,,"bottle at once. >> I'm usually the opposite way with psychedelics, but this is a nice change of pace. I like being present. >> Ground out with the what the earth means for a minute, man. Normal people. Holy cow. >> Does anybody know what a normal person is? >> I found normal ones. It was that setting",true
5086.0,2026-09-21 20:33:39,@henryOP8749,,Mister Ecstasy is more like it,positive,vader,,">> I'm usually the opposite way with psychedelics, but this is a nice change of pace. I like being present. >> Ground out with the what the earth means for a minute, man. Normal people. Holy cow. >> Does anybody know what a normal person is? >> I found normal ones. It was that setting",true
5090.0,2026-09-21 20:33:43,@S.D.L-m1j,,Oxy:face-green-smiling:,neutral,vader,,"psychedelics, but this is a nice change of pace. I like being present. >> Ground out with the what the earth means for a minute, man. Normal people. Holy cow. >> Does anybody know what a normal person is? >> I found normal ones. It was that setting on the washing machine.",true
5090.0,2026-09-21 20:33:43,@PoetKing-n2k,,obviously this is San Francisco,neutral,vader,,"psychedelics, but this is a nice change of pace. I like being present. >> Ground out with the what the earth means for a minute, man. Normal people. Holy cow. >> Does anybody know what a normal person is? >> I found normal ones. It was that setting on the washing machine.",true
5092.0,2026-09-21 20:33:45,@GregDouchette,,The comedy unaBOMBer,positive,vader,,"of pace. I like being present. >> Ground out with the what the earth means for a minute, man. Normal people. Holy cow. >> Does anybody know what a normal person is? >> I found normal ones. It was that setting on the washing machine. Oh yeah, Danny, you know how we know",true
5093.0,2026-09-21 20:33:46,@FooThinks,,I eat :peach: so what,neutral,vader,,">> Ground out with the what the earth means for a minute, man. Normal people. Holy cow. >> Does anybody know what a normal person is? >> I found normal ones. It was that setting on the washing machine. Oh yeah, Danny, you know how we know you're really not an assassin? Cuz",true
5094.0,2026-09-21 20:33:47,@OxyStrike,,Chat funnier then this random Scitzo ,positive,vader,,">> Ground out with the what the earth means for a minute, man. Normal people. Holy cow. >> Does anybody know what a normal person is? >> I found normal ones. It was that setting on the washing machine. Oh yeah, Danny, you know how we know you're really not an assassin? Cuz",true
5097.0,2026-09-21 20:33:50,@moneymagic6119,,Misery,negative,vader,,"cow. >> Does anybody know what a normal person is? >> I found normal ones. It was that setting on the washing machine. Oh yeah, Danny, you know how we know you're really not an assassin? Cuz assassins do it from the rear.",true
5097.0,2026-09-21 20:33:50,@McMisfit,,ginger is a syndrome,neutral,vader,,"cow. >> Does anybody know what a normal person is? >> I found normal ones. It was that setting on the washing machine. Oh yeah, Danny, you know how we know you're really not an assassin? Cuz assassins do it from the rear.",true
5098.0,2026-09-21 20:33:51,@IfyouZayzo,,you already go up jimbo?,neutral,vader,,"cow. >> Does anybody know what a normal person is? >> I found normal ones. It was that setting on the washing machine. Oh yeah, Danny, you know how we know you're really not an assassin? Cuz assassins do it from the rear.",true
5098.0,2026-09-21 20:33:51,@Reasonable6,,The Illuminati does not welcome recharted. People like you,neutral,vader,,"cow. >> Does anybody know what a normal person is? >> I found normal ones. It was that setting on the washing machine. Oh yeah, Danny, you know how we know you're really not an assassin? Cuz assassins do it from the rear.",true
5098.0,2026-09-21 20:33:51,@HollywoodStar2026,,"lighten up, Francis",neutral,vader,,"cow. >> Does anybody know what a normal person is? >> I found normal ones. It was that setting on the washing machine. Oh yeah, Danny, you know how we know you're really not an assassin? Cuz assassins do it from the rear.",true
5100.0,2026-09-21 20:33:53,@aliwritesfunny,,The D.A.R.E. Program failed us ,negative,vader,,">> Does anybody know what a normal person is? >> I found normal ones. It was that setting on the washing machine. Oh yeah, Danny, you know how we know you're really not an assassin? Cuz assassins do it from the rear. Anyways,",true
5103.0,2026-09-21 20:33:56,@williamjohnson1302,,do u guys think gingers have souls?,neutral,vader,,">> I found normal ones. It was that setting on the washing machine. Oh yeah, Danny, you know how we know you're really not an assassin? Cuz assassins do it from the rear. Anyways, man. Man, I'm coming on way too hard and",true
5104.0,2026-09-21 20:33:57,@gnomecaveira1490,,This guys asking abt normal ppl for a friend lol,positive,vader,,">> I found normal ones. It was that setting on the washing machine. Oh yeah, Danny, you know how we know you're really not an assassin? Cuz assassins do it from the rear. Anyways, man. Man, I'm coming on way too hard and",true
5106.0,2026-09-21 20:33:59,@billyboing215,,TELL A FUCKING JOKE,positive,vader,,">> I found normal ones. It was that setting on the washing machine. Oh yeah, Danny, you know how we know you're really not an assassin? Cuz assassins do it from the rear. Anyways, man. Man, I'm coming on way too hard and too fast. Starting to feel like",true
5107.0,2026-09-21 20:34:00,@greendayisawesome123,,wtf is happening lollll,negative,vader,,">> I found normal ones. It was that setting on the washing machine. Oh yeah, Danny, you know how we know you're really not an assassin? Cuz assassins do it from the rear. Anyways, man. Man, I'm coming on way too hard and too fast. Starting to feel like",true
5109.0,2026-09-21 20:34:02,@DRFROGGENETICS,,bro is hitting that meth,neutral,vader,,"on the washing machine. Oh yeah, Danny, you know how we know you're really not an assassin? Cuz assassins do it from the rear. Anyways, man. Man, I'm coming on way too hard and too fast. Starting to feel like",true
5109.0,2026-09-21 20:34:02,@OxyStrike,,Lmao the comedy unabomber has me weak ,positive,vader,,"on the washing machine. Oh yeah, Danny, you know how we know you're really not an assassin? Cuz assassins do it from the rear. Anyways, man. Man, I'm coming on way too hard and too fast. Starting to feel like",true
5115.0,2026-09-21 20:34:08,@STICKY_tt6,,throw tomatoes :tomato:,neutral,vader,,"you're really not an assassin? Cuz assassins do it from the rear. Anyways, man. Man, I'm coming on way too hard and too fast. Starting to feel like if only I was allowed to have my booze on stage, I could just slow down, calm down. Not allowed to bring my DMT vape",true
5115.0,2026-09-21 20:34:08,@Pusherman,,that was almost a joke,positive,vader,,"you're really not an assassin? Cuz assassins do it from the rear. Anyways, man. Man, I'm coming on way too hard and too fast. Starting to feel like if only I was allowed to have my booze on stage, I could just slow down, calm down. Not allowed to bring my DMT vape",true
5116.0,2026-09-21 20:34:09,@jeoffrehsnipes7720,,holy shit,negative,vader,,"you're really not an assassin? Cuz assassins do it from the rear. Anyways, man. Man, I'm coming on way too hard and too fast. Starting to feel like if only I was allowed to have my booze on stage, I could just slow down, calm down. Not allowed to bring my DMT vape up, apparently. Where the hell are we?",true
5119.0,2026-09-21 20:34:12,@S.D.L-m1j,,:eyes-purple-crying:,neutral,vader,,"Anyways, man. Man, I'm coming on way too hard and too fast. Starting to feel like if only I was allowed to have my booze on stage, I could just slow down, calm down. Not allowed to bring my DMT vape up, apparently. Where the hell are we? When do we get to do this in Portland,",true
5120.0,2026-09-21 20:34:13,@Hackofalltrades-mh5fq,,wow,positive,vader,,"Anyways, man. Man, I'm coming on way too hard and too fast. Starting to feel like if only I was allowed to have my booze on stage, I could just slow down, calm down. Not allowed to bring my DMT vape up, apparently. Where the hell are we? When do we get to do this in Portland, Chino?",true
5121.0,2026-09-21 20:34:14,@gnomecaveira1490,,That’s what she said,neutral,vader,,"man. Man, I'm coming on way too hard and too fast. Starting to feel like if only I was allowed to have my booze on stage, I could just slow down, calm down. Not allowed to bring my DMT vape up, apparently. Where the hell are we? When do we get to do this in Portland, Chino?",true
5121.0,2026-09-21 20:34:14,@STICKY_tt6,,:tomato::tomato::tomato::tomato::tomato::tomato::tomato::tomato:,neutral,vader,,"man. Man, I'm coming on way too hard and too fast. Starting to feel like if only I was allowed to have my booze on stage, I could just slow down, calm down. Not allowed to bring my DMT vape up, apparently. Where the hell are we? When do we get to do this in Portland, Chino?",true
5122.0,2026-09-21 20:34:15,@EricNelson1236,,yea super perv souls,positive,vader,,"man. Man, I'm coming on way too hard and too fast. Starting to feel like if only I was allowed to have my booze on stage, I could just slow down, calm down. Not allowed to bring my DMT vape up, apparently. Where the hell are we? When do we get to do this in Portland, Chino?",true
5124.0,2026-09-21 20:34:17,@z28diablo,,Lookin like a strung out Barney on Ozempic,positive,vader,,"man. Man, I'm coming on way too hard and too fast. Starting to feel like if only I was allowed to have my booze on stage, I could just slow down, calm down. Not allowed to bring my DMT vape up, apparently. Where the hell are we? When do we get to do this in Portland, Chino? >> I'm not trying to worry back to",true
5126.0,2026-09-21 20:34:19,@MODERN-CAVEMAN-420,,:chair:,neutral,vader,,"man. Man, I'm coming on way too hard and too fast. Starting to feel like if only I was allowed to have my booze on stage, I could just slow down, calm down. Not allowed to bring my DMT vape up, apparently. Where the hell are we? When do we get to do this in Portland, Chino? >> I'm not trying to worry back to Portland. That was a mean joke on you,",true
5126.0,2026-09-21 20:34:19,@Jasonbrennerdj,,lol :face_with_tears_of_joy: ,positive,vader,,"man. Man, I'm coming on way too hard and too fast. Starting to feel like if only I was allowed to have my booze on stage, I could just slow down, calm down. Not allowed to bring my DMT vape up, apparently. Where the hell are we? When do we get to do this in Portland, Chino? >> I'm not trying to worry back to Portland. That was a mean joke on you,",true
5127.0,2026-09-21 20:34:20,@rocjames1,,the chair had too much ass,negative,vader,,"man. Man, I'm coming on way too hard and too fast. Starting to feel like if only I was allowed to have my booze on stage, I could just slow down, calm down. Not allowed to bring my DMT vape up, apparently. Where the hell are we? When do we get to do this in Portland, Chino? >> I'm not trying to worry back to Portland. That was a mean joke on you, Chino.",true
5127.0,2026-09-21 20:34:20,@OxyStrike,,:loudly_crying_face: NEXT NEXT ,neutral,vader,,"man. Man, I'm coming on way too hard and too fast. Starting to feel like if only I was allowed to have my booze on stage, I could just slow down, calm down. Not allowed to bring my DMT vape up, apparently. Where the hell are we? When do we get to do this in Portland, Chino? >> I'm not trying to worry back to Portland. That was a mean joke on you, Chino.",true
5128.0,2026-09-21 20:34:21,@Donnieboy24,,if he was in the human centipede he'd volunteer for middle,neutral,vader,,"too fast. Starting to feel like if only I was allowed to have my booze on stage, I could just slow down, calm down. Not allowed to bring my DMT vape up, apparently. Where the hell are we? When do we get to do this in Portland, Chino? >> I'm not trying to worry back to Portland. That was a mean joke on you, Chino.",true
5128.0,2026-09-21 20:34:21,@Mike-Alice-D-InWonderland,,x is trash when you fall asleep instead of party,positive,vader,,"too fast. Starting to feel like if only I was allowed to have my booze on stage, I could just slow down, calm down. Not allowed to bring my DMT vape up, apparently. Where the hell are we? When do we get to do this in Portland, Chino? >> I'm not trying to worry back to Portland. That was a mean joke on you, Chino.",true
5131.0,2026-09-21 20:34:24,@sunkissed335,,what's in his hoodie pocket:eyes::face_with_tears_of_joy::face_with_tears_of_joy::face_with_tears_of_joy:,neutral,vader,,"on stage, I could just slow down, calm down. Not allowed to bring my DMT vape up, apparently. Where the hell are we? When do we get to do this in Portland, Chino? >> I'm not trying to worry back to Portland. That was a mean joke on you, Chino. >> Seriously. Seriously, I love Portland.",true
5132.0,2026-09-21 20:34:25,@TommyTheJarvis,,I feel like my skin is burning due to my second hand embarrassment ,positive,vader,,"on stage, I could just slow down, calm down. Not allowed to bring my DMT vape up, apparently. Where the hell are we? When do we get to do this in Portland, Chino? >> I'm not trying to worry back to Portland. That was a mean joke on you, Chino. >> Seriously. Seriously, I love Portland. It doesn't know that it's not a music",true
5133.0,2026-09-21 20:34:26,@alisonwayland6057,,yep he's coming in hot,positive,vader,,"on stage, I could just slow down, calm down. Not allowed to bring my DMT vape up, apparently. Where the hell are we? When do we get to do this in Portland, Chino? >> I'm not trying to worry back to Portland. That was a mean joke on you, Chino. >> Seriously. Seriously, I love Portland. It doesn't know that it's not a music",true
5138.0,2026-09-21 20:34:31,@MODERN-CAVEMAN-420,,he is portland,neutral,vader,,"When do we get to do this in Portland, Chino? >> I'm not trying to worry back to Portland. That was a mean joke on you, Chino. >> Seriously. Seriously, I love Portland. It doesn't know that it's not a music festival. You can buy food cart at 4 in the morning. There will be some burlesque clown troop dancing somewhere.",true
5139.0,2026-09-21 20:34:32,@billyboing215,,I blame chino,negative,vader,,"When do we get to do this in Portland, Chino? >> I'm not trying to worry back to Portland. That was a mean joke on you, Chino. >> Seriously. Seriously, I love Portland. It doesn't know that it's not a music festival. You can buy food cart at 4 in the morning. There will be some burlesque clown troop dancing somewhere.",true
5140.0,2026-09-21 20:34:33,@henryOP8749,,Starting to feel like his sexcapades too hard and too fast :rolling_on_the_floor_laughing: ,positive,vader,,"When do we get to do this in Portland, Chino? >> I'm not trying to worry back to Portland. That was a mean joke on you, Chino. >> Seriously. Seriously, I love Portland. It doesn't know that it's not a music festival. You can buy food cart at 4 in the morning. There will be some burlesque clown troop dancing somewhere.",true
5141.0,2026-09-21 20:34:34,@williamjohnson1302,,bad when u turn thr sound off an its funnier:rolling_on_the_floor_laughing:,negative,vader,,">> I'm not trying to worry back to Portland. That was a mean joke on you, Chino. >> Seriously. Seriously, I love Portland. It doesn't know that it's not a music festival. You can buy food cart at 4 in the morning. There will be some burlesque clown troop dancing somewhere.",true
5141.0,2026-09-21 20:34:34,@goodviibes8573,,Not hard at all and slow as a turtle :turtle: ,positive,vader,,">> I'm not trying to worry back to Portland. That was a mean joke on you, Chino. >> Seriously. Seriously, I love Portland. It doesn't know that it's not a music festival. You can buy food cart at 4 in the morning. There will be some burlesque clown troop dancing somewhere.",true
5144.0,2026-09-21 20:34:37,@ericbiedenbach202,,:thumbs_down::thumbs_down::thumbs_down::thumbs_down::thumbs_down::thumbs_down::thumbs_down::thumbs_down::thumbs_down:,neutral,vader,,">> I'm not trying to worry back to Portland. That was a mean joke on you, Chino. >> Seriously. Seriously, I love Portland. It doesn't know that it's not a music festival. You can buy food cart at 4 in the morning. There will be some burlesque clown troop dancing somewhere. There's definitely fire dancers. You don't have to stop dancing for 3 days.",true
5144.0,2026-09-21 20:34:37,@JimboTheComic,,“Anyways” ,neutral,vader,,">> I'm not trying to worry back to Portland. That was a mean joke on you, Chino. >> Seriously. Seriously, I love Portland. It doesn't know that it's not a music festival. You can buy food cart at 4 in the morning. There will be some burlesque clown troop dancing somewhere. There's definitely fire dancers. You don't have to stop dancing for 3 days.",true
5145.0,2026-09-21 20:34:38,@MODERN-CAVEMAN-420,,yup,neutral,vader,,"Portland. That was a mean joke on you, Chino. >> Seriously. Seriously, I love Portland. It doesn't know that it's not a music festival. You can buy food cart at 4 in the morning. There will be some burlesque clown troop dancing somewhere. There's definitely fire dancers. You don't have to stop dancing for 3 days.",true
5146.0,2026-09-21 20:34:39,@STICKY_tt6,,chat throw your tomatoes at the tweaker !!!,neutral,vader,,"Portland. That was a mean joke on you, Chino. >> Seriously. Seriously, I love Portland. It doesn't know that it's not a music festival. You can buy food cart at 4 in the morning. There will be some burlesque clown troop dancing somewhere. There's definitely fire dancers. You don't have to stop dancing for 3 days. But the downside of anywhere, any party,",true
5146.0,2026-09-21 20:34:39,@rocjames1,,more torture,negative,vader,,"Portland. That was a mean joke on you, Chino. >> Seriously. Seriously, I love Portland. It doesn't know that it's not a music festival. You can buy food cart at 4 in the morning. There will be some burlesque clown troop dancing somewhere. There's definitely fire dancers. You don't have to stop dancing for 3 days. But the downside of anywhere, any party,",true
5147.0,2026-09-21 20:34:40,@JimboTheComic,,Donnie hahaha,positive,vader,,"Chino. >> Seriously. Seriously, I love Portland. It doesn't know that it's not a music festival. You can buy food cart at 4 in the morning. There will be some burlesque clown troop dancing somewhere. There's definitely fire dancers. You don't have to stop dancing for 3 days. But the downside of anywhere, any party,",true
5149.0,2026-09-21 20:34:42,@JustMeInMpls,,:tomato::tomato::tomato::tomato::tomato::tomato:,neutral,vader,,"Chino. >> Seriously. Seriously, I love Portland. It doesn't know that it's not a music festival. You can buy food cart at 4 in the morning. There will be some burlesque clown troop dancing somewhere. There's definitely fire dancers. You don't have to stop dancing for 3 days. But the downside of anywhere, any party,",true
5152.0,2026-09-21 20:34:45,@billyboing215,,I blame cheeto,negative,vader,,"It doesn't know that it's not a music festival. You can buy food cart at 4 in the morning. There will be some burlesque clown troop dancing somewhere. There's definitely fire dancers. You don't have to stop dancing for 3 days. But the downside of anywhere, any party, I I found out the hard way. The longer a",true
5152.0,2026-09-21 20:34:45,@ericbiedenbach202,,booooooo,neutral,vader,,"It doesn't know that it's not a music festival. You can buy food cart at 4 in the morning. There will be some burlesque clown troop dancing somewhere. There's definitely fire dancers. You don't have to stop dancing for 3 days. But the downside of anywhere, any party, I I found out the hard way. The longer a",true
5152.0,2026-09-21 20:34:45,@McMisfit,,feel like i need to put needle stick gloves on,positive,vader,,"It doesn't know that it's not a music festival. You can buy food cart at 4 in the morning. There will be some burlesque clown troop dancing somewhere. There's definitely fire dancers. You don't have to stop dancing for 3 days. But the downside of anywhere, any party, I I found out the hard way. The longer a",true
5153.0,2026-09-21 20:34:46,@DeronJohnson70,, Should have stayed in rehab ,neutral,vader,,"It doesn't know that it's not a music festival. You can buy food cart at 4 in the morning. There will be some burlesque clown troop dancing somewhere. There's definitely fire dancers. You don't have to stop dancing for 3 days. But the downside of anywhere, any party, I I found out the hard way. The longer a party goes, the larger a camp grows. If",true
5153.0,2026-09-21 20:34:46,@STICKY_tt6,,:tomato::tomato::tomato::tomato::tomato::tomato::tomato::tomato::tomato::tomato::tomato::tomato::tomato::tomato::tomato::tomato::tomato::tomato:,neutral,vader,,"It doesn't know that it's not a music festival. You can buy food cart at 4 in the morning. There will be some burlesque clown troop dancing somewhere. There's definitely fire dancers. You don't have to stop dancing for 3 days. But the downside of anywhere, any party, I I found out the hard way. The longer a party goes, the larger a camp grows. If",true
5154.0,2026-09-21 20:34:47,@Reasonable6,,It's a bottle of ether. He's huffing it in the bathroom.,neutral,vader,,"It doesn't know that it's not a music festival. You can buy food cart at 4 in the morning. There will be some burlesque clown troop dancing somewhere. There's definitely fire dancers. You don't have to stop dancing for 3 days. But the downside of anywhere, any party, I I found out the hard way. The longer a party goes, the larger a camp grows. If",true
5155.0,2026-09-21 20:34:48,@S.D.L-m1j,,Mike true,positive,vader,,"festival. You can buy food cart at 4 in the morning. There will be some burlesque clown troop dancing somewhere. There's definitely fire dancers. You don't have to stop dancing for 3 days. But the downside of anywhere, any party, I I found out the hard way. The longer a party goes, the larger a camp grows. If",true
5155.0,2026-09-21 20:34:48,@Holiday_Ghost_1,,:grinning_squinting_face: :rolling_on_the_floor_laughing: :face_with_tears_of_joy: twakkkkked out,neutral,vader,,"festival. You can buy food cart at 4 in the morning. There will be some burlesque clown troop dancing somewhere. There's definitely fire dancers. You don't have to stop dancing for 3 days. But the downside of anywhere, any party, I I found out the hard way. The longer a party goes, the larger a camp grows. If",true
5158.0,2026-09-21 20:34:51,@JimboTheComic,,Get. Him. Chat,neutral,vader,,"the morning. There will be some burlesque clown troop dancing somewhere. There's definitely fire dancers. You don't have to stop dancing for 3 days. But the downside of anywhere, any party, I I found out the hard way. The longer a party goes, the larger a camp grows. If any of you have had to make it through a",true
5161.0,2026-09-21 20:34:54,@williamjohnson1302,,he sounds like he has 2 teeth,positive,vader,,"There's definitely fire dancers. You don't have to stop dancing for 3 days. But the downside of anywhere, any party, I I found out the hard way. The longer a party goes, the larger a camp grows. If any of you have had to make it through a camp, get to Rainbow, you know what I'm talking about. Oh god. It's almost as",true
5163.0,2026-09-21 20:34:56,@DeronJohnson70,,:canned_food::canned_food::canned_food::canned_food::canned_food:,neutral,vader,,"There's definitely fire dancers. You don't have to stop dancing for 3 days. But the downside of anywhere, any party, I I found out the hard way. The longer a party goes, the larger a camp grows. If any of you have had to make it through a camp, get to Rainbow, you know what I'm talking about. Oh god. It's almost as",true
5163.0,2026-09-21 20:34:56,@gnomecaveira1490,,That’s a pew pew or a haro1ne kit in hs pocket for sure,positive,vader,,"There's definitely fire dancers. You don't have to stop dancing for 3 days. But the downside of anywhere, any party, I I found out the hard way. The longer a party goes, the larger a camp grows. If any of you have had to make it through a camp, get to Rainbow, you know what I'm talking about. Oh god. It's almost as",true
5167.0,2026-09-21 20:35:00,@greendayisawesome123,,Portland more like FARTland ayoooooooooo,positive,vader,,"don't have to stop dancing for 3 days. But the downside of anywhere, any party, I I found out the hard way. The longer a party goes, the larger a camp grows. If any of you have had to make it through a camp, get to Rainbow, you know what I'm talking about. Oh god. It's almost as bad as the burn. At least I know they don't pretend to be Well, never mind. I",true
5168.0,2026-09-21 20:35:01,@ericbiedenbach202,,:tomato::tomato::tomato::tomato::tomato::tomato::tomato::tomato::tomato::tomato:,neutral,vader,,"But the downside of anywhere, any party, I I found out the hard way. The longer a party goes, the larger a camp grows. If any of you have had to make it through a camp, get to Rainbow, you know what I'm talking about. Oh god. It's almost as bad as the burn. At least I know they don't pretend to be Well, never mind. I",true
5168.0,2026-09-21 20:35:01,@JustMeInMpls,,:tomato::tomato::tomato::tomato::tomato::tomato:,neutral,vader,,"But the downside of anywhere, any party, I I found out the hard way. The longer a party goes, the larger a camp grows. If any of you have had to make it through a camp, get to Rainbow, you know what I'm talking about. Oh god. It's almost as bad as the burn. At least I know they don't pretend to be Well, never mind. I",true
5169.0,2026-09-21 20:35:02,@z28diablo,,"If he insults the Chair, we RIOT!",negative,vader,,"But the downside of anywhere, any party, I I found out the hard way. The longer a party goes, the larger a camp grows. If any of you have had to make it through a camp, get to Rainbow, you know what I'm talking about. Oh god. It's almost as bad as the burn. At least I know they don't pretend to be Well, never mind. I guess there's a lot of people trying to",true
5170.0,2026-09-21 20:35:03,@rocjames1,,the unabomber,neutral,vader,,"But the downside of anywhere, any party, I I found out the hard way. The longer a party goes, the larger a camp grows. If any of you have had to make it through a camp, get to Rainbow, you know what I'm talking about. Oh god. It's almost as bad as the burn. At least I know they don't pretend to be Well, never mind. I guess there's a lot of people trying to",true
5171.0,2026-09-21 20:35:04,@goodviibes8573,,Bring the chair back…NOW!!! ,neutral,vader,,"I I found out the hard way. The longer a party goes, the larger a camp grows. If any of you have had to make it through a camp, get to Rainbow, you know what I'm talking about. Oh god. It's almost as bad as the burn. At least I know they don't pretend to be Well, never mind. I guess there's a lot of people trying to pretend to be something else, but",true
5173.0,2026-09-21 20:35:06,@STICKY_tt6,,boooooo,neutral,vader,,"I I found out the hard way. The longer a party goes, the larger a camp grows. If any of you have had to make it through a camp, get to Rainbow, you know what I'm talking about. Oh god. It's almost as bad as the burn. At least I know they don't pretend to be Well, never mind. I guess there's a lot of people trying to pretend to be something else, but",true
5175.0,2026-09-21 20:35:08,@S.D.L-m1j,,Jimbo:face-blue-smiling:,neutral,vader,,"party goes, the larger a camp grows. If any of you have had to make it through a camp, get to Rainbow, you know what I'm talking about. Oh god. It's almost as bad as the burn. At least I know they don't pretend to be Well, never mind. I guess there's a lot of people trying to pretend to be something else, but at least Rainbow's still free. Burning",true
5175.0,2026-09-21 20:35:08,@EricNelson1236,,abe Lincoln genetics,neutral,vader,,"party goes, the larger a camp grows. If any of you have had to make it through a camp, get to Rainbow, you know what I'm talking about. Oh god. It's almost as bad as the burn. At least I know they don't pretend to be Well, never mind. I guess there's a lot of people trying to pretend to be something else, but at least Rainbow's still free. Burning",true
5179.0,2026-09-21 20:35:12,@henryOP8749,,William that’s too many :rolling_on_the_floor_laughing: ,neutral,vader,,"camp, get to Rainbow, you know what I'm talking about. Oh god. It's almost as bad as the burn. At least I know they don't pretend to be Well, never mind. I guess there's a lot of people trying to pretend to be something else, but at least Rainbow's still free. Burning Man got so bought out, billionaires can barely afford anymore. It's more like a",true
5179.0,2026-09-21 20:35:12,@FooThinks,,If Freddy Krueger was a Drug Addict,neutral,vader,,"camp, get to Rainbow, you know what I'm talking about. Oh god. It's almost as bad as the burn. At least I know they don't pretend to be Well, never mind. I guess there's a lot of people trying to pretend to be something else, but at least Rainbow's still free. Burning Man got so bought out, billionaires can barely afford anymore. It's more like a",true
5182.0,2026-09-21 20:35:15,@ericbiedenbach202,,you suck!,negative,vader,,"talking about. Oh god. It's almost as bad as the burn. At least I know they don't pretend to be Well, never mind. I guess there's a lot of people trying to pretend to be something else, but at least Rainbow's still free. Burning Man got so bought out, billionaires can barely afford anymore. It's more like a cool competition with some sexy",true
5182.0,2026-09-21 20:35:15,@ineverlutes,,this guy does not PLAY about grooming minors ,negative,vader,,"talking about. Oh god. It's almost as bad as the burn. At least I know they don't pretend to be Well, never mind. I guess there's a lot of people trying to pretend to be something else, but at least Rainbow's still free. Burning Man got so bought out, billionaires can barely afford anymore. It's more like a cool competition with some sexy",true
5185.0,2026-09-21 20:35:18,@aliwritesfunny,,Coming soon to a dark wooded area near you ,neutral,vader,,"bad as the burn. At least I know they don't pretend to be Well, never mind. I guess there's a lot of people trying to pretend to be something else, but at least Rainbow's still free. Burning Man got so bought out, billionaires can barely afford anymore. It's more like a cool competition with some sexy accessories to make it real.",true
5195.0,2026-09-21 20:35:28,@Reasonable6,,F*** Portland that sucks.,negative,vader,,"at least Rainbow's still free. Burning Man got so bought out, billionaires can barely afford anymore. It's more like a cool competition with some sexy accessories to make it real. How many people really believe that the Playa still wants people to go there? Anyone? >> Oh, there's two of you. Wow. Out of",true
5195.0,2026-09-21 20:35:28,@kirsteneldridge4489,,He’s about to flip the chair ,neutral,vader,,"at least Rainbow's still free. Burning Man got so bought out, billionaires can barely afford anymore. It's more like a cool competition with some sexy accessories to make it real. How many people really believe that the Playa still wants people to go there? Anyone? >> Oh, there's two of you. Wow. Out of",true
5200.0,2026-09-21 20:35:33,@greendayisawesome123,,Hell yeh brother talk yo shit lollll,negative,vader,,"barely afford anymore. It's more like a cool competition with some sexy accessories to make it real. How many people really believe that the Playa still wants people to go there? Anyone? >> Oh, there's two of you. Wow. Out of 162,000 on Maui. Congratulations. It's a big group.",true
5200.0,2026-09-21 20:35:33,@henryOP8749,,Vibes said three William said two can’t we get one so I can say it again :rolling_on_the_floor_laughing: ,neutral,vader,,"barely afford anymore. It's more like a cool competition with some sexy accessories to make it real. How many people really believe that the Playa still wants people to go there? Anyone? >> Oh, there's two of you. Wow. Out of 162,000 on Maui. Congratulations. It's a big group.",true
5202.0,2026-09-21 20:35:35,@HollywoodStar2026,,no one gives an f about burning man,negative,vader,,"cool competition with some sexy accessories to make it real. How many people really believe that the Playa still wants people to go there? Anyone? >> Oh, there's two of you. Wow. Out of 162,000 on Maui. Congratulations. It's a big group.",true
5203.0,2026-09-21 20:35:36,@alisonwayland6057,,you to can over come your anger issues. here is one of our returning students,negative,vader,,"cool competition with some sexy accessories to make it real. How many people really believe that the Playa still wants people to go there? Anyone? >> Oh, there's two of you. Wow. Out of 162,000 on Maui. Congratulations. It's a big group. >> I mean, don't get me wrong. I'd go to",true
5204.0,2026-09-21 20:35:37,@Gloobus.q,,When you just learn how to match your clothes,neutral,vader,,"cool competition with some sexy accessories to make it real. How many people really believe that the Playa still wants people to go there? Anyone? >> Oh, there's two of you. Wow. Out of 162,000 on Maui. Congratulations. It's a big group. >> I mean, don't get me wrong. I'd go to",true
5205.0,2026-09-21 20:35:38,@ericbiedenbach202,,:text-green-game-over:,neutral,vader,,"accessories to make it real. How many people really believe that the Playa still wants people to go there? Anyone? >> Oh, there's two of you. Wow. Out of 162,000 on Maui. Congratulations. It's a big group. >> I mean, don't get me wrong. I'd go to regional burn like smaller groups of",true
5205.0,2026-09-21 20:35:38,@OxyStrike,,A harm reduction kit in his pocket and not a funny thought in his head ,negative,vader,,"accessories to make it real. How many people really believe that the Playa still wants people to go there? Anyone? >> Oh, there's two of you. Wow. Out of 162,000 on Maui. Congratulations. It's a big group. >> I mean, don't get me wrong. I'd go to regional burn like smaller groups of",true
5205.0,2026-09-21 20:35:38,@IfyouZayzo,,instead of knifes it's needles @foo,neutral,vader,,"accessories to make it real. How many people really believe that the Playa still wants people to go there? Anyone? >> Oh, there's two of you. Wow. Out of 162,000 on Maui. Congratulations. It's a big group. >> I mean, don't get me wrong. I'd go to regional burn like smaller groups of",true
5211.0,2026-09-21 20:35:44,@McMisfit,,what?,neutral,vader,,"Playa still wants people to go there? Anyone? >> Oh, there's two of you. Wow. Out of 162,000 on Maui. Congratulations. It's a big group. >> I mean, don't get me wrong. I'd go to regional burn like smaller groups of people, less huge forest, you know. >> Well, I mean, I like going places where",true
5211.0,2026-09-21 20:35:44,@Donnieboy24,,definitely a guild leader,positive,vader,,"Playa still wants people to go there? Anyone? >> Oh, there's two of you. Wow. Out of 162,000 on Maui. Congratulations. It's a big group. >> I mean, don't get me wrong. I'd go to regional burn like smaller groups of people, less huge forest, you know. >> Well, I mean, I like going places where",true
5213.0,2026-09-21 20:35:46,@williamjohnson1302,,hes got his life possessions in that hoodie pouch...,neutral,vader,,"Anyone? >> Oh, there's two of you. Wow. Out of 162,000 on Maui. Congratulations. It's a big group. >> I mean, don't get me wrong. I'd go to regional burn like smaller groups of people, less huge forest, you know. >> Well, I mean, I like going places where there's, you know, forest and life and",true
5213.0,2026-09-21 20:35:46,@Jasonbrennerdj,,The acid selling pedo. wtf :flushed_face: lol :face_with_tears_of_joy: ,negative,vader,,"Anyone? >> Oh, there's two of you. Wow. Out of 162,000 on Maui. Congratulations. It's a big group. >> I mean, don't get me wrong. I'd go to regional burn like smaller groups of people, less huge forest, you know. >> Well, I mean, I like going places where there's, you know, forest and life and",true
5215.0,2026-09-21 20:35:48,@moneymagic6119,,Nasty & Raspy :face_with_tears_of_joy:,negative,vader,,">> Oh, there's two of you. Wow. Out of 162,000 on Maui. Congratulations. It's a big group. >> I mean, don't get me wrong. I'd go to regional burn like smaller groups of people, less huge forest, you know. >> Well, I mean, I like going places where there's, you know, forest and life and water. It's nice. Oh, man.",true
5218.0,2026-09-21 20:35:51,@z28diablo,,"Jimbo, yell TELL A JOKE to rattle him",positive,vader,,"162,000 on Maui. Congratulations. It's a big group. >> I mean, don't get me wrong. I'd go to regional burn like smaller groups of people, less huge forest, you know. >> Well, I mean, I like going places where there's, you know, forest and life and water. It's nice. Oh, man.",true
5219.0,2026-09-21 20:35:52,@sunkissed335,,he has at least 4 torches in his front pocket,neutral,vader,,"162,000 on Maui. Congratulations. It's a big group. >> I mean, don't get me wrong. I'd go to regional burn like smaller groups of people, less huge forest, you know. >> Well, I mean, I like going places where there's, you know, forest and life and water. It's nice. Oh, man. I didn't get enough mean jokes that I",true
5222.0,2026-09-21 20:35:55,@DRFROGGENETICS,,free Palestine,positive,vader,,">> I mean, don't get me wrong. I'd go to regional burn like smaller groups of people, less huge forest, you know. >> Well, I mean, I like going places where there's, you know, forest and life and water. It's nice. Oh, man. I didn't get enough mean jokes that I have so many more things to say to so many people and I don't even know where",true
5230.0,2026-09-21 20:36:03,@goodviibes8573,,Kinda far from Portland bud ,neutral,vader,,">> Well, I mean, I like going places where there's, you know, forest and life and water. It's nice. Oh, man. I didn't get enough mean jokes that I have so many more things to say to so many people and I don't even know where to begin. I guess instead of me jokes, let me throw it out to Skyler. What a [ __ ]",true
5231.0,2026-09-21 20:36:04,@williamjohnson1302,,everything he owns is in his hoodie pocket lol,positive,vader,,">> Well, I mean, I like going places where there's, you know, forest and life and water. It's nice. Oh, man. I didn't get enough mean jokes that I have so many more things to say to so many people and I don't even know where to begin. I guess instead of me jokes, let me throw it out to Skyler. What a [ __ ] G. Shroom Cat Productions. If you're on",true
5231.0,2026-09-21 20:36:04,@billyboing215,,what's got 4 legs and is bored as fuck???,negative,vader,,">> Well, I mean, I like going places where there's, you know, forest and life and water. It's nice. Oh, man. I didn't get enough mean jokes that I have so many more things to say to so many people and I don't even know where to begin. I guess instead of me jokes, let me throw it out to Skyler. What a [ __ ] G. Shroom Cat Productions. If you're on",true
5231.0,2026-09-21 20:36:04,@rocjames1,,do a dance off with the chair,neutral,vader,,">> Well, I mean, I like going places where there's, you know, forest and life and water. It's nice. Oh, man. I didn't get enough mean jokes that I have so many more things to say to so many people and I don't even know where to begin. I guess instead of me jokes, let me throw it out to Skyler. What a [ __ ] G. Shroom Cat Productions. If you're on",true
5235.0,2026-09-21 20:36:08,@henryOP8749,,Donnie more like build a bear leader so he can find more kids :rolling_on_the_floor_laughing: ,positive,vader,,"there's, you know, forest and life and water. It's nice. Oh, man. I didn't get enough mean jokes that I have so many more things to say to so many people and I don't even know where to begin. I guess instead of me jokes, let me throw it out to Skyler. What a [ __ ] G. Shroom Cat Productions. If you're on Maui and need some real audio visual,",true
5235.0,2026-09-21 20:36:08,@ineverlutes,,@donnieboy :face_with_tears_of_joy::face_with_tears_of_joy:,neutral,vader,,"there's, you know, forest and life and water. It's nice. Oh, man. I didn't get enough mean jokes that I have so many more things to say to so many people and I don't even know where to begin. I guess instead of me jokes, let me throw it out to Skyler. What a [ __ ] G. Shroom Cat Productions. If you're on Maui and need some real audio visual,",true
5237.0,2026-09-21 20:36:10,@JimboTheComic,,Diablo don’t worry his ai is going to find your comment ,positive,vader,,"water. It's nice. Oh, man. I didn't get enough mean jokes that I have so many more things to say to so many people and I don't even know where to begin. I guess instead of me jokes, let me throw it out to Skyler. What a [ __ ] G. Shroom Cat Productions. If you're on Maui and need some real audio visual, Shroom Cat's your cap. Real talk. He",true
5238.0,2026-09-21 20:36:11,@FooThinks,,This dude :bomb: :bomb: :bomb: ,negative,vader,,"I didn't get enough mean jokes that I have so many more things to say to so many people and I don't even know where to begin. I guess instead of me jokes, let me throw it out to Skyler. What a [ __ ] G. Shroom Cat Productions. If you're on Maui and need some real audio visual, Shroom Cat's your cap. Real talk. He",true
5239.0,2026-09-21 20:36:12,@OxyStrike,,Please stop,neutral,vader,,"I didn't get enough mean jokes that I have so many more things to say to so many people and I don't even know where to begin. I guess instead of me jokes, let me throw it out to Skyler. What a [ __ ] G. Shroom Cat Productions. If you're on Maui and need some real audio visual, Shroom Cat's your cap. Real talk. He",true
5241.0,2026-09-21 20:36:14,@Reasonable6,,free Palatine,positive,vader,,"have so many more things to say to so many people and I don't even know where to begin. I guess instead of me jokes, let me throw it out to Skyler. What a [ __ ] G. Shroom Cat Productions. If you're on Maui and need some real audio visual, Shroom Cat's your cap. Real talk. He gets the job done and then some.",true
5244.0,2026-09-21 20:36:17,@IfyouZayzo,,jimbo better heckle this guy,positive,vader,,"many people and I don't even know where to begin. I guess instead of me jokes, let me throw it out to Skyler. What a [ __ ] G. Shroom Cat Productions. If you're on Maui and need some real audio visual, Shroom Cat's your cap. Real talk. He gets the job done and then some. >> Back on to joking.",true
5245.0,2026-09-21 20:36:18,@moneymagic6119,,Jimbo go tackle him on stage,neutral,vader,,"to begin. I guess instead of me jokes, let me throw it out to Skyler. What a [ __ ] G. Shroom Cat Productions. If you're on Maui and need some real audio visual, Shroom Cat's your cap. Real talk. He gets the job done and then some. >> Back on to joking. >> No. No. One more time. Gino, where's my",true
5246.0,2026-09-21 20:36:19,@williamjohnson1302,,timeeeeee,neutral,vader,,"I guess instead of me jokes, let me throw it out to Skyler. What a [ __ ] G. Shroom Cat Productions. If you're on Maui and need some real audio visual, Shroom Cat's your cap. Real talk. He gets the job done and then some. >> Back on to joking. >> No. No. One more time. Gino, where's my",true
5246.0,2026-09-21 20:36:19,@gnomecaveira1490,,Bro didn’t know where to begin with his life either,neutral,vader,,"I guess instead of me jokes, let me throw it out to Skyler. What a [ __ ] G. Shroom Cat Productions. If you're on Maui and need some real audio visual, Shroom Cat's your cap. Real talk. He gets the job done and then some. >> Back on to joking. >> No. No. One more time. Gino, where's my",true
5248.0,2026-09-21 20:36:21,@S.D.L-m1j,,HELLLP:face-fuchsia-tongue-out:,neutral,vader,,"I guess instead of me jokes, let me throw it out to Skyler. What a [ __ ] G. Shroom Cat Productions. If you're on Maui and need some real audio visual, Shroom Cat's your cap. Real talk. He gets the job done and then some. >> Back on to joking. >> No. No. One more time. Gino, where's my highest place? I haven't been high in",true
5249.0,2026-09-21 20:36:22,@ineverlutes,,what has four legs and holds up the show?,neutral,vader,,"throw it out to Skyler. What a [ __ ] G. Shroom Cat Productions. If you're on Maui and need some real audio visual, Shroom Cat's your cap. Real talk. He gets the job done and then some. >> Back on to joking. >> No. No. One more time. Gino, where's my highest place? I haven't been high in three weeks. I need that Homer Simpson",true
5251.0,2026-09-21 20:36:24,@STICKY_tt6,,boooo this man :tomato:,neutral,vader,,"throw it out to Skyler. What a [ __ ] G. Shroom Cat Productions. If you're on Maui and need some real audio visual, Shroom Cat's your cap. Real talk. He gets the job done and then some. >> Back on to joking. >> No. No. One more time. Gino, where's my highest place? I haven't been high in three weeks. I need that Homer Simpson chili contest buzz. Where's the Hobra?",true
5255.0,2026-09-21 20:36:28,@billyboing215,,free palpetine,positive,vader,,"Maui and need some real audio visual, Shroom Cat's your cap. Real talk. He gets the job done and then some. >> Back on to joking. >> No. No. One more time. Gino, where's my highest place? I haven't been high in three weeks. I need that Homer Simpson chili contest buzz. Where's the Hobra?",true
5257.0,2026-09-21 20:36:30,@williamjohnson1302,,were the timer:rolling_on_the_floor_laughing:,neutral,vader,,"Maui and need some real audio visual, Shroom Cat's your cap. Real talk. He gets the job done and then some. >> Back on to joking. >> No. No. One more time. Gino, where's my highest place? I haven't been high in three weeks. I need that Homer Simpson chili contest buzz. Where's the Hobra? give it to me. You know, I like it hot.",true
5260.0,2026-09-21 20:36:33,@EricNelson1236,,vanishes in the bushes,neutral,vader,,"Shroom Cat's your cap. Real talk. He gets the job done and then some. >> Back on to joking. >> No. No. One more time. Gino, where's my highest place? I haven't been high in three weeks. I need that Homer Simpson chili contest buzz. Where's the Hobra? give it to me. You know, I like it hot. I've already crawled out of hell, so I",true
5261.0,2026-09-21 20:36:34,@goodviibes8573,,The chair ,neutral,vader,,"gets the job done and then some. >> Back on to joking. >> No. No. One more time. Gino, where's my highest place? I haven't been high in three weeks. I need that Homer Simpson chili contest buzz. Where's the Hobra? give it to me. You know, I like it hot. I've already crawled out of hell, so I don't mind a little bit of peppers. But",true
5261.0,2026-09-21 20:36:34,@ericbiedenbach202,,you suck boooo not funny just quit :tomato::tomato::tomato::tomato::tomato::tomato::tomato::tomato::tomato::tomato::tomato::tomato::tomato::tomato::tomato::tomato::tomato::tomato::tomato::tomato::tomato::tomato::tomato::tomato::tomato::tomato::tomato::tomato::tomato:,negative,vader,,"gets the job done and then some. >> Back on to joking. >> No. No. One more time. Gino, where's my highest place? I haven't been high in three weeks. I need that Homer Simpson chili contest buzz. Where's the Hobra? give it to me. You know, I like it hot. I've already crawled out of hell, so I don't mind a little bit of peppers. But",true
5264.0,2026-09-21 20:36:37,@OxyStrike,,Lmao the chair ?,positive,vader,,">> Back on to joking. >> No. No. One more time. Gino, where's my highest place? I haven't been high in three weeks. I need that Homer Simpson chili contest buzz. Where's the Hobra? give it to me. You know, I like it hot. I've already crawled out of hell, so I don't mind a little bit of peppers. But anyways, on that note, I think I talked",true
5264.0,2026-09-21 20:36:37,@henryOP8749,,Free palpatine ,positive,vader,,">> Back on to joking. >> No. No. One more time. Gino, where's my highest place? I haven't been high in three weeks. I need that Homer Simpson chili contest buzz. Where's the Hobra? give it to me. You know, I like it hot. I've already crawled out of hell, so I don't mind a little bit of peppers. But anyways, on that note, I think I talked",true
5266.0,2026-09-21 20:36:39,@HollywoodStar2026,,"what's in your pockets, E?",neutral,vader,,">> No. No. One more time. Gino, where's my highest place? I haven't been high in three weeks. I need that Homer Simpson chili contest buzz. Where's the Hobra? give it to me. You know, I like it hot. I've already crawled out of hell, so I don't mind a little bit of peppers. But anyways, on that note, I think I talked too much. I got boring. So, thank you",true
5269.0,2026-09-21 20:36:42,@alisonwayland6057,,in with love... out with evil. go towards the light Carol Anne,negative,vader,,"three weeks. I need that Homer Simpson chili contest buzz. Where's the Hobra? give it to me. You know, I like it hot. I've already crawled out of hell, so I don't mind a little bit of peppers. But anyways, on that note, I think I talked too much. I got boring. So, thank you all. Appreciate your attention. Once",true
5275.0,2026-09-21 20:36:48,@S.D.L-m1j,,I thinks he's doing this on purpose:face-green-smiling:,neutral,vader,,"give it to me. You know, I like it hot. I've already crawled out of hell, so I don't mind a little bit of peppers. But anyways, on that note, I think I talked too much. I got boring. So, thank you all. Appreciate your attention. Once again, my name's Mystery. Give it up for Gino and everyone else. Thank you.",true
5275.0,2026-09-21 20:36:48,@IfyouZayzo,,where's the TV this time,neutral,vader,,"give it to me. You know, I like it hot. I've already crawled out of hell, so I don't mind a little bit of peppers. But anyways, on that note, I think I talked too much. I got boring. So, thank you all. Appreciate your attention. Once again, my name's Mystery. Give it up for Gino and everyone else. Thank you.",true
5276.0,2026-09-21 20:36:49,@goodviibes8573,,You the chair :chair: ,neutral,vader,,"give it to me. You know, I like it hot. I've already crawled out of hell, so I don't mind a little bit of peppers. But anyways, on that note, I think I talked too much. I got boring. So, thank you all. Appreciate your attention. Once again, my name's Mystery. Give it up for Gino and everyone else. Thank you.",true
5279.0,2026-09-21 20:36:52,@henryOP8749,,Billy I just said the same thing :rolling_on_the_floor_laughing: ,neutral,vader,,"I've already crawled out of hell, so I don't mind a little bit of peppers. But anyways, on that note, I think I talked too much. I got boring. So, thank you all. Appreciate your attention. Once again, my name's Mystery. Give it up for Gino and everyone else. Thank you. >> Give it up for Cheddar Bob, ladies and gentlemen. Mystery,",true
5280.0,2026-09-21 20:36:53,@Reasonable6,,idiot,negative,vader,,"I've already crawled out of hell, so I don't mind a little bit of peppers. But anyways, on that note, I think I talked too much. I got boring. So, thank you all. Appreciate your attention. Once again, my name's Mystery. Give it up for Gino and everyone else. Thank you. >> Give it up for Cheddar Bob, ladies and gentlemen. Mystery,",true
5285.0,2026-09-21 20:36:58,@Hackofalltrades-mh5fq,,givem your sauce Chino,neutral,vader,,"anyways, on that note, I think I talked too much. I got boring. So, thank you all. Appreciate your attention. Once again, my name's Mystery. Give it up for Gino and everyone else. Thank you. >> Give it up for Cheddar Bob, ladies and gentlemen. Mystery, he shot his own dick. You guys don't remember Cheddar Bob. Okay, never mind.",true
5286.0,2026-09-21 20:36:59,@OxyStrike,,Thank god ,positive,vader,,"too much. I got boring. So, thank you all. Appreciate your attention. Once again, my name's Mystery. Give it up for Gino and everyone else. Thank you. >> Give it up for Cheddar Bob, ladies and gentlemen. Mystery, he shot his own dick. You guys don't remember Cheddar Bob. Okay, never mind. That just shows how old I am, I guess.",true
5289.0,2026-09-21 20:37:02,@rocjames1,,where the long hook grabber,neutral,vader,,"all. Appreciate your attention. Once again, my name's Mystery. Give it up for Gino and everyone else. Thank you. >> Give it up for Cheddar Bob, ladies and gentlemen. Mystery, he shot his own dick. You guys don't remember Cheddar Bob. Okay, never mind. That just shows how old I am, I guess. Hey, uh, somebody asked me, uh, Bashar",true
5291.0,2026-09-21 20:37:04,@jackcarr3361,,The duality of the chairs.,neutral,vader,,"again, my name's Mystery. Give it up for Gino and everyone else. Thank you. >> Give it up for Cheddar Bob, ladies and gentlemen. Mystery, he shot his own dick. You guys don't remember Cheddar Bob. Okay, never mind. That just shows how old I am, I guess. Hey, uh, somebody asked me, uh, Bashar was asking about conspiracies earlier. I",true
5292.0,2026-09-21 20:37:05,@rustyshackleford9154,,this is the guy that traps you in a conversation,neutral,vader,,"Gino and everyone else. Thank you. >> Give it up for Cheddar Bob, ladies and gentlemen. Mystery, he shot his own dick. You guys don't remember Cheddar Bob. Okay, never mind. That just shows how old I am, I guess. Hey, uh, somebody asked me, uh, Bashar was asking about conspiracies earlier. I got one for you. You guys heard of the",true
5292.0,2026-09-21 20:37:05,@EricNelson1236,,lol nah shoulda kept goin,positive,vader,,"Gino and everyone else. Thank you. >> Give it up for Cheddar Bob, ladies and gentlemen. Mystery, he shot his own dick. You guys don't remember Cheddar Bob. Okay, never mind. That just shows how old I am, I guess. Hey, uh, somebody asked me, uh, Bashar was asking about conspiracies earlier. I got one for you. You guys heard of the",true
5294.0,2026-09-21 20:37:07,@ineverlutes,,you the chair dawg,neutral,vader,,">> Give it up for Cheddar Bob, ladies and gentlemen. Mystery, he shot his own dick. You guys don't remember Cheddar Bob. Okay, never mind. That just shows how old I am, I guess. Hey, uh, somebody asked me, uh, Bashar was asking about conspiracies earlier. I got one for you. You guys heard of the dead soda theory.",true
5294.0,2026-09-21 20:37:07,@billyboing215,,what's got 4 legs and smells of fish,neutral,vader,,">> Give it up for Cheddar Bob, ladies and gentlemen. Mystery, he shot his own dick. You guys don't remember Cheddar Bob. Okay, never mind. That just shows how old I am, I guess. Hey, uh, somebody asked me, uh, Bashar was asking about conspiracies earlier. I got one for you. You guys heard of the dead soda theory.",true
5294.0,2026-09-21 20:37:07,@JimboTheComic,,Cheddar bob hahahahaahha,neutral,vader,,">> Give it up for Cheddar Bob, ladies and gentlemen. Mystery, he shot his own dick. You guys don't remember Cheddar Bob. Okay, never mind. That just shows how old I am, I guess. Hey, uh, somebody asked me, uh, Bashar was asking about conspiracies earlier. I got one for you. You guys heard of the dead soda theory.",true
5297.0,2026-09-21 20:37:10,@gnomecaveira1490,,Bros def said “give it to me” before this and it wasn’t an agreeable context either,negative,vader,,">> Give it up for Cheddar Bob, ladies and gentlemen. Mystery, he shot his own dick. You guys don't remember Cheddar Bob. Okay, never mind. That just shows how old I am, I guess. Hey, uh, somebody asked me, uh, Bashar was asking about conspiracies earlier. I got one for you. You guys heard of the dead soda theory. >> Soda used to have an expiration date of",true
5297.0,2026-09-21 20:37:10,@JustMeInMpls,,free palomastine,positive,vader,,">> Give it up for Cheddar Bob, ladies and gentlemen. Mystery, he shot his own dick. You guys don't remember Cheddar Bob. Okay, never mind. That just shows how old I am, I guess. Hey, uh, somebody asked me, uh, Bashar was asking about conspiracies earlier. I got one for you. You guys heard of the dead soda theory. >> Soda used to have an expiration date of",true
5298.0,2026-09-21 20:37:11,@goodviibes8573,,More garbage ,neutral,vader,,">> Give it up for Cheddar Bob, ladies and gentlemen. Mystery, he shot his own dick. You guys don't remember Cheddar Bob. Okay, never mind. That just shows how old I am, I guess. Hey, uh, somebody asked me, uh, Bashar was asking about conspiracies earlier. I got one for you. You guys heard of the dead soda theory. >> Soda used to have an expiration date of",true
5299.0,2026-09-21 20:37:12,@OxyStrike,,Why would he attach his name to that ,neutral,vader,,">> Give it up for Cheddar Bob, ladies and gentlemen. Mystery, he shot his own dick. You guys don't remember Cheddar Bob. Okay, never mind. That just shows how old I am, I guess. Hey, uh, somebody asked me, uh, Bashar was asking about conspiracies earlier. I got one for you. You guys heard of the dead soda theory. >> Soda used to have an expiration date of 5 to 6 years down the road. Nowadays,",true
5308.0,2026-09-21 20:37:21,@Jasonbrennerdj,,Oh you guys are in Hawaii ,neutral,vader,,"Hey, uh, somebody asked me, uh, Bashar was asking about conspiracies earlier. I got one for you. You guys heard of the dead soda theory. >> Soda used to have an expiration date of 5 to 6 years down the road. Nowadays, it's only 2 years until your soda's expiring. The theory, big soda hasn't made any new new soda in the past 6",true
5308.0,2026-09-21 20:37:21,@PoetKing-n2k,,yep it's San Francisco,positive,vader,,"Hey, uh, somebody asked me, uh, Bashar was asking about conspiracies earlier. I got one for you. You guys heard of the dead soda theory. >> Soda used to have an expiration date of 5 to 6 years down the road. Nowadays, it's only 2 years until your soda's expiring. The theory, big soda hasn't made any new new soda in the past 6",true
5308.0,2026-09-21 20:37:21,@FooThinks,,This dude just got Palestined straight bombed,positive,vader,,"Hey, uh, somebody asked me, uh, Bashar was asking about conspiracies earlier. I got one for you. You guys heard of the dead soda theory. >> Soda used to have an expiration date of 5 to 6 years down the road. Nowadays, it's only 2 years until your soda's expiring. The theory, big soda hasn't made any new new soda in the past 6",true
5318.0,2026-09-21 20:37:31,@Slice2112,,"Mr e nigma, the riddler himself ",neutral,vader,,">> Soda used to have an expiration date of 5 to 6 years down the road. Nowadays, it's only 2 years until your soda's expiring. The theory, big soda hasn't made any new new soda in the past 6 years. We're drinking six-year-old soda. Thank you. Someone who knows that the soda's been flatter and flatter year by year. You don't notice it when it's",true
5320.0,2026-09-21 20:37:33,@alisonwayland6057,,no audience member was injured during that performance,negative,vader,,"5 to 6 years down the road. Nowadays, it's only 2 years until your soda's expiring. The theory, big soda hasn't made any new new soda in the past 6 years. We're drinking six-year-old soda. Thank you. Someone who knows that the soda's been flatter and flatter year by year. You don't notice it when it's incremental, but when you notice it, you",true
5321.0,2026-09-21 20:37:34,@billyboing215,,"bring back jim blow, cheeto",neutral,vader,,"5 to 6 years down the road. Nowadays, it's only 2 years until your soda's expiring. The theory, big soda hasn't made any new new soda in the past 6 years. We're drinking six-year-old soda. Thank you. Someone who knows that the soda's been flatter and flatter year by year. You don't notice it when it's incremental, but when you notice it, you notice it. Ladies and gentlemen, someone",true
5322.0,2026-09-21 20:37:35,@JimboTheComic,,"Aloha, Jason ",neutral,vader,,"it's only 2 years until your soda's expiring. The theory, big soda hasn't made any new new soda in the past 6 years. We're drinking six-year-old soda. Thank you. Someone who knows that the soda's been flatter and flatter year by year. You don't notice it when it's incremental, but when you notice it, you notice it. Ladies and gentlemen, someone who notices it. Coming to stage, MR.",true
5333.0,2026-09-21 20:37:46,@ineverlutes,,:cup_with_straw::alien:,neutral,vader,,"Thank you. Someone who knows that the soda's been flatter and flatter year by year. You don't notice it when it's incremental, but when you notice it, you notice it. Ladies and gentlemen, someone who notices it. Coming to stage, MR. CHUCK SAUCE. CHUCK THOMPSON. [applause]",true
5333.0,2026-09-21 20:37:46,@gnomecaveira1490,,I think big soda hasn’t made any nudes either,neutral,vader,,"Thank you. Someone who knows that the soda's been flatter and flatter year by year. You don't notice it when it's incremental, but when you notice it, you notice it. Ladies and gentlemen, someone who notices it. Coming to stage, MR. CHUCK SAUCE. CHUCK THOMPSON. [applause]",true
5336.0,2026-09-21 20:37:49,@Reasonable6,,w slice,neutral,vader,,"soda's been flatter and flatter year by year. You don't notice it when it's incremental, but when you notice it, you notice it. Ladies and gentlemen, someone who notices it. Coming to stage, MR. CHUCK SAUCE. CHUCK THOMPSON. [applause] Sweet soda joke, bro.",true
5336.0,2026-09-21 20:37:49,@williamjohnson1302,,cus u drink Pepsi lol,positive,vader,,"soda's been flatter and flatter year by year. You don't notice it when it's incremental, but when you notice it, you notice it. Ladies and gentlemen, someone who notices it. Coming to stage, MR. CHUCK SAUCE. CHUCK THOMPSON. [applause] Sweet soda joke, bro.",true
5339.0,2026-09-21 20:37:52,@JimboTheComic,,Never billy ,neutral,vader,,"incremental, but when you notice it, you notice it. Ladies and gentlemen, someone who notices it. Coming to stage, MR. CHUCK SAUCE. CHUCK THOMPSON. [applause] Sweet soda joke, bro. That's good. I like sodas. I'm actually from Minnesota, so we got that going for",true
5341.0,2026-09-21 20:37:54,@billyboing215,,chuck suck,negative,vader,,"notice it. Ladies and gentlemen, someone who notices it. Coming to stage, MR. CHUCK SAUCE. CHUCK THOMPSON. [applause] Sweet soda joke, bro. That's good. I like sodas. I'm actually from Minnesota, so we got that going for",true
5342.0,2026-09-21 20:37:55,@goodviibes8573,,Soda is flat like the earth ,positive,vader,,"who notices it. Coming to stage, MR. CHUCK SAUCE. CHUCK THOMPSON. [applause] Sweet soda joke, bro. That's good. I like sodas. I'm actually from Minnesota, so we got that going for us.",true
5347.0,2026-09-21 20:38:00,@EricNelson1236,,the coca cola company can barely keep up,neutral,vader,,"Sweet soda joke, bro. That's good. I like sodas. I'm actually from Minnesota, so we got that going for us. Wow. Aloha everybody. The few, the proud, the people that were here after",true
5348.0,2026-09-21 20:38:01,@rocjames1,,no more volcano juice for you,negative,vader,,"Sweet soda joke, bro. That's good. I like sodas. I'm actually from Minnesota, so we got that going for us. Wow. Aloha everybody. The few, the proud, the people that were here after Mr. Eve set. Give yourself a round of",true
5352.0,2026-09-21 20:38:05,@ineverlutes,,lmaoo,neutral,vader,,"Sweet soda joke, bro. That's good. I like sodas. I'm actually from Minnesota, so we got that going for us. Wow. Aloha everybody. The few, the proud, the people that were here after Mr. Eve set. Give yourself a round of applause everybody. [applause]",true
5356.0,2026-09-21 20:38:09,@williamjohnson1302,,Spencer from queen of kings!!!!,neutral,vader,,"Sweet soda joke, bro. That's good. I like sodas. I'm actually from Minnesota, so we got that going for us. Wow. Aloha everybody. The few, the proud, the people that were here after Mr. Eve set. Give yourself a round of applause everybody. [applause] I was like, why the [ __ ] are is everyone",true
5357.0,2026-09-21 20:38:10,@HollywoodStar2026,,Patton is back!,neutral,vader,,"That's good. I like sodas. I'm actually from Minnesota, so we got that going for us. Wow. Aloha everybody. The few, the proud, the people that were here after Mr. Eve set. Give yourself a round of applause everybody. [applause] I was like, why the [ __ ] are is everyone",true
5359.0,2026-09-21 20:38:12,@IfyouZayzo,,stale soda and stale jokes,positive,vader,,"That's good. I like sodas. I'm actually from Minnesota, so we got that going for us. Wow. Aloha everybody. The few, the proud, the people that were here after Mr. Eve set. Give yourself a round of applause everybody. [applause] I was like, why the [ __ ] are is everyone still here? And then I realized it was dumping outside and I'm like, all right,",true
5359.0,2026-09-21 20:38:12,@badboy13245,,its big ed!,neutral,vader,,"That's good. I like sodas. I'm actually from Minnesota, so we got that going for us. Wow. Aloha everybody. The few, the proud, the people that were here after Mr. Eve set. Give yourself a round of applause everybody. [applause] I was like, why the [ __ ] are is everyone still here? And then I realized it was dumping outside and I'm like, all right,",true
5361.0,2026-09-21 20:38:14,@Gloobus.q,,This is condensed jimbo ,neutral,vader,,"us. Wow. Aloha everybody. The few, the proud, the people that were here after Mr. Eve set. Give yourself a round of applause everybody. [applause] I was like, why the [ __ ] are is everyone still here? And then I realized it was dumping outside and I'm like, all right,",true
5361.0,2026-09-21 20:38:14,@ineverlutes,,alright alright strong open ,positive,vader,,"us. Wow. Aloha everybody. The few, the proud, the people that were here after Mr. Eve set. Give yourself a round of applause everybody. [applause] I was like, why the [ __ ] are is everyone still here? And then I realized it was dumping outside and I'm like, all right,",true
5366.0,2026-09-21 20:38:19,@Pusherman,,we survived mr e,positive,vader,,"proud, the people that were here after Mr. Eve set. Give yourself a round of applause everybody. [applause] I was like, why the [ __ ] are is everyone still here? And then I realized it was dumping outside and I'm like, all right, nice. Also, for hippies, not enough of your white stuff. What's going on with",true
5369.0,2026-09-21 20:38:22,@S.D.L-m1j,,,neutral,vader,,"Mr. Eve set. Give yourself a round of applause everybody. [applause] I was like, why the [ __ ] are is everyone still here? And then I realized it was dumping outside and I'm like, all right, nice. Also, for hippies, not enough of your white stuff. What's going on with that? Okay. Um, I don't want to do a whole lot of",true
5370.0,2026-09-21 20:38:23,@goodviibes8573,,Mini soda almost hit hard but bomb ,negative,vader,,"Mr. Eve set. Give yourself a round of applause everybody. [applause] I was like, why the [ __ ] are is everyone still here? And then I realized it was dumping outside and I'm like, all right, nice. Also, for hippies, not enough of your white stuff. What's going on with that? Okay. Um, I don't want to do a whole lot of",true
5370.0,2026-09-21 20:38:23,@McMisfit,,hey chuck chukka chuck,neutral,vader,,"Mr. Eve set. Give yourself a round of applause everybody. [applause] I was like, why the [ __ ] are is everyone still here? And then I realized it was dumping outside and I'm like, all right, nice. Also, for hippies, not enough of your white stuff. What's going on with that? Okay. Um, I don't want to do a whole lot of",true
5373.0,2026-09-21 20:38:26,@aliwritesfunny,,It’s like the chat is trauma bonded now ,negative,vader,,"I was like, why the [ __ ] are is everyone still here? And then I realized it was dumping outside and I'm like, all right, nice. Also, for hippies, not enough of your white stuff. What's going on with that? Okay. Um, I don't want to do a whole lot of political jokes, but I do think it's funny that the Straight of Hormuz was",true
5375.0,2026-09-21 20:38:28,@ineverlutes,,@gloobis lmao ,positive,vader,,"I was like, why the [ __ ] are is everyone still here? And then I realized it was dumping outside and I'm like, all right, nice. Also, for hippies, not enough of your white stuff. What's going on with that? Okay. Um, I don't want to do a whole lot of political jokes, but I do think it's funny that the Straight of Hormuz was closed by the gayest people ever.",true
5376.0,2026-09-21 20:38:29,@henryOP8749,,Bet these jokes are as flat as my soda,positive,vader,,"I was like, why the [ __ ] are is everyone still here? And then I realized it was dumping outside and I'm like, all right, nice. Also, for hippies, not enough of your white stuff. What's going on with that? Okay. Um, I don't want to do a whole lot of political jokes, but I do think it's funny that the Straight of Hormuz was closed by the gayest people ever.",true
5378.0,2026-09-21 20:38:31,@Mike-Alice-D-InWonderland,,"he has a high pitch voice, he sounds like a mini",positive,vader,,"still here? And then I realized it was dumping outside and I'm like, all right, nice. Also, for hippies, not enough of your white stuff. What's going on with that? Okay. Um, I don't want to do a whole lot of political jokes, but I do think it's funny that the Straight of Hormuz was closed by the gayest people ever.",true
5379.0,2026-09-21 20:38:32,@z28diablo,,Temu Patton Oswald,neutral,vader,,"still here? And then I realized it was dumping outside and I'm like, all right, nice. Also, for hippies, not enough of your white stuff. What's going on with that? Okay. Um, I don't want to do a whole lot of political jokes, but I do think it's funny that the Straight of Hormuz was closed by the gayest people ever.",true
5381.0,2026-09-21 20:38:34,@billyboing215,,it's dumping inside too,negative,vader,,"dumping outside and I'm like, all right, nice. Also, for hippies, not enough of your white stuff. What's going on with that? Okay. Um, I don't want to do a whole lot of political jokes, but I do think it's funny that the Straight of Hormuz was closed by the gayest people ever. >> All right, [laughter]",true
5381.0,2026-09-21 20:38:34,@TommyTheJarvis,,It’s dumping inside too ,negative,vader,,"dumping outside and I'm like, all right, nice. Also, for hippies, not enough of your white stuff. What's going on with that? Okay. Um, I don't want to do a whole lot of political jokes, but I do think it's funny that the Straight of Hormuz was closed by the gayest people ever. >> All right, [laughter]",true
5390.0,2026-09-21 20:38:43,@McMisfit,,short king,neutral,vader,,"political jokes, but I do think it's funny that the Straight of Hormuz was closed by the gayest people ever. >> All right, [laughter] that's good. This guy's just arguing over his bar tab. That's nice. That's I'm glad you could hear that more than anyone else. He's literally never",true
5392.0,2026-09-21 20:38:45,@billyboing215,,lol,positive,vader,,"political jokes, but I do think it's funny that the Straight of Hormuz was closed by the gayest people ever. >> All right, [laughter] that's good. This guy's just arguing over his bar tab. That's nice. That's I'm glad you could hear that more than anyone else. He's literally never getting laid, but let's talk about",true
5392.0,2026-09-21 20:38:45,@williamjohnson1302,,weres Doug heffernon when u need him,neutral,vader,,"political jokes, but I do think it's funny that the Straight of Hormuz was closed by the gayest people ever. >> All right, [laughter] that's good. This guy's just arguing over his bar tab. That's nice. That's I'm glad you could hear that more than anyone else. He's literally never getting laid, but let's talk about",true
5392.0,2026-09-21 20:38:45,@S.D.L-m1j,,CHAZ BONO??,neutral,vader,,"political jokes, but I do think it's funny that the Straight of Hormuz was closed by the gayest people ever. >> All right, [laughter] that's good. This guy's just arguing over his bar tab. That's nice. That's I'm glad you could hear that more than anyone else. He's literally never getting laid, but let's talk about",true
5394.0,2026-09-21 20:38:47,@Reasonable6,,why even drink soda,neutral,vader,,"funny that the Straight of Hormuz was closed by the gayest people ever. >> All right, [laughter] that's good. This guy's just arguing over his bar tab. That's nice. That's I'm glad you could hear that more than anyone else. He's literally never getting laid, but let's talk about geopolitical politics and stuff.",true
5398.0,2026-09-21 20:38:51,@alisonwayland6057,,lol Tommy,positive,vader,,"funny that the Straight of Hormuz was closed by the gayest people ever. >> All right, [laughter] that's good. This guy's just arguing over his bar tab. That's nice. That's I'm glad you could hear that more than anyone else. He's literally never getting laid, but let's talk about geopolitical politics and stuff. It's fantastic. It's good. Also, [ __ ]",true
5399.0,2026-09-21 20:38:52,@Gloobus.q,,Who the hell shrunk jimbo,negative,vader,,">> All right, [laughter] that's good. This guy's just arguing over his bar tab. That's nice. That's I'm glad you could hear that more than anyone else. He's literally never getting laid, but let's talk about geopolitical politics and stuff. It's fantastic. It's good. Also, [ __ ] muse.",true
5400.0,2026-09-21 20:38:53,@ineverlutes,,@aliwritesfunny :hundred_points:,neutral,vader,,">> All right, [laughter] that's good. This guy's just arguing over his bar tab. That's nice. That's I'm glad you could hear that more than anyone else. He's literally never getting laid, but let's talk about geopolitical politics and stuff. It's fantastic. It's good. Also, [ __ ] muse.",true
5405.0,2026-09-21 20:38:58,@Reasonable6,,another jew,neutral,vader,,"over his bar tab. That's nice. That's I'm glad you could hear that more than anyone else. He's literally never getting laid, but let's talk about geopolitical politics and stuff. It's fantastic. It's good. Also, [ __ ] muse. That sounds like 500 bucks an hour. Am I right? Okay. All right. We're getting there. We're doing it.",true
5410.0,2026-09-21 20:39:03,@z28diablo,,Druncle of Queens,neutral,vader,,"anyone else. He's literally never getting laid, but let's talk about geopolitical politics and stuff. It's fantastic. It's good. Also, [ __ ] muse. That sounds like 500 bucks an hour. Am I right? Okay. All right. We're getting there. We're doing it. Guys, I've been wounded. I'm a wounded",true
5412.0,2026-09-21 20:39:05,@OxyStrike,,Good joke wrong delivery the delivery wasn’t there,positive,vader,,"getting laid, but let's talk about geopolitical politics and stuff. It's fantastic. It's good. Also, [ __ ] muse. That sounds like 500 bucks an hour. Am I right? Okay. All right. We're getting there. We're doing it. Guys, I've been wounded. I'm a wounded warrior.",true
5412.0,2026-09-21 20:39:05,@JimboTheComic,,Gloobus you about to go in timeout ,neutral,vader,,"getting laid, but let's talk about geopolitical politics and stuff. It's fantastic. It's good. Also, [ __ ] muse. That sounds like 500 bucks an hour. Am I right? Okay. All right. We're getting there. We're doing it. Guys, I've been wounded. I'm a wounded warrior.",true
5414.0,2026-09-21 20:39:07,@gnomecaveira1490,,Gay bro making gay jokes. Shocker,positive,vader,,"It's fantastic. It's good. Also, [ __ ] muse. That sounds like 500 bucks an hour. Am I right? Okay. All right. We're getting there. We're doing it. Guys, I've been wounded. I'm a wounded warrior. Look. Look at me. I'm wounded. Look at",true
5417.0,2026-09-21 20:39:10,@williamjohnson1302,,Spencer gonna get beat up real time lol,positive,vader,,"It's fantastic. It's good. Also, [ __ ] muse. That sounds like 500 bucks an hour. Am I right? Okay. All right. We're getting there. We're doing it. Guys, I've been wounded. I'm a wounded warrior. Look. Look at me. I'm wounded. Look at this. Look at that. Yeah. Yeah. Yeah.",true
5419.0,2026-09-21 20:39:12,@ineverlutes,,shrinkatkl,neutral,vader,,"muse. That sounds like 500 bucks an hour. Am I right? Okay. All right. We're getting there. We're doing it. Guys, I've been wounded. I'm a wounded warrior. Look. Look at me. I'm wounded. Look at this. Look at that. Yeah. Yeah. Yeah. Get it.",true
5422.0,2026-09-21 20:39:15,@JoeyBagelsNYC,,Tough watch,negative,vader,,"That sounds like 500 bucks an hour. Am I right? Okay. All right. We're getting there. We're doing it. Guys, I've been wounded. I'm a wounded warrior. Look. Look at me. I'm wounded. Look at this. Look at that. Yeah. Yeah. Yeah. Get it. I cut my finger off two and a half weeks",true
5423.0,2026-09-21 20:39:16,@henryOP8749,,Gloobus :rolling_on_the_floor_laughing: the blasphemy,neutral,vader,,"right? Okay. All right. We're getting there. We're doing it. Guys, I've been wounded. I'm a wounded warrior. Look. Look at me. I'm wounded. Look at this. Look at that. Yeah. Yeah. Yeah. Get it. I cut my finger off two and a half weeks",true
5424.0,2026-09-21 20:39:17,@Reasonable6,,a jewish dwarf,neutral,vader,,"right? Okay. All right. We're getting there. We're doing it. Guys, I've been wounded. I'm a wounded warrior. Look. Look at me. I'm wounded. Look at this. Look at that. Yeah. Yeah. Yeah. Get it. I cut my finger off two and a half weeks ago, guys. You guys ever cut a finger",true
5426.0,2026-09-21 20:39:19,@darkstarhuxley6748,,He is getting there ,neutral,vader,,"right? Okay. All right. We're getting there. We're doing it. Guys, I've been wounded. I'm a wounded warrior. Look. Look at me. I'm wounded. Look at this. Look at that. Yeah. Yeah. Yeah. Get it. I cut my finger off two and a half weeks ago, guys. You guys ever cut a finger off?",true
5433.0,2026-09-21 20:39:26,@billyboing215,,check this man's search history,neutral,vader,,"Look. Look at me. I'm wounded. Look at this. Look at that. Yeah. Yeah. Yeah. Get it. I cut my finger off two and a half weeks ago, guys. You guys ever cut a finger off? I cut it off and I went into uh the urgent care, which spoiler alert, urgent care is",true
5434.0,2026-09-21 20:39:27,@JimboTheComic,,BLASSphamy,neutral,vader,,"Look. Look at me. I'm wounded. Look at this. Look at that. Yeah. Yeah. Yeah. Get it. I cut my finger off two and a half weeks ago, guys. You guys ever cut a finger off? I cut it off and I went into uh the urgent care, which spoiler alert, urgent care is",true
5434.0,2026-09-21 20:39:27,@EricNelson1236,,aand that's my ride,neutral,vader,,"Look. Look at me. I'm wounded. Look at this. Look at that. Yeah. Yeah. Yeah. Get it. I cut my finger off two and a half weeks ago, guys. You guys ever cut a finger off? I cut it off and I went into uh the urgent care, which spoiler alert, urgent care is",true
5436.0,2026-09-21 20:39:29,@IfyouZayzo,,whoever said Spencer from queens and kings is spot on:rolling_on_the_floor_laughing:,neutral,vader,,"Look. Look at me. I'm wounded. Look at this. Look at that. Yeah. Yeah. Yeah. Get it. I cut my finger off two and a half weeks ago, guys. You guys ever cut a finger off? I cut it off and I went into uh the urgent care, which spoiler alert, urgent care is neither of those things.",true
5441.0,2026-09-21 20:39:34,@PoetKing-n2k,,lemme guess ur a marine,neutral,vader,,"Get it. I cut my finger off two and a half weeks ago, guys. You guys ever cut a finger off? I cut it off and I went into uh the urgent care, which spoiler alert, urgent care is neither of those things. I went to the minute medical. I don't like doctors that misspell the word",true
5452.0,2026-09-21 20:39:45,@JimboTheComic,,MinuteSODA,neutral,vader,,"and I went into uh the urgent care, which spoiler alert, urgent care is neither of those things. I went to the minute medical. I don't like doctors that misspell the word minute. You're like, YOU GOT MEDICAL? COOL. We're minute.",true
5455.0,2026-09-21 20:39:48,@billyboing215,,90% pdf,neutral,vader,,"which spoiler alert, urgent care is neither of those things. I went to the minute medical. I don't like doctors that misspell the word minute. You're like, YOU GOT MEDICAL? COOL. We're minute. I should have just gone to the church across the street.",true
5456.0,2026-09-21 20:39:49,@z28diablo,,Jack Black is his Druncle,neutral,vader,,"which spoiler alert, urgent care is neither of those things. I went to the minute medical. I don't like doctors that misspell the word minute. You're like, YOU GOT MEDICAL? COOL. We're minute. I should have just gone to the church across the street.",true
5456.0,2026-09-21 20:39:49,@rocjames1,,rehab might help,positive,vader,,"which spoiler alert, urgent care is neither of those things. I went to the minute medical. I don't like doctors that misspell the word minute. You're like, YOU GOT MEDICAL? COOL. We're minute. I should have just gone to the church across the street.",true
5457.0,2026-09-21 20:39:50,@ineverlutes,,nice seinfeld energy ,positive,vader,,"neither of those things. I went to the minute medical. I don't like doctors that misspell the word minute. You're like, YOU GOT MEDICAL? COOL. We're minute. I should have just gone to the church across the street.",true
5457.0,2026-09-21 20:39:50,@McMisfit,,yeah it sucks,negative,vader,,"neither of those things. I went to the minute medical. I don't like doctors that misspell the word minute. You're like, YOU GOT MEDICAL? COOL. We're minute. I should have just gone to the church across the street.",true
5458.0,2026-09-21 20:39:51,@JustMeInMpls,,got his finger cut off from his buddies zipper,negative,vader,,"neither of those things. I went to the minute medical. I don't like doctors that misspell the word minute. You're like, YOU GOT MEDICAL? COOL. We're minute. I should have just gone to the church across the street. But uh yeah, I cut my finger on a",true
5462.0,2026-09-21 20:39:55,@williamjohnson1302,,#ifyouzayzo :flexed_biceps:,neutral,vader,,"like doctors that misspell the word minute. You're like, YOU GOT MEDICAL? COOL. We're minute. I should have just gone to the church across the street. But uh yeah, I cut my finger on a mandolin. I was watching Captain Carelli's mandolin and I just was like",true
5465.0,2026-09-21 20:39:58,@S.D.L-m1j,,I'm a wounded audience member:eyes-purple-crying:,neutral,vader,,"You're like, YOU GOT MEDICAL? COOL. We're minute. I should have just gone to the church across the street. But uh yeah, I cut my finger on a mandolin. I was watching Captain Carelli's mandolin and I just was like going to kill myself. Okay, just",true
5467.0,2026-09-21 20:40:00,@ineverlutes,,minuteSODA,neutral,vader,,"You're like, YOU GOT MEDICAL? COOL. We're minute. I should have just gone to the church across the street. But uh yeah, I cut my finger on a mandolin. I was watching Captain Carelli's mandolin and I just was like going to kill myself. Okay, just kidding. THAT SHE YEAH, THAT'S RIGHT.",true
5468.0,2026-09-21 20:40:01,@alisonwayland6057,,I swore Patton Oswalt was so.ewhat funny,positive,vader,,"You're like, YOU GOT MEDICAL? COOL. We're minute. I should have just gone to the church across the street. But uh yeah, I cut my finger on a mandolin. I was watching Captain Carelli's mandolin and I just was like going to kill myself. Okay, just kidding. THAT SHE YEAH, THAT'S RIGHT.",true
5468.0,2026-09-21 20:40:01,@Hackofalltrades-mh5fq,,We got Sean Astin at home looking ahhh,neutral,vader,,"You're like, YOU GOT MEDICAL? COOL. We're minute. I should have just gone to the church across the street. But uh yeah, I cut my finger on a mandolin. I was watching Captain Carelli's mandolin and I just was like going to kill myself. Okay, just kidding. THAT SHE YEAH, THAT'S RIGHT.",true
5475.0,2026-09-21 20:40:08,@billyboing215,,I miss jim blow,negative,vader,,"I should have just gone to the church across the street. But uh yeah, I cut my finger on a mandolin. I was watching Captain Carelli's mandolin and I just was like going to kill myself. Okay, just kidding. THAT SHE YEAH, THAT'S RIGHT. THAT YO, IT'S NOT FOR NOTHING. GET OUT OF THE WAY. YOU'RE ALWAYS IN THE WAY. YOU'RE WEARING",true
5476.0,2026-09-21 20:40:09,@henryOP8749,,This dude look like Spencer wtf :rolling_on_the_floor_laughing: ,negative,vader,,"across the street. But uh yeah, I cut my finger on a mandolin. I was watching Captain Carelli's mandolin and I just was like going to kill myself. Okay, just kidding. THAT SHE YEAH, THAT'S RIGHT. THAT YO, IT'S NOT FOR NOTHING. GET OUT OF THE WAY. YOU'RE ALWAYS IN THE WAY. YOU'RE WEARING A SWEATER. IT'S 79°.",true
5477.0,2026-09-21 20:40:10,@goodviibes8573,,I’m calling the cops on this turd :pile_of_poo: ,neutral,vader,,"across the street. But uh yeah, I cut my finger on a mandolin. I was watching Captain Carelli's mandolin and I just was like going to kill myself. Okay, just kidding. THAT SHE YEAH, THAT'S RIGHT. THAT YO, IT'S NOT FOR NOTHING. GET OUT OF THE WAY. YOU'RE ALWAYS IN THE WAY. YOU'RE WEARING A SWEATER. IT'S 79°.",true
5478.0,2026-09-21 20:40:11,@williamjohnson1302,,Spencer hit hard times,negative,vader,,"But uh yeah, I cut my finger on a mandolin. I was watching Captain Carelli's mandolin and I just was like going to kill myself. Okay, just kidding. THAT SHE YEAH, THAT'S RIGHT. THAT YO, IT'S NOT FOR NOTHING. GET OUT OF THE WAY. YOU'RE ALWAYS IN THE WAY. YOU'RE WEARING A SWEATER. IT'S 79°.",true
5479.0,2026-09-21 20:40:12,@greendayisawesome123,,Crowd sucks Jesus Christ this is hard to watch lollll,negative,vader,,"But uh yeah, I cut my finger on a mandolin. I was watching Captain Carelli's mandolin and I just was like going to kill myself. Okay, just kidding. THAT SHE YEAH, THAT'S RIGHT. THAT YO, IT'S NOT FOR NOTHING. GET OUT OF THE WAY. YOU'RE ALWAYS IN THE WAY. YOU'RE WEARING A SWEATER. IT'S 79°.",true
5484.0,2026-09-21 20:40:17,@STICKY_tt6,,thos guy sucks a Lil less then the others,negative,vader,,"going to kill myself. Okay, just kidding. THAT SHE YEAH, THAT'S RIGHT. THAT YO, IT'S NOT FOR NOTHING. GET OUT OF THE WAY. YOU'RE ALWAYS IN THE WAY. YOU'RE WEARING A SWEATER. IT'S 79°. It's zipped up all the way. What's going",true
5484.0,2026-09-21 20:40:17,@Reasonable6,,"okay, let's talk about geopolitics. Chat, Rome fought Persia and lost after 728 years.",negative,vader,,"going to kill myself. Okay, just kidding. THAT SHE YEAH, THAT'S RIGHT. THAT YO, IT'S NOT FOR NOTHING. GET OUT OF THE WAY. YOU'RE ALWAYS IN THE WAY. YOU'RE WEARING A SWEATER. IT'S 79°. It's zipped up all the way. What's going",true
5493.0,2026-09-21 20:40:26,@EricNelson1236,,kill them demons son,negative,vader,,"OF THE WAY. YOU'RE ALWAYS IN THE WAY. YOU'RE WEARING A SWEATER. IT'S 79°. It's zipped up all the way. What's going on there? >> So, Captain Carelli's Mandolin stars Nicholas Cage,",true
5498.0,2026-09-21 20:40:31,@Gloobus.q,,Is this dude wearing a spam lanyard ???,negative,vader,,"YOU'RE ALWAYS IN THE WAY. YOU'RE WEARING A SWEATER. IT'S 79°. It's zipped up all the way. What's going on there? >> So, Captain Carelli's Mandolin stars Nicholas Cage, and he clearly did that movie to buy a castle.",true
5500.0,2026-09-21 20:40:33,@Reasonable6,,jews dont fight,positive,vader,,"It's zipped up all the way. What's going on there? >> So, Captain Carelli's Mandolin stars Nicholas Cage, and he clearly did that movie to buy a castle. That's good. I like that you're wearing",true
5503.0,2026-09-21 20:40:36,@Mike-Alice-D-InWonderland,,"Seinfeld isn't even funny, he's way over rated",negative,vader,,"It's zipped up all the way. What's going on there? >> So, Captain Carelli's Mandolin stars Nicholas Cage, and he clearly did that movie to buy a castle. That's good. I like that you're wearing a police uniform. I really appreciate that. You you you're wearing a police",true
5508.0,2026-09-21 20:40:41,@Donnieboy24,,what a cool gamestop manager,positive,vader,,"on there? >> So, Captain Carelli's Mandolin stars Nicholas Cage, and he clearly did that movie to buy a castle. That's good. I like that you're wearing a police uniform. I really appreciate that. You you you're wearing a police uniform. Some people call it a wife",true
5508.0,2026-09-21 20:40:41,@billyboing215,,TELL A FUCKING JOKE,positive,vader,,"on there? >> So, Captain Carelli's Mandolin stars Nicholas Cage, and he clearly did that movie to buy a castle. That's good. I like that you're wearing a police uniform. I really appreciate that. You you you're wearing a police uniform. Some people call it a wife",true
5511.0,2026-09-21 20:40:44,@gnomecaveira1490,,The only warrior he could be is the butt plug warrior. The salami defender. Captain wet salamander deepthroater,positive,vader,,">> So, Captain Carelli's Mandolin stars Nicholas Cage, and he clearly did that movie to buy a castle. That's good. I like that you're wearing a police uniform. I really appreciate that. You you you're wearing a police uniform. Some people call it a wife beater, but um you know, to each their",true
5517.0,2026-09-21 20:40:50,@JimboTheComic,,He’s sponsored Gloobus ,neutral,vader,,"That's good. I like that you're wearing a police uniform. I really appreciate that. You you you're wearing a police uniform. Some people call it a wife beater, but um you know, to each their own. It's good. I cut my finger off every I wasn't supposed to yell, but I'm just",true
5520.0,2026-09-21 20:40:53,@ineverlutes,,@gloobus say sike :loudly_crying_face::rolling_on_the_floor_laughing::rolling_on_the_floor_laughing:,neutral,vader,,"That's good. I like that you're wearing a police uniform. I really appreciate that. You you you're wearing a police uniform. Some people call it a wife beater, but um you know, to each their own. It's good. I cut my finger off every I wasn't supposed to yell, but I'm just I'm I'm toning it down. Also, there was",true
5523.0,2026-09-21 20:40:56,@henryOP8749,,GameStop manager :rolling_on_the_floor_laughing: ,neutral,vader,,"a police uniform. I really appreciate that. You you you're wearing a police uniform. Some people call it a wife beater, but um you know, to each their own. It's good. I cut my finger off every I wasn't supposed to yell, but I'm just I'm I'm toning it down. Also, there was a girl WEARING A BUTTERFLY OUTFIT FOR 18",true
5527.0,2026-09-21 20:41:00,@Mike-Alice-D-InWonderland,,what's with airport food? what kind of joke is that?,positive,vader,,"uniform. Some people call it a wife beater, but um you know, to each their own. It's good. I cut my finger off every I wasn't supposed to yell, but I'm just I'm I'm toning it down. Also, there was a girl WEARING A BUTTERFLY OUTFIT FOR 18 MINUTES. What was going on there?",true
5530.0,2026-09-21 20:41:03,@aliwritesfunny,,:face-orange-biting-nails:,neutral,vader,,"beater, but um you know, to each their own. It's good. I cut my finger off every I wasn't supposed to yell, but I'm just I'm I'm toning it down. Also, there was a girl WEARING A BUTTERFLY OUTFIT FOR 18 MINUTES. What was going on there? Butterflies in the sky. I could fly",true
5532.0,2026-09-21 20:41:05,@goodviibes8573,,I don’t want to hurt this guys shirt feelings but it’s gay ,positive,vader,,"own. It's good. I cut my finger off every I wasn't supposed to yell, but I'm just I'm I'm toning it down. Also, there was a girl WEARING A BUTTERFLY OUTFIT FOR 18 MINUTES. What was going on there? Butterflies in the sky. I could fly twice as high. We're clearly smoking the",true
5540.0,2026-09-21 20:41:13,@JimboTheComic,,He got fired Henry ,negative,vader,,"I'm I'm toning it down. Also, there was a girl WEARING A BUTTERFLY OUTFIT FOR 18 MINUTES. What was going on there? Butterflies in the sky. I could fly twice as high. We're clearly smoking the same math. Okay. I cut my finger off on a mandolin, which",true
5541.0,2026-09-21 20:41:14,@ineverlutes,,@henry :face_with_tears_of_joy::face_with_tears_of_joy::face_with_tears_of_joy:,neutral,vader,,"I'm I'm toning it down. Also, there was a girl WEARING A BUTTERFLY OUTFIT FOR 18 MINUTES. What was going on there? Butterflies in the sky. I could fly twice as high. We're clearly smoking the same math. Okay. I cut my finger off on a mandolin, which is like uh it's not a musical",true
5545.0,2026-09-21 20:41:18,@rocjames1,,Seinfeld is the joke,positive,vader,,"a girl WEARING A BUTTERFLY OUTFIT FOR 18 MINUTES. What was going on there? Butterflies in the sky. I could fly twice as high. We're clearly smoking the same math. Okay. I cut my finger off on a mandolin, which is like uh it's not a musical instrument. Or is the people in the urgent Medicare thought it was like a",true
5546.0,2026-09-21 20:41:19,@McMisfit,,prove it,neutral,vader,,"a girl WEARING A BUTTERFLY OUTFIT FOR 18 MINUTES. What was going on there? Butterflies in the sky. I could fly twice as high. We're clearly smoking the same math. Okay. I cut my finger off on a mandolin, which is like uh it's not a musical instrument. Or is the people in the urgent Medicare thought it was like a",true
5547.0,2026-09-21 20:41:20,@alisonwayland6057,,Police officer/ stripper,neutral,vader,,"MINUTES. What was going on there? Butterflies in the sky. I could fly twice as high. We're clearly smoking the same math. Okay. I cut my finger off on a mandolin, which is like uh it's not a musical instrument. Or is the people in the urgent Medicare thought it was like a",true
5547.0,2026-09-21 20:41:20,@williamjohnson1302,,Doug carried him. lets be honest,positive,vader,,"MINUTES. What was going on there? Butterflies in the sky. I could fly twice as high. We're clearly smoking the same math. Okay. I cut my finger off on a mandolin, which is like uh it's not a musical instrument. Or is the people in the urgent Medicare thought it was like a",true
5551.0,2026-09-21 20:41:24,@sunkissed335,,she violated the chair,negative,vader,,"Butterflies in the sky. I could fly twice as high. We're clearly smoking the same math. Okay. I cut my finger off on a mandolin, which is like uh it's not a musical instrument. Or is the people in the urgent Medicare thought it was like a fish, >> which doesn't make me feel good about",true
5555.0,2026-09-21 20:41:28,@PoetKing-n2k,,bet hime ride a butterfly,neutral,vader,,"twice as high. We're clearly smoking the same math. Okay. I cut my finger off on a mandolin, which is like uh it's not a musical instrument. Or is the people in the urgent Medicare thought it was like a fish, >> which doesn't make me feel good about science or technology. Are you guys familiar what a mandolin is?",true
5556.0,2026-09-21 20:41:29,@Slice2112,,What’s the deal with gays closing straits?!?,neutral,vader,,"same math. Okay. I cut my finger off on a mandolin, which is like uh it's not a musical instrument. Or is the people in the urgent Medicare thought it was like a fish, >> which doesn't make me feel good about science or technology. Are you guys familiar what a mandolin is?",true
5559.0,2026-09-21 20:41:32,@billyboing215,,I miss jim blow,negative,vader,,"I cut my finger off on a mandolin, which is like uh it's not a musical instrument. Or is the people in the urgent Medicare thought it was like a fish, >> which doesn't make me feel good about science or technology. Are you guys familiar what a mandolin is? >> It's like a horizontal",true
5559.0,2026-09-21 20:41:32,@Reasonable6,,you know who was ? Bob saggit had some dirty stand up,negative,vader,,"I cut my finger off on a mandolin, which is like uh it's not a musical instrument. Or is the people in the urgent Medicare thought it was like a fish, >> which doesn't make me feel good about science or technology. Are you guys familiar what a mandolin is? >> It's like a horizontal",true
5571.0,2026-09-21 20:41:44,@EricNelson1236,,hairy feet where's his shoes,neutral,vader,,">> which doesn't make me feel good about science or technology. Are you guys familiar what a mandolin is? >> It's like a horizontal uh Hold on. Let me check my notes. Hold on a second. Hold on. HOLD ON. HOLD ON. WAIT, WAIT. >> Let's go. It's This paper is unlike my wife. It's very wet. Hold on.",true
5572.0,2026-09-21 20:41:45,@GregDouchette,,This guy sounds like Wallace Shawn ,positive,vader,,"science or technology. Are you guys familiar what a mandolin is? >> It's like a horizontal uh Hold on. Let me check my notes. Hold on a second. Hold on. HOLD ON. HOLD ON. WAIT, WAIT. >> Let's go. It's This paper is unlike my wife. It's very wet. Hold on.",true
5573.0,2026-09-21 20:41:46,@Reasonable6,,but the epstien crowd killed him with a baseball bat,neutral,vader,,"science or technology. Are you guys familiar what a mandolin is? >> It's like a horizontal uh Hold on. Let me check my notes. Hold on a second. Hold on. HOLD ON. HOLD ON. WAIT, WAIT. >> Let's go. It's This paper is unlike my wife. It's very wet. Hold on.",true
5574.0,2026-09-21 20:41:47,@Hackofalltrades-mh5fq,,"OK, I'll give him best lanyard + shirt combo of the night",positive,vader,,"science or technology. Are you guys familiar what a mandolin is? >> It's like a horizontal uh Hold on. Let me check my notes. Hold on a second. Hold on. HOLD ON. HOLD ON. WAIT, WAIT. >> Let's go. It's This paper is unlike my wife. It's very wet. Hold on.",true
5575.0,2026-09-21 20:41:48,@gnomecaveira1490,,He spent about the butterfly girl bc he wished he could violate the chair like she did,negative,vader,,"familiar what a mandolin is? >> It's like a horizontal uh Hold on. Let me check my notes. Hold on a second. Hold on. HOLD ON. HOLD ON. WAIT, WAIT. >> Let's go. It's This paper is unlike my wife. It's very wet. Hold on.",true
5577.0,2026-09-21 20:41:50,@S.D.L-m1j,,:face-turquoise-covering-eyes:,neutral,vader,,"familiar what a mandolin is? >> It's like a horizontal uh Hold on. Let me check my notes. Hold on a second. Hold on. HOLD ON. HOLD ON. WAIT, WAIT. >> Let's go. It's This paper is unlike my wife. It's very wet. Hold on. >> I can't read this. Can you read this?",true
5580.0,2026-09-21 20:41:53,@henryOP8749,,Butternuts from half baked is funnier than this dude,positive,vader,,"uh Hold on. Let me check my notes. Hold on a second. Hold on. HOLD ON. HOLD ON. WAIT, WAIT. >> Let's go. It's This paper is unlike my wife. It's very wet. Hold on. >> I can't read this. Can you read this? What does that say?",true
5584.0,2026-09-21 20:41:57,@Gloobus.q,,Someone get a mandolin counter going ,neutral,vader,,"on a second. Hold on. HOLD ON. HOLD ON. WAIT, WAIT. >> Let's go. It's This paper is unlike my wife. It's very wet. Hold on. >> I can't read this. Can you read this? What does that say? >> Horizontal guillotine for vesicles.",true
5585.0,2026-09-21 20:41:58,@McMisfit,,slicer,neutral,vader,,"WAIT, WAIT. >> Let's go. It's This paper is unlike my wife. It's very wet. Hold on. >> I can't read this. Can you read this? What does that say? >> Horizontal guillotine for vesicles. >> Vegetables. What are you [ __ ] stupid?",true
5586.0,2026-09-21 20:41:59,@stuarta4393,,oh boy,neutral,vader,,"WAIT, WAIT. >> Let's go. It's This paper is unlike my wife. It's very wet. Hold on. >> I can't read this. Can you read this? What does that say? >> Horizontal guillotine for vesicles. >> Vegetables. What are you [ __ ] stupid?",true
5590.0,2026-09-21 20:42:03,@williamjohnson1302,,well. least clock is back..,positive,vader,,>> Let's go. It's This paper is unlike my wife. It's very wet. Hold on. >> I can't read this. Can you read this? What does that say? >> Horizontal guillotine for vesicles. >> Vegetables. What are you [ __ ] stupid? I'M JUST KIDDING. I DON'T KNOW HOW TO SPELL VEGETABLES.,true
5592.0,2026-09-21 20:42:05,@TommyTheJarvis,,Did he write his notes on a Crunchwrap ,neutral,vader,,">> I can't read this. Can you read this? What does that say? >> Horizontal guillotine for vesicles. >> Vegetables. What are you [ __ ] stupid? I'M JUST KIDDING. I DON'T KNOW HOW TO SPELL VEGETABLES. SO, UH, G, UH, mandolin is a horizontal",true
5596.0,2026-09-21 20:42:09,@ineverlutes,,chair carried,neutral,vader,,">> I can't read this. Can you read this? What does that say? >> Horizontal guillotine for vesicles. >> Vegetables. What are you [ __ ] stupid? I'M JUST KIDDING. I DON'T KNOW HOW TO SPELL VEGETABLES. SO, UH, G, UH, mandolin is a horizontal what?",true
5596.0,2026-09-21 20:42:09,@Donnieboy24,,I bet he's got a beyblade in the glovebox of his vehicle,neutral,vader,,">> I can't read this. Can you read this? What does that say? >> Horizontal guillotine for vesicles. >> Vegetables. What are you [ __ ] stupid? I'M JUST KIDDING. I DON'T KNOW HOW TO SPELL VEGETABLES. SO, UH, G, UH, mandolin is a horizontal what?",true
5604.0,2026-09-21 20:42:17,@alisonwayland6057,,is he really taking a Wayne's world time out,neutral,vader,,">> Horizontal guillotine for vesicles. >> Vegetables. What are you [ __ ] stupid? I'M JUST KIDDING. I DON'T KNOW HOW TO SPELL VEGETABLES. SO, UH, G, UH, mandolin is a horizontal what? >> Vegetable slicer. >> Vegetable slicer. >> It's a horizontal guillotine for vegetables. So, I was meal prepping, right? I got my",true
5606.0,2026-09-21 20:42:19,@rocjames1,,That's the dude in from King of Queen,neutral,vader,,">> Vegetables. What are you [ __ ] stupid? I'M JUST KIDDING. I DON'T KNOW HOW TO SPELL VEGETABLES. SO, UH, G, UH, mandolin is a horizontal what? >> Vegetable slicer. >> Vegetable slicer. >> It's a horizontal guillotine for vegetables. So, I was meal prepping, right? I got my cucumbers.",true
5607.0,2026-09-21 20:42:20,@z28diablo,,Chair doesn't need notes,neutral,vader,,"I'M JUST KIDDING. I DON'T KNOW HOW TO SPELL VEGETABLES. SO, UH, G, UH, mandolin is a horizontal what? >> Vegetable slicer. >> Vegetable slicer. >> It's a horizontal guillotine for vegetables. So, I was meal prepping, right? I got my cucumbers. I got my summer squash.",true
5607.0,2026-09-21 20:42:20,@Pusherman,,@GregDouchette INCONCEIVABLE ,neutral,vader,,"I'M JUST KIDDING. I DON'T KNOW HOW TO SPELL VEGETABLES. SO, UH, G, UH, mandolin is a horizontal what? >> Vegetable slicer. >> Vegetable slicer. >> It's a horizontal guillotine for vegetables. So, I was meal prepping, right? I got my cucumbers. I got my summer squash.",true
5610.0,2026-09-21 20:42:23,@Mike-Alice-D-InWonderland,,someone else wrote his jokes then I guess,positive,vader,,"SPELL VEGETABLES. SO, UH, G, UH, mandolin is a horizontal what? >> Vegetable slicer. >> Vegetable slicer. >> It's a horizontal guillotine for vegetables. So, I was meal prepping, right? I got my cucumbers. I got my summer squash. I got my Mitch McConnell's.",true
5620.0,2026-09-21 20:42:33,@moneymagic6119,,he has snacks in his pockets,neutral,vader,,">> It's a horizontal guillotine for vegetables. So, I was meal prepping, right? I got my cucumbers. I got my summer squash. I got my Mitch McConnell's. And I cut off my [ __ ] finger. And uh I had to go to the urgent care and they",true
5621.0,2026-09-21 20:42:34,@radiostarkilla21,,Gila teen,neutral,vader,,"vegetables. So, I was meal prepping, right? I got my cucumbers. I got my summer squash. I got my Mitch McConnell's. And I cut off my [ __ ] finger. And uh I had to go to the urgent care and they",true
5623.0,2026-09-21 20:42:36,@ineverlutes,,@diablo :fax_machine::fax_machine:,neutral,vader,,"So, I was meal prepping, right? I got my cucumbers. I got my summer squash. I got my Mitch McConnell's. And I cut off my [ __ ] finger. And uh I had to go to the urgent care and they put my hand in a big shoe box full of",true
5625.0,2026-09-21 20:42:38,@billyboing215,,he's got zip ties and chloroform in his trunk,neutral,vader,,cucumbers. I got my summer squash. I got my Mitch McConnell's. And I cut off my [ __ ] finger. And uh I had to go to the urgent care and they put my hand in a big shoe box full of like iodine or whatever and I was like,true
5625.0,2026-09-21 20:42:38,@HollywoodStar2026,,heard you can trim your beard with a mandolin. Try it,neutral,vader,,cucumbers. I got my summer squash. I got my Mitch McConnell's. And I cut off my [ __ ] finger. And uh I had to go to the urgent care and they put my hand in a big shoe box full of like iodine or whatever and I was like,true
5625.0,2026-09-21 20:42:38,@z28diablo,,Doug ate his jokes,positive,vader,,cucumbers. I got my summer squash. I got my Mitch McConnell's. And I cut off my [ __ ] finger. And uh I had to go to the urgent care and they put my hand in a big shoe box full of like iodine or whatever and I was like,true
5631.0,2026-09-21 20:42:44,@williamjohnson1302,,wow...,positive,vader,,I got my summer squash. I got my Mitch McConnell's. And I cut off my [ __ ] finger. And uh I had to go to the urgent care and they put my hand in a big shoe box full of like iodine or whatever and I was like rostafare and then uh they're like do you see how much you're bleeding and I'm like yes I see how much I'M BLEEDING.,true
5633.0,2026-09-21 20:42:46,@rocjames1,,Pineapple head,neutral,vader,,And I cut off my [ __ ] finger. And uh I had to go to the urgent care and they put my hand in a big shoe box full of like iodine or whatever and I was like rostafare and then uh they're like do you see how much you're bleeding and I'm like yes I see how much I'M BLEEDING.,true
5644.0,2026-09-21 20:42:57,@billyboing215,,he owns a balaclava and hammer,neutral,vader,,put my hand in a big shoe box full of like iodine or whatever and I was like rostafare and then uh they're like do you see how much you're bleeding and I'm like yes I see how much I'M BLEEDING. ALSO SIDE NOTE I I FEEL LIKE AN OLD MAN. I WENT INTO THE [ __ ] CLINIC and I had like a basketball size amount OF PAPER TOWELS COVERED IN BLOOD.,true
5646.0,2026-09-21 20:42:59,@henryOP8749,,He ate his notes where he wrote the jokes on,positive,phrase_or_manual,,like iodine or whatever and I was like rostafare and then uh they're like do you see how much you're bleeding and I'm like yes I see how much I'M BLEEDING. ALSO SIDE NOTE I I FEEL LIKE AN OLD MAN. I WENT INTO THE [ __ ] CLINIC and I had like a basketball size amount OF PAPER TOWELS COVERED IN BLOOD.,true
5648.0,2026-09-21 20:43:01,@Gloobus.q,,Probably could fit the rest of him in a shoebox too,positive,vader,,rostafare and then uh they're like do you see how much you're bleeding and I'm like yes I see how much I'M BLEEDING. ALSO SIDE NOTE I I FEEL LIKE AN OLD MAN. I WENT INTO THE [ __ ] CLINIC and I had like a basketball size amount OF PAPER TOWELS COVERED IN BLOOD. And then I open the door and I go in and,true
5649.0,2026-09-21 20:43:02,@S.D.L-m1j,,:eyes::chair:,neutral,vader,,you see how much you're bleeding and I'm like yes I see how much I'M BLEEDING. ALSO SIDE NOTE I I FEEL LIKE AN OLD MAN. I WENT INTO THE [ __ ] CLINIC and I had like a basketball size amount OF PAPER TOWELS COVERED IN BLOOD. And then I open the door and I go in and,true
5652.0,2026-09-21 20:43:05,@goodviibes8573,,Bring the chair back ,neutral,vader,,like yes I see how much I'M BLEEDING. ALSO SIDE NOTE I I FEEL LIKE AN OLD MAN. I WENT INTO THE [ __ ] CLINIC and I had like a basketball size amount OF PAPER TOWELS COVERED IN BLOOD. And then I open the door and I go in and they ask me for my phone number and,true
5654.0,2026-09-21 20:43:07,@gnomecaveira1490,,Thought he cooked with the Mitch McConnells bit,neutral,vader,,"like yes I see how much I'M BLEEDING. ALSO SIDE NOTE I I FEEL LIKE AN OLD MAN. I WENT INTO THE [ __ ] CLINIC and I had like a basketball size amount OF PAPER TOWELS COVERED IN BLOOD. And then I open the door and I go in and they ask me for my phone number and they're like, ""Cool. We're going to text",true
5655.0,2026-09-21 20:43:08,@ineverlutes,,@diablo :face_with_tears_of_joy::face_with_tears_of_joy:,neutral,vader,,"ALSO SIDE NOTE I I FEEL LIKE AN OLD MAN. I WENT INTO THE [ __ ] CLINIC and I had like a basketball size amount OF PAPER TOWELS COVERED IN BLOOD. And then I open the door and I go in and they ask me for my phone number and they're like, ""Cool. We're going to text you a link. YOU GOT TO DOWNLOAD THE APP,",true
5657.0,2026-09-21 20:43:10,@sHaneNelsonComedy,,This guy sucks ,negative,vader,,"ALSO SIDE NOTE I I FEEL LIKE AN OLD MAN. I WENT INTO THE [ __ ] CLINIC and I had like a basketball size amount OF PAPER TOWELS COVERED IN BLOOD. And then I open the door and I go in and they ask me for my phone number and they're like, ""Cool. We're going to text you a link. YOU GOT TO DOWNLOAD THE APP,",true
5658.0,2026-09-21 20:43:11,@rocjames1,,king of Queens,neutral,vader,,"I WENT INTO THE [ __ ] CLINIC and I had like a basketball size amount OF PAPER TOWELS COVERED IN BLOOD. And then I open the door and I go in and they ask me for my phone number and they're like, ""Cool. We're going to text you a link. YOU GOT TO DOWNLOAD THE APP, FILL OUT your information, and then",true
5659.0,2026-09-21 20:43:12,@aliwritesfunny,,He can’t be trusted with sharp objects ,negative,vader,,"I WENT INTO THE [ __ ] CLINIC and I had like a basketball size amount OF PAPER TOWELS COVERED IN BLOOD. And then I open the door and I go in and they ask me for my phone number and they're like, ""Cool. We're going to text you a link. YOU GOT TO DOWNLOAD THE APP, FILL OUT your information, and then",true
5662.0,2026-09-21 20:43:15,@Donnieboy24,,he looks like he should have Patrick stars voice,positive,vader,,"like a basketball size amount OF PAPER TOWELS COVERED IN BLOOD. And then I open the door and I go in and they ask me for my phone number and they're like, ""Cool. We're going to text you a link. YOU GOT TO DOWNLOAD THE APP, FILL OUT your information, and then we'll see you.""",true
5664.0,2026-09-21 20:43:17,@Reasonable6,,nobody lsughing,neutral,vader,,"like a basketball size amount OF PAPER TOWELS COVERED IN BLOOD. And then I open the door and I go in and they ask me for my phone number and they're like, ""Cool. We're going to text you a link. YOU GOT TO DOWNLOAD THE APP, FILL OUT your information, and then we'll see you."" I HAVE LOST A FINGER.",true
5666.0,2026-09-21 20:43:19,@henryOP8749,,Look at that chair oohlala,neutral,vader,,"TOWELS COVERED IN BLOOD. And then I open the door and I go in and they ask me for my phone number and they're like, ""Cool. We're going to text you a link. YOU GOT TO DOWNLOAD THE APP, FILL OUT your information, and then we'll see you."" I HAVE LOST A FINGER.",true
5667.0,2026-09-21 20:43:20,@JimboTheComic,,Shane be nicer ,positive,vader,,"TOWELS COVERED IN BLOOD. And then I open the door and I go in and they ask me for my phone number and they're like, ""Cool. We're going to text you a link. YOU GOT TO DOWNLOAD THE APP, FILL OUT your information, and then we'll see you."" I HAVE LOST A FINGER.",true
5667.0,2026-09-21 20:43:20,@GregDouchette,,"@Pusherman ah yes, a man of culture :smiling_face_with_sunglasses:",positive,vader,,"TOWELS COVERED IN BLOOD. And then I open the door and I go in and they ask me for my phone number and they're like, ""Cool. We're going to text you a link. YOU GOT TO DOWNLOAD THE APP, FILL OUT your information, and then we'll see you."" I HAVE LOST A FINGER.",true
5667.0,2026-09-21 20:43:20,@HollywoodStar2026,,what's he yelling?,neutral,vader,,"TOWELS COVERED IN BLOOD. And then I open the door and I go in and they ask me for my phone number and they're like, ""Cool. We're going to text you a link. YOU GOT TO DOWNLOAD THE APP, FILL OUT your information, and then we'll see you."" I HAVE LOST A FINGER.",true
5673.0,2026-09-21 20:43:26,@JustMeInMpls,,"he didn't cut his finger tip off, I did and then attached a metal cap over it to keep you from hitting the tip after they clipped my bone off",positive,vader,,"they're like, ""Cool. We're going to text you a link. YOU GOT TO DOWNLOAD THE APP, FILL OUT your information, and then we'll see you."" I HAVE LOST A FINGER. MY WIFE IS PISSED, >> RIGHT? >> She's still trying to park. That's not good. They put my hand in the big thing",true
5677.0,2026-09-21 20:43:30,@ineverlutes,,dog ate his jokes,positive,vader,,"you a link. YOU GOT TO DOWNLOAD THE APP, FILL OUT your information, and then we'll see you."" I HAVE LOST A FINGER. MY WIFE IS PISSED, >> RIGHT? >> She's still trying to park. That's not good. They put my hand in the big thing on iodine and they're like, ""Do you see how much you're bleeding?"" And I'm like,",true
5678.0,2026-09-21 20:43:31,@Mike-Alice-D-InWonderland,,is the same actor you're talking about the same dude whom works with Ashton Kutcher in 2 and a half men?,neutral,vader,,"FILL OUT your information, and then we'll see you."" I HAVE LOST A FINGER. MY WIFE IS PISSED, >> RIGHT? >> She's still trying to park. That's not good. They put my hand in the big thing on iodine and they're like, ""Do you see how much you're bleeding?"" And I'm like,",true
5681.0,2026-09-21 20:43:34,@JimboTheComic,,Donnie LMAO,positive,vader,,"we'll see you."" I HAVE LOST A FINGER. MY WIFE IS PISSED, >> RIGHT? >> She's still trying to park. That's not good. They put my hand in the big thing on iodine and they're like, ""Do you see how much you're bleeding?"" And I'm like, ""Yes, I see how much I'm bleeding."" And",true
5681.0,2026-09-21 20:43:34,@JoeyBagelsNYC,,Production really trying to save this with the camera cuts :face_with_tears_of_joy:,positive,vader,,"we'll see you."" I HAVE LOST A FINGER. MY WIFE IS PISSED, >> RIGHT? >> She's still trying to park. That's not good. They put my hand in the big thing on iodine and they're like, ""Do you see how much you're bleeding?"" And I'm like, ""Yes, I see how much I'm bleeding."" And",true
5681.0,2026-09-21 20:43:34,@gnomecaveira1490,,He has no material so he’s just word vomiting about his damn er visit,negative,vader,,"we'll see you."" I HAVE LOST A FINGER. MY WIFE IS PISSED, >> RIGHT? >> She's still trying to park. That's not good. They put my hand in the big thing on iodine and they're like, ""Do you see how much you're bleeding?"" And I'm like, ""Yes, I see how much I'm bleeding."" And",true
5683.0,2026-09-21 20:43:36,@radiostarkilla21,,Patton oswald,neutral,vader,,"we'll see you."" I HAVE LOST A FINGER. MY WIFE IS PISSED, >> RIGHT? >> She's still trying to park. That's not good. They put my hand in the big thing on iodine and they're like, ""Do you see how much you're bleeding?"" And I'm like, ""Yes, I see how much I'm bleeding."" And I don't know a lot about medical technical terms, so I'm going to",true
5685.0,2026-09-21 20:43:38,@goodviibes8573,,Times up Tubby ,neutral,vader,,"we'll see you."" I HAVE LOST A FINGER. MY WIFE IS PISSED, >> RIGHT? >> She's still trying to park. That's not good. They put my hand in the big thing on iodine and they're like, ""Do you see how much you're bleeding?"" And I'm like, ""Yes, I see how much I'm bleeding."" And I don't know a lot about medical technical terms, so I'm going to reiterate in the terms that I hear in my",true
5699.0,2026-09-21 20:43:52,@gnomecaveira1490,, Dude thinks we believe he has a wife is the real joke:rolling_on_the_floor_laughing::rolling_on_the_floor_laughing:,neutral,vader,,"how much you're bleeding?"" And I'm like, ""Yes, I see how much I'm bleeding."" And I don't know a lot about medical technical terms, so I'm going to reiterate in the terms that I hear in my brain. They see they say like, ""Hey, do you notice that your hoopa boop is slightly detached from your boopa boop?"" And I'm like, ""Yes, I do see that my hoopa boop is completely detached from",true
5701.0,2026-09-21 20:43:54,@Gloobus.q,,It was really cool your mom came on stage earlier Shane ,positive,vader,,"I don't know a lot about medical technical terms, so I'm going to reiterate in the terms that I hear in my brain. They see they say like, ""Hey, do you notice that your hoopa boop is slightly detached from your boopa boop?"" And I'm like, ""Yes, I do see that my hoopa boop is completely detached from my boopa boop."" And they're like,",true
5703.0,2026-09-21 20:43:56,@S.D.L-m1j,,This voice will haunt me long after this..:face-green-smiling:,negative,vader,,"technical terms, so I'm going to reiterate in the terms that I hear in my brain. They see they say like, ""Hey, do you notice that your hoopa boop is slightly detached from your boopa boop?"" And I'm like, ""Yes, I do see that my hoopa boop is completely detached from my boopa boop."" And they're like, ""That's not good.""",true
5705.0,2026-09-21 20:43:58,@alisonwayland6057,,he's yelling. are we in trouble?,negative,vader,,"reiterate in the terms that I hear in my brain. They see they say like, ""Hey, do you notice that your hoopa boop is slightly detached from your boopa boop?"" And I'm like, ""Yes, I do see that my hoopa boop is completely detached from my boopa boop."" And they're like, ""That's not good.""",true
5710.0,2026-09-21 20:44:03,@williamjohnson1302,,weres Apollo clown when we need him,neutral,vader,,"brain. They see they say like, ""Hey, do you notice that your hoopa boop is slightly detached from your boopa boop?"" And I'm like, ""Yes, I do see that my hoopa boop is completely detached from my boopa boop."" And they're like, ""That's not good."" And then they're like, ""You're bleeding a lot. Do you know that you're bleeding a lot?"" And I'm like, ""Yes, I know that",true
5713.0,2026-09-21 20:44:06,@rocjames1,,He's Doug's friend from king of queens,positive,vader,,"slightly detached from your boopa boop?"" And I'm like, ""Yes, I do see that my hoopa boop is completely detached from my boopa boop."" And they're like, ""That's not good."" And then they're like, ""You're bleeding a lot. Do you know that you're bleeding a lot?"" And I'm like, ""Yes, I know that I'm bleeding a lot."" And they're like,",true
5714.0,2026-09-21 20:44:07,@henryOP8749,,Flubber IRL right here,neutral,vader,,"slightly detached from your boopa boop?"" And I'm like, ""Yes, I do see that my hoopa boop is completely detached from my boopa boop."" And they're like, ""That's not good."" And then they're like, ""You're bleeding a lot. Do you know that you're bleeding a lot?"" And I'm like, ""Yes, I know that I'm bleeding a lot."" And they're like, ""You should go to a hospital.",true
5715.0,2026-09-21 20:44:08,@Reasonable6,,he wrote his jokes on a cum rag,positive,vader,,"slightly detached from your boopa boop?"" And I'm like, ""Yes, I do see that my hoopa boop is completely detached from my boopa boop."" And they're like, ""That's not good."" And then they're like, ""You're bleeding a lot. Do you know that you're bleeding a lot?"" And I'm like, ""Yes, I know that I'm bleeding a lot."" And they're like, ""You should go to a hospital.",true
5719.0,2026-09-21 20:44:12,@CaptaInCav3man,,Temu Patton Oswalt ,neutral,vader,,"hoopa boop is completely detached from my boopa boop."" And they're like, ""That's not good."" And then they're like, ""You're bleeding a lot. Do you know that you're bleeding a lot?"" And I'm like, ""Yes, I know that I'm bleeding a lot."" And they're like, ""You should go to a hospital. Bro.",true
5719.0,2026-09-21 20:44:12,@McMisfit,,drunkle activity,neutral,vader,,"hoopa boop is completely detached from my boopa boop."" And they're like, ""That's not good."" And then they're like, ""You're bleeding a lot. Do you know that you're bleeding a lot?"" And I'm like, ""Yes, I know that I'm bleeding a lot."" And they're like, ""You should go to a hospital. Bro.",true
5724.0,2026-09-21 20:44:17,@DeronJohnson70,,Boooo a da boop ,neutral,vader,,"my boopa boop."" And they're like, ""That's not good."" And then they're like, ""You're bleeding a lot. Do you know that you're bleeding a lot?"" And I'm like, ""Yes, I know that I'm bleeding a lot."" And they're like, ""You should go to a hospital. Bro. >> So, I got like four stitches in here. ALSO, HOW does Maui have 15 golf courses",true
5724.0,2026-09-21 20:44:17,@williamjohnson1302,,spencer,neutral,vader,,"my boopa boop."" And they're like, ""That's not good."" And then they're like, ""You're bleeding a lot. Do you know that you're bleeding a lot?"" And I'm like, ""Yes, I know that I'm bleeding a lot."" And they're like, ""You should go to a hospital. Bro. >> So, I got like four stitches in here. ALSO, HOW does Maui have 15 golf courses",true
5725.0,2026-09-21 20:44:18,@z28diablo,,I see why Doug never wanted to hang out with him now,neutral,vader,,"""That's not good."" And then they're like, ""You're bleeding a lot. Do you know that you're bleeding a lot?"" And I'm like, ""Yes, I know that I'm bleeding a lot."" And they're like, ""You should go to a hospital. Bro. >> So, I got like four stitches in here. ALSO, HOW does Maui have 15 golf courses",true
5727.0,2026-09-21 20:44:20,@JimboTheComic,,Alison we are all in trouble ,negative,vader,,"And then they're like, ""You're bleeding a lot. Do you know that you're bleeding a lot?"" And I'm like, ""Yes, I know that I'm bleeding a lot."" And they're like, ""You should go to a hospital. Bro. >> So, I got like four stitches in here. ALSO, HOW does Maui have 15 golf courses but a quarter of a hospital?",true
5727.0,2026-09-21 20:44:20,@goodviibes8573,,It that a 10 year old ?? ,neutral,vader,,"And then they're like, ""You're bleeding a lot. Do you know that you're bleeding a lot?"" And I'm like, ""Yes, I know that I'm bleeding a lot."" And they're like, ""You should go to a hospital. Bro. >> So, I got like four stitches in here. ALSO, HOW does Maui have 15 golf courses but a quarter of a hospital?",true
5736.0,2026-09-21 20:44:29,@billyboing215,,chuck sucks,negative,vader,,"I'm bleeding a lot."" And they're like, ""You should go to a hospital. Bro. >> So, I got like four stitches in here. ALSO, HOW does Maui have 15 golf courses but a quarter of a hospital? I'm a stoner. So, that's 7 g of hospital.",true
5737.0,2026-09-21 20:44:30,@henryOP8749,,Druncle incarnate,neutral,vader,,"Bro. >> So, I got like four stitches in here. ALSO, HOW does Maui have 15 golf courses but a quarter of a hospital? I'm a stoner. So, that's 7 g of hospital. It's not enough. All right, that's my",true
5737.0,2026-09-21 20:44:30,@HollywoodStar2026,,there's 3 people here. quit yelling,neutral,vader,,"Bro. >> So, I got like four stitches in here. ALSO, HOW does Maui have 15 golf courses but a quarter of a hospital? I'm a stoner. So, that's 7 g of hospital. It's not enough. All right, that's my",true
5738.0,2026-09-21 20:44:31,@PoetKing-n2k,,:face_with_tears_of_joy:,neutral,vader,,"Bro. >> So, I got like four stitches in here. ALSO, HOW does Maui have 15 golf courses but a quarter of a hospital? I'm a stoner. So, that's 7 g of hospital. It's not enough. All right, that's my",true
5740.0,2026-09-21 20:44:33,@greendayisawesome123,,When do the jokes start ,positive,vader,,"Bro. >> So, I got like four stitches in here. ALSO, HOW does Maui have 15 golf courses but a quarter of a hospital? I'm a stoner. So, that's 7 g of hospital. It's not enough. All right, that's my time. It's your Rosemary. Have a lovely",true
5742.0,2026-09-21 20:44:35,@McMisfit,,sure he has a wife,positive,vader,,">> So, I got like four stitches in here. ALSO, HOW does Maui have 15 golf courses but a quarter of a hospital? I'm a stoner. So, that's 7 g of hospital. It's not enough. All right, that's my time. It's your Rosemary. Have a lovely",true
5742.0,2026-09-21 20:44:35,@gnomecaveira1490,,Yea we’re in trouble- his hoobidaboop got rammed up his shooobadeboop,negative,vader,,">> So, I got like four stitches in here. ALSO, HOW does Maui have 15 golf courses but a quarter of a hospital? I'm a stoner. So, that's 7 g of hospital. It's not enough. All right, that's my time. It's your Rosemary. Have a lovely",true
5743.0,2026-09-21 20:44:36,@Gloobus.q,,Give him the :light_bulb: ,neutral,vader,,">> So, I got like four stitches in here. ALSO, HOW does Maui have 15 golf courses but a quarter of a hospital? I'm a stoner. So, that's 7 g of hospital. It's not enough. All right, that's my time. It's your Rosemary. Have a lovely night everybody. And from me to you.",true
5748.0,2026-09-21 20:44:41,@alisonwayland6057,,we need a miracle,positive,vader,,"ALSO, HOW does Maui have 15 golf courses but a quarter of a hospital? I'm a stoner. So, that's 7 g of hospital. It's not enough. All right, that's my time. It's your Rosemary. Have a lovely night everybody. And from me to you. Hello. [screaming]",true
5749.0,2026-09-21 20:44:42,@Donnieboy24,,bet he works at a Starbucks and loves his job,positive,vader,,"ALSO, HOW does Maui have 15 golf courses but a quarter of a hospital? I'm a stoner. So, that's 7 g of hospital. It's not enough. All right, that's my time. It's your Rosemary. Have a lovely night everybody. And from me to you. Hello. [screaming] I need a finger.",true
5750.0,2026-09-21 20:44:43,@EricNelson1236,,back is getting tightah,neutral,vader,,"but a quarter of a hospital? I'm a stoner. So, that's 7 g of hospital. It's not enough. All right, that's my time. It's your Rosemary. Have a lovely night everybody. And from me to you. Hello. [screaming] I need a finger.",true
5752.0,2026-09-21 20:44:45,@JimboTheComic,,3.5 people ,neutral,vader,,"but a quarter of a hospital? I'm a stoner. So, that's 7 g of hospital. It's not enough. All right, that's my time. It's your Rosemary. Have a lovely night everybody. And from me to you. Hello. [screaming] I need a finger. >> Chuck sauce. Chuck saus. Ladies and",true
5752.0,2026-09-21 20:44:45,@Reasonable6,,it is Patrick star,neutral,vader,,"but a quarter of a hospital? I'm a stoner. So, that's 7 g of hospital. It's not enough. All right, that's my time. It's your Rosemary. Have a lovely night everybody. And from me to you. Hello. [screaming] I need a finger. >> Chuck sauce. Chuck saus. Ladies and",true
5753.0,2026-09-21 20:44:46,@Pusherman,,holy shit that was a joke at the end there,negative,vader,,"I'm a stoner. So, that's 7 g of hospital. It's not enough. All right, that's my time. It's your Rosemary. Have a lovely night everybody. And from me to you. Hello. [screaming] I need a finger. >> Chuck sauce. Chuck saus. Ladies and",true
5761.0,2026-09-21 20:44:54,@S.D.L-m1j,,:warning::warning::warning:,neutral,vader,,"time. It's your Rosemary. Have a lovely night everybody. And from me to you. Hello. [screaming] I need a finger. >> Chuck sauce. Chuck saus. Ladies and gentlemen. [cheering] See, Chuck, I could tell you lost weight and it was a finger. All right.",true
5764.0,2026-09-21 20:44:57,@billyboing215,,"chuck sucks Thompson, remember the name",negative,vader,,"night everybody. And from me to you. Hello. [screaming] I need a finger. >> Chuck sauce. Chuck saus. Ladies and gentlemen. [cheering] See, Chuck, I could tell you lost weight and it was a finger. All right. Mandolin his finger. >> You didn't cut it. You julianed it.",true
5766.0,2026-09-21 20:44:59,@Hackofalltrades-mh5fq,,:clapping_hands::clapping_hands::clapping_hands:,neutral,vader,,"night everybody. And from me to you. Hello. [screaming] I need a finger. >> Chuck sauce. Chuck saus. Ladies and gentlemen. [cheering] See, Chuck, I could tell you lost weight and it was a finger. All right. Mandolin his finger. >> You didn't cut it. You julianed it. That's what happens. You [ __ ] coined",true
5767.0,2026-09-21 20:45:00,@williamjohnson1302,,the having a wife part was funny at least,positive,vader,,"I need a finger. >> Chuck sauce. Chuck saus. Ladies and gentlemen. [cheering] See, Chuck, I could tell you lost weight and it was a finger. All right. Mandolin his finger. >> You didn't cut it. You julianed it. That's what happens. You [ __ ] coined",true
5768.0,2026-09-21 20:45:01,@DeronJohnson70,,:clapping_hands::clapping_hands:,neutral,vader,,"I need a finger. >> Chuck sauce. Chuck saus. Ladies and gentlemen. [cheering] See, Chuck, I could tell you lost weight and it was a finger. All right. Mandolin his finger. >> You didn't cut it. You julianed it. That's what happens. You [ __ ] coined your pinky. [laughter]",true
5769.0,2026-09-21 20:45:02,@henryOP8749,,He woke up with a mic in his hand and was like let’s go with it,positive,vader,,"I need a finger. >> Chuck sauce. Chuck saus. Ladies and gentlemen. [cheering] See, Chuck, I could tell you lost weight and it was a finger. All right. Mandolin his finger. >> You didn't cut it. You julianed it. That's what happens. You [ __ ] coined your pinky. [laughter]",true
5770.0,2026-09-21 20:45:03,@hispicelife123,,The musubi of comedy!!,positive,vader,,"I need a finger. >> Chuck sauce. Chuck saus. Ladies and gentlemen. [cheering] See, Chuck, I could tell you lost weight and it was a finger. All right. Mandolin his finger. >> You didn't cut it. You julianed it. That's what happens. You [ __ ] coined your pinky. [laughter]",true
5772.0,2026-09-21 20:45:05,@CaptaInCav3man,,He’s gonna goon hard tonight with how much he bombed ,negative,vader,,">> Chuck sauce. Chuck saus. Ladies and gentlemen. [cheering] See, Chuck, I could tell you lost weight and it was a finger. All right. Mandolin his finger. >> You didn't cut it. You julianed it. That's what happens. You [ __ ] coined your pinky. [laughter] >> Oh my god. Yeah, imagine that falling in",true
5781.0,2026-09-21 20:45:14,@JimboTheComic,,last of the list ,neutral,vader,,"and it was a finger. All right. Mandolin his finger. >> You didn't cut it. You julianed it. That's what happens. You [ __ ] coined your pinky. [laughter] >> Oh my god. Yeah, imagine that falling in the pack of carrots. It's like, ""Oh, which one's the thing?"" All right, never mind. Ladies and gentlemen, uh this is the last comedian on the list. So, if",true
5786.0,2026-09-21 20:45:19,@JustMeInMpls,,4 stitches? I popped the tip off mine in a door and picked the tip up off the floor,neutral,vader,,"That's what happens. You [ __ ] coined your pinky. [laughter] >> Oh my god. Yeah, imagine that falling in the pack of carrots. It's like, ""Oh, which one's the thing?"" All right, never mind. Ladies and gentlemen, uh this is the last comedian on the list. So, if you want to go up, tonight's the night. We got a little extra time on here. Put your name on the list. If not, you're",true
5790.0,2026-09-21 20:45:23,@JoeyBagelsNYC,,already more entertaining,positive,vader,,">> Oh my god. Yeah, imagine that falling in the pack of carrots. It's like, ""Oh, which one's the thing?"" All right, never mind. Ladies and gentlemen, uh this is the last comedian on the list. So, if you want to go up, tonight's the night. We got a little extra time on here. Put your name on the list. If not, you're ending up with this as your last man, the man of many voices, uh including a",true
5794.0,2026-09-21 20:45:27,@JimboTheComic,,EDDIE VVVVVV CACAWWW,neutral,vader,,"the pack of carrots. It's like, ""Oh, which one's the thing?"" All right, never mind. Ladies and gentlemen, uh this is the last comedian on the list. So, if you want to go up, tonight's the night. We got a little extra time on here. Put your name on the list. If not, you're ending up with this as your last man, the man of many voices, uh including a lot of them that sound like Chewbacca.",true
5796.0,2026-09-21 20:45:29,@DeronJohnson70,,:clapping_hands::clapping_hands::clapping_hands::clapping_hands::clapping_hands::clapping_hands::clapping_hands::clapping_hands:,neutral,vader,,"which one's the thing?"" All right, never mind. Ladies and gentlemen, uh this is the last comedian on the list. So, if you want to go up, tonight's the night. We got a little extra time on here. Put your name on the list. If not, you're ending up with this as your last man, the man of many voices, uh including a lot of them that sound like Chewbacca. Get ready.",true
5797.0,2026-09-21 20:45:30,@billyboing215,,don't use knives in the closet,neutral,vader,,"mind. Ladies and gentlemen, uh this is the last comedian on the list. So, if you want to go up, tonight's the night. We got a little extra time on here. Put your name on the list. If not, you're ending up with this as your last man, the man of many voices, uh including a lot of them that sound like Chewbacca. Get ready.",true
5800.0,2026-09-21 20:45:33,@gnomecaveira1490,,When the middle man is the funniest guy in the show your set is fucked,negative,vader,,"mind. Ladies and gentlemen, uh this is the last comedian on the list. So, if you want to go up, tonight's the night. We got a little extra time on here. Put your name on the list. If not, you're ending up with this as your last man, the man of many voices, uh including a lot of them that sound like Chewbacca. Get ready. >> [applause]",true
5805.0,2026-09-21 20:45:38,@ineverlutes,,"well chat, we made it ",positive,vader,,"We got a little extra time on here. Put your name on the list. If not, you're ending up with this as your last man, the man of many voices, uh including a lot of them that sound like Chewbacca. Get ready. >> [applause] >> I actually saw Chuck at the hospital",true
5805.0,2026-09-21 20:45:38,@moneymagic6119,,I cut my finger before on a meat cutter I just wrapped it up went home and glued it,negative,vader,,"We got a little extra time on here. Put your name on the list. If not, you're ending up with this as your last man, the man of many voices, uh including a lot of them that sound like Chewbacca. Get ready. >> [applause] >> I actually saw Chuck at the hospital",true
5809.0,2026-09-21 20:45:42,@rocjames1,,he turned his mumo. into a button up shirt,neutral,vader,,"ending up with this as your last man, the man of many voices, uh including a lot of them that sound like Chewbacca. Get ready. >> [applause] >> I actually saw Chuck at the hospital >> and he told me what happened and I",true
5816.0,2026-09-21 20:45:49,@henryOP8749,,That’s dudes missing finger was the only funny he had in his body and he lost it :person_facepalming: ,negative,vader,,>> [applause] >> I actually saw Chuck at the hospital >> and he told me what happened and I totally [ __ ] cracked up at the thought of Chuck >> ripping so hard on the mandolin.,true
5822.0,2026-09-21 20:45:55,@JimboTheComic,,Yea but chucks a pussy money magic ,neutral,vader,,">> I actually saw Chuck at the hospital >> and he told me what happened and I totally [ __ ] cracked up at the thought of Chuck >> ripping so hard on the mandolin. >> A small guy playing mandolin like he's rocking out guitar stylist. Okay, for",true
5823.0,2026-09-21 20:45:56,@Reasonable6,,this is why retarded people need someone to watch them they may hurt themselves,negative,vader,,">> I actually saw Chuck at the hospital >> and he told me what happened and I totally [ __ ] cracked up at the thought of Chuck >> ripping so hard on the mandolin. >> A small guy playing mandolin like he's rocking out guitar stylist. Okay, for",true
5827.0,2026-09-21 20:46:00,@S.D.L-m1j,,:face-green-smiling:,neutral,vader,,">> I actually saw Chuck at the hospital >> and he told me what happened and I totally [ __ ] cracked up at the thought of Chuck >> ripping so hard on the mandolin. >> A small guy playing mandolin like he's rocking out guitar stylist. Okay, for the cesspool chat, I'm going to give you some some fodder for the cannon.",true
5827.0,2026-09-21 20:46:00,@DeronJohnson70,,Eddie Eddie Eddie,neutral,vader,,">> I actually saw Chuck at the hospital >> and he told me what happened and I totally [ __ ] cracked up at the thought of Chuck >> ripping so hard on the mandolin. >> A small guy playing mandolin like he's rocking out guitar stylist. Okay, for the cesspool chat, I'm going to give you some some fodder for the cannon.",true
5829.0,2026-09-21 20:46:02,@moneymagic6119,,:face_with_tears_of_joy::face_with_tears_of_joy::face_with_tears_of_joy:,neutral,vader,,">> and he told me what happened and I totally [ __ ] cracked up at the thought of Chuck >> ripping so hard on the mandolin. >> A small guy playing mandolin like he's rocking out guitar stylist. Okay, for the cesspool chat, I'm going to give you some some fodder for the cannon.",true
5833.0,2026-09-21 20:46:06,@ineverlutes,,cutting my fingers would be more entertaining than this ,positive,vader,,"thought of Chuck >> ripping so hard on the mandolin. >> A small guy playing mandolin like he's rocking out guitar stylist. Okay, for the cesspool chat, I'm going to give you some some fodder for the cannon. Talk about",true
5835.0,2026-09-21 20:46:08,@Reasonable6,,why not go to a hospital retard,negative,vader,,"thought of Chuck >> ripping so hard on the mandolin. >> A small guy playing mandolin like he's rocking out guitar stylist. Okay, for the cesspool chat, I'm going to give you some some fodder for the cannon. Talk about having do you chewing double mint gum,",true
5847.0,2026-09-21 20:46:20,@billyboing215,,Eddie VD,neutral,vader,,"the cesspool chat, I'm going to give you some some fodder for the cannon. Talk about having do you chewing double mint gum, having fun on the run. That's a double man bun. I I bet you guys didn't think you would hear I don't think I didn't think you No one in here thought that",true
5852.0,2026-09-21 20:46:25,@z28diablo,,double man bun?,neutral,vader,,"Talk about having do you chewing double mint gum, having fun on the run. That's a double man bun. I I bet you guys didn't think you would hear I don't think I didn't think you No one in here thought that you'd be hearing jokes from the Witcher tonight. And I know one thing for sure.",true
5853.0,2026-09-21 20:46:26,@sunkissed335,,bars,neutral,vader,,"Talk about having do you chewing double mint gum, having fun on the run. That's a double man bun. I I bet you guys didn't think you would hear I don't think I didn't think you No one in here thought that you'd be hearing jokes from the Witcher tonight. And I know one thing for sure. The chat's going to be like maybe he can",true
5855.0,2026-09-21 20:46:28,@Reasonable6,,we should just harvest his organs instead,neutral,vader,,"having do you chewing double mint gum, having fun on the run. That's a double man bun. I I bet you guys didn't think you would hear I don't think I didn't think you No one in here thought that you'd be hearing jokes from the Witcher tonight. And I know one thing for sure. The chat's going to be like maybe he can use his magic to get laughter.",true
5855.0,2026-09-21 20:46:28,@goodviibes8573,,I wasted my life tonight ,negative,vader,,"having do you chewing double mint gum, having fun on the run. That's a double man bun. I I bet you guys didn't think you would hear I don't think I didn't think you No one in here thought that you'd be hearing jokes from the Witcher tonight. And I know one thing for sure. The chat's going to be like maybe he can use his magic to get laughter.",true
5856.0,2026-09-21 20:46:29,@henryOP8749,,This dude looks like Ed Edd and Eddy rolled into one,positive,vader,,"having do you chewing double mint gum, having fun on the run. That's a double man bun. I I bet you guys didn't think you would hear I don't think I didn't think you No one in here thought that you'd be hearing jokes from the Witcher tonight. And I know one thing for sure. The chat's going to be like maybe he can use his magic to get laughter.",true
5858.0,2026-09-21 20:46:31,@williamjohnson1302,,double man bun! wooowww,neutral,vader,,having fun on the run. That's a double man bun. I I bet you guys didn't think you would hear I don't think I didn't think you No one in here thought that you'd be hearing jokes from the Witcher tonight. And I know one thing for sure. The chat's going to be like maybe he can use his magic to get laughter.,true
5860.0,2026-09-21 20:46:33,@CaptaInCav3man,,Is this comedy for the mentally challenged ,positive,vader,,"having fun on the run. That's a double man bun. I I bet you guys didn't think you would hear I don't think I didn't think you No one in here thought that you'd be hearing jokes from the Witcher tonight. And I know one thing for sure. The chat's going to be like maybe he can use his magic to get laughter. Uh so so Trump's got this this thing,",true
5860.0,2026-09-21 20:46:33,@gnomecaveira1490,,We’re cooked chat,neutral,vader,,"having fun on the run. That's a double man bun. I I bet you guys didn't think you would hear I don't think I didn't think you No one in here thought that you'd be hearing jokes from the Witcher tonight. And I know one thing for sure. The chat's going to be like maybe he can use his magic to get laughter. Uh so so Trump's got this this thing,",true
5861.0,2026-09-21 20:46:34,@DeronJohnson70,,What’s the odds we hear Chubacka ,neutral,vader,,"man bun. I I bet you guys didn't think you would hear I don't think I didn't think you No one in here thought that you'd be hearing jokes from the Witcher tonight. And I know one thing for sure. The chat's going to be like maybe he can use his magic to get laughter. Uh so so Trump's got this this thing,",true
5863.0,2026-09-21 20:46:36,@TommyTheJarvis,,He looks like the old bath tub lady from the Shining from the back ,positive,vader,,"man bun. I I bet you guys didn't think you would hear I don't think I didn't think you No one in here thought that you'd be hearing jokes from the Witcher tonight. And I know one thing for sure. The chat's going to be like maybe he can use his magic to get laughter. Uh so so Trump's got this this thing, Midnight Hammer. Did you hear about",true
5866.0,2026-09-21 20:46:39,@rocjames1,,MO mo.,neutral,vader,,"think you No one in here thought that you'd be hearing jokes from the Witcher tonight. And I know one thing for sure. The chat's going to be like maybe he can use his magic to get laughter. Uh so so Trump's got this this thing, Midnight Hammer. Did you hear about that? [laughter]",true
5868.0,2026-09-21 20:46:41,@JustMeInMpls,,Twat Knots,negative,vader,,"you'd be hearing jokes from the Witcher tonight. And I know one thing for sure. The chat's going to be like maybe he can use his magic to get laughter. Uh so so Trump's got this this thing, Midnight Hammer. Did you hear about that? [laughter] That sounds like Honey Girl's uh married",true
5870.0,2026-09-21 20:46:43,@z28diablo,,Is that one for each of his boyfriend's hands?,neutral,vader,,"you'd be hearing jokes from the Witcher tonight. And I know one thing for sure. The chat's going to be like maybe he can use his magic to get laughter. Uh so so Trump's got this this thing, Midnight Hammer. Did you hear about that? [laughter] That sounds like Honey Girl's uh married",true
5871.0,2026-09-21 20:46:44,@Donnieboy24,,mans came dos juevod up,neutral,vader,,"tonight. And I know one thing for sure. The chat's going to be like maybe he can use his magic to get laughter. Uh so so Trump's got this this thing, Midnight Hammer. Did you hear about that? [laughter] That sounds like Honey Girl's uh married local brother side piece. Oh, why even?",true
5871.0,2026-09-21 20:46:44,@McMisfit,,he went full homo,neutral,vader,,"tonight. And I know one thing for sure. The chat's going to be like maybe he can use his magic to get laughter. Uh so so Trump's got this this thing, Midnight Hammer. Did you hear about that? [laughter] That sounds like Honey Girl's uh married local brother side piece. Oh, why even?",true
5872.0,2026-09-21 20:46:45,@JimboTheComic,,See you next Monday good vibes ,positive,vader,,"tonight. And I know one thing for sure. The chat's going to be like maybe he can use his magic to get laughter. Uh so so Trump's got this this thing, Midnight Hammer. Did you hear about that? [laughter] That sounds like Honey Girl's uh married local brother side piece. Oh, why even?",true
5872.0,2026-09-21 20:46:45,@billyboing215,,THESE ARENT JOKES,negative,vader,,"tonight. And I know one thing for sure. The chat's going to be like maybe he can use his magic to get laughter. Uh so so Trump's got this this thing, Midnight Hammer. Did you hear about that? [laughter] That sounds like Honey Girl's uh married local brother side piece. Oh, why even?",true
5877.0,2026-09-21 20:46:50,@alisonwayland6057,,his hair was done on the star wars set,negative,vader,,"use his magic to get laughter. Uh so so Trump's got this this thing, Midnight Hammer. Did you hear about that? [laughter] That sounds like Honey Girl's uh married local brother side piece. Oh, why even? It's like code, you know, between the girlfriends. Oh, are you going to see Midnight Hammer tonight?",true
5883.0,2026-09-21 20:46:56,@moneymagic6119,,he looks like my lunch lady,positive,vader,,"Midnight Hammer. Did you hear about that? [laughter] That sounds like Honey Girl's uh married local brother side piece. Oh, why even? It's like code, you know, between the girlfriends. Oh, are you going to see Midnight Hammer tonight? Oh, brother. Um, this is just th this",true
5886.0,2026-09-21 20:46:59,@JimboTheComic,,Ok time to find comment of the night I got finalists ,positive,vader,,"that? [laughter] That sounds like Honey Girl's uh married local brother side piece. Oh, why even? It's like code, you know, between the girlfriends. Oh, are you going to see Midnight Hammer tonight? Oh, brother. Um, this is just th this has been just an amazing ride. I love,",true
5888.0,2026-09-21 20:47:01,@S.D.L-m1j,,Double man buns:eyes:,neutral,vader,,"that? [laughter] That sounds like Honey Girl's uh married local brother side piece. Oh, why even? It's like code, you know, between the girlfriends. Oh, are you going to see Midnight Hammer tonight? Oh, brother. Um, this is just th this has been just an amazing ride. I love, you know, you never know what's going to",true
5888.0,2026-09-21 20:47:01,@henryOP8749,,Ali :rolling_on_the_floor_laughing: ,neutral,vader,,"that? [laughter] That sounds like Honey Girl's uh married local brother side piece. Oh, why even? It's like code, you know, between the girlfriends. Oh, are you going to see Midnight Hammer tonight? Oh, brother. Um, this is just th this has been just an amazing ride. I love, you know, you never know what's going to",true
5890.0,2026-09-21 20:47:03,@JimboTheComic,,Good luck ,positive,vader,,"That sounds like Honey Girl's uh married local brother side piece. Oh, why even? It's like code, you know, between the girlfriends. Oh, are you going to see Midnight Hammer tonight? Oh, brother. Um, this is just th this has been just an amazing ride. I love, you know, you never know what's going to happen, you know, over here. I I want to",true
5899.0,2026-09-21 20:47:12,@billyboing215,,Eddie VD bring back jim blow,neutral,vader,,"Midnight Hammer tonight? Oh, brother. Um, this is just th this has been just an amazing ride. I love, you know, you never know what's going to happen, you know, over here. I I want to throw out a couple acronyms for PA. Polynesians aggressively intimidate",true
5899.0,2026-09-21 20:47:12,@z28diablo,,Chair is laughing at his man buns,positive,vader,,"Midnight Hammer tonight? Oh, brother. Um, this is just th this has been just an amazing ride. I love, you know, you never know what's going to happen, you know, over here. I I want to throw out a couple acronyms for PA. Polynesians aggressively intimidate",true
5902.0,2026-09-21 20:47:15,@jimboscalawag8809,,oh man this is the weirdest setup to an onlyfans so far tonight,negative,vader,,"Midnight Hammer tonight? Oh, brother. Um, this is just th this has been just an amazing ride. I love, you know, you never know what's going to happen, you know, over here. I I want to throw out a couple acronyms for PA. Polynesians aggressively intimidate Anglo-Saxons.",true
5906.0,2026-09-21 20:47:19,@greendayisawesome123,,Ohhh brother lolllll,neutral,vader,,"has been just an amazing ride. I love, you know, you never know what's going to happen, you know, over here. I I want to throw out a couple acronyms for PA. Polynesians aggressively intimidate Anglo-Saxons. Pathfinders and Isuzu's abandoned.",true
5909.0,2026-09-21 20:47:22,@williamjohnson1302,,he should just around an let us see his double man bun an not talk:rolling_on_the_floor_laughing::rolling_on_the_floor_laughing::rolling_on_the_floor_laughing:,neutral,vader,,"you know, you never know what's going to happen, you know, over here. I I want to throw out a couple acronyms for PA. Polynesians aggressively intimidate Anglo-Saxons. Pathfinders and Isuzu's abandoned.",true
5915.0,2026-09-21 20:47:28,@TommyTheJarvis,,He looks like Jesus from the big Lebowski ,positive,vader,,"throw out a couple acronyms for PA. Polynesians aggressively intimidate Anglo-Saxons. Pathfinders and Isuzu's abandoned. Uh, well, let me see what else was I going",true
5917.0,2026-09-21 20:47:30,@goodviibes8573,,I don’t want hot sauce :person_facepalming:,negative,vader,,"throw out a couple acronyms for PA. Polynesians aggressively intimidate Anglo-Saxons. Pathfinders and Isuzu's abandoned. Uh, well, let me see what else was I going to talk. Let me just glance at my",true
5921.0,2026-09-21 20:47:34,@McMisfit,,he does just enough drugs to look at home with this crowd,neutral,vader,,"Pathfinders and Isuzu's abandoned. Uh, well, let me see what else was I going to talk. Let me just glance at my scenario here. What? I I don't want to miss any bullet points. Oh, uncle. Duh.",true
5925.0,2026-09-21 20:47:38,@Donnieboy24,,William lol just holds the mic to the buns,positive,vader,,"Pathfinders and Isuzu's abandoned. Uh, well, let me see what else was I going to talk. Let me just glance at my scenario here. What? I I don't want to miss any bullet points. Oh, uncle. Duh. Uh, yeah. So, my uncle Earl, he's really",true
5927.0,2026-09-21 20:47:40,@alisonwayland6057,,this is nothing the hair you're looking for,neutral,vader,,"Pathfinders and Isuzu's abandoned. Uh, well, let me see what else was I going to talk. Let me just glance at my scenario here. What? I I don't want to miss any bullet points. Oh, uncle. Duh. Uh, yeah. So, my uncle Earl, he's really a funny guy. He uh this is no joke. He",true
5927.0,2026-09-21 20:47:40,@Reasonable6,,thank god its fkin over,positive,vader,,"Pathfinders and Isuzu's abandoned. Uh, well, let me see what else was I going to talk. Let me just glance at my scenario here. What? I I don't want to miss any bullet points. Oh, uncle. Duh. Uh, yeah. So, my uncle Earl, he's really a funny guy. He uh this is no joke. He",true
5929.0,2026-09-21 20:47:42,@DeronJohnson70,,:beaming_face_with_smiling_eyes::beaming_face_with_smiling_eyes::grinning_squinting_face:,neutral,vader,,"Uh, well, let me see what else was I going to talk. Let me just glance at my scenario here. What? I I don't want to miss any bullet points. Oh, uncle. Duh. Uh, yeah. So, my uncle Earl, he's really a funny guy. He uh this is no joke. He",true
5932.0,2026-09-21 20:47:45,@EricNelson1236,,you could be the Star wars girls pops,negative,vader,,"Uh, well, let me see what else was I going to talk. Let me just glance at my scenario here. What? I I don't want to miss any bullet points. Oh, uncle. Duh. Uh, yeah. So, my uncle Earl, he's really a funny guy. He uh this is no joke. He would actually do this. He worked at at",true
5934.0,2026-09-21 20:47:47,@rocjames1,,this fool misplaced his helmet :military_helmet:,negative,vader,,"well, let me see what else was I going to talk. Let me just glance at my scenario here. What? I I don't want to miss any bullet points. Oh, uncle. Duh. Uh, yeah. So, my uncle Earl, he's really a funny guy. He uh this is no joke. He would actually do this. He worked at at Chets's Hardware. And this girl, this",true
5935.0,2026-09-21 20:47:48,@HollywoodStar2026,,DRUNCLES,neutral,vader,,"well, let me see what else was I going to talk. Let me just glance at my scenario here. What? I I don't want to miss any bullet points. Oh, uncle. Duh. Uh, yeah. So, my uncle Earl, he's really a funny guy. He uh this is no joke. He would actually do this. He worked at at Chets's Hardware. And this girl, this lady came in, don't laugh, but but do",true
5936.0,2026-09-21 20:47:49,@henryOP8749,,Why can’t you play uno with Mexicans chat. They steal all the green cards :rolling_on_the_floor_laughing: ,negative,vader,,"to talk. Let me just glance at my scenario here. What? I I don't want to miss any bullet points. Oh, uncle. Duh. Uh, yeah. So, my uncle Earl, he's really a funny guy. He uh this is no joke. He would actually do this. He worked at at Chets's Hardware. And this girl, this lady came in, don't laugh, but but do",true
5937.0,2026-09-21 20:47:50,@CaptaInCav3man,,Just show your micro peen and we’ll all laugh ,positive,vader,,"to talk. Let me just glance at my scenario here. What? I I don't want to miss any bullet points. Oh, uncle. Duh. Uh, yeah. So, my uncle Earl, he's really a funny guy. He uh this is no joke. He would actually do this. He worked at at Chets's Hardware. And this girl, this lady came in, don't laugh, but but do",true
5938.0,2026-09-21 20:47:51,@z28diablo,,HOT SAUCE ALL AROUND FOR OUR EYES,neutral,vader,,"scenario here. What? I I don't want to miss any bullet points. Oh, uncle. Duh. Uh, yeah. So, my uncle Earl, he's really a funny guy. He uh this is no joke. He would actually do this. He worked at at Chets's Hardware. And this girl, this lady came in, don't laugh, but but do you have any any mothballs? And he goes,",true
5943.0,2026-09-21 20:47:56,@jimboscalawag8809,,"drugs in paia, Maui? no way...",negative,vader,,"miss any bullet points. Oh, uncle. Duh. Uh, yeah. So, my uncle Earl, he's really a funny guy. He uh this is no joke. He would actually do this. He worked at at Chets's Hardware. And this girl, this lady came in, don't laugh, but but do you have any any mothballs? And he goes, ""No, but we have a large assortment of",true
5945.0,2026-09-21 20:47:58,@Reasonable6,,not this retard im out,positive,vader,,"Uh, yeah. So, my uncle Earl, he's really a funny guy. He uh this is no joke. He would actually do this. He worked at at Chets's Hardware. And this girl, this lady came in, don't laugh, but but do you have any any mothballs? And he goes, ""No, but we have a large assortment of butterfly nuts.""",true
5946.0,2026-09-21 20:47:59,@billyboing215,,he looks like a witcher rendered on a ps1,positive,vader,,"Uh, yeah. So, my uncle Earl, he's really a funny guy. He uh this is no joke. He would actually do this. He worked at at Chets's Hardware. And this girl, this lady came in, don't laugh, but but do you have any any mothballs? And he goes, ""No, but we have a large assortment of butterfly nuts.""",true
5953.0,2026-09-21 20:48:06,@gnomecaveira1490,,Bro looks like if the big Lebowski was in courage the cowardly dog,positive,vader,,"Chets's Hardware. And this girl, this lady came in, don't laugh, but but do you have any any mothballs? And he goes, ""No, but we have a large assortment of butterfly nuts."" Uh, why is it that Oh, do you think Ariana Grande will graduate",true
5954.0,2026-09-21 20:48:07,@ineverlutes,,@diablo lmaooo,neutral,vader,,"Chets's Hardware. And this girl, this lady came in, don't laugh, but but do you have any any mothballs? And he goes, ""No, but we have a large assortment of butterfly nuts."" Uh, why is it that Oh, do you think Ariana Grande will graduate to Ariana Vente?",true
5955.0,2026-09-21 20:48:08,@DeronJohnson70,,Not Uncle Earl,neutral,vader,,"Chets's Hardware. And this girl, this lady came in, don't laugh, but but do you have any any mothballs? And he goes, ""No, but we have a large assortment of butterfly nuts."" Uh, why is it that Oh, do you think Ariana Grande will graduate to Ariana Vente?",true
5956.0,2026-09-21 20:48:09,@goodviibes8573,,I could have fell asleep and dreamed about funnier jokes ,positive,vader,,"lady came in, don't laugh, but but do you have any any mothballs? And he goes, ""No, but we have a large assortment of butterfly nuts."" Uh, why is it that Oh, do you think Ariana Grande will graduate to Ariana Vente?",true
5957.0,2026-09-21 20:48:10,@Donnieboy24,,billy lmao,positive,vader,,"lady came in, don't laugh, but but do you have any any mothballs? And he goes, ""No, but we have a large assortment of butterfly nuts."" Uh, why is it that Oh, do you think Ariana Grande will graduate to Ariana Vente? >> Stupid. Stupid. Um,",true
5962.0,2026-09-21 20:48:15,@radiostarkilla21,,Uncle Earl sounds dope,neutral,vader,,"""No, but we have a large assortment of butterfly nuts."" Uh, why is it that Oh, do you think Ariana Grande will graduate to Ariana Vente? >> Stupid. Stupid. Um, uh, why is it that all the drug",true
5966.0,2026-09-21 20:48:19,@ineverlutes,,and hot sauce for our ears ,neutral,vader,,"Uh, why is it that Oh, do you think Ariana Grande will graduate to Ariana Vente? >> Stupid. Stupid. Um, uh, why is it that all the drug companies sound like rappers now? It's",true
5969.0,2026-09-21 20:48:22,@HanzSygnal,,"""no joke"" ... we know",positive,vader,,"Uh, why is it that Oh, do you think Ariana Grande will graduate to Ariana Vente? >> Stupid. Stupid. Um, uh, why is it that all the drug companies sound like rappers now? It's like, yo, Wii, head over to Sky Rizzy's,",true
5971.0,2026-09-21 20:48:24,@S.D.L-m1j,,I see some Tom Cruise in him..lol,neutral,vader,,"Uh, why is it that Oh, do you think Ariana Grande will graduate to Ariana Vente? >> Stupid. Stupid. Um, uh, why is it that all the drug companies sound like rappers now? It's like, yo, Wii, head over to Sky Rizzy's, grab the Escalade so we can go to",true
5971.0,2026-09-21 20:48:24,@rocjames1,,No volcanic fuse must be awful and the island,negative,vader,,"Uh, why is it that Oh, do you think Ariana Grande will graduate to Ariana Vente? >> Stupid. Stupid. Um, uh, why is it that all the drug companies sound like rappers now? It's like, yo, Wii, head over to Sky Rizzy's, grab the Escalade so we can go to",true
5972.0,2026-09-21 20:48:25,@YoutubeInmate6082,,:neutral_face:,neutral,vader,,"Ariana Grande will graduate to Ariana Vente? >> Stupid. Stupid. Um, uh, why is it that all the drug companies sound like rappers now? It's like, yo, Wii, head over to Sky Rizzy's, grab the Escalade so we can go to Madna's afterparty,",true
5976.0,2026-09-21 20:48:29,@PoetKing-n2k,,womp womp,neutral,vader,,"to Ariana Vente? >> Stupid. Stupid. Um, uh, why is it that all the drug companies sound like rappers now? It's like, yo, Wii, head over to Sky Rizzy's, grab the Escalade so we can go to Madna's afterparty, right? It's just, it sounds funny that",true
5978.0,2026-09-21 20:48:31,@ineverlutes,,love this shit ,positive,vader,,"to Ariana Vente? >> Stupid. Stupid. Um, uh, why is it that all the drug companies sound like rappers now? It's like, yo, Wii, head over to Sky Rizzy's, grab the Escalade so we can go to Madna's afterparty, right? It's just, it sounds funny that like the rappers are naming naming",true
5981.0,2026-09-21 20:48:34,@YoutubeInmate6082,,Boooo gtfo stage,neutral,vader,,"uh, why is it that all the drug companies sound like rappers now? It's like, yo, Wii, head over to Sky Rizzy's, grab the Escalade so we can go to Madna's afterparty, right? It's just, it sounds funny that like the rappers are naming naming medicines now. Um, I I heard they did a",true
5984.0,2026-09-21 20:48:37,@Hackofalltrades-mh5fq,,haaa! haaaa!,neutral,vader,,"uh, why is it that all the drug companies sound like rappers now? It's like, yo, Wii, head over to Sky Rizzy's, grab the Escalade so we can go to Madna's afterparty, right? It's just, it sounds funny that like the rappers are naming naming medicines now. Um, I I heard they did a new a new uh Pelaton.",true
5989.0,2026-09-21 20:48:42,@z28diablo,,"yes, eyes would be better",positive,vader,,"like, yo, Wii, head over to Sky Rizzy's, grab the Escalade so we can go to Madna's afterparty, right? It's just, it sounds funny that like the rappers are naming naming medicines now. Um, I I heard they did a new a new uh Pelaton. >> Anybody hear about that? Pelaton murder one. That's all. Pick up the gun.",true
5992.0,2026-09-21 20:48:45,@YoutubeInmate6082,,:tomato::tomato::tomato::tomato:,neutral,vader,,"Madna's afterparty, right? It's just, it sounds funny that like the rappers are naming naming medicines now. Um, I I heard they did a new a new uh Pelaton. >> Anybody hear about that? Pelaton murder one. That's all. Pick up the gun.",true
5992.0,2026-09-21 20:48:45,@DeronJohnson70,,:rolling_on_the_floor_laughing::rolling_on_the_floor_laughing::rolling_on_the_floor_laughing::rolling_on_the_floor_laughing::rolling_on_the_floor_laughing::rolling_on_the_floor_laughing:,neutral,vader,,"Madna's afterparty, right? It's just, it sounds funny that like the rappers are naming naming medicines now. Um, I I heard they did a new a new uh Pelaton. >> Anybody hear about that? Pelaton murder one. That's all. Pick up the gun.",true
5992.0,2026-09-21 20:48:45,@Slice2112,,*starbucks loved that joke ,positive,vader,,"Madna's afterparty, right? It's just, it sounds funny that like the rappers are naming naming medicines now. Um, I I heard they did a new a new uh Pelaton. >> Anybody hear about that? Pelaton murder one. That's all. Pick up the gun.",true
5993.0,2026-09-21 20:48:46,@z28diablo,,*ears,neutral,vader,,"Madna's afterparty, right? It's just, it sounds funny that like the rappers are naming naming medicines now. Um, I I heard they did a new a new uh Pelaton. >> Anybody hear about that? Pelaton murder one. That's all. Pick up the gun.",true
5996.0,2026-09-21 20:48:49,@YoutubeInmate6082,,BOOOOOOOOO,neutral,vader,,"right? It's just, it sounds funny that like the rappers are naming naming medicines now. Um, I I heard they did a new a new uh Pelaton. >> Anybody hear about that? Pelaton murder one. That's all. Pick up the gun. Change trigger figures. Pick up the gun.",true
5996.0,2026-09-21 20:48:49,@joemamma164,,does this guy have 2 man buns?,neutral,vader,,"right? It's just, it sounds funny that like the rappers are naming naming medicines now. Um, I I heard they did a new a new uh Pelaton. >> Anybody hear about that? Pelaton murder one. That's all. Pick up the gun. Change trigger figures. Pick up the gun.",true
5999.0,2026-09-21 20:48:52,@gnomecaveira1490,,Bro thought his jokes were so bad he started flaming his own jokes ,negative,vader,,"like the rappers are naming naming medicines now. Um, I I heard they did a new a new uh Pelaton. >> Anybody hear about that? Pelaton murder one. That's all. Pick up the gun. Change trigger figures. Pick up the gun.",true
6002.0,2026-09-21 20:48:55,@CaptaInCav3man,,They should just taze them when they aren’t funny ,negative,vader,,"medicines now. Um, I I heard they did a new a new uh Pelaton. >> Anybody hear about that? Pelaton murder one. That's all. Pick up the gun. Change trigger figures. Pick up the gun. Pelaton Murder One. Best way to break a",true
6002.0,2026-09-21 20:48:55,@billyboing215,,I muss Eddie VD,neutral,vader,,"medicines now. Um, I I heard they did a new a new uh Pelaton. >> Anybody hear about that? Pelaton murder one. That's all. Pick up the gun. Change trigger figures. Pick up the gun. Pelaton Murder One. Best way to break a",true
6008.0,2026-09-21 20:49:01,@williamjohnson1302,,tell us u voted for trump without telling us u voted for trump,neutral,vader,,">> Anybody hear about that? Pelaton murder one. That's all. Pick up the gun. Change trigger figures. Pick up the gun. Pelaton Murder One. Best way to break a sweat. Okay. Uh, we got [laughter]",true
6016.0,2026-09-21 20:49:09,@goodviibes8573,,Nope  ,neutral,vader,,"Change trigger figures. Pick up the gun. Pelaton Murder One. Best way to break a sweat. Okay. Uh, we got [laughter] I I had this crazy amazing dream. You guys know about Tibetan throat singing?",true
6016.0,2026-09-21 20:49:09,@CharlesBennett-fd7xd,,said hi,neutral,vader,,"Change trigger figures. Pick up the gun. Pelaton Murder One. Best way to break a sweat. Okay. Uh, we got [laughter] I I had this crazy amazing dream. You guys know about Tibetan throat singing?",true
6017.0,2026-09-21 20:49:10,@billyboing215,,not enough electricity,neutral,vader,,"Change trigger figures. Pick up the gun. Pelaton Murder One. Best way to break a sweat. Okay. Uh, we got [laughter] I I had this crazy amazing dream. You guys know about Tibetan throat singing?",true
6019.0,2026-09-21 20:49:12,@gnomecaveira1490,,Caveman that would be awesome,positive,vader,,"Change trigger figures. Pick up the gun. Pelaton Murder One. Best way to break a sweat. Okay. Uh, we got [laughter] I I had this crazy amazing dream. You guys know about Tibetan throat singing?",true
6020.0,2026-09-21 20:49:13,@YoutubeInmate6082,,Why you look like your family owns a kosher seks shop in tel aviv,positive,vader,,"Change trigger figures. Pick up the gun. Pelaton Murder One. Best way to break a sweat. Okay. Uh, we got [laughter] I I had this crazy amazing dream. You guys know about Tibetan throat singing?",true
6023.0,2026-09-21 20:49:16,@EricNelson1236,,El Eagle come down on you,neutral,vader,,"Pelaton Murder One. Best way to break a sweat. Okay. Uh, we got [laughter] I I had this crazy amazing dream. You guys know about Tibetan throat singing? I had this incredible dream. I'm in I",true
6023.0,2026-09-21 20:49:16,@YoutubeInmate6082,,BOOOOOOOO,neutral,vader,,"Pelaton Murder One. Best way to break a sweat. Okay. Uh, we got [laughter] I I had this crazy amazing dream. You guys know about Tibetan throat singing? I had this incredible dream. I'm in I",true
6024.0,2026-09-21 20:49:17,@rocjames1,,that the guy from birdcage,neutral,vader,,"Pelaton Murder One. Best way to break a sweat. Okay. Uh, we got [laughter] I I had this crazy amazing dream. You guys know about Tibetan throat singing? I had this incredible dream. I'm in I",true
6024.0,2026-09-21 20:49:17,@joemamma164,,gong,neutral,vader,,"Pelaton Murder One. Best way to break a sweat. Okay. Uh, we got [laughter] I I had this crazy amazing dream. You guys know about Tibetan throat singing? I had this incredible dream. I'm in I",true
6025.0,2026-09-21 20:49:18,@moneymagic6119,,shock collar would be better,positive,vader,,"Pelaton Murder One. Best way to break a sweat. Okay. Uh, we got [laughter] I I had this crazy amazing dream. You guys know about Tibetan throat singing? I had this incredible dream. I'm in I",true
6027.0,2026-09-21 20:49:20,@YoutubeInmate6082,,We dont care,negative,vader,,"sweat. Okay. Uh, we got [laughter] I I had this crazy amazing dream. You guys know about Tibetan throat singing? I had this incredible dream. I'm in I I'm I'm hiking through the Himalayas. I'm just like, ""Oh my god, I'm find I'm",true
6030.0,2026-09-21 20:49:23,@hispicelife123,,lol @captaincav3man,positive,vader,,"sweat. Okay. Uh, we got [laughter] I I had this crazy amazing dream. You guys know about Tibetan throat singing? I had this incredible dream. I'm in I I'm I'm hiking through the Himalayas. I'm just like, ""Oh my god, I'm find I'm I'm I'm following this sound. It's like",true
6031.0,2026-09-21 20:49:24,@YoutubeInmate6082,,Monklife,neutral,vader,,"I I had this crazy amazing dream. You guys know about Tibetan throat singing? I had this incredible dream. I'm in I I'm I'm hiking through the Himalayas. I'm just like, ""Oh my god, I'm find I'm I'm I'm following this sound. It's like",true
6031.0,2026-09-21 20:49:24,@Batmite2112,,boooooo,neutral,vader,,"I I had this crazy amazing dream. You guys know about Tibetan throat singing? I had this incredible dream. I'm in I I'm I'm hiking through the Himalayas. I'm just like, ""Oh my god, I'm find I'm I'm I'm following this sound. It's like",true
6032.0,2026-09-21 20:49:25,@ineverlutes,,@captaincaveman lmao now that'd be a good gag,positive,vader,,"I I had this crazy amazing dream. You guys know about Tibetan throat singing? I had this incredible dream. I'm in I I'm I'm hiking through the Himalayas. I'm just like, ""Oh my god, I'm find I'm I'm I'm following this sound. It's like",true
6034.0,2026-09-21 20:49:27,@McMisfit,,yeah,positive,vader,,"I I had this crazy amazing dream. You guys know about Tibetan throat singing? I had this incredible dream. I'm in I I'm I'm hiking through the Himalayas. I'm just like, ""Oh my god, I'm find I'm I'm I'm following this sound. It's like resonating in my head. It's so",true
6039.0,2026-09-21 20:49:32,@billyboing215,,I miss jimblow,negative,vader,,"I had this incredible dream. I'm in I I'm I'm hiking through the Himalayas. I'm just like, ""Oh my god, I'm find I'm I'm I'm following this sound. It's like resonating in my head. It's so beautiful. It's just amazing."" And and I'm just like [clears throat]",true
6042.0,2026-09-21 20:49:35,@YoutubeInmate6082,,Boooooooooo,neutral,vader,,"I had this incredible dream. I'm in I I'm I'm hiking through the Himalayas. I'm just like, ""Oh my god, I'm find I'm I'm I'm following this sound. It's like resonating in my head. It's so beautiful. It's just amazing."" And and I'm just like [clears throat]",true
6047.0,2026-09-21 20:49:40,@YoutubeInmate6082,,:tomato:,neutral,vader,,"I'm I'm hiking through the Himalayas. I'm just like, ""Oh my god, I'm find I'm I'm I'm following this sound. It's like resonating in my head. It's so beautiful. It's just amazing."" And and I'm just like [clears throat] I woke up. It turned out to be my my",true
6046.0,2026-09-21 20:49:39,@gnomecaveira1490,,We need killtony to come out here and roast EVERYONE,neutral,vader,,"I'm I'm hiking through the Himalayas. I'm just like, ""Oh my god, I'm find I'm I'm I'm following this sound. It's like resonating in my head. It's so beautiful. It's just amazing."" And and I'm just like [clears throat] I woke up. It turned out to be my my",true
6047.0,2026-09-21 20:49:40,@greendayisawesome123,,Holy bomb lollll,negative,vader,,"I'm I'm hiking through the Himalayas. I'm just like, ""Oh my god, I'm find I'm I'm I'm following this sound. It's like resonating in my head. It's so beautiful. It's just amazing."" And and I'm just like [clears throat] I woke up. It turned out to be my my",true
6050.0,2026-09-21 20:49:43,@goodviibes8573,,Did the typhoon miss this island ??? ,negative,vader,,"I'm just like, ""Oh my god, I'm find I'm I'm I'm following this sound. It's like resonating in my head. It's so beautiful. It's just amazing."" And and I'm just like [clears throat] I woke up. It turned out to be my my girl's vibrator against my head.",true
6051.0,2026-09-21 20:49:44,@S.D.L-m1j,,What is even happening:face-fuchsia-wide-eyes:,neutral,vader,,"I'm I'm following this sound. It's like resonating in my head. It's so beautiful. It's just amazing."" And and I'm just like [clears throat] I woke up. It turned out to be my my girl's vibrator against my head.",true
6055.0,2026-09-21 20:49:48,@PoetKing-n2k,,that's Mongolian dingdong,neutral,vader,,"beautiful. It's just amazing."" And and I'm just like [clears throat] I woke up. It turned out to be my my girl's vibrator against my head. Disappointing in so many ways, but it it",true
6055.0,2026-09-21 20:49:48,@DeronJohnson70,,Tylenol wake up your brother ,neutral,vader,,"beautiful. It's just amazing."" And and I'm just like [clears throat] I woke up. It turned out to be my my girl's vibrator against my head. Disappointing in so many ways, but it it",true
6056.0,2026-09-21 20:49:49,@williamjohnson1302,,1 minute left! woohoooo,neutral,vader,,"beautiful. It's just amazing."" And and I'm just like [clears throat] I woke up. It turned out to be my my girl's vibrator against my head. Disappointing in so many ways, but it it",true
6057.0,2026-09-21 20:49:50,@henryOP8749,,Only good gag this guy gets is with a deep throat,positive,vader,,"beautiful. It's just amazing."" And and I'm just like [clears throat] I woke up. It turned out to be my my girl's vibrator against my head. Disappointing in so many ways, but it it made me want to go to Tibet now, right?",true
6068.0,2026-09-21 20:50:01,@ineverlutes,,jimbo passed out in a stall ,negative,vader,,"I woke up. It turned out to be my my girl's vibrator against my head. Disappointing in so many ways, but it it made me want to go to Tibet now, right? But you know, I hear they make a good mudslide. Oh [ __ ] >> Oh,",true
6070.0,2026-09-21 20:50:03,@McMisfit,,fucking didgeridoo stuck in his throat,negative,vader,,"I woke up. It turned out to be my my girl's vibrator against my head. Disappointing in so many ways, but it it made me want to go to Tibet now, right? But you know, I hear they make a good mudslide. Oh [ __ ] >> Oh, okay. Uh, I got Hilo airport. Okay. Hilo",true
6072.0,2026-09-21 20:50:05,@EricNelson1236,,ah the ole earths noise,neutral,vader,,"girl's vibrator against my head. Disappointing in so many ways, but it it made me want to go to Tibet now, right? But you know, I hear they make a good mudslide. Oh [ __ ] >> Oh, okay. Uh, I got Hilo airport. Okay. Hilo",true
6073.0,2026-09-21 20:50:06,@YoutubeInmate6082,,Kosher vibrator,neutral,vader,,"girl's vibrator against my head. Disappointing in so many ways, but it it made me want to go to Tibet now, right? But you know, I hear they make a good mudslide. Oh [ __ ] >> Oh, okay. Uh, I got Hilo airport. Okay. Hilo",true
6073.0,2026-09-21 20:50:06,@Pusherman,,what girl\,neutral,vader,,"girl's vibrator against my head. Disappointing in so many ways, but it it made me want to go to Tibet now, right? But you know, I hear they make a good mudslide. Oh [ __ ] >> Oh, okay. Uh, I got Hilo airport. Okay. Hilo",true
6077.0,2026-09-21 20:50:10,@williamjohnson1302,,"ha, we know u dont have girl! lol funny funny",positive,vader,,"Disappointing in so many ways, but it it made me want to go to Tibet now, right? But you know, I hear they make a good mudslide. Oh [ __ ] >> Oh, okay. Uh, I got Hilo airport. Okay. Hilo airport is so moldy. >> How moldy is it?",true
6078.0,2026-09-21 20:50:11,@lunahe1,,This is absolute crap !,negative,vader,,"Disappointing in so many ways, but it it made me want to go to Tibet now, right? But you know, I hear they make a good mudslide. Oh [ __ ] >> Oh, okay. Uh, I got Hilo airport. Okay. Hilo airport is so moldy. >> How moldy is it? >> It's so moldy that if you are allergic",true
6084.0,2026-09-21 20:50:17,@z28diablo,,"she was using it on the man bun, be honest",positive,vader,,"mudslide. Oh [ __ ] >> Oh, okay. Uh, I got Hilo airport. Okay. Hilo airport is so moldy. >> How moldy is it? >> It's so moldy that if you are allergic to what the hell is that medication mold",true
6087.0,2026-09-21 20:50:20,@YoutubeInmate6082,,I hear joos lie good,positive,vader,,">> Oh, okay. Uh, I got Hilo airport. Okay. Hilo airport is so moldy. >> How moldy is it? >> It's so moldy that if you are allergic to what the hell is that medication mold made out of freaking >> penicellin? >> Penicellin. If you're allergic to",true
6087.0,2026-09-21 20:50:20,@goodviibes8573,,My ears are bleeding :drop_of_blood: ,neutral,vader,,">> Oh, okay. Uh, I got Hilo airport. Okay. Hilo airport is so moldy. >> How moldy is it? >> It's so moldy that if you are allergic to what the hell is that medication mold made out of freaking >> penicellin? >> Penicellin. If you're allergic to",true
6089.0,2026-09-21 20:50:22,@billyboing215,,is this club called the B-52 as its full of bombs,neutral,vader,,">> Oh, okay. Uh, I got Hilo airport. Okay. Hilo airport is so moldy. >> How moldy is it? >> It's so moldy that if you are allergic to what the hell is that medication mold made out of freaking >> penicellin? >> Penicellin. If you're allergic to penicellin, you're going to need EpiPen",true
6092.0,2026-09-21 20:50:25,@moneymagic6119,,I love this lady she's hilarious,positive,vader,,"okay. Uh, I got Hilo airport. Okay. Hilo airport is so moldy. >> How moldy is it? >> It's so moldy that if you are allergic to what the hell is that medication mold made out of freaking >> penicellin? >> Penicellin. If you're allergic to penicellin, you're going to need EpiPen and a ride to the hospital. That's how",true
6095.0,2026-09-21 20:50:28,@McMisfit,,hahaha,positive,vader,,"airport is so moldy. >> How moldy is it? >> It's so moldy that if you are allergic to what the hell is that medication mold made out of freaking >> penicellin? >> Penicellin. If you're allergic to penicellin, you're going to need EpiPen and a ride to the hospital. That's how moldy it is. But I will say something",true
6104.0,2026-09-21 20:50:37,@Mike-Alice-D-InWonderland,,I thought you'd want to go fishing after smelling the vibrator,positive,vader,,"made out of freaking >> penicellin? >> Penicellin. If you're allergic to penicellin, you're going to need EpiPen and a ride to the hospital. That's how moldy it is. But I will say something about it's it's amazing over there. They have the most beautiful the only airport in the world you're going to see live",true
6104.0,2026-09-21 20:50:37,@z28diablo,,"JIMBO, WAKE UP, NO SLEEPING!!!",negative,vader,,"made out of freaking >> penicellin? >> Penicellin. If you're allergic to penicellin, you're going to need EpiPen and a ride to the hospital. That's how moldy it is. But I will say something about it's it's amazing over there. They have the most beautiful the only airport in the world you're going to see live",true
6104.0,2026-09-21 20:50:37,@williamjohnson1302,,timeeee,neutral,vader,,"made out of freaking >> penicellin? >> Penicellin. If you're allergic to penicellin, you're going to need EpiPen and a ride to the hospital. That's how moldy it is. But I will say something about it's it's amazing over there. They have the most beautiful the only airport in the world you're going to see live",true
6105.0,2026-09-21 20:50:38,@gnomecaveira1490,,Bros a poster child for what Tylenol does if you overdose on fetty ,neutral,vader,,">> penicellin? >> Penicellin. If you're allergic to penicellin, you're going to need EpiPen and a ride to the hospital. That's how moldy it is. But I will say something about it's it's amazing over there. They have the most beautiful the only airport in the world you're going to see live hoola. Two uncles playing",true
6106.0,2026-09-21 20:50:39,@MexiHoney17,,:face_with_tears_of_joy::face_with_tears_of_joy:,neutral,vader,,">> penicellin? >> Penicellin. If you're allergic to penicellin, you're going to need EpiPen and a ride to the hospital. That's how moldy it is. But I will say something about it's it's amazing over there. They have the most beautiful the only airport in the world you're going to see live hoola. Two uncles playing",true
6107.0,2026-09-21 20:50:40,@YoutubeInmate6082,,U penicil pushing mfr,neutral,vader,,">> Penicellin. If you're allergic to penicellin, you're going to need EpiPen and a ride to the hospital. That's how moldy it is. But I will say something about it's it's amazing over there. They have the most beautiful the only airport in the world you're going to see live hoola. Two uncles playing",true
6108.0,2026-09-21 20:50:41,@S.D.L-m1j,,Pull him off the stage by his man buns:face-green-smiling:,neutral,vader,,">> Penicellin. If you're allergic to penicellin, you're going to need EpiPen and a ride to the hospital. That's how moldy it is. But I will say something about it's it's amazing over there. They have the most beautiful the only airport in the world you're going to see live hoola. Two uncles playing",true
6110.0,2026-09-21 20:50:43,@williamjohnson1302,,timeee,neutral,vader,,"penicellin, you're going to need EpiPen and a ride to the hospital. That's how moldy it is. But I will say something about it's it's amazing over there. They have the most beautiful the only airport in the world you're going to see live hoola. Two uncles playing bring aloha",true
6117.0,2026-09-21 20:50:50,@lunahe1,,Crap,negative,vader,,"about it's it's amazing over there. They have the most beautiful the only airport in the world you're going to see live hoola. Two uncles playing bring aloha aloha. Boy, flight 297 to Honolulu now boarding the",true
6119.0,2026-09-21 20:50:52,@williamjohnson1302,,"time upppp , get him offff",neutral,vader,,"it's it's amazing over there. They have the most beautiful the only airport in the world you're going to see live hoola. Two uncles playing bring aloha aloha. Boy, flight 297 to Honolulu now boarding the",true
6121.0,2026-09-21 20:50:54,@rocjames1,,this guy doesn't have a chance with the sun,negative,vader,,"the most beautiful the only airport in the world you're going to see live hoola. Two uncles playing bring aloha aloha. Boy, flight 297 to Honolulu now boarding the premier club members and all wheelchair",true
6122.0,2026-09-21 20:50:55,@goodviibes8573,,I’m so over this garbage can of a person ,neutral,vader,,"the most beautiful the only airport in the world you're going to see live hoola. Two uncles playing bring aloha aloha. Boy, flight 297 to Honolulu now boarding the premier club members and all wheelchair",true
6122.0,2026-09-21 20:50:55,@joemamma164,,YOU SUCK,negative,vader,,"the most beautiful the only airport in the world you're going to see live hoola. Two uncles playing bring aloha aloha. Boy, flight 297 to Honolulu now boarding the premier club members and all wheelchair",true
6123.0,2026-09-21 20:50:56,@YoutubeInmate6082,,He pushing pharma,neutral,vader,,"the world you're going to see live hoola. Two uncles playing bring aloha aloha. Boy, flight 297 to Honolulu now boarding the premier club members and all wheelchair bound passengers.",true
6123.0,2026-09-21 20:50:56,@z28diablo,,"Chair, levitate and clear the stage",positive,vader,,"the world you're going to see live hoola. Two uncles playing bring aloha aloha. Boy, flight 297 to Honolulu now boarding the premier club members and all wheelchair bound passengers.",true
6124.0,2026-09-21 20:50:57,@DeronJohnson70,,:canned_food::canned_food::canned_food::canned_food::canned_food:,neutral,vader,,"the world you're going to see live hoola. Two uncles playing bring aloha aloha. Boy, flight 297 to Honolulu now boarding the premier club members and all wheelchair bound passengers.",true
6132.0,2026-09-21 20:51:05,@YoutubeInmate6082,,Now hes lolito airways,neutral,vader,,"bring aloha aloha. Boy, flight 297 to Honolulu now boarding the premier club members and all wheelchair bound passengers.",true
6136.0,2026-09-21 20:51:09,@JustMeInMpls,,:tomato::tomato::tomato::tomato::tomato::tomato:,neutral,vader,,"Boy, flight 297 to Honolulu now boarding the premier club members and all wheelchair bound passengers. Uh all other passengers needing",true
6140.0,2026-09-21 20:51:13,@billyboing215,,"remember the b-52s, love shack",positive,vader,,flight 297 to Honolulu now boarding the premier club members and all wheelchair bound passengers. Uh all other passengers needing pre-boarding registration for flight to,true
6140.0,2026-09-21 20:51:13,@greendayisawesome123,,Ok then lolllll,positive,vader,,flight 297 to Honolulu now boarding the premier club members and all wheelchair bound passengers. Uh all other passengers needing pre-boarding registration for flight to,true
6140.0,2026-09-21 20:51:13,@DeronJohnson70,,:skunk::skunk::skunk::skunk::skunk:,neutral,vader,,flight 297 to Honolulu now boarding the premier club members and all wheelchair bound passengers. Uh all other passengers needing pre-boarding registration for flight to,true
6140.0,2026-09-21 20:51:13,@Drifta032,,"Some give him a viagra and send him on his way , please :folded_hands: ",positive,vader,,flight 297 to Honolulu now boarding the premier club members and all wheelchair bound passengers. Uh all other passengers needing pre-boarding registration for flight to,true
6140.0,2026-09-21 20:51:13,@rocjames1,,Albino white boy,neutral,vader,,flight 297 to Honolulu now boarding the premier club members and all wheelchair bound passengers. Uh all other passengers needing pre-boarding registration for flight to,true
6141.0,2026-09-21 20:51:14,@marcooosRHCP,,tf is this ,neutral,vader,,"premier club members and all wheelchair bound passengers. Uh all other passengers needing pre-boarding registration for flight to Mokai, please line up along concourse B,",true
6142.0,2026-09-21 20:51:15,@Lolo-s3t1p,,cheehooo!,neutral,vader,,"premier club members and all wheelchair bound passengers. Uh all other passengers needing pre-boarding registration for flight to Mokai, please line up along concourse B,",true
6145.0,2026-09-21 20:51:18,@hispicelife123,,The CHAIR :chair: ,neutral,vader,,"Uh all other passengers needing pre-boarding registration for flight to Mokai, please line up along concourse B, left side, gate 5. Anyway, it they",true
6146.0,2026-09-21 20:51:19,@JimboTheComic,,I passed out chat I just woke up ,neutral,vader,,"Uh all other passengers needing pre-boarding registration for flight to Mokai, please line up along concourse B, left side, gate 5. Anyway, it they",true
6147.0,2026-09-21 20:51:20,@PoetKing-n2k,,wheres the stage hook when u need it,neutral,vader,,"Uh all other passengers needing pre-boarding registration for flight to Mokai, please line up along concourse B, left side, gate 5. Anyway, it they",true
6148.0,2026-09-21 20:51:21,@williamjohnson1302,,Bru. tall,neutral,vader,,"Uh all other passengers needing pre-boarding registration for flight to Mokai, please line up along concourse B, left side, gate 5. Anyway, it they",true
6148.0,2026-09-21 20:51:21,@alisonwayland6057,,what drug adict convinced him that he was funny?,positive,vader,,"Uh all other passengers needing pre-boarding registration for flight to Mokai, please line up along concourse B, left side, gate 5. Anyway, it they",true
6149.0,2026-09-21 20:51:22,@Slice2112,,Somebody get these BOMBERS outta here! ,neutral,vader,,"Uh all other passengers needing pre-boarding registration for flight to Mokai, please line up along concourse B, left side, gate 5. Anyway, it they",true
6153.0,2026-09-21 20:51:26,@goodviibes8573,,Now my ears a full of trash ,neutral,vader,,"Uh all other passengers needing pre-boarding registration for flight to Mokai, please line up along concourse B, left side, gate 5. Anyway, it they didn't miss a beat and you guys don't either. We're out on a Monday night.",true
6156.0,2026-09-21 20:51:29,@ineverlutes,,this went hard off the rails ,negative,vader,,"Uh all other passengers needing pre-boarding registration for flight to Mokai, please line up along concourse B, left side, gate 5. Anyway, it they didn't miss a beat and you guys don't either. We're out on a Monday night. Why? Because we somehow didn't spend our",true
6156.0,2026-09-21 20:51:29,@joemamma164,,get the hook,neutral,vader,,"Uh all other passengers needing pre-boarding registration for flight to Mokai, please line up along concourse B, left side, gate 5. Anyway, it they didn't miss a beat and you guys don't either. We're out on a Monday night. Why? Because we somehow didn't spend our",true
6158.0,2026-09-21 20:51:31,@JimboTheComic,,MY LANDLORD IS GOING UP ,neutral,vader,,"Uh all other passengers needing pre-boarding registration for flight to Mokai, please line up along concourse B, left side, gate 5. Anyway, it they didn't miss a beat and you guys don't either. We're out on a Monday night. Why? Because we somehow didn't spend our entire paycheck like we used to. Aloha",true
6158.0,2026-09-21 20:51:31,@billyboing215,,rock lobster,neutral,vader,,"Uh all other passengers needing pre-boarding registration for flight to Mokai, please line up along concourse B, left side, gate 5. Anyway, it they didn't miss a beat and you guys don't either. We're out on a Monday night. Why? Because we somehow didn't spend our entire paycheck like we used to. Aloha",true
6158.0,2026-09-21 20:51:31,@DeronJohnson70,,:face_with_medical_mask::face_with_medical_mask::face_with_medical_mask::face_with_medical_mask::face_with_medical_mask::face_with_medical_mask:,neutral,vader,,"Uh all other passengers needing pre-boarding registration for flight to Mokai, please line up along concourse B, left side, gate 5. Anyway, it they didn't miss a beat and you guys don't either. We're out on a Monday night. Why? Because we somehow didn't spend our entire paycheck like we used to. Aloha",true
6160.0,2026-09-21 20:51:33,@lunahe1,,:tomato: :tomato::tomato::tomato::tomato::tomato::tomato::tomato::tomato:,neutral,vader,,"pre-boarding registration for flight to Mokai, please line up along concourse B, left side, gate 5. Anyway, it they didn't miss a beat and you guys don't either. We're out on a Monday night. Why? Because we somehow didn't spend our entire paycheck like we used to. Aloha everybody. Love you. [applause]",true
6160.0,2026-09-21 20:51:33,@williamjohnson1302,,please stop this chinooi,neutral,vader,,"pre-boarding registration for flight to Mokai, please line up along concourse B, left side, gate 5. Anyway, it they didn't miss a beat and you guys don't either. We're out on a Monday night. Why? Because we somehow didn't spend our entire paycheck like we used to. Aloha everybody. Love you. [applause]",true
6167.0,2026-09-21 20:51:40,@z28diablo,,"Jimbo, we voted Chair new chat moderator",neutral,vader,,"Mokai, please line up along concourse B, left side, gate 5. Anyway, it they didn't miss a beat and you guys don't either. We're out on a Monday night. Why? Because we somehow didn't spend our entire paycheck like we used to. Aloha everybody. Love you. [applause] >> Yeah, absolutely.",true
6168.0,2026-09-21 20:51:41,@gnomecaveira1490,,Boooo YOU STINK!!!!,negative,vader,,"left side, gate 5. Anyway, it they didn't miss a beat and you guys don't either. We're out on a Monday night. Why? Because we somehow didn't spend our entire paycheck like we used to. Aloha everybody. Love you. [applause] >> Yeah, absolutely.",true
6170.0,2026-09-21 20:51:43,@DeronJohnson70,,:clapping_hands::clapping_hands::clapping_hands::clapping_hands::clapping_hands::jack_o_lantern::jack_o_lantern:,neutral,vader,,"didn't miss a beat and you guys don't either. We're out on a Monday night. Why? Because we somehow didn't spend our entire paycheck like we used to. Aloha everybody. Love you. [applause] >> Yeah, absolutely.",true
6172.0,2026-09-21 20:51:45,@JimboTheComic,,CHAT GET READY FOR MY LANDLORD!! He’s back!!!!,positive,vader,,"either. We're out on a Monday night. Why? Because we somehow didn't spend our entire paycheck like we used to. Aloha everybody. Love you. [applause] >> Yeah, absolutely. Double man bun himself, Eddie V. Ladies",true
6173.0,2026-09-21 20:51:46,@YoutubeInmate6082,,Mbecause ur not funny,negative,vader,,"either. We're out on a Monday night. Why? Because we somehow didn't spend our entire paycheck like we used to. Aloha everybody. Love you. [applause] >> Yeah, absolutely. Double man bun himself, Eddie V. Ladies",true
6173.0,2026-09-21 20:51:46,@lunahe1,,:canned_food: ,neutral,vader,,"either. We're out on a Monday night. Why? Because we somehow didn't spend our entire paycheck like we used to. Aloha everybody. Love you. [applause] >> Yeah, absolutely. Double man bun himself, Eddie V. Ladies",true
6175.0,2026-09-21 20:51:48,@greendayisawesome123,,Meowwwwwww,neutral,vader,,"Why? Because we somehow didn't spend our entire paycheck like we used to. Aloha everybody. Love you. [applause] >> Yeah, absolutely. Double man bun himself, Eddie V. Ladies and gentlemen,",true
6175.0,2026-09-21 20:51:48,@goodviibes8573,,This is like pearl harbor all over again ,positive,vader,,"Why? Because we somehow didn't spend our entire paycheck like we used to. Aloha everybody. Love you. [applause] >> Yeah, absolutely. Double man bun himself, Eddie V. Ladies and gentlemen,",true
6176.0,2026-09-21 20:51:49,@jackcarr3361,,At least the chair is right there ,neutral,vader,,"Why? Because we somehow didn't spend our entire paycheck like we used to. Aloha everybody. Love you. [applause] >> Yeah, absolutely. Double man bun himself, Eddie V. Ladies and gentlemen,",true
6177.0,2026-09-21 20:51:50,@sunkissed335,,lol,positive,vader,,"Why? Because we somehow didn't spend our entire paycheck like we used to. Aloha everybody. Love you. [applause] >> Yeah, absolutely. Double man bun himself, Eddie V. Ladies and gentlemen, what did you accomplish with the second",true
6178.0,2026-09-21 20:51:51,@williamjohnson1302,,horroble,neutral,vader,,"entire paycheck like we used to. Aloha everybody. Love you. [applause] >> Yeah, absolutely. Double man bun himself, Eddie V. Ladies and gentlemen, what did you accomplish with the second",true
6179.0,2026-09-21 20:51:52,@YoutubeInmate6082,,Get off stage,neutral,vader,,"entire paycheck like we used to. Aloha everybody. Love you. [applause] >> Yeah, absolutely. Double man bun himself, Eddie V. Ladies and gentlemen, what did you accomplish with the second man bun that you couldn't have done with",true
6179.0,2026-09-21 20:51:52,@S.D.L-m1j,,:loudly_crying_face::loudly_crying_face::loudly_crying_face:,neutral,vader,,"entire paycheck like we used to. Aloha everybody. Love you. [applause] >> Yeah, absolutely. Double man bun himself, Eddie V. Ladies and gentlemen, what did you accomplish with the second man bun that you couldn't have done with",true
6180.0,2026-09-21 20:51:53,@radiostarkilla21,,Well that happened ,positive,vader,,"everybody. Love you. [applause] >> Yeah, absolutely. Double man bun himself, Eddie V. Ladies and gentlemen, what did you accomplish with the second man bun that you couldn't have done with",true
6182.0,2026-09-21 20:51:55,@YoutubeInmate6082,,Kook,neutral,vader,,"everybody. Love you. [applause] >> Yeah, absolutely. Double man bun himself, Eddie V. Ladies and gentlemen, what did you accomplish with the second man bun that you couldn't have done with a bigger first man bun? I want to know",true
6182.0,2026-09-21 20:51:55,@z28diablo,,RENT IS DUE JIMBO,neutral,vader,,"everybody. Love you. [applause] >> Yeah, absolutely. Double man bun himself, Eddie V. Ladies and gentlemen, what did you accomplish with the second man bun that you couldn't have done with a bigger first man bun? I want to know",true
6182.0,2026-09-21 20:51:55,@henryOP8749,,This guy like take me drunk I’m home,neutral,vader,,"everybody. Love you. [applause] >> Yeah, absolutely. Double man bun himself, Eddie V. Ladies and gentlemen, what did you accomplish with the second man bun that you couldn't have done with a bigger first man bun? I want to know",true
6183.0,2026-09-21 20:51:56,@gnomecaveira1490,,Get this guy OTTA HERE!!,neutral,vader,,"Double man bun himself, Eddie V. Ladies and gentlemen, what did you accomplish with the second man bun that you couldn't have done with a bigger first man bun? I want to know",true
6185.0,2026-09-21 20:51:58,@lunahe1,,Absolute dog shit ,negative,vader,,"Double man bun himself, Eddie V. Ladies and gentlemen, what did you accomplish with the second man bun that you couldn't have done with a bigger first man bun? I want to know WHAT NECESSITATES A SECOND MAN BUN. I",true
6185.0,2026-09-21 20:51:58,@JimboTheComic,,Diablo I almost made you comment for the night but NOPE NOW,neutral,vader,,"Double man bun himself, Eddie V. Ladies and gentlemen, what did you accomplish with the second man bun that you couldn't have done with a bigger first man bun? I want to know WHAT NECESSITATES A SECOND MAN BUN. I",true
6187.0,2026-09-21 20:52:00,@williamjohnson1302,,boooooo,neutral,vader,,"Double man bun himself, Eddie V. Ladies and gentlemen, what did you accomplish with the second man bun that you couldn't have done with a bigger first man bun? I want to know WHAT NECESSITATES A SECOND MAN BUN. I MUST KNOW.",true
6194.0,2026-09-21 20:52:07,@alisonwayland6057,,that was tough to get through,negative,vader,,"Double man bun himself, Eddie V. Ladies and gentlemen, what did you accomplish with the second man bun that you couldn't have done with a bigger first man bun? I want to know WHAT NECESSITATES A SECOND MAN BUN. I MUST KNOW. SORRY, I I'm under a little stress. I have a friend that's building a pool in their backyard and uh the the county",true
6195.0,2026-09-21 20:52:08,@DeronJohnson70,,:hot_dog::hot_dog::hot_dog::hot_dog:,neutral,vader,,"what did you accomplish with the second man bun that you couldn't have done with a bigger first man bun? I want to know WHAT NECESSITATES A SECOND MAN BUN. I MUST KNOW. SORRY, I I'm under a little stress. I have a friend that's building a pool in their backyard and uh the the county",true
6194.0,2026-09-21 20:52:07,@goodviibes8573,,Pearl Harbor 2026 ,neutral,vader,,"Double man bun himself, Eddie V. Ladies and gentlemen, what did you accomplish with the second man bun that you couldn't have done with a bigger first man bun? I want to know WHAT NECESSITATES A SECOND MAN BUN. I MUST KNOW. SORRY, I I'm under a little stress. I have a friend that's building a pool in their backyard and uh the the county",true
6199.0,2026-09-21 20:52:12,@hispicelife123,,Too much man bun!!!,neutral,vader,,"man bun that you couldn't have done with a bigger first man bun? I want to know WHAT NECESSITATES A SECOND MAN BUN. I MUST KNOW. SORRY, I I'm under a little stress. I have a friend that's building a pool in their backyard and uh the the county zoned their pool so much smaller than they wanted it. It's like a little Musabe pool. It's literally as big as",true
6201.0,2026-09-21 20:52:14,@ineverlutes,,@jimbo LOL,positive,vader,,"man bun that you couldn't have done with a bigger first man bun? I want to know WHAT NECESSITATES A SECOND MAN BUN. I MUST KNOW. SORRY, I I'm under a little stress. I have a friend that's building a pool in their backyard and uh the the county zoned their pool so much smaller than they wanted it. It's like a little Musabe pool. It's literally as big as",true
6204.0,2026-09-21 20:52:17,@billyboing215,,digshit can be funny,positive,vader,,"a bigger first man bun? I want to know WHAT NECESSITATES A SECOND MAN BUN. I MUST KNOW. SORRY, I I'm under a little stress. I have a friend that's building a pool in their backyard and uh the the county zoned their pool so much smaller than they wanted it. It's like a little Musabe pool. It's literally as big as these three tables and the triangle across. That's the Musubi pool. They",true
6207.0,2026-09-21 20:52:20,@gnomecaveira1490,,Worst comedy show I’ve ever seen,negative,vader,,"MUST KNOW. SORRY, I I'm under a little stress. I have a friend that's building a pool in their backyard and uh the the county zoned their pool so much smaller than they wanted it. It's like a little Musabe pool. It's literally as big as these three tables and the triangle across. That's the Musubi pool. They have a whole backyard and all they can",true
6208.0,2026-09-21 20:52:21,@williamjohnson1302,,double douche bag,negative,vader,,"MUST KNOW. SORRY, I I'm under a little stress. I have a friend that's building a pool in their backyard and uh the the county zoned their pool so much smaller than they wanted it. It's like a little Musabe pool. It's literally as big as these three tables and the triangle across. That's the Musubi pool. They have a whole backyard and all they can",true
6209.0,2026-09-21 20:52:22,@lunahe1,,I guess Hawaii isn’t funny ,negative,vader,,"SORRY, I I'm under a little stress. I have a friend that's building a pool in their backyard and uh the the county zoned their pool so much smaller than they wanted it. It's like a little Musabe pool. It's literally as big as these three tables and the triangle across. That's the Musubi pool. They have a whole backyard and all they can get is a little Mushab pool. It's a",true
6210.0,2026-09-21 20:52:23,@rocjames1,,there's only 2 elbinos at the Island :desert_island:,neutral,vader,,have a friend that's building a pool in their backyard and uh the the county zoned their pool so much smaller than they wanted it. It's like a little Musabe pool. It's literally as big as these three tables and the triangle across. That's the Musubi pool. They have a whole backyard and all they can get is a little Mushab pool. It's a,true
6210.0,2026-09-21 20:52:23,@z28diablo,,"OK OK, co-moderator lol",positive,vader,,have a friend that's building a pool in their backyard and uh the the county zoned their pool so much smaller than they wanted it. It's like a little Musabe pool. It's literally as big as these three tables and the triangle across. That's the Musubi pool. They have a whole backyard and all they can get is a little Mushab pool. It's a,true
6215.0,2026-09-21 20:52:28,@Mike-Alice-D-InWonderland,,are the crustaceans in USA junkies too? rock lobster?,neutral,vader,,"their backyard and uh the the county zoned their pool so much smaller than they wanted it. It's like a little Musabe pool. It's literally as big as these three tables and the triangle across. That's the Musubi pool. They have a whole backyard and all they can get is a little Mushab pool. It's a triangle they can swim from corner to corner to corner. They don't EVEN HAVE A FOURTH CORNER, JUST three corners of a",true
6220.0,2026-09-21 20:52:33,@goodviibes8573,,Pearl Harbor 2026 ,neutral,vader,,"Musabe pool. It's literally as big as these three tables and the triangle across. That's the Musubi pool. They have a whole backyard and all they can get is a little Mushab pool. It's a triangle they can swim from corner to corner to corner. They don't EVEN HAVE A FOURTH CORNER, JUST three corners of a pool. And I was like, ""That's terrible. How",true
6222.0,2026-09-21 20:52:35,@McMisfit,,two man buns means he takes two dudes at once,neutral,vader,,"these three tables and the triangle across. That's the Musubi pool. They have a whole backyard and all they can get is a little Mushab pool. It's a triangle they can swim from corner to corner to corner. They don't EVEN HAVE A FOURTH CORNER, JUST three corners of a pool. And I was like, ""That's terrible. How that's that's tiny. How deep is it",true
6225.0,2026-09-21 20:52:38,@henryOP8749,,Diablo :rolling_on_the_floor_laughing: ,neutral,vader,,"across. That's the Musubi pool. They have a whole backyard and all they can get is a little Mushab pool. It's a triangle they can swim from corner to corner to corner. They don't EVEN HAVE A FOURTH CORNER, JUST three corners of a pool. And I was like, ""That's terrible. How that's that's tiny. How deep is it allowed to be?"" They're like, ""Oh, they didn't specify."" And I'm like, ""There's",true
6225.0,2026-09-21 20:52:38,@JimboTheComic,,Ty so much gnome ,positive,vader,,"across. That's the Musubi pool. They have a whole backyard and all they can get is a little Mushab pool. It's a triangle they can swim from corner to corner to corner. They don't EVEN HAVE A FOURTH CORNER, JUST three corners of a pool. And I was like, ""That's terrible. How that's that's tiny. How deep is it allowed to be?"" They're like, ""Oh, they didn't specify."" And I'm like, ""There's",true
6227.0,2026-09-21 20:52:40,@DeronJohnson70,,:man_swimming::man_swimming::man_swimming::man_swimming:,neutral,vader,,"have a whole backyard and all they can get is a little Mushab pool. It's a triangle they can swim from corner to corner to corner. They don't EVEN HAVE A FOURTH CORNER, JUST three corners of a pool. And I was like, ""That's terrible. How that's that's tiny. How deep is it allowed to be?"" They're like, ""Oh, they didn't specify."" And I'm like, ""There's where you get your real estate.",true
6229.0,2026-09-21 20:52:42,@ineverlutes,,@gnomecaveira best chat tho ,positive,vader,,"get is a little Mushab pool. It's a triangle they can swim from corner to corner to corner. They don't EVEN HAVE A FOURTH CORNER, JUST three corners of a pool. And I was like, ""That's terrible. How that's that's tiny. How deep is it allowed to be?"" They're like, ""Oh, they didn't specify."" And I'm like, ""There's where you get your real estate. >> You drill that pole deep.",true
6232.0,2026-09-21 20:52:45,@S.D.L-m1j,,Jimbo:face-green-smiling:,neutral,vader,,"triangle they can swim from corner to corner to corner. They don't EVEN HAVE A FOURTH CORNER, JUST three corners of a pool. And I was like, ""That's terrible. How that's that's tiny. How deep is it allowed to be?"" They're like, ""Oh, they didn't specify."" And I'm like, ""There's where you get your real estate. >> You drill that pole deep. >> You drill that pool so deep that they",true
6236.0,2026-09-21 20:52:49,@JimboTheComic,,Deal ,neutral,vader,,"FOURTH CORNER, JUST three corners of a pool. And I was like, ""That's terrible. How that's that's tiny. How deep is it allowed to be?"" They're like, ""Oh, they didn't specify."" And I'm like, ""There's where you get your real estate. >> You drill that pole deep. >> You drill that pool so deep that they don't see a bottom. And you don't light the bottom either.",true
6237.0,2026-09-21 20:52:50,@billyboing215,,I actually understand Pearl harbour now,neutral,vader,,"pool. And I was like, ""That's terrible. How that's that's tiny. How deep is it allowed to be?"" They're like, ""Oh, they didn't specify."" And I'm like, ""There's where you get your real estate. >> You drill that pole deep. >> You drill that pool so deep that they don't see a bottom. And you don't light the bottom either.",true
6241.0,2026-09-21 20:52:54,@Donnieboy24,,chair my precious,positive,vader,,"that's that's tiny. How deep is it allowed to be?"" They're like, ""Oh, they didn't specify."" And I'm like, ""There's where you get your real estate. >> You drill that pole deep. >> You drill that pool so deep that they don't see a bottom. And you don't light the bottom either. You just strike fear into their heart when they go and check out the pool for for regulations.",true
6243.0,2026-09-21 20:52:56,@gnomecaveira1490,,lol frfr chat,positive,vader,,"allowed to be?"" They're like, ""Oh, they didn't specify."" And I'm like, ""There's where you get your real estate. >> You drill that pole deep. >> You drill that pool so deep that they don't see a bottom. And you don't light the bottom either. You just strike fear into their heart when they go and check out the pool for for regulations. Like, hey, uh, all right. This pool's",true
6244.0,2026-09-21 20:52:57,@moneymagic6119,,CHAIR,neutral,vader,,"didn't specify."" And I'm like, ""There's where you get your real estate. >> You drill that pole deep. >> You drill that pool so deep that they don't see a bottom. And you don't light the bottom either. You just strike fear into their heart when they go and check out the pool for for regulations. Like, hey, uh, all right. This pool's",true
6247.0,2026-09-21 20:53:00,@GregDouchette,,"Jimbo, you were the best worst comedian tonight!!!",positive,vader,,"where you get your real estate. >> You drill that pole deep. >> You drill that pool so deep that they don't see a bottom. And you don't light the bottom either. You just strike fear into their heart when they go and check out the pool for for regulations. Like, hey, uh, all right. This pool's the property. How deep is this pool?"" Like, rumor has it. Nobody knows.",true
6251.0,2026-09-21 20:53:04,@sunkissed335,,:face_with_tears_of_joy::face_with_tears_of_joy::face_with_tears_of_joy: who showed the chair,neutral,vader,,">> You drill that pole deep. >> You drill that pool so deep that they don't see a bottom. And you don't light the bottom either. You just strike fear into their heart when they go and check out the pool for for regulations. Like, hey, uh, all right. This pool's the property. How deep is this pool?"" Like, rumor has it. Nobody knows. >> Some say it doesn't have a bottom. Can",true
6251.0,2026-09-21 20:53:04,@EricNelson1236,,bros channeling the earths aether on there,neutral,vader,,">> You drill that pole deep. >> You drill that pool so deep that they don't see a bottom. And you don't light the bottom either. You just strike fear into their heart when they go and check out the pool for for regulations. Like, hey, uh, all right. This pool's the property. How deep is this pool?"" Like, rumor has it. Nobody knows. >> Some say it doesn't have a bottom. Can",true
6254.0,2026-09-21 20:53:07,@alisonwayland6057,,this is my Jerry Springer fix,neutral,vader,,"don't see a bottom. And you don't light the bottom either. You just strike fear into their heart when they go and check out the pool for for regulations. Like, hey, uh, all right. This pool's the property. How deep is this pool?"" Like, rumor has it. Nobody knows. >> Some say it doesn't have a bottom. Can you drop a glow stick and just watch it",true
6256.0,2026-09-21 20:53:09,@DeronJohnson70,,:water_wave::water_wave::water_wave::man_surfing::water_wave::water_wave::water_wave:,neutral,vader,,"And you don't light the bottom either. You just strike fear into their heart when they go and check out the pool for for regulations. Like, hey, uh, all right. This pool's the property. How deep is this pool?"" Like, rumor has it. Nobody knows. >> Some say it doesn't have a bottom. Can you drop a glow stick and just watch it disappear? Like, how deep is this pool?",true
6257.0,2026-09-21 20:53:10,@ineverlutes,,@billyboing LOL,positive,vader,,"You just strike fear into their heart when they go and check out the pool for for regulations. Like, hey, uh, all right. This pool's the property. How deep is this pool?"" Like, rumor has it. Nobody knows. >> Some say it doesn't have a bottom. Can you drop a glow stick and just watch it disappear? Like, how deep is this pool?",true
6258.0,2026-09-21 20:53:11,@gnomecaveira1490,,Chat honestly makes this worth staying for,positive,vader,,"when they go and check out the pool for for regulations. Like, hey, uh, all right. This pool's the property. How deep is this pool?"" Like, rumor has it. Nobody knows. >> Some say it doesn't have a bottom. Can you drop a glow stick and just watch it disappear? Like, how deep is this pool? >> As deep as your fear. That's how deep it",true
6259.0,2026-09-21 20:53:12,@JimboTheComic,,Aweee greggy boy ty ,positive,vader,,"when they go and check out the pool for for regulations. Like, hey, uh, all right. This pool's the property. How deep is this pool?"" Like, rumor has it. Nobody knows. >> Some say it doesn't have a bottom. Can you drop a glow stick and just watch it disappear? Like, how deep is this pool? >> As deep as your fear. That's how deep it",true
6264.0,2026-09-21 20:53:17,@goodviibes8573,,Hahahahahhaja ,neutral,vader,,"Like, hey, uh, all right. This pool's the property. How deep is this pool?"" Like, rumor has it. Nobody knows. >> Some say it doesn't have a bottom. Can you drop a glow stick and just watch it disappear? Like, how deep is this pool? >> As deep as your fear. That's how deep it is. Fear pool. That's what I call that joke. All right, >> we got one more person doing a quick",true
6265.0,2026-09-21 20:53:18,@williamjohnson1302,,lets give it up to funniest person tonight! the chair *clapping!*,positive,vader,,"the property. How deep is this pool?"" Like, rumor has it. Nobody knows. >> Some say it doesn't have a bottom. Can you drop a glow stick and just watch it disappear? Like, how deep is this pool? >> As deep as your fear. That's how deep it is. Fear pool. That's what I call that joke. All right, >> we got one more person doing a quick",true
6268.0,2026-09-21 20:53:21,@JimboTheComic,,ITS MY LANDLORD ,neutral,vader,,"the property. How deep is this pool?"" Like, rumor has it. Nobody knows. >> Some say it doesn't have a bottom. Can you drop a glow stick and just watch it disappear? Like, how deep is this pool? >> As deep as your fear. That's how deep it is. Fear pool. That's what I call that joke. All right, >> we got one more person doing a quick two-minute set. You guys ready for one more comment closing out the night?",true
6271.0,2026-09-21 20:53:24,@YoutubeInmate6082,,Shame the fire didnt take the last comedian,negative,vader,,">> Some say it doesn't have a bottom. Can you drop a glow stick and just watch it disappear? Like, how deep is this pool? >> As deep as your fear. That's how deep it is. Fear pool. That's what I call that joke. All right, >> we got one more person doing a quick two-minute set. You guys ready for one more comment closing out the night? >> Ah, yes. I love the reluctance. It's",true
6271.0,2026-09-21 20:53:24,@goodviibes8573,,The chair ,neutral,vader,,">> Some say it doesn't have a bottom. Can you drop a glow stick and just watch it disappear? Like, how deep is this pool? >> As deep as your fear. That's how deep it is. Fear pool. That's what I call that joke. All right, >> we got one more person doing a quick two-minute set. You guys ready for one more comment closing out the night? >> Ah, yes. I love the reluctance. It's",true
6272.0,2026-09-21 20:53:25,@henryOP8749,,Chair :chair: of ins again that’s was so close :face_with_rolling_eyes: :rolling_on_the_floor_laughing: ,neutral,vader,,">> Some say it doesn't have a bottom. Can you drop a glow stick and just watch it disappear? Like, how deep is this pool? >> As deep as your fear. That's how deep it is. Fear pool. That's what I call that joke. All right, >> we got one more person doing a quick two-minute set. You guys ready for one more comment closing out the night? >> Ah, yes. I love the reluctance. It's",true
6274.0,2026-09-21 20:53:27,@Donnieboy24,,just a little peep don't wanna get too carried away I dig it I dig it,neutral,vader,,"you drop a glow stick and just watch it disappear? Like, how deep is this pool? >> As deep as your fear. That's how deep it is. Fear pool. That's what I call that joke. All right, >> we got one more person doing a quick two-minute set. You guys ready for one more comment closing out the night? >> Ah, yes. I love the reluctance. It's happening anyways. Get used to it.",true
6277.0,2026-09-21 20:53:30,@YoutubeInmate6082,,He must have a blue roof,neutral,vader,,"disappear? Like, how deep is this pool? >> As deep as your fear. That's how deep it is. Fear pool. That's what I call that joke. All right, >> we got one more person doing a quick two-minute set. You guys ready for one more comment closing out the night? >> Ah, yes. I love the reluctance. It's happening anyways. Get used to it. Coming to the stage, Jimbo's roommate.",true
6279.0,2026-09-21 20:53:32,@hispicelife123,,Ch-Air Ch-Air Ch-Air,neutral,vader,,">> As deep as your fear. That's how deep it is. Fear pool. That's what I call that joke. All right, >> we got one more person doing a quick two-minute set. You guys ready for one more comment closing out the night? >> Ah, yes. I love the reluctance. It's happening anyways. Get used to it. Coming to the stage, Jimbo's roommate. He shares his space with an earlier",true
6280.0,2026-09-21 20:53:33,@z28diablo,,"Jimbo for comic of night, chair for co chat mod",neutral,vader,,">> As deep as your fear. That's how deep it is. Fear pool. That's what I call that joke. All right, >> we got one more person doing a quick two-minute set. You guys ready for one more comment closing out the night? >> Ah, yes. I love the reluctance. It's happening anyways. Get used to it. Coming to the stage, Jimbo's roommate. He shares his space with an earlier comic. Give it up for Mr. Jamie.",true
6282.0,2026-09-21 20:53:35,@billyboing215,,wheres a Japanese fleet when you need one,neutral,vader,,"joke. All right, >> we got one more person doing a quick two-minute set. You guys ready for one more comment closing out the night? >> Ah, yes. I love the reluctance. It's happening anyways. Get used to it. Coming to the stage, Jimbo's roommate. He shares his space with an earlier comic. Give it up for Mr. Jamie.",true
6282.0,2026-09-21 20:53:35,@henryOP8749,,Wins**,positive,vader,,"joke. All right, >> we got one more person doing a quick two-minute set. You guys ready for one more comment closing out the night? >> Ah, yes. I love the reluctance. It's happening anyways. Get used to it. Coming to the stage, Jimbo's roommate. He shares his space with an earlier comic. Give it up for Mr. Jamie.",true
6285.0,2026-09-21 20:53:38,@radiostarkilla21,,Heck yeah,positive,vader,,"two-minute set. You guys ready for one more comment closing out the night? >> Ah, yes. I love the reluctance. It's happening anyways. Get used to it. Coming to the stage, Jimbo's roommate. He shares his space with an earlier comic. Give it up for Mr. Jamie. >> My landlord.",true
6286.0,2026-09-21 20:53:39,@joemamma164,,nope,neutral,vader,,"two-minute set. You guys ready for one more comment closing out the night? >> Ah, yes. I love the reluctance. It's happening anyways. Get used to it. Coming to the stage, Jimbo's roommate. He shares his space with an earlier comic. Give it up for Mr. Jamie. >> My landlord.",true
6288.0,2026-09-21 20:53:41,@williamjohnson1302,,God noooo,positive,vader,,"more comment closing out the night? >> Ah, yes. I love the reluctance. It's happening anyways. Get used to it. Coming to the stage, Jimbo's roommate. He shares his space with an earlier comic. Give it up for Mr. Jamie. >> My landlord. >> Um, I am Jimbo's landlord,",true
6291.0,2026-09-21 20:53:44,@greendayisawesome123,,Please don’t kill my ears lol,positive,vader,,">> Ah, yes. I love the reluctance. It's happening anyways. Get used to it. Coming to the stage, Jimbo's roommate. He shares his space with an earlier comic. Give it up for Mr. Jamie. >> My landlord. >> Um, I am Jimbo's landlord,",true
6293.0,2026-09-21 20:53:46,@rocjames1,,he's the albino :wine_glass: wine o,neutral,vader,,"happening anyways. Get used to it. Coming to the stage, Jimbo's roommate. He shares his space with an earlier comic. Give it up for Mr. Jamie. >> My landlord. >> Um, I am Jimbo's landlord, but I can't afford to not live at the house, so we also live together.",true
6296.0,2026-09-21 20:53:49,@ineverlutes,,ROOMATE LMAO,positive,vader,,"Coming to the stage, Jimbo's roommate. He shares his space with an earlier comic. Give it up for Mr. Jamie. >> My landlord. >> Um, I am Jimbo's landlord, but I can't afford to not live at the house, so we also live together. That's that's just the life, you know.",true
6299.0,2026-09-21 20:53:52,@billyboing215,,jim blows this dude,neutral,vader,,"He shares his space with an earlier comic. Give it up for Mr. Jamie. >> My landlord. >> Um, I am Jimbo's landlord, but I can't afford to not live at the house, so we also live together. That's that's just the life, you know. Um, I just want to start by saying I'm not a comic, so don't laugh, please. Uh,",true
6299.0,2026-09-21 20:53:52,@alisonwayland6057,,Chairing is caring,positive,vader,,"He shares his space with an earlier comic. Give it up for Mr. Jamie. >> My landlord. >> Um, I am Jimbo's landlord, but I can't afford to not live at the house, so we also live together. That's that's just the life, you know. Um, I just want to start by saying I'm not a comic, so don't laugh, please. Uh,",true
6300.0,2026-09-21 20:53:53,@YoutubeInmate6082,,Never forget maui,positive,vader,,"He shares his space with an earlier comic. Give it up for Mr. Jamie. >> My landlord. >> Um, I am Jimbo's landlord, but I can't afford to not live at the house, so we also live together. That's that's just the life, you know. Um, I just want to start by saying I'm not a comic, so don't laugh, please. Uh,",true
6303.0,2026-09-21 20:53:56,@lunahe1,,Horrible they have the same sense of humor ,negative,vader,,">> My landlord. >> Um, I am Jimbo's landlord, but I can't afford to not live at the house, so we also live together. That's that's just the life, you know. Um, I just want to start by saying I'm not a comic, so don't laugh, please. Uh, and if you can keep the camera like like",true
6305.0,2026-09-21 20:53:58,@henryOP8749,,Jimbos room mate I feel bad already :rolling_on_the_floor_laughing: ,negative,vader,,">> Um, I am Jimbo's landlord, but I can't afford to not live at the house, so we also live together. That's that's just the life, you know. Um, I just want to start by saying I'm not a comic, so don't laugh, please. Uh, and if you can keep the camera like like waist high, like like higher than my",true
6304.0,2026-09-21 20:53:57,@goodviibes8573,,#ChairWins ,neutral,vader,,">> My landlord. >> Um, I am Jimbo's landlord, but I can't afford to not live at the house, so we also live together. That's that's just the life, you know. Um, I just want to start by saying I'm not a comic, so don't laugh, please. Uh, and if you can keep the camera like like",true
6308.0,2026-09-21 20:54:01,@xankomaa,,Oh shit,negative,vader,,">> Um, I am Jimbo's landlord, but I can't afford to not live at the house, so we also live together. That's that's just the life, you know. Um, I just want to start by saying I'm not a comic, so don't laugh, please. Uh, and if you can keep the camera like like waist high, like like higher than my legs, please. I don't I don't I skipped",true
6308.0,2026-09-21 20:54:01,@S.D.L-m1j,,:grinning_face_with_sweat:,neutral,vader,,">> Um, I am Jimbo's landlord, but I can't afford to not live at the house, so we also live together. That's that's just the life, you know. Um, I just want to start by saying I'm not a comic, so don't laugh, please. Uh, and if you can keep the camera like like waist high, like like higher than my legs, please. I don't I don't I skipped",true
6309.0,2026-09-21 20:54:02,@DeronJohnson70,,Squeeze one more :bomb: in,negative,vader,,">> Um, I am Jimbo's landlord, but I can't afford to not live at the house, so we also live together. That's that's just the life, you know. Um, I just want to start by saying I'm not a comic, so don't laugh, please. Uh, and if you can keep the camera like like waist high, like like higher than my legs, please. I don't I don't I skipped leg day. Um, what was I going to say?",true
6309.0,2026-09-21 20:54:02,@JustMeInMpls,,knew Jimbo was geh,neutral,vader,,">> Um, I am Jimbo's landlord, but I can't afford to not live at the house, so we also live together. That's that's just the life, you know. Um, I just want to start by saying I'm not a comic, so don't laugh, please. Uh, and if you can keep the camera like like waist high, like like higher than my legs, please. I don't I don't I skipped leg day. Um, what was I going to say?",true
6310.0,2026-09-21 20:54:03,@lunahe1,,Horrible they have the same sense of humor ,negative,vader,,">> Um, I am Jimbo's landlord, but I can't afford to not live at the house, so we also live together. That's that's just the life, you know. Um, I just want to start by saying I'm not a comic, so don't laugh, please. Uh, and if you can keep the camera like like waist high, like like higher than my legs, please. I don't I don't I skipped leg day. Um, what was I going to say?",true
6314.0,2026-09-21 20:54:07,@ineverlutes,,hahaha ,positive,vader,,"That's that's just the life, you know. Um, I just want to start by saying I'm not a comic, so don't laugh, please. Uh, and if you can keep the camera like like waist high, like like higher than my legs, please. I don't I don't I skipped leg day. Um, what was I going to say? Oh, yeah. So, if anyone saw me like across the the room and was like, ""He's",true
6317.0,2026-09-21 20:54:10,@Gloobus.q,,This is the guy that fucks jimbo?,negative,vader,,"Um, I just want to start by saying I'm not a comic, so don't laugh, please. Uh, and if you can keep the camera like like waist high, like like higher than my legs, please. I don't I don't I skipped leg day. Um, what was I going to say? Oh, yeah. So, if anyone saw me like across the the room and was like, ""He's mildly attractive."" Uh, it's all about",true
6319.0,2026-09-21 20:54:12,@xankomaa,,lol,positive,vader,,"Um, I just want to start by saying I'm not a comic, so don't laugh, please. Uh, and if you can keep the camera like like waist high, like like higher than my legs, please. I don't I don't I skipped leg day. Um, what was I going to say? Oh, yeah. So, if anyone saw me like across the the room and was like, ""He's mildly attractive."" Uh, it's all about the change, okay? Just let me talk a",true
6321.0,2026-09-21 20:54:14,@YoutubeInmate6082,,Benny ,neutral,vader,,"not a comic, so don't laugh, please. Uh, and if you can keep the camera like like waist high, like like higher than my legs, please. I don't I don't I skipped leg day. Um, what was I going to say? Oh, yeah. So, if anyone saw me like across the the room and was like, ""He's mildly attractive."" Uh, it's all about the change, okay? Just let me talk a little bit. Um, oh, also, Franny, it's",true
6321.0,2026-09-21 20:54:14,@billyboing215,,ie none,neutral,vader,,"not a comic, so don't laugh, please. Uh, and if you can keep the camera like like waist high, like like higher than my legs, please. I don't I don't I skipped leg day. Um, what was I going to say? Oh, yeah. So, if anyone saw me like across the the room and was like, ""He's mildly attractive."" Uh, it's all about the change, okay? Just let me talk a little bit. Um, oh, also, Franny, it's",true
6322.0,2026-09-21 20:54:15,@Drifta032,,Drop the rent $10 Jamie ,negative,vader,,"not a comic, so don't laugh, please. Uh, and if you can keep the camera like like waist high, like like higher than my legs, please. I don't I don't I skipped leg day. Um, what was I going to say? Oh, yeah. So, if anyone saw me like across the the room and was like, ""He's mildly attractive."" Uh, it's all about the change, okay? Just let me talk a little bit. Um, oh, also, Franny, it's",true
6323.0,2026-09-21 20:54:16,@YoutubeInmate6082,,Johnson,neutral,vader,,"and if you can keep the camera like like waist high, like like higher than my legs, please. I don't I don't I skipped leg day. Um, what was I going to say? Oh, yeah. So, if anyone saw me like across the the room and was like, ""He's mildly attractive."" Uh, it's all about the change, okay? Just let me talk a little bit. Um, oh, also, Franny, it's nice to see you again.",true
6325.0,2026-09-21 20:54:18,@lunahe1,,This guys sucks ,negative,vader,,"waist high, like like higher than my legs, please. I don't I don't I skipped leg day. Um, what was I going to say? Oh, yeah. So, if anyone saw me like across the the room and was like, ""He's mildly attractive."" Uh, it's all about the change, okay? Just let me talk a little bit. Um, oh, also, Franny, it's nice to see you again. >> Hi. Isn't that Franny?",true
6329.0,2026-09-21 20:54:22,@xankomaa,,“Landlord”,neutral,vader,,"legs, please. I don't I don't I skipped leg day. Um, what was I going to say? Oh, yeah. So, if anyone saw me like across the the room and was like, ""He's mildly attractive."" Uh, it's all about the change, okay? Just let me talk a little bit. Um, oh, also, Franny, it's nice to see you again. >> Hi. Isn't that Franny? >> Hi, Franny. I took your marine biology",true
6329.0,2026-09-21 20:54:22,@z28diablo,,"yes, waist high but on the chair",positive,vader,,"legs, please. I don't I don't I skipped leg day. Um, what was I going to say? Oh, yeah. So, if anyone saw me like across the the room and was like, ""He's mildly attractive."" Uh, it's all about the change, okay? Just let me talk a little bit. Um, oh, also, Franny, it's nice to see you again. >> Hi. Isn't that Franny? >> Hi, Franny. I took your marine biology",true
6331.0,2026-09-21 20:54:24,@S.D.L-m1j,,Roommate code word for..:face-green-smiling:,neutral,vader,,"leg day. Um, what was I going to say? Oh, yeah. So, if anyone saw me like across the the room and was like, ""He's mildly attractive."" Uh, it's all about the change, okay? Just let me talk a little bit. Um, oh, also, Franny, it's nice to see you again. >> Hi. Isn't that Franny? >> Hi, Franny. I took your marine biology class in college. It was one of my",true
6332.0,2026-09-21 20:54:25,@goodviibes8573,,Gaymee ,neutral,vader,,"Oh, yeah. So, if anyone saw me like across the the room and was like, ""He's mildly attractive."" Uh, it's all about the change, okay? Just let me talk a little bit. Um, oh, also, Franny, it's nice to see you again. >> Hi. Isn't that Franny? >> Hi, Franny. I took your marine biology class in college. It was one of my favorite classes ever.",true
6332.0,2026-09-21 20:54:25,@ManagedUnit,,boo,neutral,vader,,"Oh, yeah. So, if anyone saw me like across the the room and was like, ""He's mildly attractive."" Uh, it's all about the change, okay? Just let me talk a little bit. Um, oh, also, Franny, it's nice to see you again. >> Hi. Isn't that Franny? >> Hi, Franny. I took your marine biology class in college. It was one of my favorite classes ever.",true
6333.0,2026-09-21 20:54:26,@YoutubeInmate6082,,Ypu SUCK,negative,vader,,"Oh, yeah. So, if anyone saw me like across the the room and was like, ""He's mildly attractive."" Uh, it's all about the change, okay? Just let me talk a little bit. Um, oh, also, Franny, it's nice to see you again. >> Hi. Isn't that Franny? >> Hi, Franny. I took your marine biology class in college. It was one of my favorite classes ever.",true
6336.0,2026-09-21 20:54:29,@williamjohnson1302,,jumbo roomie on roids:rolling_on_the_floor_laughing:,neutral,vader,,"mildly attractive."" Uh, it's all about the change, okay? Just let me talk a little bit. Um, oh, also, Franny, it's nice to see you again. >> Hi. Isn't that Franny? >> Hi, Franny. I took your marine biology class in college. It was one of my favorite classes ever. I I just can't remember to say that. >> Are you kidding her?",true
6337.0,2026-09-21 20:54:30,@ineverlutes,,oh boy ,neutral,vader,,"mildly attractive."" Uh, it's all about the change, okay? Just let me talk a little bit. Um, oh, also, Franny, it's nice to see you again. >> Hi. Isn't that Franny? >> Hi, Franny. I took your marine biology class in college. It was one of my favorite classes ever. I I just can't remember to say that. >> Are you kidding her? >> Yeah, I I was too scared to come up to",true
6339.0,2026-09-21 20:54:32,@billyboing215,,jim blow this dude,neutral,vader,,"the change, okay? Just let me talk a little bit. Um, oh, also, Franny, it's nice to see you again. >> Hi. Isn't that Franny? >> Hi, Franny. I took your marine biology class in college. It was one of my favorite classes ever. I I just can't remember to say that. >> Are you kidding her? >> Yeah, I I was too scared to come up to you. I just wanted to be here.",true
6340.0,2026-09-21 20:54:33,@lunahe1,,:wastebasket: ,neutral,vader,,"the change, okay? Just let me talk a little bit. Um, oh, also, Franny, it's nice to see you again. >> Hi. Isn't that Franny? >> Hi, Franny. I took your marine biology class in college. It was one of my favorite classes ever. I I just can't remember to say that. >> Are you kidding her? >> Yeah, I I was too scared to come up to you. I just wanted to be here.",true
6340.0,2026-09-21 20:54:33,@GregDouchette,,Didn’t know Jimbo swung that way ,neutral,vader,,"the change, okay? Just let me talk a little bit. Um, oh, also, Franny, it's nice to see you again. >> Hi. Isn't that Franny? >> Hi, Franny. I took your marine biology class in college. It was one of my favorite classes ever. I I just can't remember to say that. >> Are you kidding her? >> Yeah, I I was too scared to come up to you. I just wanted to be here.",true
6346.0,2026-09-21 20:54:39,@McMisfit,,go on show his legs,neutral,vader,,">> Hi. Isn't that Franny? >> Hi, Franny. I took your marine biology class in college. It was one of my favorite classes ever. I I just can't remember to say that. >> Are you kidding her? >> Yeah, I I was too scared to come up to you. I just wanted to be here. Um >> kiss. >> Yeah. So, drunk drunkles. Drunk uncles. We had a drugged uncle. He does a lot of",true
6347.0,2026-09-21 20:54:40,@EricNelson1236,,guy needs church,neutral,vader,,">> Hi. Isn't that Franny? >> Hi, Franny. I took your marine biology class in college. It was one of my favorite classes ever. I I just can't remember to say that. >> Are you kidding her? >> Yeah, I I was too scared to come up to you. I just wanted to be here. Um >> kiss. >> Yeah. So, drunk drunkles. Drunk uncles. We had a drugged uncle. He does a lot of",true
6351.0,2026-09-21 20:54:44,@goodviibes8573,,Gaymee ,neutral,vader,,"class in college. It was one of my favorite classes ever. I I just can't remember to say that. >> Are you kidding her? >> Yeah, I I was too scared to come up to you. I just wanted to be here. Um >> kiss. >> Yeah. So, drunk drunkles. Drunk uncles. We had a drugged uncle. He does a lot of drugs and he sits right there a lot. Um yeah, he's cool. Me and Mr. are really",true
6351.0,2026-09-21 20:54:44,@ineverlutes,,jimbo does he stare at himself in the mirror ,neutral,vader,,"class in college. It was one of my favorite classes ever. I I just can't remember to say that. >> Are you kidding her? >> Yeah, I I was too scared to come up to you. I just wanted to be here. Um >> kiss. >> Yeah. So, drunk drunkles. Drunk uncles. We had a drugged uncle. He does a lot of drugs and he sits right there a lot. Um yeah, he's cool. Me and Mr. are really",true
6354.0,2026-09-21 20:54:47,@DeronJohnson70,,,neutral,vader,,"I I just can't remember to say that. >> Are you kidding her? >> Yeah, I I was too scared to come up to you. I just wanted to be here. Um >> kiss. >> Yeah. So, drunk drunkles. Drunk uncles. We had a drugged uncle. He does a lot of drugs and he sits right there a lot. Um yeah, he's cool. Me and Mr. are really good friends. We've been friends for a long time. I don't know. Oh, there he",true
6356.0,2026-09-21 20:54:49,@williamjohnson1302,,jimbo the small spoon,neutral,vader,,">> Are you kidding her? >> Yeah, I I was too scared to come up to you. I just wanted to be here. Um >> kiss. >> Yeah. So, drunk drunkles. Drunk uncles. We had a drugged uncle. He does a lot of drugs and he sits right there a lot. Um yeah, he's cool. Me and Mr. are really good friends. We've been friends for a long time. I don't know. Oh, there he is. Hey, buddy. Yeah. Oh, he flipped me",true
6357.0,2026-09-21 20:54:50,@gnomecaveira1490,,They would say that ONLY if they saw him from across the room and they were drunk lol,positive,vader,,">> Yeah, I I was too scared to come up to you. I just wanted to be here. Um >> kiss. >> Yeah. So, drunk drunkles. Drunk uncles. We had a drugged uncle. He does a lot of drugs and he sits right there a lot. Um yeah, he's cool. Me and Mr. are really good friends. We've been friends for a long time. I don't know. Oh, there he is. Hey, buddy. Yeah. Oh, he flipped me",true
6360.0,2026-09-21 20:54:53,@z28diablo,,"Jimbo, Heckle him",neutral,vader,,"you. I just wanted to be here. Um >> kiss. >> Yeah. So, drunk drunkles. Drunk uncles. We had a drugged uncle. He does a lot of drugs and he sits right there a lot. Um yeah, he's cool. Me and Mr. are really good friends. We've been friends for a long time. I don't know. Oh, there he is. Hey, buddy. Yeah. Oh, he flipped me off. Oh, >> what was my last name?",true
6370.0,2026-09-21 20:55:03,@moneymagic6119,,DRUGGED UNCLE :face_with_tears_of_joy:,neutral,vader,,"yeah, he's cool. Me and Mr. are really good friends. We've been friends for a long time. I don't know. Oh, there he is. Hey, buddy. Yeah. Oh, he flipped me off. Oh, >> what was my last name? >> Um, E. [laughter] Mr. Space E. Um, where'd you get that outfit? Mystery Goodwill.",true
6370.0,2026-09-21 20:55:03,@YoutubeInmate6082,,Do you even surf??? ,neutral,vader,,"yeah, he's cool. Me and Mr. are really good friends. We've been friends for a long time. I don't know. Oh, there he is. Hey, buddy. Yeah. Oh, he flipped me off. Oh, >> what was my last name? >> Um, E. [laughter] Mr. Space E. Um, where'd you get that outfit? Mystery Goodwill.",true
6372.0,2026-09-21 20:55:05,@ineverlutes,,@wolliamjohnson lmaoooo,neutral,vader,,"good friends. We've been friends for a long time. I don't know. Oh, there he is. Hey, buddy. Yeah. Oh, he flipped me off. Oh, >> what was my last name? >> Um, E. [laughter] Mr. Space E. Um, where'd you get that outfit? Mystery Goodwill. >> Your mom gave it to me. >> Out of my I haven't talked to my mom in",true
6372.0,2026-09-21 20:55:05,@alisonwayland6057,,EXCUSE me sir. hottest thing in there is Chair!!!,positive,vader,,"good friends. We've been friends for a long time. I don't know. Oh, there he is. Hey, buddy. Yeah. Oh, he flipped me off. Oh, >> what was my last name? >> Um, E. [laughter] Mr. Space E. Um, where'd you get that outfit? Mystery Goodwill. >> Your mom gave it to me. >> Out of my I haven't talked to my mom in",true
6373.0,2026-09-21 20:55:06,@z28diablo,,deal with the rent increase later,positive,vader,,"good friends. We've been friends for a long time. I don't know. Oh, there he is. Hey, buddy. Yeah. Oh, he flipped me off. Oh, >> what was my last name? >> Um, E. [laughter] Mr. Space E. Um, where'd you get that outfit? Mystery Goodwill. >> Your mom gave it to me. >> Out of my I haven't talked to my mom in 10 years, but I try. I do have mommy",true
6373.0,2026-09-21 20:55:06,@JustMeInMpls,,And now we know who's the bottom,neutral,vader,,"good friends. We've been friends for a long time. I don't know. Oh, there he is. Hey, buddy. Yeah. Oh, he flipped me off. Oh, >> what was my last name? >> Um, E. [laughter] Mr. Space E. Um, where'd you get that outfit? Mystery Goodwill. >> Your mom gave it to me. >> Out of my I haven't talked to my mom in 10 years, but I try. I do have mommy",true
6375.0,2026-09-21 20:55:08,@billyboing215,,he's definitely the top,positive,vader,,"long time. I don't know. Oh, there he is. Hey, buddy. Yeah. Oh, he flipped me off. Oh, >> what was my last name? >> Um, E. [laughter] Mr. Space E. Um, where'd you get that outfit? Mystery Goodwill. >> Your mom gave it to me. >> Out of my I haven't talked to my mom in 10 years, but I try. I do have mommy",true
6382.0,2026-09-21 20:55:15,@McMisfit,,bang your old teacher,neutral,vader,,">> what was my last name? >> Um, E. [laughter] Mr. Space E. Um, where'd you get that outfit? Mystery Goodwill. >> Your mom gave it to me. >> Out of my I haven't talked to my mom in 10 years, but I try. I do have mommy issues. Let's get that out of the books. You know what I'm saying? If you didn't think that, now you know it. Um, oh yeah, drunk uncles. So, u my uncles are",true
6385.0,2026-09-21 20:55:18,@Hackofalltrades-mh5fq,,Jimbo come get your boy,neutral,vader,,">> Um, E. [laughter] Mr. Space E. Um, where'd you get that outfit? Mystery Goodwill. >> Your mom gave it to me. >> Out of my I haven't talked to my mom in 10 years, but I try. I do have mommy issues. Let's get that out of the books. You know what I'm saying? If you didn't think that, now you know it. Um, oh yeah, drunk uncles. So, u my uncles are like 90 years old. So, if they drank,",true
6386.0,2026-09-21 20:55:19,@xankomaa,,didnt this slumlord have a gf,neutral,vader,,">> Um, E. [laughter] Mr. Space E. Um, where'd you get that outfit? Mystery Goodwill. >> Your mom gave it to me. >> Out of my I haven't talked to my mom in 10 years, but I try. I do have mommy issues. Let's get that out of the books. You know what I'm saying? If you didn't think that, now you know it. Um, oh yeah, drunk uncles. So, u my uncles are like 90 years old. So, if they drank,",true
6386.0,2026-09-21 20:55:19,@YoutubeInmate6082,,Epstein island,neutral,vader,,">> Um, E. [laughter] Mr. Space E. Um, where'd you get that outfit? Mystery Goodwill. >> Your mom gave it to me. >> Out of my I haven't talked to my mom in 10 years, but I try. I do have mommy issues. Let's get that out of the books. You know what I'm saying? If you didn't think that, now you know it. Um, oh yeah, drunk uncles. So, u my uncles are like 90 years old. So, if they drank,",true
6393.0,2026-09-21 20:55:26,@S.D.L-m1j,,Billy LMAO,positive,vader,,">> Out of my I haven't talked to my mom in 10 years, but I try. I do have mommy issues. Let's get that out of the books. You know what I'm saying? If you didn't think that, now you know it. Um, oh yeah, drunk uncles. So, u my uncles are like 90 years old. So, if they drank, they would probably die. But that's besides the point. We're talking about drunk uncles here. Um, it",true
6395.0,2026-09-21 20:55:28,@JimboTheComic,,I’m skipping this months rent ,neutral,vader,,"10 years, but I try. I do have mommy issues. Let's get that out of the books. You know what I'm saying? If you didn't think that, now you know it. Um, oh yeah, drunk uncles. So, u my uncles are like 90 years old. So, if they drank, they would probably die. But that's besides the point. We're talking about drunk uncles here. Um, it hasn't been 2 minutes yet. I only get 2",true
6396.0,2026-09-21 20:55:29,@DeronJohnson70,,:old_woman:,neutral,vader,,"issues. Let's get that out of the books. You know what I'm saying? If you didn't think that, now you know it. Um, oh yeah, drunk uncles. So, u my uncles are like 90 years old. So, if they drank, they would probably die. But that's besides the point. We're talking about drunk uncles here. Um, it hasn't been 2 minutes yet. I only get 2 minutes on stage, as you can see why.",true
6397.0,2026-09-21 20:55:30,@YoutubeInmate6082,,Stepstein ,neutral,vader,,"You know what I'm saying? If you didn't think that, now you know it. Um, oh yeah, drunk uncles. So, u my uncles are like 90 years old. So, if they drank, they would probably die. But that's besides the point. We're talking about drunk uncles here. Um, it hasn't been 2 minutes yet. I only get 2 minutes on stage, as you can see why.",true
6399.0,2026-09-21 20:55:32,@ineverlutes,,"jimbo little spoon, it's his native name ",neutral,vader,,"You know what I'm saying? If you didn't think that, now you know it. Um, oh yeah, drunk uncles. So, u my uncles are like 90 years old. So, if they drank, they would probably die. But that's besides the point. We're talking about drunk uncles here. Um, it hasn't been 2 minutes yet. I only get 2 minutes on stage, as you can see why. So, for the next 13 seconds, I'm going to say this. Um, thank you all for",true
6404.0,2026-09-21 20:55:37,@Gloobus.q,,Jimbo is his new mommy,neutral,vader,,"yeah, drunk uncles. So, u my uncles are like 90 years old. So, if they drank, they would probably die. But that's besides the point. We're talking about drunk uncles here. Um, it hasn't been 2 minutes yet. I only get 2 minutes on stage, as you can see why. So, for the next 13 seconds, I'm going to say this. Um, thank you all for enjoying this baby and sitting through it definitely. That was that was fun.",true
6405.0,2026-09-21 20:55:38,@JimboTheComic,,Legend ,neutral,vader,,"like 90 years old. So, if they drank, they would probably die. But that's besides the point. We're talking about drunk uncles here. Um, it hasn't been 2 minutes yet. I only get 2 minutes on stage, as you can see why. So, for the next 13 seconds, I'm going to say this. Um, thank you all for enjoying this baby and sitting through it definitely. That was that was fun.",true
6407.0,2026-09-21 20:55:40,@Donnieboy24,,I bet he drinks beers then reads,neutral,vader,,"they would probably die. But that's besides the point. We're talking about drunk uncles here. Um, it hasn't been 2 minutes yet. I only get 2 minutes on stage, as you can see why. So, for the next 13 seconds, I'm going to say this. Um, thank you all for enjoying this baby and sitting through it definitely. That was that was fun. Um, and have a great night. Thanks. Bye.",true
6410.0,2026-09-21 20:55:43,@henryOP8749,,Let me find out Jaime writing jimbos jokes :rolling_on_the_floor_laughing: ,positive,vader,,"But that's besides the point. We're talking about drunk uncles here. Um, it hasn't been 2 minutes yet. I only get 2 minutes on stage, as you can see why. So, for the next 13 seconds, I'm going to say this. Um, thank you all for enjoying this baby and sitting through it definitely. That was that was fun. Um, and have a great night. Thanks. Bye.",true
6410.0,2026-09-21 20:55:43,@rocjames1,,He is an albino version of the india guy and one flew over the cuckoo'sness,neutral,vader,,"But that's besides the point. We're talking about drunk uncles here. Um, it hasn't been 2 minutes yet. I only get 2 minutes on stage, as you can see why. So, for the next 13 seconds, I'm going to say this. Um, thank you all for enjoying this baby and sitting through it definitely. That was that was fun. Um, and have a great night. Thanks. Bye.",true
6414.0,2026-09-21 20:55:47,@radiostarkilla21,,Landlord has good cadence ,positive,vader,,"hasn't been 2 minutes yet. I only get 2 minutes on stage, as you can see why. So, for the next 13 seconds, I'm going to say this. Um, thank you all for enjoying this baby and sitting through it definitely. That was that was fun. Um, and have a great night. Thanks. Bye.",true
6418.0,2026-09-21 20:55:51,@YoutubeInmate6082,,13 seconds for that,neutral,vader,,"So, for the next 13 seconds, I'm going to say this. Um, thank you all for enjoying this baby and sitting through it definitely. That was that was fun. Um, and have a great night. Thanks. Bye. Get up for Jamie. Ladies and gentlemen,",true
6419.0,2026-09-21 20:55:52,@EricNelson1236,,them jois took bros life,neutral,vader,,"So, for the next 13 seconds, I'm going to say this. Um, thank you all for enjoying this baby and sitting through it definitely. That was that was fun. Um, and have a great night. Thanks. Bye. Get up for Jamie. Ladies and gentlemen, >> you don't you don't talk to your mommy.",true
6422.0,2026-09-21 20:55:55,@YoutubeInmate6082,,Get off stage,neutral,vader,,"enjoying this baby and sitting through it definitely. That was that was fun. Um, and have a great night. Thanks. Bye. Get up for Jamie. Ladies and gentlemen, >> you don't you don't talk to your mommy. >> Me neither. >> Yeah. Hell yeah. Hell yeah.",true
6424.0,2026-09-21 20:55:57,@billyboing215,,jimbo sucking nightly,neutral,vader,,"it definitely. That was that was fun. Um, and have a great night. Thanks. Bye. Get up for Jamie. Ladies and gentlemen, >> you don't you don't talk to your mommy. >> Me neither. >> Yeah. Hell yeah. Hell yeah.",true
6427.0,2026-09-21 20:56:00,@YoutubeInmate6082,,Hold his paycheck,neutral,vader,,"it definitely. That was that was fun. Um, and have a great night. Thanks. Bye. Get up for Jamie. Ladies and gentlemen, >> you don't you don't talk to your mommy. >> Me neither. >> Yeah. Hell yeah. Hell yeah. >> Weird pitch. We should [ __ ] each other's",true
6430.0,2026-09-21 20:56:03,@williamjohnson1302,,least he was quick,neutral,vader,,"Get up for Jamie. Ladies and gentlemen, >> you don't you don't talk to your mommy. >> Me neither. >> Yeah. Hell yeah. Hell yeah. >> Weird pitch. We should [ __ ] each other's moms. Just [laughter] >> blind.",true
6434.0,2026-09-21 20:56:07,@ineverlutes,,he went up there to hit on someone :loudly_crying_face::loudly_crying_face:,neutral,vader,,"Get up for Jamie. Ladies and gentlemen, >> you don't you don't talk to your mommy. >> Me neither. >> Yeah. Hell yeah. Hell yeah. >> Weird pitch. We should [ __ ] each other's moms. Just [laughter] >> blind. >> That Why would that matter? >> Why would that matter?",true
6435.0,2026-09-21 20:56:08,@xankomaa,,Poor guy his parents are 90,negative,vader,,"Get up for Jamie. Ladies and gentlemen, >> you don't you don't talk to your mommy. >> Me neither. >> Yeah. Hell yeah. Hell yeah. >> Weird pitch. We should [ __ ] each other's moms. Just [laughter] >> blind. >> That Why would that matter? >> Why would that matter? >> Hell yeah,",true
6435.0,2026-09-21 20:56:08,@moneymagic6119,,Jimbo & Jaime :two_hearts:,neutral,vader,,"Get up for Jamie. Ladies and gentlemen, >> you don't you don't talk to your mommy. >> Me neither. >> Yeah. Hell yeah. Hell yeah. >> Weird pitch. We should [ __ ] each other's moms. Just [laughter] >> blind. >> That Why would that matter? >> Why would that matter? >> Hell yeah,",true
6435.0,2026-09-21 20:56:08,@YoutubeInmate6082,,Fire his ahh,negative,vader,,"Get up for Jamie. Ladies and gentlemen, >> you don't you don't talk to your mommy. >> Me neither. >> Yeah. Hell yeah. Hell yeah. >> Weird pitch. We should [ __ ] each other's moms. Just [laughter] >> blind. >> That Why would that matter? >> Why would that matter? >> Hell yeah,",true
6438.0,2026-09-21 20:56:11,@CaptaInCav3man,,Purgatory for unfunny people ,neutral,vader,,"Get up for Jamie. Ladies and gentlemen, >> you don't you don't talk to your mommy. >> Me neither. >> Yeah. Hell yeah. Hell yeah. >> Weird pitch. We should [ __ ] each other's moms. Just [laughter] >> blind. >> That Why would that matter? >> Why would that matter? >> Hell yeah, >> dude. What a weird way to start that conversation. All right. Well, I mean,",true
6443.0,2026-09-21 20:56:16,@goodviibes8573,,Bye Gaymee ,neutral,vader,,">> Me neither. >> Yeah. Hell yeah. Hell yeah. >> Weird pitch. We should [ __ ] each other's moms. Just [laughter] >> blind. >> That Why would that matter? >> Why would that matter? >> Hell yeah, >> dude. What a weird way to start that conversation. All right. Well, I mean, what's your favorite color? That's certainly no joke. All right, guys. Uh,",true
6444.0,2026-09-21 20:56:17,@greendayisawesome123,,Grandmas too,neutral,vader,,">> Yeah. Hell yeah. Hell yeah. >> Weird pitch. We should [ __ ] each other's moms. Just [laughter] >> blind. >> That Why would that matter? >> Why would that matter? >> Hell yeah, >> dude. What a weird way to start that conversation. All right. Well, I mean, what's your favorite color? That's certainly no joke. All right, guys. Uh, anybody else want to go up and do some",true
6444.0,2026-09-21 20:56:17,@YoutubeInmate6082,,Fire him like maui,neutral,vader,,">> Yeah. Hell yeah. Hell yeah. >> Weird pitch. We should [ __ ] each other's moms. Just [laughter] >> blind. >> That Why would that matter? >> Why would that matter? >> Hell yeah, >> dude. What a weird way to start that conversation. All right. Well, I mean, what's your favorite color? That's certainly no joke. All right, guys. Uh, anybody else want to go up and do some",true
6447.0,2026-09-21 20:56:20,@EricNelson1236,,you are bros,neutral,vader,,">> Weird pitch. We should [ __ ] each other's moms. Just [laughter] >> blind. >> That Why would that matter? >> Why would that matter? >> Hell yeah, >> dude. What a weird way to start that conversation. All right. Well, I mean, what's your favorite color? That's certainly no joke. All right, guys. Uh, anybody else want to go up and do some comedy tonight? [laughter] >> We're calling it as a good night. Hey,",true
6448.0,2026-09-21 20:56:21,@gnomecaveira1490,,Crazy that he only stayed on for 13 seconds and we had to sit through so much of the other crap,negative,vader,,"moms. Just [laughter] >> blind. >> That Why would that matter? >> Why would that matter? >> Hell yeah, >> dude. What a weird way to start that conversation. All right. Well, I mean, what's your favorite color? That's certainly no joke. All right, guys. Uh, anybody else want to go up and do some comedy tonight? [laughter] >> We're calling it as a good night. Hey,",true
6449.0,2026-09-21 20:56:22,@ineverlutes,,jimbo blink twice if you need help ,positive,vader,,">> blind. >> That Why would that matter? >> Why would that matter? >> Hell yeah, >> dude. What a weird way to start that conversation. All right. Well, I mean, what's your favorite color? That's certainly no joke. All right, guys. Uh, anybody else want to go up and do some comedy tonight? [laughter] >> We're calling it as a good night. Hey, ladies and gentlemen, give it up for",true
6452.0,2026-09-21 20:56:25,@williamjohnson1302,,he said she's black lol,positive,vader,,">> That Why would that matter? >> Why would that matter? >> Hell yeah, >> dude. What a weird way to start that conversation. All right. Well, I mean, what's your favorite color? That's certainly no joke. All right, guys. Uh, anybody else want to go up and do some comedy tonight? [laughter] >> We're calling it as a good night. Hey, ladies and gentlemen, give it up for yourselves.",true
6454.0,2026-09-21 20:56:27,@henryOP8749,,Money they sitting in a tree for sure :rolling_on_the_floor_laughing: ,positive,vader,,">> Hell yeah, >> dude. What a weird way to start that conversation. All right. Well, I mean, what's your favorite color? That's certainly no joke. All right, guys. Uh, anybody else want to go up and do some comedy tonight? [laughter] >> We're calling it as a good night. Hey, ladies and gentlemen, give it up for yourselves. >> Okay, cool. I just wanted to see if your",true
6460.0,2026-09-21 20:56:33,@alisonwayland6057,,a quick performance is not always good,negative,vader,,"what's your favorite color? That's certainly no joke. All right, guys. Uh, anybody else want to go up and do some comedy tonight? [laughter] >> We're calling it as a good night. Hey, ladies and gentlemen, give it up for yourselves. >> Okay, cool. I just wanted to see if your low reaction energy was for you as well as it is for us. It's okay. No, you guys did great. It's been a Monday night. You",true
6464.0,2026-09-21 20:56:37,@z28diablo,,Chino cougar hunting,neutral,vader,,"anybody else want to go up and do some comedy tonight? [laughter] >> We're calling it as a good night. Hey, ladies and gentlemen, give it up for yourselves. >> Okay, cool. I just wanted to see if your low reaction energy was for you as well as it is for us. It's okay. No, you guys did great. It's been a Monday night. You guys are fantastic. We had 25,000 people",true
6466.0,2026-09-21 20:56:39,@DeronJohnson70,,:clapping_hands::clapping_hands::clapping_hands::clapping_hands::clapping_hands::clapping_hands::clapping_hands::clapping_hands::clapping_hands::clapping_hands::clapping_hands::clapping_hands:,neutral,vader,,"comedy tonight? [laughter] >> We're calling it as a good night. Hey, ladies and gentlemen, give it up for yourselves. >> Okay, cool. I just wanted to see if your low reaction energy was for you as well as it is for us. It's okay. No, you guys did great. It's been a Monday night. You guys are fantastic. We had 25,000 people watch this show online.",true
6468.0,2026-09-21 20:56:41,@JimboTheComic,,I do need help ,positive,vader,,"ladies and gentlemen, give it up for yourselves. >> Okay, cool. I just wanted to see if your low reaction energy was for you as well as it is for us. It's okay. No, you guys did great. It's been a Monday night. You guys are fantastic. We had 25,000 people watch this show online.",true
6470.0,2026-09-21 20:56:43,@greendayisawesome123,,He’s the best one I saw :loudly_crying_face::loudly_crying_face::loudly_crying_face::loudly_crying_face:,positive,vader,,"yourselves. >> Okay, cool. I just wanted to see if your low reaction energy was for you as well as it is for us. It's okay. No, you guys did great. It's been a Monday night. You guys are fantastic. We had 25,000 people watch this show online. Why? Right. Why? You got a question?",true
6475.0,2026-09-21 20:56:48,@henryOP8749,,Ali :eyes: :rolling_on_the_floor_laughing: ,neutral,vader,,">> Okay, cool. I just wanted to see if your low reaction energy was for you as well as it is for us. It's okay. No, you guys did great. It's been a Monday night. You guys are fantastic. We had 25,000 people watch this show online. Why? Right. Why? You got a question? >> Who wins the hot sauce? >> Oh, you're you're absolutely right. It is the time. It is the time. I mean, you",true
6475.0,2026-09-21 20:56:48,@rocjames1,,let the dust settle.,neutral,vader,,">> Okay, cool. I just wanted to see if your low reaction energy was for you as well as it is for us. It's okay. No, you guys did great. It's been a Monday night. You guys are fantastic. We had 25,000 people watch this show online. Why? Right. Why? You got a question? >> Who wins the hot sauce? >> Oh, you're you're absolutely right. It is the time. It is the time. I mean, you",true
6475.0,2026-09-21 20:56:48,@billyboing215,,I'm glad it's over cheeto,positive,vader,,">> Okay, cool. I just wanted to see if your low reaction energy was for you as well as it is for us. It's okay. No, you guys did great. It's been a Monday night. You guys are fantastic. We had 25,000 people watch this show online. Why? Right. Why? You got a question? >> Who wins the hot sauce? >> Oh, you're you're absolutely right. It is the time. It is the time. I mean, you",true
6475.0,2026-09-21 20:56:48,@Mike-Alice-D-InWonderland,,boooo,neutral,vader,,">> Okay, cool. I just wanted to see if your low reaction energy was for you as well as it is for us. It's okay. No, you guys did great. It's been a Monday night. You guys are fantastic. We had 25,000 people watch this show online. Why? Right. Why? You got a question? >> Who wins the hot sauce? >> Oh, you're you're absolutely right. It is the time. It is the time. I mean, you",true
6476.0,2026-09-21 20:56:49,@gnomecaveira1490,,Bros tryna hook up with the chairs mom is crazy,negative,vader,,"low reaction energy was for you as well as it is for us. It's okay. No, you guys did great. It's been a Monday night. You guys are fantastic. We had 25,000 people watch this show online. Why? Right. Why? You got a question? >> Who wins the hot sauce? >> Oh, you're you're absolutely right. It is the time. It is the time. I mean, you",true
6478.0,2026-09-21 20:56:51,@Donnieboy24,,"painful as always, thank yall",negative,vader,,"as it is for us. It's okay. No, you guys did great. It's been a Monday night. You guys are fantastic. We had 25,000 people watch this show online. Why? Right. Why? You got a question? >> Who wins the hot sauce? >> Oh, you're you're absolutely right. It is the time. It is the time. I mean, you guys you guys you guys are all in the",true
6481.0,2026-09-21 20:56:54,@S.D.L-m1j,,Jimbo..lol,neutral,vader,,"did great. It's been a Monday night. You guys are fantastic. We had 25,000 people watch this show online. Why? Right. Why? You got a question? >> Who wins the hot sauce? >> Oh, you're you're absolutely right. It is the time. It is the time. I mean, you guys you guys you guys are all in the runningings. Uh have you won hot sauce",true
6485.0,2026-09-21 20:56:58,@sunkissed335,,:face_with_tears_of_joy::face_with_tears_of_joy:,neutral,vader,,"guys are fantastic. We had 25,000 people watch this show online. Why? Right. Why? You got a question? >> Who wins the hot sauce? >> Oh, you're you're absolutely right. It is the time. It is the time. I mean, you guys you guys you guys are all in the runningings. Uh have you won hot sauce before you two over there? >> Cuz you've been to several shows. So,",true
6485.0,2026-09-21 20:56:58,@JimboTheComic,,My landlord wins set of the night ,positive,vader,,"guys are fantastic. We had 25,000 people watch this show online. Why? Right. Why? You got a question? >> Who wins the hot sauce? >> Oh, you're you're absolutely right. It is the time. It is the time. I mean, you guys you guys you guys are all in the runningings. Uh have you won hot sauce before you two over there? >> Cuz you've been to several shows. So,",true
6486.0,2026-09-21 20:56:59,@z28diablo,,Chino calling them out :rolling_on_the_floor_laughing:,neutral,vader,,"guys are fantastic. We had 25,000 people watch this show online. Why? Right. Why? You got a question? >> Who wins the hot sauce? >> Oh, you're you're absolutely right. It is the time. It is the time. I mean, you guys you guys you guys are all in the runningings. Uh have you won hot sauce before you two over there? >> Cuz you've been to several shows. So,",true
6486.0,2026-09-21 20:56:59,@xankomaa,,Assumed cus hes asian ,neutral,vader,,"guys are fantastic. We had 25,000 people watch this show online. Why? Right. Why? You got a question? >> Who wins the hot sauce? >> Oh, you're you're absolutely right. It is the time. It is the time. I mean, you guys you guys you guys are all in the runningings. Uh have you won hot sauce before you two over there? >> Cuz you've been to several shows. So,",true
6493.0,2026-09-21 20:57:06,@EricNelson1236,,bro had to go fap it,neutral,vader,,">> Oh, you're you're absolutely right. It is the time. It is the time. I mean, you guys you guys you guys are all in the runningings. Uh have you won hot sauce before you two over there? >> Cuz you've been to several shows. So, that that's one. I got one more bottle. Let's see. You guys both went to the show last night, too, right? Man, this",true
6493.0,2026-09-21 20:57:06,@SkunkFor20,,They banned me for co,negative,vader,,">> Oh, you're you're absolutely right. It is the time. It is the time. I mean, you guys you guys you guys are all in the runningings. Uh have you won hot sauce before you two over there? >> Cuz you've been to several shows. So, that that's one. I got one more bottle. Let's see. You guys both went to the show last night, too, right? Man, this",true
6495.0,2026-09-21 20:57:08,@hispicelife123,,Hot Sauce!! :fire::raising_hands:,neutral,vader,,">> Oh, you're you're absolutely right. It is the time. It is the time. I mean, you guys you guys you guys are all in the runningings. Uh have you won hot sauce before you two over there? >> Cuz you've been to several shows. So, that that's one. I got one more bottle. Let's see. You guys both went to the show last night, too, right? Man, this is going to be a tough one. I'm going to find out how to divvy this up. these",true
6496.0,2026-09-21 20:57:09,@DeronJohnson70,,:hot_face::hot_face::hot_face:,neutral,vader,,"is the time. It is the time. I mean, you guys you guys you guys are all in the runningings. Uh have you won hot sauce before you two over there? >> Cuz you've been to several shows. So, that that's one. I got one more bottle. Let's see. You guys both went to the show last night, too, right? Man, this is going to be a tough one. I'm going to find out how to divvy this up. these",true
6499.0,2026-09-21 20:57:12,@SkunkFor20,,They banned me for comeyd,negative,vader,,"guys you guys you guys are all in the runningings. Uh have you won hot sauce before you two over there? >> Cuz you've been to several shows. So, that that's one. I got one more bottle. Let's see. You guys both went to the show last night, too, right? Man, this is going to be a tough one. I'm going to find out how to divvy this up. these three, you guys in this triangle. We're all going to give you prizes.",true
6500.0,2026-09-21 20:57:13,@rocjames1,,this affect my ears and eyes,neutral,vader,,"guys you guys you guys are all in the runningings. Uh have you won hot sauce before you two over there? >> Cuz you've been to several shows. So, that that's one. I got one more bottle. Let's see. You guys both went to the show last night, too, right? Man, this is going to be a tough one. I'm going to find out how to divvy this up. these three, you guys in this triangle. We're all going to give you prizes. Congratulations to this triangle of",true
6500.0,2026-09-21 20:57:13,@billyboing215,,cheeto us the best,positive,vader,,"guys you guys you guys are all in the runningings. Uh have you won hot sauce before you two over there? >> Cuz you've been to several shows. So, that that's one. I got one more bottle. Let's see. You guys both went to the show last night, too, right? Man, this is going to be a tough one. I'm going to find out how to divvy this up. these three, you guys in this triangle. We're all going to give you prizes. Congratulations to this triangle of",true
6502.0,2026-09-21 20:57:15,@radiostarkilla21,,Lol jimbo,positive,vader,,"runningings. Uh have you won hot sauce before you two over there? >> Cuz you've been to several shows. So, that that's one. I got one more bottle. Let's see. You guys both went to the show last night, too, right? Man, this is going to be a tough one. I'm going to find out how to divvy this up. these three, you guys in this triangle. We're all going to give you prizes. Congratulations to this triangle of people, the Bermuda Triangle of Human",true
6504.0,2026-09-21 20:57:17,@goodviibes8573,,Burn it down ,neutral,vader,,"before you two over there? >> Cuz you've been to several shows. So, that that's one. I got one more bottle. Let's see. You guys both went to the show last night, too, right? Man, this is going to be a tough one. I'm going to find out how to divvy this up. these three, you guys in this triangle. We're all going to give you prizes. Congratulations to this triangle of people, the Bermuda Triangle of Human Beings. Uh, thank you so much for",true
6505.0,2026-09-21 20:57:18,@SkunkFor20,,They time me out for comeyd,neutral,vader,,">> Cuz you've been to several shows. So, that that's one. I got one more bottle. Let's see. You guys both went to the show last night, too, right? Man, this is going to be a tough one. I'm going to find out how to divvy this up. these three, you guys in this triangle. We're all going to give you prizes. Congratulations to this triangle of people, the Bermuda Triangle of Human Beings. Uh, thank you so much for",true
6507.0,2026-09-21 20:57:20,@z28diablo,,NO HOT SAUCE FOR YOU!!!,negative,vader,,">> Cuz you've been to several shows. So, that that's one. I got one more bottle. Let's see. You guys both went to the show last night, too, right? Man, this is going to be a tough one. I'm going to find out how to divvy this up. these three, you guys in this triangle. We're all going to give you prizes. Congratulations to this triangle of people, the Bermuda Triangle of Human Beings. Uh, thank you so much for joining us tonight. Um, I hope you had a",true
6508.0,2026-09-21 20:57:21,@SkunkFor20,,BOOOOOOOO,neutral,vader,,"that that's one. I got one more bottle. Let's see. You guys both went to the show last night, too, right? Man, this is going to be a tough one. I'm going to find out how to divvy this up. these three, you guys in this triangle. We're all going to give you prizes. Congratulations to this triangle of people, the Bermuda Triangle of Human Beings. Uh, thank you so much for joining us tonight. Um, I hope you had a good time. If you did, please tell your",true
6510.0,2026-09-21 20:57:23,@moneymagic6119,,HI SPICE :fire:,negative,vader,,"Let's see. You guys both went to the show last night, too, right? Man, this is going to be a tough one. I'm going to find out how to divvy this up. these three, you guys in this triangle. We're all going to give you prizes. Congratulations to this triangle of people, the Bermuda Triangle of Human Beings. Uh, thank you so much for joining us tonight. Um, I hope you had a good time. If you did, please tell your friends. And if you didn't, shut your",true
6511.0,2026-09-21 20:57:24,@JimboTheComic,,Skunk we don’t ban ,positive,vader,,"Let's see. You guys both went to the show last night, too, right? Man, this is going to be a tough one. I'm going to find out how to divvy this up. these three, you guys in this triangle. We're all going to give you prizes. Congratulations to this triangle of people, the Bermuda Triangle of Human Beings. Uh, thank you so much for joining us tonight. Um, I hope you had a good time. If you did, please tell your friends. And if you didn't, shut your [ __ ] mouth. We don't need rumors. It",true
6511.0,2026-09-21 20:57:24,@SkunkFor20,,:tomato:,neutral,vader,,"Let's see. You guys both went to the show last night, too, right? Man, this is going to be a tough one. I'm going to find out how to divvy this up. these three, you guys in this triangle. We're all going to give you prizes. Congratulations to this triangle of people, the Bermuda Triangle of Human Beings. Uh, thank you so much for joining us tonight. Um, I hope you had a good time. If you did, please tell your friends. And if you didn't, shut your [ __ ] mouth. We don't need rumors. It",true
6512.0,2026-09-21 20:57:25,@ineverlutes,,cheeto lmaoo,neutral,vader,,"show last night, too, right? Man, this is going to be a tough one. I'm going to find out how to divvy this up. these three, you guys in this triangle. We're all going to give you prizes. Congratulations to this triangle of people, the Bermuda Triangle of Human Beings. Uh, thank you so much for joining us tonight. Um, I hope you had a good time. If you did, please tell your friends. And if you didn't, shut your [ __ ] mouth. We don't need rumors. It",true
6517.0,2026-09-21 20:57:30,@goodviibes8573,,Nooooooooooooooooo,neutral,vader,,"three, you guys in this triangle. We're all going to give you prizes. Congratulations to this triangle of people, the Bermuda Triangle of Human Beings. Uh, thank you so much for joining us tonight. Um, I hope you had a good time. If you did, please tell your friends. And if you didn't, shut your [ __ ] mouth. We don't need rumors. It is a small island. It gets around fast. Uh, this happens every Monday night. What should we do for next week's theme?",true
6519.0,2026-09-21 20:57:32,@williamjohnson1302,,"I can never get this hour back, thanks",positive,vader,,"Congratulations to this triangle of people, the Bermuda Triangle of Human Beings. Uh, thank you so much for joining us tonight. Um, I hope you had a good time. If you did, please tell your friends. And if you didn't, shut your [ __ ] mouth. We don't need rumors. It is a small island. It gets around fast. Uh, this happens every Monday night. What should we do for next week's theme? Any suggestions?",true
6519.0,2026-09-21 20:57:32,@gnomecaveira1490,,But none of them get hot sauce,neutral,vader,,"Congratulations to this triangle of people, the Bermuda Triangle of Human Beings. Uh, thank you so much for joining us tonight. Um, I hope you had a good time. If you did, please tell your friends. And if you didn't, shut your [ __ ] mouth. We don't need rumors. It is a small island. It gets around fast. Uh, this happens every Monday night. What should we do for next week's theme? Any suggestions?",true
6520.0,2026-09-21 20:57:33,@Mike-Alice-D-InWonderland,,trump would run rings around these comedians,positive,vader,,"Congratulations to this triangle of people, the Bermuda Triangle of Human Beings. Uh, thank you so much for joining us tonight. Um, I hope you had a good time. If you did, please tell your friends. And if you didn't, shut your [ __ ] mouth. We don't need rumors. It is a small island. It gets around fast. Uh, this happens every Monday night. What should we do for next week's theme? Any suggestions?",true
6521.0,2026-09-21 20:57:34,@SkunkFor20,,You timed menout for fire joke,negative,vader,,"Congratulations to this triangle of people, the Bermuda Triangle of Human Beings. Uh, thank you so much for joining us tonight. Um, I hope you had a good time. If you did, please tell your friends. And if you didn't, shut your [ __ ] mouth. We don't need rumors. It is a small island. It gets around fast. Uh, this happens every Monday night. What should we do for next week's theme? Any suggestions?",true
6528.0,2026-09-21 20:57:41,@SkunkFor20,,THROW HIM INTO THE VOLCANO,neutral,vader,,"good time. If you did, please tell your friends. And if you didn't, shut your [ __ ] mouth. We don't need rumors. It is a small island. It gets around fast. Uh, this happens every Monday night. What should we do for next week's theme? Any suggestions? >> Anybody want a theme? Should we just uh >> [ __ ] neighbor? Should we just try hard next week? Is next week theme? Try",true
6531.0,2026-09-21 20:57:44,@goodviibes8573,,Fuck the sauce ,negative,vader,,"friends. And if you didn't, shut your [ __ ] mouth. We don't need rumors. It is a small island. It gets around fast. Uh, this happens every Monday night. What should we do for next week's theme? Any suggestions? >> Anybody want a theme? Should we just uh >> [ __ ] neighbor? Should we just try hard next week? Is next week theme? Try really hard. >> All right, we're going to do best",true
6540.0,2026-09-21 20:57:53,@alisonwayland6057,,jokes should be the theme,positive,vader,,"Any suggestions? >> Anybody want a theme? Should we just uh >> [ __ ] neighbor? Should we just try hard next week? Is next week theme? Try really hard. >> All right, we're going to do best material next week. So, everybody type five is your best material. What was that? >> Funny. >> Funny. [laughter] Funny. Yeah. If only it were that easy, you know.",true
6542.0,2026-09-21 20:57:55,@williamjohnson1302,,tell jokes,positive,vader,,">> Anybody want a theme? Should we just uh >> [ __ ] neighbor? Should we just try hard next week? Is next week theme? Try really hard. >> All right, we're going to do best material next week. So, everybody type five is your best material. What was that? >> Funny. >> Funny. [laughter] Funny. Yeah. If only it were that easy, you know. >> US citizens traveling.",true
6542.0,2026-09-21 20:57:55,@S.D.L-m1j,,lol,positive,vader,,">> Anybody want a theme? Should we just uh >> [ __ ] neighbor? Should we just try hard next week? Is next week theme? Try really hard. >> All right, we're going to do best material next week. So, everybody type five is your best material. What was that? >> Funny. >> Funny. [laughter] Funny. Yeah. If only it were that easy, you know. >> US citizens traveling.",true
6545.0,2026-09-21 20:57:58,@z28diablo,,COMEDIANS FACE THE CHAT AFTER THEIR SET,positive,vader,,">> [ __ ] neighbor? Should we just try hard next week? Is next week theme? Try really hard. >> All right, we're going to do best material next week. So, everybody type five is your best material. What was that? >> Funny. >> Funny. [laughter] Funny. Yeah. If only it were that easy, you know. >> US citizens traveling. >> US citizens traveling. Oh, no. That that",true
6545.0,2026-09-21 20:57:58,@billyboing215,,if you know any Japanese thank them for pearl harbour,positive,vader,,">> [ __ ] neighbor? Should we just try hard next week? Is next week theme? Try really hard. >> All right, we're going to do best material next week. So, everybody type five is your best material. What was that? >> Funny. >> Funny. [laughter] Funny. Yeah. If only it were that easy, you know. >> US citizens traveling. >> US citizens traveling. Oh, no. That that",true
6548.0,2026-09-21 20:58:01,@JimboTheComic,,I’ll be gone next week chat,neutral,vader,,"really hard. >> All right, we're going to do best material next week. So, everybody type five is your best material. What was that? >> Funny. >> Funny. [laughter] Funny. Yeah. If only it were that easy, you know. >> US citizens traveling. >> US citizens traveling. Oh, no. That that used to be funnier. Now it is uh it is",true
6549.0,2026-09-21 20:58:02,@radiostarkilla21,,Ooh best material ,positive,vader,,"really hard. >> All right, we're going to do best material next week. So, everybody type five is your best material. What was that? >> Funny. >> Funny. [laughter] Funny. Yeah. If only it were that easy, you know. >> US citizens traveling. >> US citizens traveling. Oh, no. That that used to be funnier. Now it is uh it is visible. Now, we'll do we'll do a tight",true
6551.0,2026-09-21 20:58:04,@jackcarr3361,,Theme for next week: jokes ,positive,vader,,"material next week. So, everybody type five is your best material. What was that? >> Funny. >> Funny. [laughter] Funny. Yeah. If only it were that easy, you know. >> US citizens traveling. >> US citizens traveling. Oh, no. That that used to be funnier. Now it is uh it is visible. Now, we'll do we'll do a tight material. So, everybody bring your tight",true
6554.0,2026-09-21 20:58:07,@xankomaa,,roasted by the crowd,neutral,vader,,"that? >> Funny. >> Funny. [laughter] Funny. Yeah. If only it were that easy, you know. >> US citizens traveling. >> US citizens traveling. Oh, no. That that used to be funnier. Now it is uh it is visible. Now, we'll do we'll do a tight material. So, everybody bring your tight material. Um, I'm going to talk to the chat room in a second. Oh, Jimbo is",true
6554.0,2026-09-21 20:58:07,@goodviibes8573,,Pour the sauce in every comics eyes :eyes: ,neutral,vader,,"that? >> Funny. >> Funny. [laughter] Funny. Yeah. If only it were that easy, you know. >> US citizens traveling. >> US citizens traveling. Oh, no. That that used to be funnier. Now it is uh it is visible. Now, we'll do we'll do a tight material. So, everybody bring your tight material. Um, I'm going to talk to the chat room in a second. Oh, Jimbo is",true
6556.0,2026-09-21 20:58:09,@billyboing215,,at least they tried,neutral,vader,,">> Funny. >> Funny. [laughter] Funny. Yeah. If only it were that easy, you know. >> US citizens traveling. >> US citizens traveling. Oh, no. That that used to be funnier. Now it is uh it is visible. Now, we'll do we'll do a tight material. So, everybody bring your tight material. Um, I'm going to talk to the chat room in a second. Oh, Jimbo is",true
6557.0,2026-09-21 20:58:10,@ineverlutes,,jimbo noooo,neutral,vader,,">> Funny. >> Funny. [laughter] Funny. Yeah. If only it were that easy, you know. >> US citizens traveling. >> US citizens traveling. Oh, no. That that used to be funnier. Now it is uh it is visible. Now, we'll do we'll do a tight material. So, everybody bring your tight material. Um, I'm going to talk to the chat room in a second. Oh, Jimbo is about to tell me who won the hot sauce",true
6558.0,2026-09-21 20:58:11,@henryOP8749,,I seen like one person get timed in like two months,positive,vader,,">> Funny. [laughter] Funny. Yeah. If only it were that easy, you know. >> US citizens traveling. >> US citizens traveling. Oh, no. That that used to be funnier. Now it is uh it is visible. Now, we'll do we'll do a tight material. So, everybody bring your tight material. Um, I'm going to talk to the chat room in a second. Oh, Jimbo is about to tell me who won the hot sauce online. So, stick around online. We'll",true
6561.0,2026-09-21 20:58:14,@S.D.L-m1j,,there should be jokes next week:face-green-smiling:,positive,vader,,">> US citizens traveling. >> US citizens traveling. Oh, no. That that used to be funnier. Now it is uh it is visible. Now, we'll do we'll do a tight material. So, everybody bring your tight material. Um, I'm going to talk to the chat room in a second. Oh, Jimbo is about to tell me who won the hot sauce online. So, stick around online. We'll tell you who won hot sauce and we'll figure out how to get that to you. Once",true
6561.0,2026-09-21 20:58:14,@z28diablo,,MUST SPEND YOUR SET TIME IN CHAT,neutral,vader,,">> US citizens traveling. >> US citizens traveling. Oh, no. That that used to be funnier. Now it is uh it is visible. Now, we'll do we'll do a tight material. So, everybody bring your tight material. Um, I'm going to talk to the chat room in a second. Oh, Jimbo is about to tell me who won the hot sauce online. So, stick around online. We'll tell you who won hot sauce and we'll figure out how to get that to you. Once",true
6564.0,2026-09-21 20:58:17,@McMisfit,,pretend to be comedians,positive,vader,,">> US citizens traveling. Oh, no. That that used to be funnier. Now it is uh it is visible. Now, we'll do we'll do a tight material. So, everybody bring your tight material. Um, I'm going to talk to the chat room in a second. Oh, Jimbo is about to tell me who won the hot sauce online. So, stick around online. We'll tell you who won hot sauce and we'll figure out how to get that to you. Once again, if you want to buy some hot sauce",true
6566.0,2026-09-21 20:58:19,@JimboTheComic,,We about to announce comment of the night mfs ,neutral,vader,,"used to be funnier. Now it is uh it is visible. Now, we'll do we'll do a tight material. So, everybody bring your tight material. Um, I'm going to talk to the chat room in a second. Oh, Jimbo is about to tell me who won the hot sauce online. So, stick around online. We'll tell you who won hot sauce and we'll figure out how to get that to you. Once again, if you want to buy some hot sauce online, check out the website",true
6566.0,2026-09-21 20:58:19,@SkunkFor20,,I am da big kahuna,neutral,vader,,"used to be funnier. Now it is uh it is visible. Now, we'll do we'll do a tight material. So, everybody bring your tight material. Um, I'm going to talk to the chat room in a second. Oh, Jimbo is about to tell me who won the hot sauce online. So, stick around online. We'll tell you who won hot sauce and we'll figure out how to get that to you. Once again, if you want to buy some hot sauce online, check out the website",true
6567.0,2026-09-21 20:58:20,@yahushuahamashiachsalvagedall,,"Some have really missed the boat—& entire ocean, the harbor, & possibly the water concept, currently floating in a self-constructed sensory deprivation tank constructed from wishful thinking.",negative,vader,,"used to be funnier. Now it is uh it is visible. Now, we'll do we'll do a tight material. So, everybody bring your tight material. Um, I'm going to talk to the chat room in a second. Oh, Jimbo is about to tell me who won the hot sauce online. So, stick around online. We'll tell you who won hot sauce and we'll figure out how to get that to you. Once again, if you want to buy some hot sauce online, check out the website highspice.com.",true
6574.0,2026-09-21 20:58:27,@SkunkFor20,,I am solomon,neutral,vader,,"material. Um, I'm going to talk to the chat room in a second. Oh, Jimbo is about to tell me who won the hot sauce online. So, stick around online. We'll tell you who won hot sauce and we'll figure out how to get that to you. Once again, if you want to buy some hot sauce online, check out the website highspice.com. Use the coms sim 10 promo code to get 10% off your order. Um, just like our first order that came in a couple weeks",true
6578.0,2026-09-21 20:58:31,@GregDouchette,,Next week’s theme: funny ,positive,vader,,"online. So, stick around online. We'll tell you who won hot sauce and we'll figure out how to get that to you. Once again, if you want to buy some hot sauce online, check out the website highspice.com. Use the coms sim 10 promo code to get 10% off your order. Um, just like our first order that came in a couple weeks ago. God, I was trying to remember her name. It was such a weird one. It was",true
6580.0,2026-09-21 20:58:33,@SkunkFor20,,NSB,neutral,vader,,"tell you who won hot sauce and we'll figure out how to get that to you. Once again, if you want to buy some hot sauce online, check out the website highspice.com. Use the coms sim 10 promo code to get 10% off your order. Um, just like our first order that came in a couple weeks ago. God, I was trying to remember her name. It was such a weird one. It was cool. She's from New Mexico. I don't",true
6581.0,2026-09-21 20:58:34,@goodviibes8573,,Yeah funny works ,positive,vader,,"figure out how to get that to you. Once again, if you want to buy some hot sauce online, check out the website highspice.com. Use the coms sim 10 promo code to get 10% off your order. Um, just like our first order that came in a couple weeks ago. God, I was trying to remember her name. It was such a weird one. It was cool. She's from New Mexico. I don't remember. Starts with a gal. Dude,",true
6595.0,2026-09-21 20:58:48,@williamjohnson1302,,if I win. ima splat it in my ears so I dont have to hear them again,positive,vader,,"first order that came in a couple weeks ago. God, I was trying to remember her name. It was such a weird one. It was cool. She's from New Mexico. I don't remember. Starts with a gal. Dude, appreciate you. Thank you so much. Um, I'll remember your name next week and then I'll tell everybody your name and people are going to bother you. No. Uh, thank you so much for joining us. We'll see you next week. Love you. Bye. See you. [cheering]",true
6596.0,2026-09-21 20:58:49,@gnomecaveira1490,,High spice woulda probably been better,positive,vader,,"ago. God, I was trying to remember her name. It was such a weird one. It was cool. She's from New Mexico. I don't remember. Starts with a gal. Dude, appreciate you. Thank you so much. Um, I'll remember your name next week and then I'll tell everybody your name and people are going to bother you. No. Uh, thank you so much for joining us. We'll see you next week. Love you. Bye. See you. [cheering]",true
6608.0,2026-09-21 20:59:01,@S.D.L-m1j,,Bye,neutral,vader,,"thank you so much for joining us. We'll see you next week. Love you. Bye. See you. [cheering] >> End simulation. >> No, I'm laugh. It wasn't funny. It was too personal.",true
6608.0,2026-09-21 20:59:01,@DeronJohnson70,,:clapping_hands::clapping_hands::clapping_hands::clapping_hands:,neutral,vader,,"thank you so much for joining us. We'll see you next week. Love you. Bye. See you. [cheering] >> End simulation. >> No, I'm laugh. It wasn't funny. It was too personal.",true
6611.0,2026-09-21 20:59:04,@goodviibes8573,,I’ll give you some sauce ,neutral,vader,,"see you next week. Love you. Bye. See you. [cheering] >> End simulation. >> No, I'm laugh. It wasn't funny. It was too personal.",true
6612.0,2026-09-21 20:59:05,@billyboing215,,well done chair,positive,vader,,"see you next week. Love you. Bye. See you. [cheering] >> End simulation. >> No, I'm laugh. It wasn't funny. It was too personal.",true
6616.0,2026-09-21 20:59:09,@henryOP8749,,My hot sauce so nice thanks:face_with_rolling_eyes: ,positive,vader,,">> End simulation. >> No, I'm laugh. It wasn't funny. It was too personal. >> That's a joke. And I switched the person every",true
6616.0,2026-09-21 20:59:09,@S.D.L-m1j,,Goodnight chat,neutral,vader,,">> End simulation. >> No, I'm laugh. It wasn't funny. It was too personal. >> That's a joke. And I switched the person every",true
6617.0,2026-09-21 20:59:10,@radiostarkilla21,,:sign_of_the_horns:,neutral,vader,,">> End simulation. >> No, I'm laugh. It wasn't funny. It was too personal. >> That's a joke. And I switched the person every",true
6619.0,2026-09-21 20:59:12,@xankomaa,,How professional ,neutral,vader,,">> No, I'm laugh. It wasn't funny. It was too personal. >> That's a joke. And I switched the person every",true
6622.0,2026-09-21 20:59:15,@Donnieboy24,,chair :red_heart:,neutral,vader,,">> No, I'm laugh. It wasn't funny. It was too personal. >> That's a joke. And I switched the person every >> Well, I'm just telling you how I take it",true
6623.0,2026-09-21 20:59:16,@DeronJohnson70,,:victory_hand: ,neutral,vader,,">> No, I'm laugh. It wasn't funny. It was too personal. >> That's a joke. And I switched the person every >> Well, I'm just telling you how I take it",true
6624.0,2026-09-21 20:59:17,@ineverlutes,,well gang ,positive,vader,,">> No, I'm laugh. It wasn't funny. It was too personal. >> That's a joke. And I switched the person every >> Well, I'm just telling you how I take it or",true
6631.0,2026-09-21 20:59:24,@SkunkFor20,,Come see me at snack shack,neutral,vader,,">> That's a joke. And I switched the person every >> Well, I'm just telling you how I take it or what you're going to say.",true
6632.0,2026-09-21 20:59:25,@Mike-Alice-D-InWonderland,,someone said they didn't like it lol,negative,vader,,">> That's a joke. And I switched the person every >> Well, I'm just telling you how I take it or what you're going to say.",true
6633.0,2026-09-21 20:59:26,@henryOP8749,,Chair :red_heart: ,neutral,vader,,">> That's a joke. And I switched the person every >> Well, I'm just telling you how I take it or what you're going to say.",true
6635.0,2026-09-21 20:59:28,@StormDodunski-k8l,,go off!?,neutral,vader,,">> Well, I'm just telling you how I take it or what you're going to say. I know.",true
6638.0,2026-09-21 20:59:31,@SkunkFor20,,For timing me out,neutral,vader,,">> Well, I'm just telling you how I take it or what you're going to say. I know.",true
6640.0,2026-09-21 20:59:33,@goodviibes8573,,Chair wins sauce ,positive,vader,,">> Well, I'm just telling you how I take it or what you're going to say. I know. Good. Good.",true
6642.0,2026-09-21 20:59:35,@Donnieboy24,,"chair was upstanding, and outstanding",positive,vader,,">> Well, I'm just telling you how I take it or what you're going to say. I know. Good. Good.",true
6644.0,2026-09-21 20:59:37,@williamjohnson1302,,Jamie bout to crush someone's head like a watermelon,positive,vader,,">> Well, I'm just telling you how I take it or what you're going to say. I know. Good. Good.",true
6646.0,2026-09-21 20:59:39,@z28diablo,,Stick around for Chino's hard hitting interview with Chair,negative,vader,,what you're going to say. I know. Good. Good. >> Way to ruin the vibe all,true
6648.0,2026-09-21 20:59:41,@radiostarkilla21,,What were tonight’s highlights?,neutral,vader,,what you're going to say. I know. Good. Good. >> Way to ruin the vibe all,true
6650.0,2026-09-21 20:59:43,@Hackofalltrades-mh5fq,,oh o joke drama,positive,vader,,what you're going to say. I know. Good. Good. >> Way to ruin the vibe all >> vibe killer. >> I just can recognize it.,true
6653.0,2026-09-21 20:59:46,@SkunkFor20,,Why is rabbi schmuley seed evrrywhere,neutral,vader,,"I know. Good. Good. >> Way to ruin the vibe all >> vibe killer. >> I just can recognize it. >> Yeah, the vibe",true
6653.0,2026-09-21 20:59:46,@DeronJohnson70,,:troll::troll::troll:,neutral,vader,,"I know. Good. Good. >> Way to ruin the vibe all >> vibe killer. >> I just can recognize it. >> Yeah, the vibe",true
6660.0,2026-09-21 20:59:53,@moneymagic6119,,chair wins sauce,positive,vader,,"Good. Good. >> Way to ruin the vibe all >> vibe killer. >> I just can recognize it. >> Yeah, the vibe of you always ruining it. Yeah, I recognize it. >> Me the only nice one to you. You bite",true
6662.0,2026-09-21 20:59:55,@henryOP8749,,Diablo :rolling_on_the_floor_laughing: ahhh push it,neutral,vader,,">> Way to ruin the vibe all >> vibe killer. >> I just can recognize it. >> Yeah, the vibe of you always ruining it. Yeah, I recognize it. >> Me the only nice one to you. You bite the hand. That's nice. just nice to me",true
6663.0,2026-09-21 20:59:56,@goodviibes8573,,There was none ,neutral,vader,,">> Way to ruin the vibe all >> vibe killer. >> I just can recognize it. >> Yeah, the vibe of you always ruining it. Yeah, I recognize it. >> Me the only nice one to you. You bite the hand. That's nice. just nice to me and you're the only person that pays",true
6667.0,2026-09-21 21:00:00,@S.D.L-m1j,,The chair was a stand up.comic..lol,neutral,vader,,">> vibe killer. >> I just can recognize it. >> Yeah, the vibe of you always ruining it. Yeah, I recognize it. >> Me the only nice one to you. You bite the hand. That's nice. just nice to me and you're the only person that pays attention to me. Dude, are you that [ __ ] ego?",true
6667.0,2026-09-21 21:00:00,@gnomecaveira1490,,lol Mike they getting all butt hurt about it too they can’t take any feedback,negative,vader,,">> vibe killer. >> I just can recognize it. >> Yeah, the vibe of you always ruining it. Yeah, I recognize it. >> Me the only nice one to you. You bite the hand. That's nice. just nice to me and you're the only person that pays attention to me. Dude, are you that [ __ ] ego?",true
6675.0,2026-09-21 21:00:08,@williamjohnson1302,,drama!!!,neutral,vader,,"of you always ruining it. Yeah, I recognize it. >> Me the only nice one to you. You bite the hand. That's nice. just nice to me and you're the only person that pays attention to me. Dude, are you that [ __ ] ego? >> Dude, don't [ __ ] talk to me. Keep my name out your [ __ ] mouth. >> I will ask you for advice in Instagram again. Why don't you have the chat? Let",true
6676.0,2026-09-21 21:00:09,@SkunkFor20,,Sdl lol,positive,vader,,"of you always ruining it. Yeah, I recognize it. >> Me the only nice one to you. You bite the hand. That's nice. just nice to me and you're the only person that pays attention to me. Dude, are you that [ __ ] ego? >> Dude, don't [ __ ] talk to me. Keep my name out your [ __ ] mouth. >> I will ask you for advice in Instagram again. Why don't you have the chat? Let me show the Instagram DM.",true
6676.0,2026-09-21 21:00:09,@hispicelife123,,What was the single best joke of the night?,positive,vader,,"of you always ruining it. Yeah, I recognize it. >> Me the only nice one to you. You bite the hand. That's nice. just nice to me and you're the only person that pays attention to me. Dude, are you that [ __ ] ego? >> Dude, don't [ __ ] talk to me. Keep my name out your [ __ ] mouth. >> I will ask you for advice in Instagram again. Why don't you have the chat? Let me show the Instagram DM.",true
6679.0,2026-09-21 21:00:12,@z28diablo,,Chair is part owner of Hi-Spice,neutral,vader,,">> Me the only nice one to you. You bite the hand. That's nice. just nice to me and you're the only person that pays attention to me. Dude, are you that [ __ ] ego? >> Dude, don't [ __ ] talk to me. Keep my name out your [ __ ] mouth. >> I will ask you for advice in Instagram again. Why don't you have the chat? Let me show the Instagram DM. >> Here, let's go. Let's watch the",true
6685.0,2026-09-21 21:00:18,@williamjohnson1302,,fight fight!!,negative,vader,,"attention to me. Dude, are you that [ __ ] ego? >> Dude, don't [ __ ] talk to me. Keep my name out your [ __ ] mouth. >> I will ask you for advice in Instagram again. Why don't you have the chat? Let me show the Instagram DM. >> Here, let's go. Let's watch the Instagram. >> I'll pull it up for the chat. >> Uh, Jimbo, can you give me advice?",true
6686.0,2026-09-21 21:00:19,@SkunkFor20,,Will amith,neutral,vader,,"attention to me. Dude, are you that [ __ ] ego? >> Dude, don't [ __ ] talk to me. Keep my name out your [ __ ] mouth. >> I will ask you for advice in Instagram again. Why don't you have the chat? Let me show the Instagram DM. >> Here, let's go. Let's watch the Instagram. >> I'll pull it up for the chat. >> Uh, Jimbo, can you give me advice? >> I asked if he had advice for myself.",true
6687.0,2026-09-21 21:00:20,@ineverlutes,,yesss,neutral,vader,,"[ __ ] ego? >> Dude, don't [ __ ] talk to me. Keep my name out your [ __ ] mouth. >> I will ask you for advice in Instagram again. Why don't you have the chat? Let me show the Instagram DM. >> Here, let's go. Let's watch the Instagram. >> I'll pull it up for the chat. >> Uh, Jimbo, can you give me advice? >> I asked if he had advice for myself.",true
6688.0,2026-09-21 21:00:21,@Gloobus.q,,Mr e bought to whoop jimbo ,neutral,vader,,"[ __ ] ego? >> Dude, don't [ __ ] talk to me. Keep my name out your [ __ ] mouth. >> I will ask you for advice in Instagram again. Why don't you have the chat? Let me show the Instagram DM. >> Here, let's go. Let's watch the Instagram. >> I'll pull it up for the chat. >> Uh, Jimbo, can you give me advice? >> I asked if he had advice for myself. >> Yeah.",true
6691.0,2026-09-21 21:00:24,@S.D.L-m1j,,Hey Skunk,neutral,vader,,"name out your [ __ ] mouth. >> I will ask you for advice in Instagram again. Why don't you have the chat? Let me show the Instagram DM. >> Here, let's go. Let's watch the Instagram. >> I'll pull it up for the chat. >> Uh, Jimbo, can you give me advice? >> I asked if he had advice for myself. >> Yeah. >> Dad, that was a compliment. I'm trying to be nice.",true
6691.0,2026-09-21 21:00:24,@McMisfit,,oohhh someones triggered,neutral,vader,,"name out your [ __ ] mouth. >> I will ask you for advice in Instagram again. Why don't you have the chat? Let me show the Instagram DM. >> Here, let's go. Let's watch the Instagram. >> I'll pull it up for the chat. >> Uh, Jimbo, can you give me advice? >> I asked if he had advice for myself. >> Yeah. >> Dad, that was a compliment. I'm trying to be nice.",true
6693.0,2026-09-21 21:00:26,@HanzSygnal,,drama lol,positive,vader,,">> I will ask you for advice in Instagram again. Why don't you have the chat? Let me show the Instagram DM. >> Here, let's go. Let's watch the Instagram. >> I'll pull it up for the chat. >> Uh, Jimbo, can you give me advice? >> I asked if he had advice for myself. >> Yeah. >> Dad, that was a compliment. I'm trying to be nice. >> Yeah. Okay. >> Don't worry. You don't have to see that",true
6694.0,2026-09-21 21:00:27,@SkunkFor20,,Keep my wife nake out your mouth,neutral,vader,,"again. Why don't you have the chat? Let me show the Instagram DM. >> Here, let's go. Let's watch the Instagram. >> I'll pull it up for the chat. >> Uh, Jimbo, can you give me advice? >> I asked if he had advice for myself. >> Yeah. >> Dad, that was a compliment. I'm trying to be nice. >> Yeah. Okay. >> Don't worry. You don't have to see that again. You get the real me now.",true
6695.0,2026-09-21 21:00:28,@moneymagic6119,,KICK HIS BUTT,neutral,vader,,"again. Why don't you have the chat? Let me show the Instagram DM. >> Here, let's go. Let's watch the Instagram. >> I'll pull it up for the chat. >> Uh, Jimbo, can you give me advice? >> I asked if he had advice for myself. >> Yeah. >> Dad, that was a compliment. I'm trying to be nice. >> Yeah. Okay. >> Don't worry. You don't have to see that again. You get the real me now.",true
6695.0,2026-09-21 21:00:28,@Slice2112,,Fight fight fight! ,negative,vader,,"again. Why don't you have the chat? Let me show the Instagram DM. >> Here, let's go. Let's watch the Instagram. >> I'll pull it up for the chat. >> Uh, Jimbo, can you give me advice? >> I asked if he had advice for myself. >> Yeah. >> Dad, that was a compliment. I'm trying to be nice. >> Yeah. Okay. >> Don't worry. You don't have to see that again. You get the real me now.",true
6696.0,2026-09-21 21:00:29,@goodviibes8573,,Hahahahahah,neutral,vader,,"again. Why don't you have the chat? Let me show the Instagram DM. >> Here, let's go. Let's watch the Instagram. >> I'll pull it up for the chat. >> Uh, Jimbo, can you give me advice? >> I asked if he had advice for myself. >> Yeah. >> Dad, that was a compliment. I'm trying to be nice. >> Yeah. Okay. >> Don't worry. You don't have to see that again. You get the real me now. >> Thank God, bro.",true
6701.0,2026-09-21 21:00:34,@ineverlutes,,jimbo we are ready to brawl for you ,positive,vader,,">> I'll pull it up for the chat. >> Uh, Jimbo, can you give me advice? >> I asked if he had advice for myself. >> Yeah. >> Dad, that was a compliment. I'm trying to be nice. >> Yeah. Okay. >> Don't worry. You don't have to see that again. You get the real me now. >> Thank God, bro. >> The real you. >> You'll see the real me. Look at this guy. Can't take a joke. It's unreal.",true
6703.0,2026-09-21 21:00:36,@goodviibes8573,,Hahahahahahahah ,neutral,vader,,">> I'll pull it up for the chat. >> Uh, Jimbo, can you give me advice? >> I asked if he had advice for myself. >> Yeah. >> Dad, that was a compliment. I'm trying to be nice. >> Yeah. Okay. >> Don't worry. You don't have to see that again. You get the real me now. >> Thank God, bro. >> The real you. >> You'll see the real me. Look at this guy. Can't take a joke. It's unreal. >> Neither can you,",true
6704.0,2026-09-21 21:00:37,@radiostarkilla21,,So another Monday night lol,positive,vader,,">> Uh, Jimbo, can you give me advice? >> I asked if he had advice for myself. >> Yeah. >> Dad, that was a compliment. I'm trying to be nice. >> Yeah. Okay. >> Don't worry. You don't have to see that again. You get the real me now. >> Thank God, bro. >> The real you. >> You'll see the real me. Look at this guy. Can't take a joke. It's unreal. >> Neither can you,",true
6705.0,2026-09-21 21:00:38,@henryOP8749,,Cry baby waaaah keep my name out yo mouth :rolling_on_the_floor_laughing: ,negative,vader,,">> Uh, Jimbo, can you give me advice? >> I asked if he had advice for myself. >> Yeah. >> Dad, that was a compliment. I'm trying to be nice. >> Yeah. Okay. >> Don't worry. You don't have to see that again. You get the real me now. >> Thank God, bro. >> The real you. >> You'll see the real me. Look at this guy. Can't take a joke. It's unreal. >> Neither can you, >> bro. Not at all.",true
6706.0,2026-09-21 21:00:39,@gnomecaveira1490,,ALRIGHT let’s see the DMs,positive,vader,,">> I asked if he had advice for myself. >> Yeah. >> Dad, that was a compliment. I'm trying to be nice. >> Yeah. Okay. >> Don't worry. You don't have to see that again. You get the real me now. >> Thank God, bro. >> The real you. >> You'll see the real me. Look at this guy. Can't take a joke. It's unreal. >> Neither can you, >> bro. Not at all. >> I just gave one drag. You want to come",true
6707.0,2026-09-21 21:00:40,@S.D.L-m1j,,Is there fighting back there:face-turquoise-covering-eyes:,negative,vader,,">> Yeah. >> Dad, that was a compliment. I'm trying to be nice. >> Yeah. Okay. >> Don't worry. You don't have to see that again. You get the real me now. >> Thank God, bro. >> The real you. >> You'll see the real me. Look at this guy. Can't take a joke. It's unreal. >> Neither can you, >> bro. Not at all. >> I just gave one drag. You want to come",true
6707.0,2026-09-21 21:00:40,@z28diablo,,Jimbo checking Mister E,neutral,vader,,">> Yeah. >> Dad, that was a compliment. I'm trying to be nice. >> Yeah. Okay. >> Don't worry. You don't have to see that again. You get the real me now. >> Thank God, bro. >> The real you. >> You'll see the real me. Look at this guy. Can't take a joke. It's unreal. >> Neither can you, >> bro. Not at all. >> I just gave one drag. You want to come",true
6709.0,2026-09-21 21:00:42,@JimboTheComic,,Lmao this clown ,positive,vader,,">> Dad, that was a compliment. I'm trying to be nice. >> Yeah. Okay. >> Don't worry. You don't have to see that again. You get the real me now. >> Thank God, bro. >> The real you. >> You'll see the real me. Look at this guy. Can't take a joke. It's unreal. >> Neither can you, >> bro. Not at all. >> I just gave one drag. You want to come at me harder?",true
6710.0,2026-09-21 21:00:43,@gnomecaveira1490,,:rolling_on_the_floor_laughing::rolling_on_the_floor_laughing::rolling_on_the_floor_laughing:,neutral,vader,,"to be nice. >> Yeah. Okay. >> Don't worry. You don't have to see that again. You get the real me now. >> Thank God, bro. >> The real you. >> You'll see the real me. Look at this guy. Can't take a joke. It's unreal. >> Neither can you, >> bro. Not at all. >> I just gave one drag. You want to come at me harder? >> I'm sure you will, Don. The chat. Look.",true
6879.0,2026-09-21 21:03:32,@henryOP8749,,Like MR E. He def turning to shit,negative,vader,,">> Yeah, sorry. We want Chino. Well, you get Chino Allstar. Hey, now >> they're all freaking out cuz me and Mystery got into a fight on camera. >> Oh, I heard it. I heard it from over there. I was going to tell, hey, take that outside, but then I realized they're doing in front of the camera like actually. >> We got finalists. >> Yeah. Who are the finalists? I know Donnie Boy was one of them, right? Donnie boy. So, I'm going to give him I'm going to give them all some shine.",true
6881.0,2026-09-21 21:03:34,@gnomecaveira1490,,Chino fucking coooked bro!!,neutral,vader,,"get Chino Allstar. Hey, now >> they're all freaking out cuz me and Mystery got into a fight on camera. >> Oh, I heard it. I heard it from over there. I was going to tell, hey, take that outside, but then I realized they're doing in front of the camera like actually. >> We got finalists. >> Yeah. Who are the finalists? I know Donnie Boy was one of them, right? Donnie boy. So, I'm going to give him I'm going to give them all some shine. >> All right, >> we got Sun-Kissed 335. And I cannot",true
6890.0,2026-09-21 21:03:43,@JustMeInMpls,,I've been married 30 years so this is refreshing,neutral,vader,,"they're doing in front of the camera like actually. >> We got finalists. >> Yeah. Who are the finalists? I know Donnie Boy was one of them, right? Donnie boy. So, I'm going to give him I'm going to give them all some shine. >> All right, >> we got Sun-Kissed 335. And I cannot confirm if this is a fully original comment. I did get a little feedback in the chat, but Sun-Kissed comment was",true
6890.0,2026-09-21 21:03:43,@gnomecaveira1490,,lol funniest material,positive,vader,,"they're doing in front of the camera like actually. >> We got finalists. >> Yeah. Who are the finalists? I know Donnie Boy was one of them, right? Donnie boy. So, I'm going to give him I'm going to give them all some shine. >> All right, >> we got Sun-Kissed 335. And I cannot confirm if this is a fully original comment. I did get a little feedback in the chat, but Sun-Kissed comment was",true
6890.0,2026-09-21 21:03:43,@henryOP8749,,Lutes :rolling_on_the_floor_laughing: ,neutral,vader,,"they're doing in front of the camera like actually. >> We got finalists. >> Yeah. Who are the finalists? I know Donnie Boy was one of them, right? Donnie boy. So, I'm going to give him I'm going to give them all some shine. >> All right, >> we got Sun-Kissed 335. And I cannot confirm if this is a fully original comment. I did get a little feedback in the chat, but Sun-Kissed comment was",true
6892.0,2026-09-21 21:03:45,@radiostarkilla21,,So you guys have been sucking on purpose??? Brilliant ,positive,vader,,"actually. >> We got finalists. >> Yeah. Who are the finalists? I know Donnie Boy was one of them, right? Donnie boy. So, I'm going to give him I'm going to give them all some shine. >> All right, >> we got Sun-Kissed 335. And I cannot confirm if this is a fully original comment. I did get a little feedback in the chat, but Sun-Kissed comment was about this comic and they said her hair",true
6900.0,2026-09-21 21:03:53,@sunkissed335,,:face_with_tears_of_joy::face_with_tears_of_joy::face_with_tears_of_joy:,neutral,vader,,">> All right, >> we got Sun-Kissed 335. And I cannot confirm if this is a fully original comment. I did get a little feedback in the chat, but Sun-Kissed comment was about this comic and they said her hair looks like Darth Vader's helmet. >> Oh, for Sasha. Yeah, they said, >> ""Who was that?"" >> Uh, that was Suniss 335.",true
6901.0,2026-09-21 21:03:54,@goodviibes8573,,Oh we are quite disappointed ,negative,vader,,">> All right, >> we got Sun-Kissed 335. And I cannot confirm if this is a fully original comment. I did get a little feedback in the chat, but Sun-Kissed comment was about this comic and they said her hair looks like Darth Vader's helmet. >> Oh, for Sasha. Yeah, they said, >> ""Who was that?"" >> Uh, that was Suniss 335.",true
6902.0,2026-09-21 21:03:55,@Slice2112,,"Chino, acknowledge Allison’s email gift. ",positive,vader,,">> we got Sun-Kissed 335. And I cannot confirm if this is a fully original comment. I did get a little feedback in the chat, but Sun-Kissed comment was about this comic and they said her hair looks like Darth Vader's helmet. >> Oh, for Sasha. Yeah, they said, >> ""Who was that?"" >> Uh, that was Suniss 335. >> Yo, I saw Suniss actually lighting up",true
6912.0,2026-09-21 21:04:05,@S.D.L-m1j,,:face-green-smiling:,neutral,vader,,"about this comic and they said her hair looks like Darth Vader's helmet. >> Oh, for Sasha. Yeah, they said, >> ""Who was that?"" >> Uh, that was Suniss 335. >> Yo, I saw Suniss actually lighting up the boards. Good stuff, Suniss. I appreciate you guys. Thank you. Sorry, I'm just reading comments. >> Yeah. Yeah. Which is what I'm told as a comedian we should never do, but here we",true
6919.0,2026-09-21 21:04:12,@BrianKirk-wi6kd,,Mr. E and Jimbo have a lot of sexual tension built up,negative,vader,,">> ""Who was that?"" >> Uh, that was Suniss 335. >> Yo, I saw Suniss actually lighting up the boards. Good stuff, Suniss. I appreciate you guys. Thank you. Sorry, I'm just reading comments. >> Yeah. Yeah. Which is what I'm told as a comedian we should never do, but here we are. >> We had a lot of people make fun of Danny for saying suffocate, which >> suffocate >> just deserves a shout out. >> Yo. Okay. I can fully understand that",true
6927.0,2026-09-21 21:04:20,@joshkamalo,,Great show tonight!,positive,vader,,"I appreciate you guys. Thank you. Sorry, I'm just reading comments. >> Yeah. Yeah. Which is what I'm told as a comedian we should never do, but here we are. >> We had a lot of people make fun of Danny for saying suffocate, which >> suffocate >> just deserves a shout out. >> Yo. Okay. I can fully understand that because I used to work at Chili's for a little while when I was living in LA and someone said uh smashed potatoes. And I",true
6929.0,2026-09-21 21:04:22,@S.D.L-m1j,,Chino,neutral,vader,,"I'm just reading comments. >> Yeah. Yeah. Which is what I'm told as a comedian we should never do, but here we are. >> We had a lot of people make fun of Danny for saying suffocate, which >> suffocate >> just deserves a shout out. >> Yo. Okay. I can fully understand that because I used to work at Chili's for a little while when I was living in LA and someone said uh smashed potatoes. And I was like, ""Oh, you want mashed potatoes?"" They're like, ""Yes, smashed",true
6931.0,2026-09-21 21:04:24,@ineverlutes,,sunkissed!,neutral,vader,,"comedian we should never do, but here we are. >> We had a lot of people make fun of Danny for saying suffocate, which >> suffocate >> just deserves a shout out. >> Yo. Okay. I can fully understand that because I used to work at Chili's for a little while when I was living in LA and someone said uh smashed potatoes. And I was like, ""Oh, you want mashed potatoes?"" They're like, ""Yes, smashed potatoes."" And they said it like four",true
6933.0,2026-09-21 21:04:26,@richardmuirhead3568,,marginally humorous at best,positive,vader,,"are. >> We had a lot of people make fun of Danny for saying suffocate, which >> suffocate >> just deserves a shout out. >> Yo. Okay. I can fully understand that because I used to work at Chili's for a little while when I was living in LA and someone said uh smashed potatoes. And I was like, ""Oh, you want mashed potatoes?"" They're like, ""Yes, smashed potatoes."" And they said it like four times like corrected me. And then they",true
6936.0,2026-09-21 21:04:29,@goodviibes8573,,That was fire :fire: ,positive,phrase_or_manual,,">> suffocate >> just deserves a shout out. >> Yo. Okay. I can fully understand that because I used to work at Chili's for a little while when I was living in LA and someone said uh smashed potatoes. And I was like, ""Oh, you want mashed potatoes?"" They're like, ""Yes, smashed potatoes."" And they said it like four times like corrected me. And then they ate them like smashed potatoes and it it",true
6945.0,2026-09-21 21:04:38,@henryOP8749,,Suffercate :rolling_on_the_floor_laughing: ,neutral,vader,,"little while when I was living in LA and someone said uh smashed potatoes. And I was like, ""Oh, you want mashed potatoes?"" They're like, ""Yes, smashed potatoes."" And they said it like four times like corrected me. And then they ate them like smashed potatoes and it it stuck with me. It still sticks with me. >> It's they would stick to you. Um Rock James had a good comment about you. Rock James",true
6947.0,2026-09-21 21:04:40,@DeronJohnson70,,:elbowbump:,neutral,vader,,"was like, ""Oh, you want mashed potatoes?"" They're like, ""Yes, smashed potatoes."" And they said it like four times like corrected me. And then they ate them like smashed potatoes and it it stuck with me. It still sticks with me. >> It's they would stick to you. Um Rock James had a good comment about you. Rock James 1 said Chino resembles one of the",true
6957.0,2026-09-21 21:04:50,@radiostarkilla21,,Smash potatoes!,neutral,vader,,stuck with me. It still sticks with me. >> It's they would stick to you. Um Rock James had a good comment about you. Rock James 1 said Chino resembles one of the missing links in the human Neanderthal. >> It's true. [laughter] It's true. Sandy. No. Hold on. Apparently I've been What does it say here? >> Acknowledge Allison's email. What did,true
6960.0,2026-09-21 21:04:53,@xankomaa,,Bunch of burgers living among us,neutral,vader,,">> It's they would stick to you. Um Rock James had a good comment about you. Rock James 1 said Chino resembles one of the missing links in the human Neanderthal. >> It's true. [laughter] It's true. Sandy. No. Hold on. Apparently I've been What does it say here? >> Acknowledge Allison's email. What did Did I miss an email from you? Allison,",true
6960.0,2026-09-21 21:04:53,@EricNelson1236,,btw this is my last resort,neutral,vader,,">> It's they would stick to you. Um Rock James had a good comment about you. Rock James 1 said Chino resembles one of the missing links in the human Neanderthal. >> It's true. [laughter] It's true. Sandy. No. Hold on. Apparently I've been What does it say here? >> Acknowledge Allison's email. What did Did I miss an email from you? Allison,",true
6961.0,2026-09-21 21:04:54,@z28diablo,,"Chino, do you think the comedians could survive their set time in the chat afterwards? Chat Roast Night",positive,vader,,"they would stick to you. Um Rock James had a good comment about you. Rock James 1 said Chino resembles one of the missing links in the human Neanderthal. >> It's true. [laughter] It's true. Sandy. No. Hold on. Apparently I've been What does it say here? >> Acknowledge Allison's email. What did Did I miss an email from you? Allison, I'm so sorry. If I did, I will email you",true
6964.0,2026-09-21 21:04:57,@sunkissed335,,:loudly_crying_face:,neutral,vader,,"had a good comment about you. Rock James 1 said Chino resembles one of the missing links in the human Neanderthal. >> It's true. [laughter] It's true. Sandy. No. Hold on. Apparently I've been What does it say here? >> Acknowledge Allison's email. What did Did I miss an email from you? Allison, I'm so sorry. If I did, I will email you back from the comedy simulator page. I never check the emails for that, so I",true
6971.0,2026-09-21 21:05:04,@Mike-Alice-D-InWonderland,,smashed potatoes are roasted potatoes squashed down to make them crispy,neutral,vader,,">> It's true. [laughter] It's true. Sandy. No. Hold on. Apparently I've been What does it say here? >> Acknowledge Allison's email. What did Did I miss an email from you? Allison, I'm so sorry. If I did, I will email you back from the comedy simulator page. I never check the emails for that, so I apologize. Um, but I will check it out now. And Alzen, you're one of our >> also who emailed frequent viewers.",true
6978.0,2026-09-21 21:05:11,@goodviibes8573,,They are smashed ,neutral,vader,,">> Acknowledge Allison's email. What did Did I miss an email from you? Allison, I'm so sorry. If I did, I will email you back from the comedy simulator page. I never check the emails for that, so I apologize. Um, but I will check it out now. And Alzen, you're one of our >> also who emailed frequent viewers. >> Roll up. DM us. >> Yeah, slide. [laughter] Slide homie. No. No. I I'll check the email. Sorry about that. >> It's ridiculous. >> Do you think the comedians could survive",true
6981.0,2026-09-21 21:05:14,@richardmuirhead3568,,what comedians?,positive,vader,,"I'm so sorry. If I did, I will email you back from the comedy simulator page. I never check the emails for that, so I apologize. Um, but I will check it out now. And Alzen, you're one of our >> also who emailed frequent viewers. >> Roll up. DM us. >> Yeah, slide. [laughter] Slide homie. No. No. I I'll check the email. Sorry about that. >> It's ridiculous. >> Do you think the comedians could survive their set time in the chat afterwards?",true
6986.0,2026-09-21 21:05:19,@henryOP8749,,Chino :eye: :eye: ,neutral,vader,,"apologize. Um, but I will check it out now. And Alzen, you're one of our >> also who emailed frequent viewers. >> Roll up. DM us. >> Yeah, slide. [laughter] Slide homie. No. No. I I'll check the email. Sorry about that. >> It's ridiculous. >> Do you think the comedians could survive their set time in the chat afterwards? No. No. Dude, it takes years to build up defenses like these. Are you kidding me?",true
6986.0,2026-09-21 21:05:19,@ineverlutes,,in the missing neanderthal,negative,vader,,"apologize. Um, but I will check it out now. And Alzen, you're one of our >> also who emailed frequent viewers. >> Roll up. DM us. >> Yeah, slide. [laughter] Slide homie. No. No. I I'll check the email. Sorry about that. >> It's ridiculous. >> Do you think the comedians could survive their set time in the chat afterwards? No. No. Dude, it takes years to build up defenses like these. Are you kidding me?",true
7000.0,2026-09-21 21:05:33,@ineverlutes,,@henry :rolling_on_the_floor_laughing:,neutral,vader,,"their set time in the chat afterwards? No. No. Dude, it takes years to build up defenses like these. Are you kidding me? >> I have tough skin. I hate myself worse than you will. I have I have a white tea cell count as somebody on prep. You're not [ __ ] with me. You can't even try. Can't even try. And if you even understand that joke, you're probably on Grinder, just so you know. Um >> my girlfriend's going to leave me.",true
7006.0,2026-09-21 21:05:39,@gnomecaveira1490,,:loudly_crying_face::rolling_on_the_floor_laughing::rolling_on_the_floor_laughing::rolling_on_the_floor_laughing:,neutral,vader,,">> I have tough skin. I hate myself worse than you will. I have I have a white tea cell count as somebody on prep. You're not [ __ ] with me. You can't even try. Can't even try. And if you even understand that joke, you're probably on Grinder, just so you know. Um >> my girlfriend's going to leave me. >> Do you know? [laughter] No. No. She just left. You're too late. >> She just left for the evening. Uh who who else we got on the board?",true
7007.0,2026-09-21 21:05:40,@alisonwayland6057,,sorry I did some art for ya so I had to email it,negative,vader,,">> I have tough skin. I hate myself worse than you will. I have I have a white tea cell count as somebody on prep. You're not [ __ ] with me. You can't even try. Can't even try. And if you even understand that joke, you're probably on Grinder, just so you know. Um >> my girlfriend's going to leave me. >> Do you know? [laughter] No. No. She just left. You're too late. >> She just left for the evening. Uh who who else we got on the board? >> Hey, this is biased because it's about",true
7009.0,2026-09-21 21:05:42,@henryOP8749,,:rolling_on_the_floor_laughing: ,neutral,vader,,"than you will. I have I have a white tea cell count as somebody on prep. You're not [ __ ] with me. You can't even try. Can't even try. And if you even understand that joke, you're probably on Grinder, just so you know. Um >> my girlfriend's going to leave me. >> Do you know? [laughter] No. No. She just left. You're too late. >> She just left for the evening. Uh who who else we got on the board? >> Hey, this is biased because it's about mystery, but I Sorry, guys. I picked",true
7015.0,2026-09-21 21:05:48,@goodviibes8573,,So when is the show ??? ,neutral,vader,,"Can't even try. And if you even understand that joke, you're probably on Grinder, just so you know. Um >> my girlfriend's going to leave me. >> Do you know? [laughter] No. No. She just left. You're too late. >> She just left for the evening. Uh who who else we got on the board? >> Hey, this is biased because it's about mystery, but I Sorry, guys. I picked this before he yelled at me. Okay, trust. Uh Donny Boy 24 said that if he",true
7018.0,2026-09-21 21:05:51,@radiostarkilla21,,Lol no one can hate jimbo more than jimbo,negative,vader,,"Grinder, just so you know. Um >> my girlfriend's going to leave me. >> Do you know? [laughter] No. No. She just left. You're too late. >> She just left for the evening. Uh who who else we got on the board? >> Hey, this is biased because it's about mystery, but I Sorry, guys. I picked this before he yelled at me. Okay, trust. Uh Donny Boy 24 said that if he was the human centipede, he'd volunteer for the middle. H the center spot. Oh",true
7022.0,2026-09-21 21:05:55,@S.D.L-m1j,,put a comedian in a cage match with chair..lol,positive,vader,,"left. You're too late. >> She just left for the evening. Uh who who else we got on the board? >> Hey, this is biased because it's about mystery, but I Sorry, guys. I picked this before he yelled at me. Okay, trust. Uh Donny Boy 24 said that if he was the human centipede, he'd volunteer for the middle. H the center spot. Oh yeah, we call that a fullback in our in our neighborhood.",true
7032.0,2026-09-21 21:06:05,@DeronJohnson70,,I almost smoferkated from laughing :grinning_squinting_face: ,positive,vader,,"this before he yelled at me. Okay, trust. Uh Donny Boy 24 said that if he was the human centipede, he'd volunteer for the middle. H the center spot. Oh yeah, we call that a fullback in our in our neighborhood. >> We call that a bossy bottom. >> Henry OP. Henry OP, a legend. OG in the",true
7041.0,2026-09-21 21:06:14,@xankomaa,,Circle of life,neutral,vader,,"yeah, we call that a fullback in our in our neighborhood. >> We call that a bossy bottom. >> Henry OP. Henry OP, a legend. OG in the chat. >> Yeah, Henry's been killing it, too. I saw his name pop up a bunch. >> Henry called Chuck a GameStop manager. >> Ooh. You know what's funny? Like even though that's like his assumed job, you",true
7051.0,2026-09-21 21:06:24,@gnomecaveira1490,,Is that cause he’d get the full load on his back?,neutral,vader,,"chat. >> Yeah, Henry's been killing it, too. I saw his name pop up a bunch. >> Henry called Chuck a GameStop manager. >> Ooh. You know what's funny? Like even though that's like his assumed job, you know what his real job is? He sells mattresses. >> Close. the He looks like a mattress seller for sure. Uh, by the way, these are gifts from Semile.",true
7052.0,2026-09-21 21:06:25,@ineverlutes,,a bossy bottom :face_with_tears_of_joy:,neutral,vader,,"chat. >> Yeah, Henry's been killing it, too. I saw his name pop up a bunch. >> Henry called Chuck a GameStop manager. >> Ooh. You know what's funny? Like even though that's like his assumed job, you know what his real job is? He sells mattresses. >> Close. the He looks like a mattress seller for sure. Uh, by the way, these are gifts from Semile. >> She gave me a couple of uh",true
7055.0,2026-09-21 21:06:28,@henryOP8749,,No I didn’t ,negative,vader,,"saw his name pop up a bunch. >> Henry called Chuck a GameStop manager. >> Ooh. You know what's funny? Like even though that's like his assumed job, you know what his real job is? He sells mattresses. >> Close. the He looks like a mattress seller for sure. Uh, by the way, these are gifts from Semile. >> She gave me a couple of uh >> There's a meaning in there. >> Twootie Pops. [laughter] Uh, well,",true
7056.0,2026-09-21 21:06:29,@jackcarr3361,,Bossy bottom hahaha!,positive,vader,,">> Ooh. You know what's funny? Like even though that's like his assumed job, you know what his real job is? He sells mattresses. >> Close. the He looks like a mattress seller for sure. Uh, by the way, these are gifts from Semile. >> She gave me a couple of uh >> There's a meaning in there. >> Twootie Pops. [laughter] Uh, well, they're for me to suck.",true
7057.0,2026-09-21 21:06:30,@sunkissed335,,:rolling_on_the_floor_laughing::rolling_on_the_floor_laughing:,neutral,vader,,">> Ooh. You know what's funny? Like even though that's like his assumed job, you know what his real job is? He sells mattresses. >> Close. the He looks like a mattress seller for sure. Uh, by the way, these are gifts from Semile. >> She gave me a couple of uh >> There's a meaning in there. >> Twootie Pops. [laughter] Uh, well, they're for me to suck. >> That's a deeper meaning.",true
7060.0,2026-09-21 21:06:33,@Gloobus.q,,To elves ,neutral,vader,,">> Ooh. You know what's funny? Like even though that's like his assumed job, you know what his real job is? He sells mattresses. >> Close. the He looks like a mattress seller for sure. Uh, by the way, these are gifts from Semile. >> She gave me a couple of uh >> There's a meaning in there. >> Twootie Pops. [laughter] Uh, well, they're for me to suck. >> That's a deeper meaning. >> We'll find out. I guess I'm the sucker here. >> Somehow that's racist. I don't know.",true
7065.0,2026-09-21 21:06:38,@henryOP8749,,I laughed at someone else who said that,positive,vader,,"mattresses. >> Close. the He looks like a mattress seller for sure. Uh, by the way, these are gifts from Semile. >> She gave me a couple of uh >> There's a meaning in there. >> Twootie Pops. [laughter] Uh, well, they're for me to suck. >> That's a deeper meaning. >> We'll find out. I guess I'm the sucker here. >> Somehow that's racist. I don't know. >> Circle of life. Uh, I almost smuffed",true
7065.0,2026-09-21 21:06:38,@xankomaa,,Money launderer,neutral,vader,,"mattresses. >> Close. the He looks like a mattress seller for sure. Uh, by the way, these are gifts from Semile. >> She gave me a couple of uh >> There's a meaning in there. >> Twootie Pops. [laughter] Uh, well, they're for me to suck. >> That's a deeper meaning. >> We'll find out. I guess I'm the sucker here. >> Somehow that's racist. I don't know. >> Circle of life. Uh, I almost smuffed",true
7066.0,2026-09-21 21:06:39,@DeronJohnson70,,Close is right ,neutral,vader,,">> Close. the He looks like a mattress seller for sure. Uh, by the way, these are gifts from Semile. >> She gave me a couple of uh >> There's a meaning in there. >> Twootie Pops. [laughter] Uh, well, they're for me to suck. >> That's a deeper meaning. >> We'll find out. I guess I'm the sucker here. >> Somehow that's racist. I don't know. >> Circle of life. Uh, I almost smuffed",true
7077.0,2026-09-21 21:06:50,@z28diablo,,Leave the last S off for So unfunny,negative,vader,,">> That's a deeper meaning. >> We'll find out. I guess I'm the sucker here. >> Somehow that's racist. I don't know. >> Circle of life. Uh, I almost smuffed that. [laughter] >> They're evolving the word. I love it. >> Now it's the word smuffer. [laughter] Uh uh so I think Donniey's going to win because Donnie had two in the finals. Donnie had uh with Chuck uh he looks",true
7078.0,2026-09-21 21:06:51,@henryOP8749,,I can’t take credit for someone else’s funny shizz ,positive,vader,,"here. >> Somehow that's racist. I don't know. >> Circle of life. Uh, I almost smuffed that. [laughter] >> They're evolving the word. I love it. >> Now it's the word smuffer. [laughter] Uh uh so I think Donniey's going to win because Donnie had two in the finals. Donnie had uh with Chuck uh he looks",true
7103.0,2026-09-21 21:07:16,@S.D.L-m1j,,Donny,neutral,vader,,">> So I think Donnie I think Donnie >> So Donnie Donnie you are a winner tonight. Check us out on uh since I'm already checking the email comedy simulator@gmail.com or check out our Instagram comedy simulator. Drop us a line. Uh I'll get you some hot sauce if you live in America. If you don't, I'm sorry. We live in a dictatorship. There's nothing I can do for you. Uh if you have an",true
7111.0,2026-09-21 21:07:24,@Donnieboy24,,sweet :sign_of_the_horns: you guys rule. chair rules,positive,vader,,"already checking the email comedy simulator@gmail.com or check out our Instagram comedy simulator. Drop us a line. Uh I'll get you some hot sauce if you live in America. If you don't, I'm sorry. We live in a dictatorship. There's nothing I can do for you. Uh if you have an American fence that can cross the border for you wherever you may be, then yeah, like definitely hook them up. Make it happen. Uh leave the last S for so",true
7121.0,2026-09-21 21:07:34,@gnomecaveira1490,,Ggs Donny ,neutral,vader,,"live in a dictatorship. There's nothing I can do for you. Uh if you have an American fence that can cross the border for you wherever you may be, then yeah, like definitely hook them up. Make it happen. Uh leave the last S for so unfunny. Right on, Diablo. Appreciate you. You got your sauce last week. Hope you loved it. Um somebody said they were waiting on a sauce. I uh",true
7123.0,2026-09-21 21:07:36,@goodviibes8573,,Jim Blow owes me something for $20 ,neutral,vader,,"I can do for you. Uh if you have an American fence that can cross the border for you wherever you may be, then yeah, like definitely hook them up. Make it happen. Uh leave the last S for so unfunny. Right on, Diablo. Appreciate you. You got your sauce last week. Hope you loved it. Um somebody said they were waiting on a sauce. I uh >> Is that Allison who said that?",true
7129.0,2026-09-21 21:07:42,@z28diablo,,"I received my hot sauce Chino, appreciate it. Good stuff bro.",positive,vader,,"like definitely hook them up. Make it happen. Uh leave the last S for so unfunny. Right on, Diablo. Appreciate you. You got your sauce last week. Hope you loved it. Um somebody said they were waiting on a sauce. I uh >> Is that Allison who said that? >> No, no, no. It was uh I forget. >> Oh, Allison did some art for us. >> OH, I CAN'T WAIT TO CHECK THAT OUT.",true
7131.0,2026-09-21 21:07:44,@Gloobus.q,,Mr e deserves the hot sauce for whipping jimbos ass when he leaves ,negative,vader,,"like definitely hook them up. Make it happen. Uh leave the last S for so unfunny. Right on, Diablo. Appreciate you. You got your sauce last week. Hope you loved it. Um somebody said they were waiting on a sauce. I uh >> Is that Allison who said that? >> No, no, no. It was uh I forget. >> Oh, Allison did some art for us. >> OH, I CAN'T WAIT TO CHECK THAT OUT. DUDE, I am so stoked. Allison",true
7135.0,2026-09-21 21:07:48,@ineverlutes,,grats donnie!,neutral,vader,,"unfunny. Right on, Diablo. Appreciate you. You got your sauce last week. Hope you loved it. Um somebody said they were waiting on a sauce. I uh >> Is that Allison who said that? >> No, no, no. It was uh I forget. >> Oh, Allison did some art for us. >> OH, I CAN'T WAIT TO CHECK THAT OUT. DUDE, I am so stoked. Allison toilet. It's just like a really >> I don't care. It could be me eating",true
7141.0,2026-09-21 21:07:54,@henryOP8749,,Me HenryOP,neutral,vader,,"waiting on a sauce. I uh >> Is that Allison who said that? >> No, no, no. It was uh I forget. >> Oh, Allison did some art for us. >> OH, I CAN'T WAIT TO CHECK THAT OUT. DUDE, I am so stoked. Allison toilet. It's just like a really >> I don't care. It could be me eating turds out of the bowl. I don't care. I'm just so flattered. >> And a bunch of [ __ ] coming down. >> You have no idea. I love myself so much",true
7150.0,2026-09-21 21:08:03,@henryOP8749,,I’m still waiting Chourico cakes,neutral,vader,,">> OH, I CAN'T WAIT TO CHECK THAT OUT. DUDE, I am so stoked. Allison toilet. It's just like a really >> I don't care. It could be me eating turds out of the bowl. I don't care. I'm just so flattered. >> And a bunch of [ __ ] coming down. >> You have no idea. I love myself so much that watching cartoons of me doing horrible things is just as good. Like I'm cool with it. >> You heard it. This is an open invitation chat.",true
7158.0,2026-09-21 21:08:11,@alisonwayland6057,,yes it involves CHAIR,positive,vader,,">> And a bunch of [ __ ] coming down. >> You have no idea. I love myself so much that watching cartoons of me doing horrible things is just as good. Like I'm cool with it. >> You heard it. This is an open invitation chat. Caricature contest for Chino. Okay. >> Hey, you know what? >> Take a good look at this. >> Hey, take a photo. Make AI porn.",true
7160.0,2026-09-21 21:08:13,@Donnieboy24,,thank you thank you,positive,vader,,">> And a bunch of [ __ ] coming down. >> You have no idea. I love myself so much that watching cartoons of me doing horrible things is just as good. Like I'm cool with it. >> You heard it. This is an open invitation chat. Caricature contest for Chino. Okay. >> Hey, you know what? >> Take a good look at this. >> Hey, take a photo. Make AI porn. >> I You're not getting",true
7167.0,2026-09-21 21:08:20,@Slice2112,,Donny hits with mad jokes ,negative,vader,,"I'm cool with it. >> You heard it. This is an open invitation chat. Caricature contest for Chino. Okay. >> Hey, you know what? >> Take a good look at this. >> Hey, take a photo. Make AI porn. >> I You're not getting >> I want I want you to make AI porn. >> Hey, give him a yam. Okay, I got to go. I Tino will close you out. I love you,",true
7171.0,2026-09-21 21:08:24,@radiostarkilla21,,Livestream the fight outside ,negative,vader,,"chat. Caricature contest for Chino. Okay. >> Hey, you know what? >> Take a good look at this. >> Hey, take a photo. Make AI porn. >> I You're not getting >> I want I want you to make AI porn. >> Hey, give him a yam. Okay, I got to go. I Tino will close you out. I love you, Chad. Thank you, bro. >> This guy doesn't get enough credit. He's",true
7172.0,2026-09-21 21:08:25,@S.D.L-m1j,,:face-green-smiling:,neutral,vader,,"chat. Caricature contest for Chino. Okay. >> Hey, you know what? >> Take a good look at this. >> Hey, take a photo. Make AI porn. >> I You're not getting >> I want I want you to make AI porn. >> Hey, give him a yam. Okay, I got to go. I Tino will close you out. I love you, Chad. Thank you, bro. >> This guy doesn't get enough credit. He's a legend. >> Oh, I get plenty of credit. I get too",true
7180.0,2026-09-21 21:08:33,@DeronJohnson70,,:peace_symbol: :dove::dove::peace_symbol::victory_hand::man_judge:,neutral,vader,,">> I You're not getting >> I want I want you to make AI porn. >> Hey, give him a yam. Okay, I got to go. I Tino will close you out. I love you, Chad. Thank you, bro. >> This guy doesn't get enough credit. He's a legend. >> Oh, I get plenty of credit. I get too much credit. Um, appreciate it, guys. All right, we're going to close out. If you guys go ahead and uh give your closing statements in the chat, we'll",true
7181.0,2026-09-21 21:08:34,@henryOP8749,,I said I’m still in airing on the sauce,neutral,vader,,">> I You're not getting >> I want I want you to make AI porn. >> Hey, give him a yam. Okay, I got to go. I Tino will close you out. I love you, Chad. Thank you, bro. >> This guy doesn't get enough credit. He's a legend. >> Oh, I get plenty of credit. I get too much credit. Um, appreciate it, guys. All right, we're going to close out. If you guys go ahead and uh give your closing statements in the chat, we'll bring them up. What we got here? Uh, so",true
7188.0,2026-09-21 21:08:41,@S.D.L-m1j,,Bye Jimbo,neutral,vader,,"Chad. Thank you, bro. >> This guy doesn't get enough credit. He's a legend. >> Oh, I get plenty of credit. I get too much credit. Um, appreciate it, guys. All right, we're going to close out. If you guys go ahead and uh give your closing statements in the chat, we'll bring them up. What we got here? Uh, so I promised Allison I will check out that art and I'll give a shout out next week. Who knows? It might become a graphic if if if it's what we've been talking about",true
7193.0,2026-09-21 21:08:46,@Donnieboy24,,don't let mr E cheap shot ya outside Jimbo!!,neutral,vader,,">> Oh, I get plenty of credit. I get too much credit. Um, appreciate it, guys. All right, we're going to close out. If you guys go ahead and uh give your closing statements in the chat, we'll bring them up. What we got here? Uh, so I promised Allison I will check out that art and I'll give a shout out next week. Who knows? It might become a graphic if if if it's what we've been talking about on here. Um, we're going to make the chair the uh new logo pretty soon. So,",true
7199.0,2026-09-21 21:08:52,@S.D.L-m1j,,Thanks Chino,positive,vader,,"closing statements in the chat, we'll bring them up. What we got here? Uh, so I promised Allison I will check out that art and I'll give a shout out next week. Who knows? It might become a graphic if if if it's what we've been talking about on here. Um, we're going to make the chair the uh new logo pretty soon. So, you guys want it? You got it. The chair is going to be front and center at all times. Right where it says comedy",true
7203.0,2026-09-21 21:08:56,@xankomaa,,Pore cam,neutral,vader,,"I promised Allison I will check out that art and I'll give a shout out next week. Who knows? It might become a graphic if if if it's what we've been talking about on here. Um, we're going to make the chair the uh new logo pretty soon. So, you guys want it? You got it. The chair is going to be front and center at all times. Right where it says comedy simulator at the bottom of the screen like right down there where it says comedy simulator. We'll probably have",true
7207.0,2026-09-21 21:09:00,@rocjames1,,"Remember, Sonny and Chair love can't keep us together",positive,vader,,"Who knows? It might become a graphic if if if it's what we've been talking about on here. Um, we're going to make the chair the uh new logo pretty soon. So, you guys want it? You got it. The chair is going to be front and center at all times. Right where it says comedy simulator at the bottom of the screen like right down there where it says comedy simulator. We'll probably have like a little little chair like right like right there cuz the clock goes",true
7209.0,2026-09-21 21:09:02,@ineverlutes,,we gotta roll out with jimbo,neutral,vader,,"if if it's what we've been talking about on here. Um, we're going to make the chair the uh new logo pretty soon. So, you guys want it? You got it. The chair is going to be front and center at all times. Right where it says comedy simulator at the bottom of the screen like right down there where it says comedy simulator. We'll probably have like a little little chair like right like right there cuz the clock goes here. We're in a little Comedy Simulator",true
7210.0,2026-09-21 21:09:03,@Slice2112,,Love! (Hate) from Canada chino :face_blowing_a_kiss:,positive,vader,,"on here. Um, we're going to make the chair the uh new logo pretty soon. So, you guys want it? You got it. The chair is going to be front and center at all times. Right where it says comedy simulator at the bottom of the screen like right down there where it says comedy simulator. We'll probably have like a little little chair like right like right there cuz the clock goes here. We're in a little Comedy Simulator chair right here. Little blah something",true
7218.0,2026-09-21 21:09:11,@moneymagic6119,,CHAIR MAIN CLOSER 2 MINS,neutral,vader,,"times. Right where it says comedy simulator at the bottom of the screen like right down there where it says comedy simulator. We'll probably have like a little little chair like right like right there cuz the clock goes here. We're in a little Comedy Simulator chair right here. Little blah something like that. Um, should be fun. Yeah. Hey, thanks SCL. appreciate you. Yes, it involves the chair. Allison, you're",true
7227.0,2026-09-21 21:09:20,@goodviibes8573,,"Mr E is gonna watch ninja turtles, watch your back Jim Blow ",neutral,vader,,"like right there cuz the clock goes here. We're in a little Comedy Simulator chair right here. Little blah something like that. Um, should be fun. Yeah. Hey, thanks SCL. appreciate you. Yes, it involves the chair. Allison, you're saying good words to me. Appreciate it. Me, Henry. OP. Henry, didn't did we give you sauce before or didn't we like try to give you sauce? Uh, if we tried",true
7228.0,2026-09-21 21:09:21,@Jonny-Law,,I'm having a bad week. my dad just passed away. Can i get a ghost fart?,negative,vader,,"here. We're in a little Comedy Simulator chair right here. Little blah something like that. Um, should be fun. Yeah. Hey, thanks SCL. appreciate you. Yes, it involves the chair. Allison, you're saying good words to me. Appreciate it. Me, Henry. OP. Henry, didn't did we give you sauce before or didn't we like try to give you sauce? Uh, if we tried before, let's try again. Um, yeah, great",true
7230.0,2026-09-21 21:09:23,@henryOP8749,,Omg chairtastic,neutral,vader,,"chair right here. Little blah something like that. Um, should be fun. Yeah. Hey, thanks SCL. appreciate you. Yes, it involves the chair. Allison, you're saying good words to me. Appreciate it. Me, Henry. OP. Henry, didn't did we give you sauce before or didn't we like try to give you sauce? Uh, if we tried before, let's try again. Um, yeah, great",true
7247.0,2026-09-21 21:09:40,@henryOP8749,,Yeah we emailed each other,positive,vader,,"to give you sauce? Uh, if we tried before, let's try again. Um, yeah, great work. Love hate from Canada. Hey, thank you, Slice. Uh, it's a lovehate for us, too, because we love Canadians, but uh, man, when you guys come vacation here, you're kind of annoying, but we need your money. So, like, please don't don't forget us. Uh mystery is going to watch Ninja Turtles and come back and watch",true
7248.0,2026-09-21 21:09:41,@goodviibes8573,,Sick chair bro ,positive,phrase_or_manual,,"to give you sauce? Uh, if we tried before, let's try again. Um, yeah, great work. Love hate from Canada. Hey, thank you, Slice. Uh, it's a lovehate for us, too, because we love Canadians, but uh, man, when you guys come vacation here, you're kind of annoying, but we need your money. So, like, please don't don't forget us. Uh mystery is going to watch Ninja Turtles and come back and watch Yeah. Watch your back, Jimbo. Uh yeah,",true
7258.0,2026-09-21 21:09:51,@jackcarr3361,,Watch out for mister e in the parking lot. Reminds me of the riddler or something. ,neutral,vader,,"man, when you guys come vacation here, you're kind of annoying, but we need your money. So, like, please don't don't forget us. Uh mystery is going to watch Ninja Turtles and come back and watch Yeah. Watch your back, Jimbo. Uh yeah, he's going to go full Casey on him. Uh Casey Anthony, not Casey from um You mean he's going to ch kill children?",true
7262.0,2026-09-21 21:09:55,@Hackofalltrades-mh5fq,,best show Hawaii ever produced. besides the North Shore with Sunny Garcia,positive,vader,,"your money. So, like, please don't don't forget us. Uh mystery is going to watch Ninja Turtles and come back and watch Yeah. Watch your back, Jimbo. Uh yeah, he's going to go full Casey on him. Uh Casey Anthony, not Casey from um You mean he's going to ch kill children? [clears throat] Uh I'm having a bad week. My dad just passed away. Can you",true
