current_performer,video_t,author,text,sentiment
,0,@xcodebeex,woohoo,neu
,0,@pijinFPS,whats gucci fam,neu
,0,@pijinFPS,we out here in these streets,neu
,21,@pijinFPS,letz gooooo,neu
,36,@JimboTheComic,It’s mondayyyyy,neu
,41,@JimboTheComic,Let’s goooooo,neu
,52,@pijinFPS,jimbo my boy,neu
,79,@JimboTheComic,Piiijin ,neu
,84,@JimboTheComic,We in this mf ,neu
,94,@Donnieboy24,let's fuckin goooo chino chat jim chair yalls streams make a Monday feel like Friday,neu
,106,@JimboTheComic,Donnie what’s good! ,neu
,114,@BrianKirk-wi6kd,"I’m here for comedy, but it’s probably not going to happen",neu
,121,@pijinFPS,yell yea Donnie,neu
,126,@JimboTheComic,Oh it’s gunna be bad tonight Brian ,neg
,129,@pijinFPS,or hell yea :rolling_on_the_floor_laughing::rolling_on_the_floor_laughing:,neu
,129,@JimboTheComic,Bet your ass ,neu
,143,@Donnieboy24,:face_with_tears_of_joy: let's gooo,pos
,190,@alisonwayland6057,hello :waving_hand:,neu
,215,@JimboTheComic,Hey Alison ,neu
,226,@alisonwayland6057,hey Jimbo,neu
,237,@pijinFPS,"chino with his ""my chair"" bullshit",neu
,259,@JimboTheComic,Tonight’s gunna be a night ,neu
,271,@pijinFPS,there's no I in chair chino,neu
,296,@JimboTheComic,Oh you don’t see the chair? :eyes:,neu
,305,@JimboTheComic,Where is the chair wtf ,neu
,319,@Donnieboy24,nice got graphics good shit tech team woo!!,pos
,333,@alisonwayland6057,im ready for another round of family monopoly. tears had better be shed.,neu
,363,@pijinFPS,that aint chair. i demand a DNA test,neu
,394,@pijinFPS,red chair looking for child support as usual,neu
,398,@alisonwayland6057,is Chair going to impersonate a table?,neu
,401,@Donnieboy24,those ain't the 4 legs I've come to love,pos
,404,@JimboTheComic,Jimbo = “Agent of chaos” :admission_tickets:,neu
,419,@HollywoodStar2026,"oh jeez... last week duets was les mis. if it's more audience dependent work, Im not gonna last long",neu
,424,@HollywoodStar2026,oh and hi chat,neu
,427,@joshuabutterwick3156,this guy looks like a deacon of an evil church,neu
,432,@alisonwayland6057,honey badger,neu
,454,@Donnieboy24,sup Hollywood,neu
,454,@JimboTheComic,Hollywood this will be way worse ,neu
,461,@JimboTheComic,Joshua LMAO,pos
,462,@Baconstrip69,Wanderlia Silva with a beard ,neu
,464,@ONWARD24seven,We're Back!!!!,neu
,464,@JN_SSMS,Dad is a crotch sloth?,neu
,468,@Baconstrip69,This is America ,neu
,471,@pijinFPS,chino does low key look like mr potato head,neu
,478,@HollywoodStar2026,"Isn't character night where comics ""do"" a character? KMN",neu
,494,@BrianKirk-wi6kd,My gun store had a back to school sale.,neu
,496,@Baconstrip69,Robin Williams on 9/11,neu
,499,@alisonwayland6057,Chair does a mean impression of a folding chair,neg
,509,@Baconstrip69,Chair ,neu
,511,@JimboTheComic,"Chat, this is as good as it’ll get tonight ",neu
,516,@HollywoodStar2026,"CHino, auidence cam for comic night, not improv. And one needs to warm up an improv crowd. Duuuuude...",neu
,516,@Baconstrip69,:chair: ,neu
,526,@joshuabutterwick3156,hahahaha bacon,pos
,530,@pijinFPS,Chairy Springer Show,neu
,536,@Baconstrip69,I look forwards to mondays for the chat ,neu
,537,@pijinFPS,Chairy Chairy Chairy,neu
,541,@radiostarkilla21,LFG!!!!!,neu
,554,@Donnieboy24,mon chairrrryyyy,neu
,554,@HollywoodStar2026,audition night for To Catch a Pred,neu
,561,@Baconstrip69,I’m only here for the chair :chair: ,neu
,582,@HollywoodStar2026,I heard that the chair can do a really nice table,pos
,593,@radiostarkilla21,Character Night? I like it!,neu
Joshua,601,@albannach7943,just joined..wait that was a character?,neu
Joshua,601,@Baconstrip69,The chair has the best jokes ,pos
Joshua,616,@HollywoodStar2026,oh sheen they are gonna slide a character into their set? ,neu
Joshua,624,@Donnieboy24,"4 sturdy legs, tall as the twin towers. my love the chair",pos
Joshua,627,@joshuabutterwick3156,it's not me btw,neu
Joshua,637,@pijinFPS,respect for coming back,neu
Joshua,637,@Baconstrip69,It gets so much worse and I can’t wait ,neu
Joshua,638,@HollywoodStar2026,10 minutes?????????,neu
Joshua,641,@AG-nv6ml,comedy jokes :smiling_face:,neu
Joshua,643,@Sai-sm2nz,jimbo can you do a mimsy from south park character?,neu
Joshua,643,@HollywoodStar2026,Dull sling blade,neu
Joshua,650,@alisonwayland6057,an impersonation of a cult follower,neu
Joshua,656,@JimboTheComic,lol sai ,pos
Joshua,657,@radiostarkilla21,His character is The Muse :expressionless_face:,neu
Joshua,663,@DeronJohnson70,Jesus take the mic ,neu
Joshua,665,@Donnieboy24,LMAO,pos
Joshua,667,@JimboTheComic,I need to work material so I’m Gunnar’s ,neu
Joshua,667,@joshuabutterwick3156,crickets,neu
Joshua,668,@HollywoodStar2026,he's doing word association with himslef,neu
Joshua,671,@Baconstrip69,His character isn’t funny ,pos
Joshua,679,@joshuabutterwick3156,booooo,neu
Joshua,686,@pijinFPS,black dolly parton destroyed this man last week. and she only working 9 to 9:30,neu
Joshua,687,@albannach7943,his character js gay joker,neu
Joshua,692,@Donnieboy24,if the character is an awkward guy then he's really good,neg
Joshua,701,@Sai-sm2nz,woah,neu
Joshua,708,@Baconstrip69,He is chucking himself on stage to anyone that will take him up on it ,neu
Joshua,712,@HollywoodStar2026,am I in Alphabet City in 1979?,neu
Joshua,715,@albannach7943,his character is stoned,neu
Joshua,715,@radiostarkilla21,His character is Jason Ohnoa,neu
Joshua,719,@joshuabutterwick3156,this guy looks like he smokes while he reads the Bible,neu
Joshua,732,@JimboTheComic,"It could be worse, chat. ",neu
Joshua,737,@JimboTheComic,You could also have aids ,neu
Joshua,745,@DeronJohnson70,Jew got it,neu
Joshua,748,@Donnieboy24,:face_with_tears_of_joy:,neu
Joshua,749,@BeNZoJosh,Cmon buddy. You can do it. ,neu
Joshua,750,@HollywoodStar2026,nights young jimbo,neu
Joshua,752,@alisonwayland6057,he drank the cool aid a he lives es to tell the tale. a man of so many words,neu
Joshua,760,@Baconstrip69,The clapping jew ,neu
Joshua,761,@Sai-sm2nz,he did get 1 clap,neu
Joshua,764,@BeNZoJosh,He’s talking!,neu
Joshua,771,@Donnieboy24,he said hwwwat now,neu
Joshua,772,@joshuabutterwick3156,omfg BRUTAL,neu
Joshua,774,@JimboTheComic,Clap god damnit ,neu
Joshua,775,@BeNZoJosh,Jewetta come back. ,neu
Joshua,779,@Baconstrip69,No he got the clap once ,neu
Joshua,785,@BeNZoJosh,:man_facepalming: ,neu
Joshua,786,@HollywoodStar2026,PROP NIGHT,neu
Joshua,786,@radiostarkilla21,Amazing how the chair stays in character ,pos
Joshua,789,@pijinFPS,:face-fuchsia-tongue-out:smash like chat:face-fuchsia-tongue-out:,neu
Joshua,794,@Sai-sm2nz,no way,neu
Joshua,794,@alisonwayland6057,first survivor of the cool aid,neu
Joshua,796,@z28diablo,"At least he talked this week, baby steps",neu
Joshua,797,@Baconstrip69,The chair is the best ,pos
Ivan Natanson,801,@HollywoodStar2026,wait. new chair?,neu
Ivan Natanson,803,@Donnieboy24,say cheese I guess idk,neu
Ivan Natanson,805,@albannach7943,wow,pos
Ivan Natanson,807,@BeNZoJosh,Welfare cheese,neu
Ivan Natanson,811,@AG-nv6ml,that was a quickie :pensive_face:,neu
Ivan Natanson,821,@joshuabutterwick3156,hahah welfare cheese,pos
Ivan Natanson,821,@pijinFPS,milk was a bad idea,neg
Ivan Natanson,825,@HollywoodStar2026,"jimbo, how many comics tonight?",neu
Ivan Natanson,827,@Baconstrip69,Milk was a terrible choice. It’s so hot out ,neg
Ivan Natanson,828,@albannach7943,quickie but less satisfying,neu
Ivan Natanson,834,@z28diablo,Was the milk outdated and warm?,neu
Ivan Natanson,834,@DeronJohnson70,YaaaA,neu
Ivan Natanson,835,@radiostarkilla21,"Character Night is a great idea, can anyone execute?",pos
Ivan Natanson,836,@Baconstrip69,Leave that chair alone ,neu
Ivan Natanson,846,@pijinFPS,stay classy san diego,neu
Ivan Natanson,846,@pcbulletsponge3143,cringe already,neg
Ivan Natanson,847,@BeNZoJosh,This guy. GSP ,neu
Ivan Natanson,848,@LauraEmery-z1z,4 lb block,neu
Ivan Natanson,851,@HollywoodStar2026,the chair uses you,neu
Ivan Natanson,852,@JimboTheComic,This is making me horny tbh ,neu
Ivan Natanson,863,@AlexTadeo-u6x,said hi,neu
Ivan Natanson,870,@AG-nv6ml,crack is wack,neu
Ivan Natanson,873,@albannach7943,hands above the table jimbo,neu
Ivan Natanson,881,@joshuabutterwick3156,hahaha jumbo,pos
Ivan Natanson,883,@Baconstrip69,I’m kinda glad the chair doesn’t have to see this ,neu
Ivan Natanson,883,@radiostarkilla21,Seems like a character who’d thrive on kill Tony ,neu
Ivan Natanson,884,@Sai-sm2nz,do they pick em up from the psych ward,neu
Ivan Natanson,884,@z28diablo,Jimbo impersonatinga groupie,neu
Ivan Natanson,890,@alisonwayland6057,Woody Allen?,neu
Ivan Natanson,894,@DeronJohnson70,Mental defective league in formation,neu
Ivan Natanson,897,@z28diablo,Save it for the stage jimbo,neu
Ivan Natanson,912,@JimboTheComic,100 in the chat for a shared fever dream ,neu
Ivan Natanson,912,@albannach7943,you do you jimbo!,neu
Ivan Natanson,924,@radiostarkilla21,Whoa multicam!,pos
Ivan Natanson,925,@albannach7943,wait. he is doing him..,neu
Ivan Natanson,930,@pcbulletsponge3143,this makes me want to throw a brick in the air and catch it with my forehead,neu
Ivan Natanson,930,@JimboTheComic,Hell yea Ivan ,neu
Ivan Natanson,933,@Baconstrip69,I miss the fetonoyl that makes them took at their shoes ,neu
Ivan Natanson,942,@ONWARD24seven,I think it's really cool that club partner's up with the local mental hospital to let the patience get out every once in a while. :grinning_squinting_face:,neu
Ivan Natanson,943,@albannach7943,wow multicam,pos
Ivan Natanson,954,@LauraEmery-z1z,No Rodney D.,neu
Ivan Natanson,955,@JimboTheComic,Multi cam is lit ,neu
Ivan Natanson,959,@Donnieboy24,oh shit multiple angles,neu
Ivan Natanson,968,@HollywoodStar2026,he should stay in character. maybe his jokes will work better,neu
Ivan Natanson,975,@JimboTheComic,Skyler is littttttt COM SIM PROD IS GOATED,pos
Ivan Natanson,977,@Baconstrip69,He transformed into a Chris handson victim ,neu
Ivan Natanson,978,@albannach7943,that was funny,pos
Ivan Natanson,996,@HollywoodStar2026,looks like his mom's sweater,neu
Ivan Natanson,1008,@pcbulletsponge3143,all the charisma of a dead rat,neu
Ivan Natanson,1017,@albannach7943,lol,pos
Ivan Natanson,1023,@albannach7943,that was funny.,pos
Ivan Natanson,1027,@DeronJohnson70,Haaaaa,neu
Ivan Natanson,1031,@alisonwayland6057,it's a beautiful day in the neighborhood,pos
Ivan Natanson,1032,@AG-nv6ml,:jack_o_lantern:,neu
Ivan Natanson,1033,@Baconstrip69,They tried to mix Elon mush and mark zuckerberg and it didn’t really work. ,neu
Ivan Natanson,1034,@BeNZoJosh,Hogg ,neu
Ivan Natanson,1041,@radiostarkilla21,Lol,pos
Ivan Natanson,1047,@albannach7943,lol,pos
Ivan Natanson,1054,@albannach7943,this guys has potential,neu
Ivan Natanson,1059,@ONWARD24seven,He must work for Amazon! look at that package :package: lol,pos
Ivan Natanson,1069,@albannach7943,lol,pos
Ivan Natanson,1075,@z28diablo,Heard a rumor Chair is doing Andrew DIce Clay tonight,neu
Ivan Natanson,1078,@alisonwayland6057,his gut is not a package,neu
Ivan Natanson,1085,@johnanthandoe1144,BOOOOO,neu
Morgen T,1089,@LauraEmery-z1z,Hang it yp,neu
Morgen T,1091,@Sai-sm2nz,lol,pos
Morgen T,1092,@DeronJohnson70,Heeeee,neu
Morgen T,1095,@radiostarkilla21,:clapping_hands::clapping_hands::clapping_hands::clapping_hands:,neu
Morgen T,1100,@loso2107,Elon musk as a Neanderthal ,neu
Morgen T,1103,@Donnieboy24,nice dude,pos
Morgen T,1103,@notjeremyrenner,Yeahhhhhh idk abt all that,neu
Morgen T,1104,@radiostarkilla21,Best of the night ,pos
Morgen T,1107,@pijinFPS,he does toot and come on men,pos
Morgen T,1108,@ONWARD24seven,it's more of a treat Alison lol,pos
Morgen T,1108,@HollywoodStar2026,didn't that chair used to be blue?,neu
Morgen T,1119,@albannach7943,dude Ivan was fire. what was his character?,pos
Morgen T,1121,@johnanthandoe1144,Wtf,neu
Morgen T,1123,@AdventuresWithJosh2000,"Romans 10:9 (ESV): “If you confess with your mouth that Jesus is Lord and believe in your heart that God raised him from the dead, you will be saved.” Jesus loves you so much. :red_heart:",neu
Morgen T,1129,@BrianKirk-wi6kd,I watch this because I hate myself,neg
Morgen T,1129,@alisonwayland6057,lol ONWARD,pos
Morgen T,1136,@CarlCramer88,Dear lord did I miss anything funny? Doubt it,pos
Morgen T,1142,@armansalehh,not funny at all:middle_finger:,neg
Morgen T,1149,@CarlCramer88,Haha,pos
Morgen T,1153,@radiostarkilla21,He is NOT asian,neu
Morgen T,1154,@HollywoodStar2026,I watch this because I hate Brian,neg
Morgen T,1157,@Baconstrip69,Oh no ,neu
Morgen T,1161,@alisonwayland6057,I thought Jesus had a sense of humor,neu
Morgen T,1163,@Donnieboy24,it's true it appears chair had some work done or something hardly recognize her,neu
Morgen T,1166,@ONWARD24seven,I love this guy!,pos
Morgen T,1166,@JimboTheComic,lol Hollywood same ,pos
Morgen T,1167,@z28diablo,Chair is at the bar,pos
Morgen T,1181,@johnanthandoe1144,Hahahah,pos
Morgen T,1182,@BrianKirk-wi6kd,Hollywood join the club:smiling_face_with_smiling_eyes:,neu
Morgen T,1185,@CarlCramer88,Chair is undefeated ,neu
Morgen T,1186,@Baconstrip69,Where is the REAL chair? ,neu
Morgen T,1194,@CarlCramer88,:cricket: ,neu
Morgen T,1197,@JimboTheComic,"It’s being held hostage, bacon ",neu
Morgen T,1209,@radiostarkilla21,"Way to play along with the theme, bro :face_with_rolling_eyes:",neu
Morgen T,1210,@Donnieboy24,chair clone isn't fooling anyone bucko,neu
Morgen T,1216,@Baconstrip69,This guy shouldn’t be around Disneyland ,neu
Morgen T,1221,@alisonwayland6057,Is it Chair's night off?,neu
Morgen T,1222,@JimboTheComic,Hahaha bacon ,pos
Morgen T,1225,@johnanthandoe1144,Bro wtf hahah,pos
Morgen T,1227,@radiostarkilla21,The chair is in character!,neu
Morgen T,1228,@CarlCramer88,Jimbo and staff are trying to steal the chairs jokes. Isn’t happening ,neu
Morgen T,1234,@ONWARD24seven,He's one Google search away from the Fed's knocking on his door :door:,neu
Morgen T,1234,@LauraEmery-z1z,He has to look at his phone for this bs?!,neu
Morgen T,1242,@Donnieboy24,ahh radio true true,neu
Morgen T,1243,@albannach7943,guy lives in Hawaii bitches about how tough life is.,neu
Morgen T,1243,@JimboTheComic,Carl we are torturing chair to learn its ways ,neu
Morgen T,1245,@CarlCramer88,He looks like an arsonist ,neu
Morgen T,1248,@BeNZoJosh,Skip,neu
Morgen T,1255,@joshuabutterwick3156,this guy looks dogs in the eye As they urinate,neu
Morgen T,1255,@CarlCramer88,:rolling_on_the_floor_laughing::rolling_on_the_floor_laughing:,neu
Morgen T,1256,@johnanthandoe1144,Holy shit ,neu
Morgen T,1257,@JimboTheComic,Lmao Carl ,pos
Morgen T,1259,@Baconstrip69,He goes to burning man Hawaii and burning man.. where are the cops on the island? ,neu
Morgen T,1262,@pijinFPS,"with a name like tom asian, it's definitely a small world after all",neu
Morgen T,1270,@BeNZoJosh,Looks like he was born next to a radiation plant. ,neu
Morgen T,1275,@Donnieboy24,lmao,pos
Morgen T,1278,@BeNZoJosh,Has an extra chromosome ,neu
Morgen T,1279,@CarlCramer88,He gets dressed in he dark ,neu
Morgen T,1284,@HollywoodStar2026,Mars amirite? Expensive stuff amirite? the govt amirite? War amirite? Ugh,neg
Morgen T,1285,@armansalehh,get off,neg
Morgen T,1287,@joshuabutterwick3156,hahaha Benzo,pos
Morgen T,1291,@CarlCramer88,lol BenZo,pos
Morgen T,1291,@JoeyKooks13,I hope his family isn’t there watching this.,neu
Morgen T,1292,@armansalehh,stop,neu
Morgen T,1299,@HollywoodStar2026,is this a character yet?,neu
Morgen T,1300,@Sai-sm2nz,insert joke,neu
Morgen T,1304,@radiostarkilla21,Is this what’s called a character assassination?,neu
Morgen T,1304,@johnanthandoe1144,Speaking of bombing ,neu
Morgen T,1309,@CarlCramer88,Tough crowd tonight ,neu
Morgen T,1309,@Donnieboy24,that's a goodwill hat if I've ever seen one,neu
Morgen T,1309,@notjeremyrenner,Speaking of bombing,neu
Morgen T,1309,@Baconstrip69,It looks like two step brothers crashed his boats ,neu
Morgen T,1311,@z28diablo,Bombing on stage,neu
Morgen T,1313,@LauraEmery-z1z,he is lost in his own small world!,neu
Morgen T,1314,@ONWARD24seven,He looks like a guy that would use the new meta glasses responsibly,neu
Morgen T,1318,@CarlCramer88,lol Johnathon ,pos
Morgen T,1321,@TheFonz545,Jimbo sucks,neg
Morgen T,1321,@notjeremyrenner,Goddamnit John you literally beat me by a second ,neu
Morgen T,1324,@Baconstrip69,Meta,neu
Morgen T,1333,@albannach7943,he put jimbos clothes on by accident when he woke up in the a different bed.,neu
Morgen T,1344,@JoeyKooks13,He keeps checking if his Uber has arrived yet.,neu
Morgen T,1346,@johnanthandoe1144,Hahahahahah,pos
Morgen T,1356,@BeNZoJosh,lol Joey. ,pos
Morgen T,1357,@CarlCramer88,"Getting bad? No, it started bad and stayed bad ",neg
Morgen T,1360,@BeNZoJosh,Uber Eats. ,neu
Morgen T,1362,@z28diablo,Jamaican my ears hurt,neu
Morgen T,1364,@JimboTheComic,Fonz I love you ,pos
Morgen T,1366,@pcbulletsponge3143,nobody wants to hear about the big orange baby.,neu
Morgen T,1373,@Donnieboy24,mi bombo,neu
Morgen T,1374,@BeNZoJosh,He can jump on his bike. ,neu
Morgen T,1378,@johnanthandoe1144,He pushed for laughter hahahahahah,pos
Morgen T,1381,@JimboTheComic,This will only get worse. I’m so happy yall are here ,neu
Morgen T,1382,@Alkemystikal-c7r,hey hey everyone what's good,neu
Morgen T,1382,@AG-nv6ml,:smiling_face:,neu
Morgen T,1383,@danielleangulo2252,comedians where?,neu
Morgen T,1385,@johnanthandoe1144,Paused ,neu
Morgen T,1385,@CarlCramer88,Trump 2028…. Let’s see who gets butthurt hahaha,pos
Morgen T,1386,@LauraEmery-z1z,ong,neu
Morgen T,1387,@JimboTheComic,I would die without you ,neu
Morgen T,1395,@armansalehh,sh shut up,neu
Morgen T,1399,@HollywoodStar2026,dude these are bad dad jokes,neg
Shmirky Shurmore,1405,@ONWARD24seven,I like his shorts,neu
Shmirky Shurmore,1406,@DeronJohnson70,Wow…..:face_with_open_mouth: ,pos
Shmirky Shurmore,1406,@radiostarkilla21,His character is woody harrelson if he vowed to never be funny,pos
Shmirky Shurmore,1410,@BeNZoJosh,A struggling comedian. ,neu
Shmirky Shurmore,1410,@Donnieboy24,ouch dude,neu
Shmirky Shurmore,1410,@robertnesbit6950,what does a happy meal and a woman have in common,neu
Shmirky Shurmore,1412,@joshuabutterwick3156,RAINMMAN?? how many toothpicks Raymond?,neu
Shmirky Shurmore,1415,@LauraEmery-z1z,bombing,neu
Shmirky Shurmore,1416,@albannach7943,jimbo i am worried you will bomb. lets practice your character here.,neg
Shmirky Shurmore,1417,@brandonx3000-t6s,Obama 2028,neu
Shmirky Shurmore,1422,@johnanthandoe1144,Whooooooo!!,neu
Shmirky Shurmore,1423,@HollywoodStar2026,sounds like 10 people therer,neu
Shmirky Shurmore,1426,@z28diablo,Chino 2028,neu
Shmirky Shurmore,1429,@alisonwayland6057,wow,pos
Shmirky Shurmore,1430,@MikeLary2,make sure that guy doesn't kill him self,neu
Shmirky Shurmore,1434,@BrianKirk-wi6kd,AA is for quitters,neu
Shmirky Shurmore,1434,@BeNZoJosh,Kaboom,neu
Shmirky Shurmore,1438,@CarlCramer88,Ashley Webb 2028,neu
Shmirky Shurmore,1439,@BeNZoJosh,Megan’s law,neu
Shmirky Shurmore,1443,@z28diablo,Chino/Chair 2028,neu
Shmirky Shurmore,1446,@BeNZoJosh,Knock knock. ,neu
Shmirky Shurmore,1447,@danielleangulo2252,charlie charlie kirky i jsut popped a perky,neu
Shmirky Shurmore,1451,@johnanthandoe1144,That was worse than 9/11,neu
Shmirky Shurmore,1451,@albannach7943,jimbo character = Samuel L jackson playing Obama.,neg
Shmirky Shurmore,1460,@joshuabutterwick3156,this guy shouldn't be allowed near children,neu
Shmirky Shurmore,1462,@DeronJohnson70,One first time ,neu
Shmirky Shurmore,1463,@radiostarkilla21,Chino!,neu
Shmirky Shurmore,1467,@LauraEmery-z1z,even the crowd is out,neu
Shmirky Shurmore,1479,@alisonwayland6057,we're still mourning Dolly,neu
Shmirky Shurmore,1483,@JoeyKooks13,Oh no.,neu
Shmirky Shurmore,1485,@BeNZoJosh,Oh god ,neu
Shmirky Shurmore,1492,@JimboTheComic,My character is a fat man ,neu
Shmirky Shurmore,1496,@johnanthandoe1144,No,neu
Shmirky Shurmore,1498,@BeNZoJosh,A troll. ,neu
Shmirky Shurmore,1499,@z28diablo,"Oh god, blue hair, she's just going to yell all set",neu
Shmirky Shurmore,1500,@radiostarkilla21,Already the best character tonight ,pos
Shmirky Shurmore,1502,@BurgerSleuth-yx1ke,"Jesus is the Truth. Hell is real. We all sin. He died on the cross to pay for our sins, was buried and rose again the third day. Put your faith in Him alone to save you, trust in what He did for you.",neu
Shmirky Shurmore,1504,@BrianKirk-wi6kd,Corky is the best,pos
Shmirky Shurmore,1506,@Baconstrip69,"Your not taking it, but not by choice ",neu
Shmirky Shurmore,1507,@Donnieboy24,well shut your mouth and slap my granny ..,neu
Shmirky Shurmore,1515,@BrianKirk-wi6kd,I’m in love with Corky,pos
Shmirky Shurmore,1517,@albannach7943,ok..ok..,neu
Shmirky Shurmore,1519,@AG-nv6ml,I like different voices :thinking_face:,neu
Shmirky Shurmore,1520,@BeNZoJosh,Isn’t she the one who sells on Etsy. ,neu
Shmirky Shurmore,1527,@BovadaLVz,wow,pos
Shmirky Shurmore,1536,@LauraEmery-z1z,Noooooooo Another one with a reference list!,neu
Shmirky Shurmore,1539,@joshuabutterwick3156,Charlie's death was funnier than these comedians,neu
Shmirky Shurmore,1540,@JimboTheComic,Shit I gotta put my name on the list ,neu
Shmirky Shurmore,1542,@CarlCramer88,If I was her mom I would leave her too ,neu
Shmirky Shurmore,1543,@radiostarkilla21,Shermie Shermormore!,neu
Shmirky Shurmore,1543,@DeronJohnson70,Takes it where?,neu
Shmirky Shurmore,1548,@MikeLary2,2 things that never grow old are joke about Charlie kurk and Charley Kirk,neu
Shmirky Shurmore,1557,@johnanthandoe1144,lol,pos
Shmirky Shurmore,1558,@BeNZoJosh,Dirty. ,neu
Shmirky Shurmore,1567,@TommyTheJarvis,The terrifying thing is that the piece of paper is blank ,neu
Shmirky Shurmore,1575,@CarlCramer88,Lol^,pos
Shmirky Shurmore,1576,@JoeyKooks13,Is the lighting weird or did she write it all on a big piece of cheese?,neg
Shmirky Shurmore,1580,@gustavoquinteros212,Jesus is god guys ,neu
Shmirky Shurmore,1582,@CarlCramer88,So she’s nuts ,neu
Shmirky Shurmore,1585,@BeNZoJosh,You won a year subscription of bad puns. ,neg
Shmirky Shurmore,1586,@joshuabutterwick3156,LMFAO Tommy,pos
Shmirky Shurmore,1590,@radiostarkilla21,Shmerkie Shermore,neu
Shmirky Shurmore,1599,@Donnieboy24,Hawaii is more diverse than I once believed. chair has shown me the ways of my petulant ignorance,neu
Shmirky Shurmore,1603,@albannach7943,thabks gustavo..no sit back and have fun,neu
Shmirky Shurmore,1604,@alisonwayland6057,she used to help drag queens come up with their names,neu
Shmirky Shurmore,1607,@LauraEmery-z1z,"it is blank, your right",neu
Shmirky Shurmore,1617,@HollywoodStar2026,Corky: all those fam quirks need punch lines,neu
Shmirky Shurmore,1620,@CarlCramer88,Hawaii I think it’s where you go when you’re on the FBI top 25 list,neu
Shmirky Shurmore,1620,@BeNZoJosh,Burners. ,neu
Shmirky Shurmore,1621,@joshuabutterwick3156,theis woman would get lost in aphone booth,neu
Shmirky Shurmore,1630,@PRIME-numbers,next,neu
Shmirky Shurmore,1633,@DeronJohnson70,Speerky spunkmore ,neu
Danny Salazar,1636,@BeNZoJosh,Where do you find these people. Craigslist. ,neu
Danny Salazar,1639,@HollywoodStar2026,who are you Schmerkie?,neu
Danny Salazar,1639,@JimboTheComic,200 in the chat!!! ,neu
Danny Salazar,1643,@pijinFPS,cosplaying as Grimace,neu
Danny Salazar,1645,@Baconstrip69,I’m so hard ,neu
Danny Salazar,1650,@albannach7943,guys knock it off. this is Jimbos wife dammit.,neu
Danny Salazar,1651,@Donnieboy24,10 for effort,neu
Danny Salazar,1652,@radiostarkilla21,Shmerpie now? That was three different characters lmao,pos
Danny Salazar,1652,@HollywoodStar2026,200idiots,neu
Danny Salazar,1661,@johnanthandoe1144,No,neu
Danny Salazar,1663,@Baconstrip69,Nah,neu
Danny Salazar,1666,@CarlCramer88,"200 bored people in the chat, waiting to laugh. And if this is your first time here, don’t hold your breath.",neu
Danny Salazar,1667,@PRIME-numbers,and you're leading us Hollywood,neu
Danny Salazar,1669,@BeNZoJosh,Tell it again. ,neu
Danny Salazar,1678,@HollywoodStar2026,a wig is not a chracter,neu
Danny Salazar,1686,@joshuabutterwick3156,I didn't know Barney could talk,neu
Danny Salazar,1693,@ToxiqRiq95,Hey guys anything good or do I need to warm up chat??? ,neu
Danny Salazar,1707,@PRIME-numbers,just got here has there been a single funny set yet?,pos
Danny Salazar,1711,@albannach7943,sit down!!!,neu
Danny Salazar,1712,@alisonwayland6057,holding our breath would be the most exciting thing this char sees,neu
Danny Salazar,1713,@CarlCramer88,Hey jimbo is the 28th still on?,neu
Danny Salazar,1719,@BeNZoJosh,Got em,neu
Danny Salazar,1721,@CarlCramer88,Lol^,pos
Danny Salazar,1733,@LauraEmery-z1z,I hope there was not a cover charge!!,neu
Danny Salazar,1735,@JimboTheComic,Yes Carl!! Cleveland!! You coming?!?,pos
Danny Salazar,1739,@ToxiqRiq95,Dad jokes are also funny when they are funny.,pos
Danny Salazar,1739,@JimboTheComic,Only ten tix left ,neu
Danny Salazar,1741,@johnanthandoe1144, - throws bottle ,neu
Danny Salazar,1744,@patrickglaser1560,hahaha i laughed at the part where he got hurt,pos
Danny Salazar,1745,@BeNZoJosh,What did you learn. Hahaha. ,pos
Danny Salazar,1748,@PRIME-numbers,when does the comedy start ?,neu
Danny Salazar,1748,@HollywoodStar2026,tonight's Therapy Night,neu
Danny Salazar,1755,@bennywright4900,said hi,neu
Danny Salazar,1756,@JoeyKooks13,Must have been better last week.,neu
Danny Salazar,1758,@patrickglaser1560,it doesnt,neu
Danny Salazar,1758,@Baconstrip69,Just wait ,neu
Danny Salazar,1762,@BeNZoJosh,Comics? Is that what you call them. ,neu
Danny Salazar,1766,@PRIME-numbers,2 words for ya,neu
Danny Salazar,1769,@DeronJohnson70,Woooooooooh,neu
Danny Salazar,1770,@CarlCramer88,I need a ticket? I thought you had vip status and I was going to walk in next to you looking famous ,neu
Danny Salazar,1771,@independentRestorationServices,"All of these punchlines should end with, “I guess you had to be there”",neu
Danny Salazar,1773,@Baconstrip69,Fuck yeah this guy rocks ,neu
Danny Salazar,1774,@HollywoodStar2026,wow. Audience shot shows NO ONE,pos
Danny Salazar,1775,@joshuabutterwick3156,Joey NOPE,neu
Danny Salazar,1776,@ToxiqRiq95,THEY NEED TO PUT CHAT ON THE TV IF THEY REALLY WANT THE CROWD TO LAUGH :face_with_tears_of_joy: ,neu
Danny Salazar,1780,@patrickglaser1560,Trevor?,neu
Danny Salazar,1781,@BeNZoJosh,Pygmy. ,neu
Danny Salazar,1783,@silversurfer5475,wow there's like 5 people there,pos
Danny Salazar,1784,@Baconstrip69,Dosent tell jokes but I like him ,neu
Danny Salazar,1786,@PRIME-numbers,the virgin Tarzan,neu
Danny Salazar,1788,@mixups-h7d,weak,neg
Danny Salazar,1790,@Donnieboy24,buckle up buckaroos,neu
Danny Salazar,1792,@HollywoodStar2026,aint no crowd,neu
Danny Salazar,1792,@Baconstrip69,He is wondering for later ,neu
Danny Salazar,1794,@CarlCramer88,This guy again. We just can’t get a break ,neu
Danny Salazar,1796,@ONWARD24seven,is this El Corky,neu
Danny Salazar,1796,@DeronJohnson70,Dumpster Fire,pos
Danny Salazar,1797,@mixups-h7d,cringe,neg
Danny Salazar,1799,@ToxiqRiq95,SO THEY DRESSED UP A MONKEY WTF IS ANYONE GONNA BE FUNNY ?? ,pos
Danny Salazar,1806,@BrianKirk-wi6kd,His mom found him in a dumpster behind Planned Parenthood,neu
Danny Salazar,1808,@LauraEmery-z1z,"I am not a comedian by far, but I know even I could do better",neu
Danny Salazar,1808,@alisonwayland6057,chair looks a tad shorter,neu
Danny Salazar,1810,@TommyTheJarvis,CPU: “no comedy simulation detected”,neu
Danny Salazar,1815,@radiostarkilla21,Wow,pos
Danny Salazar,1815,@BeNZoJosh,EL shorty. ,neu
Danny Salazar,1818,@JoeyKooks13,This guy is leaving with Shmirkey tonight guaranteed.,neu
Danny Salazar,1822,@edwardwelland,really?,neu
Danny Salazar,1826,@Baconstrip69,Mild ,neu
Danny Salazar,1827,@silversurfer5475,this sucks,neg
Danny Salazar,1828,@MrCaseClayborn,"oof, watching someone die on stage ..",neu
Danny Salazar,1828,@HanzSygnal,System of a Down Syndrome,neu
Danny Salazar,1828,@johnanthandoe1144,Second intro nice ,pos
Danny Salazar,1830,@Donnieboy24,chair got a tan it seems,neu
Danny Salazar,1830,@joshuabutterwick3156,FSO Joey,neu
Danny Salazar,1831,@HollywoodStar2026,"not enough booze to do you , danny",neu
Danny Salazar,1835,@radiostarkilla21,Less a character and more a person of interest ,neu
Danny Salazar,1838,@alisonwayland6057,is this his impression of a player?,neu
Danny Salazar,1838,@ToxiqRiq95,THEY ARE LAUGH OFF HOW HE LOOKS THIS IS FUCKED UP ,neu
Danny Salazar,1838,@ONWARD24seven,El Corky,neu
Danny Salazar,1844,@independentRestorationServices,This guy isn’t even a comic- he’s a bartender working for more tips/trying to get people to drink more,neu
Danny Salazar,1846,@patrickglaser1560,Bartender handout a free round to the crowd stat!,neu
Danny Salazar,1852,@BeNZoJosh,The down is strong with this one. ,pos
Danny Salazar,1856,@pcbulletsponge3143,surge taken chromosome,neu
Danny Salazar,1857,@JimboTheComic,250 in the chat he’ll yea ,neu
Danny Salazar,1859,@PRIME-numbers,he wrote this one day everyone and thought it was funny,pos
Danny Salazar,1871,@Jon_8,Ha ha,neu
Danny Salazar,1872,@MrCaseClayborn,get the stage hook...,neu
Danny Salazar,1873,@JimboTheComic,Danny is having sex tonight one way or another ,neu
Danny Salazar,1878,@ONWARD24seven,Razor Romones slow son lol,pos
Danny Salazar,1883,@radiostarkilla21,Lol jimbo,pos
Danny Salazar,1888,@HanzSygnal,oh wow,pos
Danny Salazar,1888,@TommyTheJarvis,Well that got dark ,neu
Danny Salazar,1889,@BeNZoJosh,In the mirror. ,neu
Danny Salazar,1893,@ToxiqRiq95,OK BABE IM ALMOST DONE WITH MY FREE BEER U READY TO GO TO THE CLUB WITH FUNNY PEOPLE?? :rolling_on_the_floor_laughing::rolling_on_the_floor_laughing::rolling_on_the_floor_laughing:,pos
Danny Salazar,1897,@Baconstrip69,D- Generation X would lose to Bambi ,neu
Danny Salazar,1898,@silversurfer5475,dude this is the worse shit I've ever seen,neu
Danny Salazar,1907,@independentRestorationServices,“Guess you had to be there”,neu
Danny Salazar,1909,@LauraEmery-z1z,I'm out of here!,neu
Danny Salazar,1912,@Donnieboy24,lmaooo,neu
Danny Salazar,1912,@PRIME-numbers,this shit just goes on and on lol,pos
Danny Salazar,1913,@MrCaseClayborn,"oh man, he's wearing a degeneration x shirt...",neu
Danny Salazar,1913,@patrickglaser1560,You laugh at the comics not with,neu
Danny Salazar,1913,@johnanthandoe1144,Holy shit ,neu
Danny Salazar,1916,@edwardwelland,traumitized child,neu
Danny Salazar,1917,@Sai-sm2nz,is this code for some personal shit,neu
Danny Salazar,1921,@silversurfer5475,go play out in the street,neu
Danny Salazar,1922,@radiostarkilla21,Not a bad Mr. Bill impression,neg
Danny Salazar,1923,@MrCaseClayborn,"yeah, this is bad and should feel bad",neg
Danny Salazar,1926,@HanzSygnal,lol,pos
Danny Salazar,1928,@Sean-q4f4v,Tough crowd.,neu
Danny Salazar,1932,@Gloobus.q,Live from the mental hospital ,neu
Danny Salazar,1933,@ToxiqRiq95,THE CHAT BE FUNNIER THAN THE STAND UP KIND OF THE ONLY REASON I STICK AROUND ,neu
Danny Salazar,1934,@JoeyKooks13,Imagine being on vacation in Hawaii and stumbling upon this,neu
Danny Salazar,1935,@joshuabutterwick3156,WOW THIS GUY IS 10 PLY,pos
Danny Salazar,1935,@pcbulletsponge3143,this makes me want to relapse,neu
Danny Salazar,1936,@PRIME-numbers,I hope this guy doesn't have any nieces,neu
Danny Salazar,1938,@BeNZoJosh,I bet he scored real high on his psych test. ,neu
Danny Salazar,1938,@patrickglaser1560,Tougher comments section,neu
Danny Salazar,1940,@MikeLary2,I think thats the wrong meaning of character,neu
Danny Salazar,1945,@DeronJohnson70,Necro jokes… bold,neu
Danny Salazar,1945,@eddiesanjuan8347,Don’t quit your day job. You suck,neg
Danny Salazar,1945,@independentRestorationServices,I’m gonna tell my kids this is kill Tony,neu
Danny Salazar,1949,@HollywoodStar2026,OMFG EFFING. a dead deer is the new low.,neu
Danny Salazar,1950,@BeNZoJosh,Sherm. ,neu
Danny Salazar,1956,@surfbyrd1,sick dude,pos
Danny Salazar,1957,@Baconstrip69,This guy was the uber driver ,neu
Danny Salazar,1961,@patrickglaser1560,benzojosh... lol benzos rule,pos
Danny Salazar,1969,@z28diablo,Dumpster's Eleven,neu
Danny Salazar,1973,@Baconstrip69,Why is my step dad here? ,neu
Danny Salazar,1980,@TommyTheJarvis,Oh no bro ,neu
Danny Salazar,1980,@JimboTheComic,Independent restoration services COMMENT OF THE NIGHT SO FAR ,neu
Danny Salazar,1981,@radiostarkilla21,Maybe let him try the wig ,neu
Danny Salazar,1988,@ToxiqRiq95,His day job: flinging dookie at the crowd at the zoo :rolling_on_the_floor_laughing::loudly_crying_face::rolling_on_the_floor_laughing::rolling_on_the_floor_laughing::rolling_on_the_floor_laughing:,neu
Danny Salazar,1989,@johnanthandoe1144,The lead up to nowhere ,neu
Danny Salazar,1990,@independentRestorationServices,“Guess you had to be there”,neu
Danny Salazar,1990,@TheSupercorky,Shut it down,neu
Danny Salazar,1992,@TrilobiteKing,sorry bro you're not funny,neg
Danny Salazar,1999,@alisonwayland6057,what kind of energy does he think we have when we're high to rob a bank,neu
Danny Salazar,1999,@PRIME-numbers,next,neu
Joel Hewins,2002,@patrickglaser1560,thank god,neu
Joel Hewins,2003,@ONWARD24seven,poster child of why you test you're dope,neu
Joel Hewins,2004,@PRIME-numbers,thank God,neu
Joel Hewins,2006,@johnanthandoe1144,Hahahahahahha,pos
Joel Hewins,2008,@joshuabutterwick3156,GARBAGE,neg
Joel Hewins,2009,@Baconstrip69,His character is the bad guy in fast and furious ,neg
Joel Hewins,2016,@DeronJohnson70,Thank goodness ,neu
Joel Hewins,2020,@alexandervargas8707,i bought döner from this guy an hour ago??,neu
Joel Hewins,2021,@JoeyKooks13,Guy working the camera is locked in right now though. That last guy was moving.,neu
Joel Hewins,2024,@pcbulletsponge3143,not Danny's best,pos
Joel Hewins,2025,@radiostarkilla21,Yes he did!,pos
Joel Hewins,2026,@ToxiqRiq95,THIS BALD DUDE MUST HATE HIS JOB :rolling_on_the_floor_laughing::rolling_on_the_floor_laughing::rolling_on_the_floor_laughing:,neg
Joel Hewins,2028,@notjeremyrenner,"Real talk why do you let this man do this to himself every week it seems mean spirited that no one’s sat him down yet, no disrespect to the fella of course but the bit needs some work",neg
Joel Hewins,2034,@aliwritesfunny,Wholesome entertainment!,pos
Joel Hewins,2036,@HollywoodStar2026,"I dont think any of these goofs understand ""Character Night'",neu
Joel Hewins,2037,@radiostarkilla21,Lol Chino ,pos
Joel Hewins,2038,@ONWARD24seven,lol,pos
Joel Hewins,2048,@joshuabutterwick3156,this guy's is a wanted fugitive,neu
Joel Hewins,2051,@armansalehh,comedy bull shit,neu
Joel Hewins,2052,@lbxlunchbox2309,Jesus christ,neu
Joel Hewins,2052,@ToxiqRiq95,HE DID 4??? :exploding_head: :rolling_on_the_floor_laughing::rolling_on_the_floor_laughing::rolling_on_the_floor_laughing::rolling_on_the_floor_laughing::rolling_on_the_floor_laughing::rolling_on_the_floor_laughing:,neu
Joel Hewins,2053,@JimboTheComic,Jeremy we are too scared to,neu
Joel Hewins,2057,@rugascombatanalysis4049,This nigga told a real story with no punchline ,neu
Joel Hewins,2059,@Donnieboy24,love chino but he looks like bert Chrysler and just j gomez merged bodies,pos
Joel Hewins,2059,@PRIME-numbers,was that a Mexican joke,neu
Joel Hewins,2061,@patrickglaser1560,that mullet better go hawrd,neu
Joel Hewins,2061,@John-y7c3z,im the spicy sour cream on that :taco: taco,neu
Joel Hewins,2063,@ONWARD24seven,this guy's a legend,pos
Joel Hewins,2068,@DeronJohnson70,Weeeeee,neu
Joel Hewins,2068,@johnanthandoe1144,Where do they find these creatures ,neu
Joel Hewins,2070,@independentRestorationServices,I’ll give it to these people for at least trying ,neu
Joel Hewins,2073,@alexandervargas8707,woah not the blowout lmaoo ,neu
Joel Hewins,2076,@CarlCramer88,2nd hand embarrassment anyone ,neu
Joel Hewins,2080,@BeNZoJosh,Joe dirté,neu
Joel Hewins,2084,@DeronJohnson70,Joe Hurt ,neu
Joel Hewins,2087,@aliwritesfunny,It's like he couldn't just pick one hairstyle,neu
Joel Hewins,2090,@joshuabutterwick3156,THIS GUY LOLLS LIKE A WNBA GROUPIE,pos
Joel Hewins,2090,@Donnieboy24,put a tape measure to those bangs,neu
Joel Hewins,2091,@alisonwayland6057,is he gonna impersonate a Radio Shack salesman,neu
Joel Hewins,2096,@joshuabutterwick3156,looks,neu
Joel Hewins,2099,@HollywoodStar2026,that's taking a dump,neu
Joel Hewins,2104,@ToxiqRiq95,HIM GRUNTING HELPED MY COMMENT SO WELL :rolling_on_the_floor_laughing::rolling_on_the_floor_laughing::rolling_on_the_floor_laughing::rolling_on_the_floor_laughing:,neu
Joel Hewins,2108,@ONWARD24seven,loved his mom so much he kept her hairstyle when she had him,pos
Joel Hewins,2109,@alexandervargas8707,still better than the kill tony special ,neu
Joel Hewins,2112,@JimboTheComic,300 in the chat ,neu
Joel Hewins,2120,@BrianKirk-wi6kd,He wore out three hairdryers this week,neu
Joel Hewins,2122,@808golf7,Sounded constipated ,neu
Joel Hewins,2126,@rugascombatanalysis4049,They must have guns to the crowd’s heads ,neu
Joel Hewins,2133,@DeronJohnson70,Oh my :see_no_evil_monkey:,neu
Joel Hewins,2136,@PRIME-numbers,tonight's theme is apparently ego death,neu
Joel Hewins,2139,@patrickglaser1560,no guns in Hawaii,neu
Joel Hewins,2140,@Baconstrip69,You were better coaching the lords of dogtown ,neu
Joel Hewins,2141,@radiostarkilla21,Lol,pos
Joel Hewins,2144,@independentRestorationServices,Hell yeah- super specific inside jokes are my favorite ,neu
Joel Hewins,2144,@joshuabutterwick3156,this guy and trump have the same hairdresser,neu
Joel Hewins,2144,@paulamullings2469,can he see this live,neu
Joel Hewins,2148,@Donnieboy24,the hairstyle of girls named darla,neu
Joel Hewins,2156,@ONWARD24seven,I bet him and his mom are identical twins,neu
Joel Hewins,2158,@HollywoodStar2026,Wait they don't find out the topic until they get there?,neu
Joel Hewins,2158,@notjeremyrenner,Not bad actually ,neg
Joel Hewins,2160,@patrickglaser1560,they need the chat right in their faces,neu
Joel Hewins,2162,@independentRestorationServices,Classic Chuck. Am I rite?,neu
Joel Hewins,2164,@JoeyKooks13,This guy is too political for me.,neu
Joel Hewins,2169,@ToxiqRiq95,CAN WE GET A PAN OF THE CROWD IM SUPER CURIOUS HOW MANY PEOPLE CAME FOR THE FREE FIRST ROUND ??? :face_exhaling:,neu
Joel Hewins,2173,@pijinFPS,Taylor Slow,neu
Joel Hewins,2175,@notjeremyrenner,Yk what fuck it this is fun ,neu
Joel Hewins,2177,@HollywoodStar2026,Imersonations are not characters,neu
Joel Hewins,2178,@TommyTheJarvis,That’s actually pretty damn good ,neu
Joel Hewins,2180,@DeronJohnson70,Up chuck,neu
Joel Hewins,2180,@radiostarkilla21,Ted Danson on acid,neu
Joel Hewins,2189,@rugascombatanalysis4049,We dont know wtf is going on,neu
Joel Hewins,2190,@Baconstrip69,Can you impersonate a comedian?,neu
Joel Hewins,2193,@PRIME-numbers,next,neu
Joel Hewins,2193,@BrianKirk-wi6kd,They play this channel at Guantánamo Bay as punishment,neu
Joel Hewins,2193,@independentRestorationServices,Shane Nelson fo sho,neu
Joel Hewins,2200,@canibmeplz260,he could always be the drummer for def leopard... with both arms,neu
Joel Hewins,2213,@paulamullings2469,I am new here. So this is live? Does this happen every night.,neu
Joel Hewins,2214,@aliwritesfunny,Shane was on point tho,neu
Joel Hewins,2217,@JimboTheComic,That works. ,neu
Joel Hewins,2222,@johnanthandoe1144,Ha,neu
Joel Hewins,2222,@BeNZoJosh, The audience isn’t quiet because they’re listening. We’re just confused.,neu
Joel Hewins,2223,@Donnieboy24,impersonate chair you punk!!,neu
Joel Hewins,2223,@Baconstrip69,Cani wins ,neu
Joel Hewins,2224,@Ramon_Martinez_Benitez,they all sound the same,neu
Joel Hewins,2225,@independentRestorationServices,Guys- trust me- that was Shane Nelson. ,neu
Joel Hewins,2227,@patrickglaser1560,hahaha spot on impression of Jimbo,pos
Joel Hewins,2228,@DeronJohnson70,Shout out to Jimbo ,neu
Joel Hewins,2233,@rugascombatanalysis4049,Play this for kids to go to sleep ,neu
Joel Hewins,2233,@radiostarkilla21,Better than yelling at his gf like last week ,neu
Joel Hewins,2234,@lbxlunchbox2309,when do the jokes happen,neu
Joel Hewins,2234,@paulamullings2469,No what just gojngnto watch,neu
Joel Hewins,2239,@independentRestorationServices,Israel,neu
Joel Hewins,2240,@HollywoodStar2026,Dumpstan,neu
Joel Hewins,2245,@pcbulletsponge3143,"oh no, he took an improv class",neu
Joel Hewins,2245,@PaulwhitefolksWallace,1970s Band Hair,neu
Joel Hewins,2247,@djstrawn1,best guess on what he snorted,pos
Joel Hewins,2247,@PRIME-numbers,I heard he was going to impersonate Norm McDonald but he actually has to be funny so he couldn't do it,pos
Joel Hewins,2252,@aliwritesfunny,"Corky, send help!",neu
Joel Hewins,2253,@ToxiqRiq95,SOMEONE YELL A BLACK GUY!!!!! ,neu
Joel Hewins,2255,@joshuabutterwick3156,every Person in the crowd was handed ear plugs as they entered,neu
Joel Hewins,2261,@alisonwayland6057,is Shane going to impersonate Burt or Ernie tonight?,neu
Joel Hewins,2264,@fideltorres6380,What a loser,neg
Joel Hewins,2267,@JoeyKooks13,The bar is apparently 250 feet away,pos
Joel Hewins,2267,@Clickhere1405,JESUS DIED ON THE:latin_cross:For Are Sins An Rose 3 Days Saving US From HELL IF WE REPENT AN TURN From Are SINS AN Belive He Died AN That God Raised JESUS From The Dead Atfer 3 days An Make HIM OUR LORD&SAVIOR,neu
Joel Hewins,2267,@patrickglaser1560,Denmark sounds like Amsterdam,neu
Joel Hewins,2270,@Clickhere1405,JESUS SAVES:heart_suit: SO IF you're going through depression rage Fear trauma or unforgiveness N life just know JESUS can help give u peace an heal Your broken:broken_heart:Call on JESUS for he cares give JESUS A Chance:folded_hands:,neu
Joel Hewins,2272,@johnanthandoe1144,How many people are there ,neu
Joel Hewins,2275,@notjeremyrenner,Huh ,neu
Joel Hewins,2279,@PRIME-numbers,what is this guy from Denmark doing? A BLACK GUY!!!! LOL,neg
Joel Hewins,2280,@pcbulletsponge3143,peopel from Denmark sound like gay germans,neu
Joel Hewins,2283,@Gloobus.q,Bombing,neu
Joel Hewins,2284,@independentRestorationServices,Denmark,neu
Joel Hewins,2291,@Baconstrip69,You did two impressions of locals but not Denmark? ,neu
Joel Hewins,2292,@JimboTheComic,700 Johnathan ,neu
Joel Hewins,2297,@ONWARD24seven,I come here for Alison lol,pos
Joel Hewins,2300,@DeronJohnson70,Deadmark ,neu
Joel Hewins,2301,@alexandervargas8707,is the audience across the street?,neu
Joel Hewins,2302,@patrickglaser1560,so Germans when speaking English,neu
Mister E,2310,@BeNZoJosh, Aloha means hello and goodbye… apparently to comedy ,neu
Mister E,2311,@ToxiqRiq95,COME TO FIND OUT THIS IS AT A DENNYS AND THE CROWD IS JUST PEOPLE TRYING TO EAT.,neu
Mister E,2312,@JimboTheComic,Alexander lmao ,pos
Mister E,2323,@z28diablo,"Joel, Hewins not funny bro",neg
Mister E,2324,@independentRestorationServices,I wanna see a Danish Shane Nelson,neu
Mister E,2325,@joshuabutterwick3156,lol toxic,pos
Mister E,2334,@JimboTheComic,Toxic you’re not far off tbh ,neu
Mister E,2336,@patrickglaser1560,Danish Shane gillis,neu
Mister E,2339,@Baconstrip69,Where is the real fucking chair????:chair: ,neu
Mister E,2341,@TANE-D-80,who pays who to be here?,neu
Mister E,2342,@alisonwayland6057,lol Toxiq,pos
Mister E,2344,@PRIME-numbers,the audience are playing the characters of mimes,neu
Mister E,2352,@DeronJohnson70,Yaaaa boy,neu
Mister E,2354,@rugascombatanalysis4049,I guess this is why maui tourism is plummeting ,neu
Mister E,2355,@JimboTheComic,me tane. With my tears ,neu
Mister E,2355,@patrickglaser1560,Bacon the chair is in the corner,neu
Mister E,2357,@Donnieboy24,buckle up folks,neu
Mister E,2358,@HollywoodStar2026,Need better performers up here,neu
Mister E,2360,@Runnerhaunts,said hi,neu
Mister E,2362,@ToxiqRiq95,JIMBO THE COMIC ARE U THERE??? ,neu
Mister E,2362,@patrickglaser1560,no,neu
Mister E,2365,@independentRestorationServices,Mr E- get it. Mystery…,neu
Mister E,2365,@radiostarkilla21,No,neu
Mister E,2365,@BeNZoJosh, The waves are crashing harder than these comedians.,neu
Mister E,2369,@John-y7c3z,AT TANE WORSE . IS YOUR HERE WATCHING OR FOR FREE,neu
Mister E,2376,@JimboTheComic,I have TOXIQ MY HOMIEEEEE,neu
Mister E,2379,@JimboTheComic,Am*,neu
Mister E,2382,@patrickglaser1560,don't read the comments we'll make you cry,neu
Mister E,2388,@ONWARD24seven,This guy is cool :smiling_face_with_sunglasses:,neu
Mister E,2393,@PRIME-numbers,is that Updog on the guys under shirt?,neu
Mister E,2394,@Baconstrip69,Yeah we wanna learn comedy from you ,neu
Mister E,2395,@johnanthandoe1144,Is this an ad? ,neu
Mister E,2399,@ToxiqRiq95,WHICH ONE WHERE U??? ,neu
Mister E,2402,@independentRestorationServices,Holy shit- this is all ai; none of us are real,neu
Mister E,2406,@alexandervargas8707,how many different types of national registries is this guy on?,neu
Mister E,2406,@JimboTheComic,Patrick I stay in the chat to make me stop crying ,neu
Mister E,2413,@itsyobrosj6805,YOU ARE SUPER SMART FOR TRYING THIS WITH THE COMMENTS,neu
Mister E,2422,@JimboTheComic,I didn’t go yet toxiq I’m channeling from the others ,neu
Mister E,2424,@BeNZoJosh,Comedy has left the island. ,neu
Mister E,2425,@pijinFPS,Scooby Don't,neu
Mister E,2426,@patrickglaser1560,we love ya jimbo,pos
Mister E,2426,@JoeyKooks13,This guy’s character is someone that got way to into kratom,neu
Mister E,2427,@joshuabutterwick3156,this guy eats weiners for the shape not the taste,neu
Mister E,2433,@z28diablo,"Like zoinks Scoob, I don't have any jokes to tell",neu
Mister E,2436,@Gloobus.q,This dude sounds like he has a mouth full of marbles ,neu
Mister E,2439,@radiostarkilla21,Where are the meddling kids when we need them???,neu
Mister E,2439,@aliwritesfunny,Am I at a poetry slam?,neu
Mister E,2442,@johnanthandoe1144,Im about to walk into the ocean ,neu
Mister E,2442,@Baconstrip69,Bears beers battle star galatica ,pos
Mister E,2442,@HanzSygnal,I'm scared,neu
Mister E,2442,@DeronJohnson70,Like zooinks scoob ,neu
Mister E,2448,@PRIME-numbers,everyone tonight appears to be allergic to being funny,pos
Mister E,2452,@ToxiqRiq95,I’m crossing my fingers for u. “How bout dat?”:winking_face:,neu
Mister E,2456,@pcbulletsponge3143,"rut row, this is rawful",neu
Mister E,2461,@BeNZoJosh,The silence is doing numbers. ,neu
Mister E,2462,@DanceySteveYNWA,cool story bro,neu
Mister E,2463,@ONWARD24seven,hmmm I take it they don't get paid to do this,neu
Mister E,2464,@patrickglaser1560,Gloobus he eats hotdogs sideways,neu
Mister E,2464,@independentRestorationServices,Tell him to do a danish Shane Nelson impression ,neu
Mister E,2467,@rebelghoster,:face-orange-biting-nails:,neu
Mister E,2468,@HollywoodStar2026,is his website legit? anyone check?,neu
Mister E,2470,@HanzSygnal,this is what internet and vapes produce,neu
Mister E,2470,@Baconstrip69,Bears beets battlestar galatica ,neu
Mister E,2476,@legendarystuff,terrible show 2026,neg
Mister E,2476,@PRIME-numbers,he better pull a mask off at the end,neu
Mister E,2477,@BeNZoJosh,Cool story bro. Tell it again. lol,pos
Mister E,2479,@canibmeplz260,dammit I should left when I said I was going to. the gent and the stairs was the right call. and its not ever supposed to be the right call,neu
Mister E,2481,@johnanthandoe1144,Do more ads ,neu
Mister E,2487,@MrFunkadeIic,:face-orange-biting-nails:,neu
Mister E,2489,@DanceySteveYNWA,Cringe,neg
Mister E,2494,@patrickglaser1560,yes he went to jail for bongs not drugs,pos
Mister E,2495,@Baconstrip69,Jim’s not Asian ,neu
Mister E,2497,@HanzSygnal,dude sells bikes on Craigslist,neu
Mister E,2499,@JimboTheComic,Canibmeplz always cash out when ahead ,neu
Mister E,2500,@independentRestorationServices,This guy would be funny if he just kept doing commercials for his businesses,pos
Mister E,2502,@DeronJohnson70,Good one PC:grinning_face:,neu
Mister E,2503,@aliwritesfunny,We're all gonna need a bong rip after this,neu
Mister E,2505,@ToxiqRiq95,Maybe not smoke before going on it seems like majority of these guys are buzzed or high ,neu
Mister E,2518,@PRIME-numbers,dear Lord can ONE person be funny tonight,pos
Mister E,2521,@HollywoodStar2026,Goofy the dog?,neu
Mister E,2522,@joshuabutterwick3156,this guy sells doors door to door,neu
Mister E,2534,@JimboTheComic,"No prime, absolutely not wtf do you think this is ",neu
Mister E,2538,@radiostarkilla21,Let’s hear em,neu
Mister E,2539,@Gloobus.q,There’s nothing cooler than a 50 year old talking about bongs,neu
Mister E,2539,@johnanthandoe1144,Yo send in the dogs,neu
Mister E,2541,@JoeyKooks13,Only 1:45 left. We can get through this.,neu
Mister E,2542,@patrickglaser1560,i gotta say yall are legends for letting us go ham in the comments,neu
Mister E,2552,@John-y7c3z,MYSTERY IS HE WEARING A THONG OR CAMMADO,neu
Mister E,2552,@DanceySteveYNWA,RIZZ MASTER GENERAL,neu
Mister E,2554,@ToxiqRiq95,I think I solved my crabs problem because they left from hearing this. :rolling_on_the_floor_laughing:,neu
Mister E,2555,@millerhighlife80,4 score and seven years ago,neu
Mister E,2555,@DeronJohnson70,:mirror_ball: ,neu
Mister E,2566,@independentRestorationServices,“My mom loves me”,neu
Mister E,2567,@BrianKirk-wi6kd,He’s a thrift store fashion model,neu
Mister E,2567,@PRIME-numbers,the funniest stuff I've heard tonight has been in the comments lol,pos
Mister E,2569,@alexandervargas8707,comments left on is actually insane ,pos
Mister E,2574,@JulienneFrye,"Chong forgot the disclaimer ""for tobacco use only"".",neu
Mister E,2574,@HanzSygnal,he doesn't look druish,neu
Mister E,2575,@rebelghoster,when you are buzzed or high or both you think you're funny but nobody else does. ask me how I know:face-red-droopy-eyes:,pos
Mister E,2576,@Gloobus.q,Clearly a demo expert veteran. All he does is bomb ,neg
Mister E,2586,@DanceySteveYNWA,His weed mates find him hilarious,pos
Mister E,2589,@Donnieboy24,nonstop humble brags dude,neu
Mister E,2589,@pcbulletsponge3143,disco druid sounds like another name for rufies.,neu
Mister E,2590,@z28diablo,NEXT WEEK IS CHAT MIC NIGHT,neu
Mister E,2595,@PRIME-numbers,this is your brain on drugs,neu
Mister E,2595,@rugascombatanalysis4049,Add a dunk tank have people throw balls when they trash,neg
Mister E,2595,@independentRestorationServices,Gloobus lol,pos
Mister E,2606,@JoeyKooks13,Oh no…. We triggered a flashback,neu
Mister E,2606,@ToxiqRiq95,@jimbo this sure ain’t a comedy club we know that ,neu
Mister E,2613,@GarfieldArbuckle-ks3xf,Takes guts to try though respect ,neu
Mister E,2615,@JulienneFrye,"Tough crowd, especially if you're not funny.",neg
Mister E,2617,@DeronJohnson70,"Dam, they missed him",neu
Mister E,2620,@Benji-w5l,Just sounds like a bar conversation ,pos
Mister E,2625,@johnanthandoe1144,He pulls out a gun and just starts shooting ,neu
Mister E,2626,@alisonwayland6057,it just like watching Bill Hader to impressions,neu
Mister E,2628,@DanceySteveYNWA,Based,pos
Mister E,2633,@Baconstrip69,He dosent even have chew in his pocket. He is just that American ,neu
Mister E,2634,@ONWARD24seven,True that Garfield,neu
Mister E,2642,@Gloobus.q,Imagine you die in war and this guy lives ,neu
Mister E,2646,@Baconstrip69,He is hiding from the Midwest ,neu
Mister E,2649,@radiostarkilla21,"Character, not character flaws",neu
Mister E,2651,@independentRestorationServices,Oh shit. It’s about to get real,neu
Emily,2658,@alexandervargas8707,where’s the comedy,neu
Emily,2662,@DanceySteveYNWA,imagine going into battle with this guy in your squad,neu
Emily,2667,@pcbulletsponge3143,you had jokes?,neu
Emily,2678,@ToxiqRiq95,“Character not character flaws” :rolling_on_the_floor_laughing::rolling_on_the_floor_laughing::rolling_on_the_floor_laughing::rolling_on_the_floor_laughing::rolling_on_the_floor_laughing::rolling_on_the_floor_laughing::rolling_on_the_floor_laughing::rolling_on_the_floor_laughing::rolling_on_the_floor_laughing:,neu
Emily,2682,@rugascombatanalysis4049,Imagine sitting next to him on the subway,neu
Emily,2682,@PRIME-numbers,what's the o/u on suicides in that city tonight?,neu
Emily,2687,@JimboTheComic,We are all in this together ,neu
Emily,2688,@independentRestorationServices,“He does our website so we let him do 4 minutes…”,neu
Emily,2688,@Baconstrip69,A lot of serial killers are midwestern ,neu
Emily,2695,@ToxiqRiq95,This dude paid the ones laughing 5$ to laugh when he goes up ,neu
Emily,2708,@DeronJohnson70,Emily !!!!!,neu
Emily,2710,@ONWARD24seven,I missed you,neu
Emily,2711,@Davy_Great,I never search for this. But this live always finds me,neu
Emily,2711,@Baconstrip69,Shit,neu
Emily,2711,@DanceySteveYNWA,Team Rocket fell off,neu
Emily,2716,@PRIME-numbers,oh God they let the corner crack head on stage,neu
Emily,2719,@candijack4,Dang. Came prepared with the monarch butterfly wings :purple_heart::purple_heart:,neu
Emily,2720,@alexandervargas8707,oh no oh no oh nooo,neu
Emily,2722,@Gloobus.q,I think I gave this lady 5$ outside the 7/11 earlier,neu
Emily,2723,@clipaflipa,God no ,neu
Emily,2723,@JimboTheComic,Davy that’s called HPV,neu
Emily,2726,@rugascombatanalysis4049,Yeah this is definitely skidrow guest ,neu
Emily,2732,@Baconstrip69,I remember bugs tale ,neu
Emily,2736,@PRIME-numbers,this lady asked if I had any change at the gas station earlier,neu
Emily,2743,@Davy_Great,Jimbooooo! Did you do your set yet?,neu
Emily,2744,@ToxiqRiq95,I can’t roast this NEXT BUZZER!!!!!! ,neu
Emily,2746,@clipaflipa,Drifter ,neu
Emily,2748,@PRIME-numbers,:face_with_tears_of_joy::face_with_tears_of_joy::face_with_tears_of_joy:,neu
Emily,2752,@aliwritesfunny,Can I borrow those wings to fly away real quick?,neu
Emily,2752,@DanceySteveYNWA,Amazing,pos
Emily,2755,@JimboTheComic,Davy I did not ,neu
Emily,2759,@independentRestorationServices,This lady thought this was an NA meeting now she’s doing 4 minutes. ,neu
Emily,2761,@pcbulletsponge3143,"oh fuck, please don't cry dude",neu
Emily,2763,@candijack4,Ahh yes. The unprepared caterpillar skit :fire::fire:,pos
Emily,2764,@John-y7c3z,2026 A/A HAS QUITE EVOLVED,neu
Emily,2766,@HollywoodStar2026,See looks super sad tonight,neu
Emily,2766,@alexandervargas8707,how many buzzwords can bug lady put in one sentence?,neu
Emily,2769,@alisonwayland6057,Just a smidge,neu
Emily,2769,@z28diablo,It's up to Jimbo and the Chair to save this trainwreck,neu
Emily,2770,@PRIME-numbers,this chick IS the spectrum,neu
Emily,2774,@ToxiqRiq95,I’m waiting for Jim I he talking I need that foo! :smiling_face_with_horns: ,neu
Emily,2774,@JoeyKooks13,"The whole autism thing is getting kinda played out, tbh",neu
Emily,2774,@clipaflipa,Tiny bit lady ur there ,neu
Emily,2778,@Davy_Great,Get up there champ!,neu
Emily,2780,@Gloobus.q,Caterpillar? More like slug,neu
Emily,2782,@DonKeedykk,this is so bad :face_with_tears_of_joy:,neg
Emily,2783,@BeNZoJosh, This crowd isn’t hard to please. You just have to say something remotely funny.,pos
Emily,2787,@pijinFPS,i cant roast her tonight :face-red-droopy-eyes:,neu
Emily,2791,@JimboTheComic,Don’t wait for me I’m going to be so bad ,neg
Emily,2795,@legendarystuff,where is Craig the clown at,neu
Emily,2797,@DanceySteveYNWA,"This is a comedy show,not AA meeting",neu
Emily,2800,@roninsurvivor4640,"it's kinda hard listening to your ""comedy"".",neu
Emily,2801,@candijack4,Using her words :relieved_face::face_savoring_food:,neu
Emily,2807,@alexandervargas8707,is this personal story night?,neu
Emily,2808,@JulienneFrye,"The last guy survived the war, only to die on stage.",neu
Emily,2812,@Davy_Great,I’m,neu
Emily,2812,@Benji-w5l,Is this a therapy session? ,neu
Emily,2815,@roninsurvivor4640,JOKES!,neu
Emily,2815,@John-y7c3z,SOME ONE..... . SHES SINGLE.....,neu
Emily,2819,@Baconstrip69,First of confirmed CTE on a living person ,neu
Emily,2824,@Davy_Great,I’m gonna wait for sure now jimbo ,neu
Emily,2825,@DeronJohnson70,Aileen Wuornous,neu
Emily,2826,@JimboTheComic,No benji this is the opposite ,neu
Emily,2826,@radiostarkilla21,Dame Judi Dench if she got into the Grateful Dead instead of acting ,neu
Emily,2827,@roninsurvivor4640,WHERE ARR THE JOKES?,neu
Emily,2832,@z28diablo,"Jimbo, just go up and get on all fours and do a chair impersonation for 5 minutes, guarenteed Comic of the Night",neu
Emily,2832,@DanceySteveYNWA,Cool story bro,neu
Emily,2835,@Donnieboy24,she hwwwat,neu
Emily,2836,@PRIME-numbers,she has 9 kids but only custody of 2 but she goes to church 3 times a week,neu
Emily,2837,@JimboTheComic,We all broke the law and chose this over community service ,neu
Emily,2839,@legendarystuff,get TF off the stage,neu
Emily,2842,@Benji-w5l,Whose Jimbo? ,neu
Emily,2849,@DonKeedykk,booooo,neu
Emily,2851,@rugascombatanalysis4049,This must be a rehab program ,neu
Emily,2852,@alexandervargas8707,golden girls bad ending,neu
Emily,2853,@DanceySteveYNWA,I was bullied,neu
Emily,2855,@radiostarkilla21,Jimbo’s a character ,neu
Emily,2858,@TommyTheJarvis,This is comedy in the Greek tragedy sense of the word ,neu
Emily,2858,@Davy_Great,Jimbo is the LeBron on comedy ,neu
Emily,2858,@DonKeedykk,get off the stage this isn't story hour,neg
Emily,2862,@johnanthandoe1144,Queue up the music ,neu
Emily,2864,@DanceySteveYNWA,:face_with_tears_of_joy::face_with_tears_of_joy::face_with_tears_of_joy:,neu
Emily,2865,@JoeyKooks13,Dang….. this one is actually bumming me out.,neu
Emily,2865,@Conrad2311,That’s great ,pos
Emily,2868,@ToxiqRiq95,Where the bald guy @ @Jimbo tell him he is donkey ass :winking_face:,neu
Emily,2871,@Baconstrip69,Smelly Susan Boyle ,neu
Emily,2876,@PRIME-numbers,they called you smelly for other reasons,neu
Emily,2879,@legendarystuff,smelly cat,neu
Emily,2879,@pcbulletsponge3143,"chino needs merch saying ""I survived Monday at the Comedy Simulator"" I would buy that",neu
Emily,2881,@DanceySteveYNWA,W school bully,pos
Emily,2886,@JimboTheComic,Fine I’ll be the chair fuckkkk,neu
Emily,2896,@johnanthandoe1144,Haha,pos
Emily,2896,@Gloobus.q,If meth we’re a person,neu
Emily,2899,@PRIME-numbers,next,neu
Emily,2901,@candijack4,:dashing_away::dashing_away::dashing_away::bug:,neu
Emily,2901,@radiostarkilla21,Character assassination,neu
Emily,2905,@gridd09,that one sharts,neu
Emily,2905,@johnanthandoe1144,We all love to fart ,pos
Emily,2905,@independentRestorationServices,Fart rulz,neu
Emily,2907,@PRIME-numbers,fart jokes in 2026,neu
Emily,2910,@DeronJohnson70,Farfignuton ,neu
Emily,2910,@ToxiqRiq95,YA I FELT BUMMED THE MOMENT SHE STEPPED ON STAGE THATS WHY IM ON JIMBO :rolling_on_the_floor_laughing::face_with_hand_over_mouth::face_with_hand_over_mouth::face_with_hand_over_mouth:,neu
Emily,2916,@Adam-PNW,:dog2::dashing_away:,neu
Emily,2918,@independentRestorationServices,Hell yeah! Farting!,neu
Emily,2922,@DanceySteveYNWA,W school,pos
Emily,2924,@BeNZoJosh, This is less ‘comedy night’ and more ‘public humiliation with a drink minimum. ,neu
Emily,2928,@PRIME-numbers,her childhood was a dream,neu
Emily,2929,@TCMRVideos,Oh,neu
Emily,2930,@Gloobus.q,Ms piggy is fitting ,neu
Emily,2931,@Conrad2311,BOOOOOOOOOO,neu
Emily,2931,@patrickglaser1560,she makes me sad,neu
Emily,2932,@Baconstrip69,Is she Dutch? ,neu
Emily,2933,@independentRestorationServices,If she farted I’d actually laugh,neu
Emily,2937,@TommyTheJarvis,I’m physically uncomfortable ,neu
Emily,2937,@legendarystuff,Miss smelly,neu
Emily,2941,@clipaflipa,Get it off the damn stage ,neu
Emily,2941,@Conrad2311,Disgusting ,neg
Emily,2941,@JulienneFrye,This is in Maui? A lot of these people are on vacation and came here?,neu
Emily,2942,@radiostarkilla21,Do the ms piggy voice!,neu
Emily,2943,@Benji-w5l,"If nobody boos, she’s not gonna stop ",neu
Emily,2944,@rugascombatanalysis4049,She finna start arguing with her reflection ,neu
Emily,2948,@ToxiqRiq95,Ok ima be back in afew i feel like i wanna cry ,neu
Emily,2949,@independentRestorationServices,This lady advertising her business too,neu
Emily,2952,@clipaflipa,Car wreck ,neu
Emily,2956,@Donnieboy24,benji lmfao,pos
Emily,2957,@patrickglaser1560,if you Washed it you wouldn't smell,neu
Emily,2960,@DeronJohnson70,Hell to the no,neu
Emily,2962,@Gloobus.q,Celibate. Not by choice.,neu
Emily,2965,@alisonwayland6057,does it smell funny in here or is it just me?,pos
Emily,2968,@rollerskatertexasgirl,:cocktail_glass::wine_glass::clinking_beer_mugs::tropical_drink:,neu
Emily,2971,@Hackofalltrades-mh5fq,hi sorry im late,neu
Emily,2973,@Baconstrip69,Her house is in aushawitz ,neu
Emily,2974,@alexandervargas8707,hawaii has a lot of homeless folks unfortunately ,neu
Emily,2976,@legendarystuff,remove her from stage,neu
Emily,2976,@TCMRVideos,This is. Somthing. ,neu
Emily,2977,@rugascombatanalysis4049,The meth does not claim her,neu
Emily,2984,@DanceySteveYNWA,mic drop,neu
Emily,2990,@ONWARD24seven,:clapping_hands: :clapping_hands: :clapping_hands: :clapping_hands: :clapping_hands:,neu
Emily,2990,@Gloobus.q,Based,pos
Emily,2991,@independentRestorationServices,"“Yeah, what’s up with the drugs here? Anyone know where I can find some of those crazy drugs?”",neu
Emily,2991,@rebelghoster,:face-green-smiling:,neu
Emily,2992,@John-y7c3z,jack,neu
Emily,2996,@Pusherman,alright,neu
Emily,2997,@ToxiqRiq95,@alison ya it’s a fishy raw smell ,neu
Emily,2997,@TCMRVideos,F,neu
Emily,2998,@patrickglaser1560,damn she should have led with the based conservative take,pos
Emily,2999,@candijack4,Celibate. I’m sure voluntarily ,neu
Emily,2999,@johnanthandoe1144,Hell ya ,neu
Emily,3000,@radiostarkilla21,Whoa the character came out at the end ,pos
Emily,3003,@rebelghoster,:raising_hands: :raising_hands: :raising_hands:,neu
Emily,3005,@Baconstrip69,6million ,neu
Jackson Babine,3009,@DanceySteveYNWA,:face_with_tears_of_joy:,neu
Jackson Babine,3009,@edwardwelland,and your funny,pos
Jackson Babine,3014,@PRIME-numbers,they went to alley and asked her to perform tonight,neu
Jackson Babine,3015,@John-y7c3z,is free,neu
Jackson Babine,3017,@radiostarkilla21,Her character was Karen,neu
Jackson Babine,3019,@Pusherman,shes halibut,neu
Jackson Babine,3019,@JimboTheComic,I’m so happy you are all here w me ,pos
Jackson Babine,3022,@Conrad2311,Not by choice ,neu
Jackson Babine,3024,@aliwritesfunny,that escalated quickly,neu
Jackson Babine,3026,@pcbulletsponge3143,"thank God shes celibate, we're safe gentilemen",neu
Jackson Babine,3030,@legendarystuff,who's next a dog on stage,neu
Jackson Babine,3030,@alisonwayland6057,I thought the fart smell was a nit overwhelming,neu
Jackson Babine,3031,@ONWARD24seven,smells like halibut,neu
Jackson Babine,3032,@ToxiqRiq95,BY CHOICE IF YALL WONDERING! NOT HERS BUT ITS BY CHOICE,neu
Jackson Babine,3034,@DeronJohnson70,"She told me to kiss it where it stinks, so i took her to Detroit ",neu
Jackson Babine,3035,@JimboTheComic,Hahahaha pusher man okay comment of the night ,pos
Jackson Babine,3038,@Davy_Great,Jimbo save us please ,neu
Jackson Babine,3040,@patrickglaser1560,Jimbo got any good jew jokes lined up??,neu
Jackson Babine,3041,@John-y7c3z,bald and old is his type,neu
Jackson Babine,3041,@JulienneFrye,Wow. What happened or didn't happen in that whole last aet?,pos
Jackson Babine,3044,@alexandervargas8707,the bloodline certainly ends with her,neu
Jackson Babine,3048,@clipaflipa,Celibate by choice? I think not ,neu
Jackson Babine,3054,@Donnieboy24,:face_with_tears_of_joy:,neu
Jackson Babine,3065,@radiostarkilla21,Lol,pos
Jackson Babine,3073,@my_son_fgc,character night :thumbs_down:,neu
Jackson Babine,3074,@Conrad2311,He rides the fire ,pos
Jackson Babine,3076,@Donnieboy24,"to clarify, I'm laughing at the chat not the guy on stage",neu
Jackson Babine,3078,@JimboTheComic,I’m,neu
Jackson Babine,3080,@gridd09,this dude looks like he'd wash your windshield with a dirty rag,neu
Jackson Babine,3080,@PRIME-numbers,chews,neu
Jackson Babine,3082,@independentRestorationServices,“It was funnier in my head”,neu
Jackson Babine,3083,@ToxiqRiq95,I thought this was the mad add dude from kill Tony that just paces back and forth talking into the mic about random shit :rolling_on_the_floor_laughing:,neu
Jackson Babine,3084,@John-y7c3z,yes jealous of his hair. cause who's else would not like be a as lady as well. right....,pos
Jackson Babine,3087,@JimboTheComic,I’m gunna be a jew ,neu
Jackson Babine,3092,@rachealThacker-r1c,He’s drunk af,neu
Jackson Babine,3095,@JimboTheComic,A chair Jew ,neu
Jackson Babine,3095,@rollerskatertexasgirl,Everyone is trashed :wine_glass:. Too drunk to perform ,neu
Jackson Babine,3099,@radiostarkilla21,Ima go Boston! Does new York accent ,neu
Jackson Babine,3103,@Benji-w5l,Where’s the jokes ,neu
Jackson Babine,3104,@S2P999,BOOO,neu
Jackson Babine,3111,@HollywoodStar2026,"I think ""Character Night"" was too ambitious for this crowd",neu
Jackson Babine,3114,@candijack4,Random accent lol oookay :relieved_face:,pos
Jackson Babine,3116,@Baconstrip69,So he plays himself after saying everyone else did? ,neu
Jackson Babine,3116,@S2P999,YOU STINK!,neu
Jackson Babine,3117,@Benji-w5l,Story time hour ,neu
Jackson Babine,3117,@patrickglaser1560,hmmm a chair jew... gonna have to see that,neu
Jackson Babine,3119,@Donnieboy24,independent we can only hope so brother,neu
Jackson Babine,3121,@TCMRVideos,Boooooooooo,neu
Jackson Babine,3123,@gridd09,what's a dinah,neu
Jackson Babine,3132,@S2P999,I GOT THE TOMATOES,neu
Jackson Babine,3134,@legendarystuff,the jokes will arrive in 2027,neu
Jackson Babine,3135,@DeronJohnson70,This dude…:confounded_face:,neu
Jackson Babine,3136,@BeNZoJosh,Ha. A punny. ,neu
Jackson Babine,3138,@rugascombatanalysis4049,I heard this live is on repeat in hell,neu
Jackson Babine,3139,@TommyTheJarvis,Yeah when is Jimbo gonna be on stage ,neu
Jackson Babine,3139,@alexandervargas8707,it’s accent night yall settle in ,neu
Jackson Babine,3140,@ONWARD24seven,hmmmm,neu
Jackson Babine,3140,@PRIME-numbers,a chair jew. I heard they love to take a seat,pos
Jackson Babine,3141,@rebelghoster,:face-red-droopy-eyes:,neu
Jackson Babine,3143,@rollerskatertexasgirl,Rough crowd :flushed_face:,neu
Jackson Babine,3145,@z28diablo,The crowd is still in shock,neu
Jackson Babine,3148,@radiostarkilla21,Ask us how we like them apples already ,neu
Jackson Babine,3150,@DanceySteveYNWA,W,pos
Jackson Babine,3152,@PRIME-numbers,rough comedians,neu
Jackson Babine,3155,@HanzSygnal,"yes, I like this",pos
Jackson Babine,3156,@S2P999,YOURE NOT FUNNY,neg
Jackson Babine,3159,@patrickglaser1560,Yes plumbers are alkys...,pos
Jackson Babine,3160,@BeNZoJosh,Clap and not the std. ,neu
Jackson Babine,3162,@gridd09,and the crowd goes mild!!,neu
Jackson Babine,3162,@ONWARD24seven,Hawaii is a interesting place,neu
Jackson Babine,3167,@JimboTheComic,Please don’t hype me up just to be disappointed ,neu
Jackson Babine,3167,@legendarystuff,no jokes at all,neu
Jackson Babine,3170,@johnanthandoe1144,Disaster ,neu
Jackson Babine,3171,@patrickglaser1560,but the pipe glue is best,pos
Jackson Babine,3175,@millerhighlife80,Immediately does character,neu
Jackson Babine,3175,@S2P999,SIT DOWN JEW,neu
Jackson Babine,3177,@ToxiqRiq95,@jimbo does the one who got the most to laugh get $????,neu
Jackson Babine,3178,@alexandervargas8707,this chair was promised to us 3000 years ago :pouting_face:,neu
Jackson Babine,3179,@JulienneFrye,258 people people are watching on YouTube. I had enough. Crowd must be too sdunk to boo.,neg
Jackson Babine,3180,@JimboTheComic,Legendary you must be new here. welcome ,pos
Jackson Babine,3183,@Davy_Great,That one cousin that corners you at the get together ,neu
Jackson Babine,3189,@rebelghoster,:face-red-droopy-eyes:,neu
Jackson Babine,3189,@DanceySteveYNWA,Here we go,neu
Jackson Babine,3193,@John-y7c3z,HAPPY THEY LITE FIRE TO HAWAII. FROM THE SATELLITES,pos
Jackson Babine,3195,@HanzSygnal,lol,pos
Jackson Babine,3197,@JimboTheComic,Toxiq the one who gets any laughs doesn’t kill themselves ,neu
Jackson Babine,3200,@ONWARD24seven,Jumbo is going to kill it tonight,pos
Jackson Babine,3205,@patrickglaser1560,Hahaha,pos
Jackson Babine,3209,@DanceySteveYNWA,Do the eye thing with your fingers,neu
Jackson Babine,3210,@S2P999,POOP MOUTH,neu
Jackson Babine,3211,@legendarystuff,the crowd fell asleep when he walked on stage,neu
Jackson Babine,3211,@ToxiqRiq95,@jimbo be ready to scroll back on the comments when your done with your set :rolling_on_the_floor_laughing::rolling_on_the_floor_laughing::rolling_on_the_floor_laughing::skull:,neu
Jackson Babine,3211,@Conrad2311,Hmm ,neu
Jackson Babine,3214,@johnanthandoe1144,Pork fry rye ,neu
Jackson Babine,3214,@rollerskatertexasgirl,I saw a guy the other day with a nose. Wider than a freeway on ramp!:flushed_face:,neu
Jackson Babine,3214,@patrickglaser1560,its funny because its true jimbo,pos
Jackson Babine,3217,@candijack4,“Ayyy im walkin heeeh!” ,neu
Jackson Babine,3227,@rugascombatanalysis4049,Watching this makes my sympathy for deaf people go away,neu
Jackson Babine,3230,@z28diablo,JimbotheSavageComic,neu
Jackson Babine,3233,@PRIME-numbers,this guyyyyy,neu
Jackson Babine,3236,@gridd09,actually this dude pooped on the rug,neu
Jackson Babine,3239,@pcbulletsponge3143,ive seen funnier cartel executions,neu
Jackson Babine,3239,@DanceySteveYNWA,they know bag of meth,neu
Jackson Babine,3239,@boobertsweedtherapist,who tf is going to boo first,neg
Jackson Babine,3240,@Sai-sm2nz,long winded stories,neu
Jackson Babine,3241,@alexandervargas8707,my dad did some pretty interesting impressions of the chinese language last time we went to yellowstone ,neu
Jackson Babine,3242,@independentRestorationServices,There’s a stereotype about Hawaiians being lazy and not giving a shit about work; crazy to think it also applies to Hawaiian comics too. Don’t give a shit about jokes,neu
Jackson Babine,3242,@clipaflipa,No ur dad sounds awesome its h we don’t like ,pos
Jackson Babine,3249,@JimboTheComic,Diablo that’s the least offensive name for me,neu
Jackson Babine,3251,@HollywoodStar2026,Character Night does not equal Not Funny,neg
Jackson Babine,3252,@ToxiqRiq95,BRO THATS THE FUNKY FUCKER WHO STOLE MY CADILLAC CONVERTER LAST WEEK,neu
Jackson Babine,3254,@PRIME-numbers,where is Pat O'Neil when you need him,neu
Jackson Babine,3263,@S2P999,where is the comedy at ? I'm confused,neu
Jackson Babine,3263,@legendarystuff,Jimbo cut it short take the mic away,neu
Jackson Babine,3270,@Baconstrip69,Why does he move in and out of Boston? ,neu
Jackson Babine,3272,@DeronJohnson70,Folks !!!!,neu
Jackson Babine,3274,@Donnieboy24,oh brother,neu
Jackson Babine,3274,@radiostarkilla21,Grandma was a t-rex???,neu
Jackson Babine,3280,@alexandervargas8707,cornah ,neu
Jackson Babine,3280,@John-y7c3z,Daddy dressed him up in a dress and curls his hair and Daddy gave him sugar..,neu
Jackson Babine,3284,@JimboTheComic,Legendary I have no power here ,pos
Jackson Babine,3286,@rollerskatertexasgirl,Oh LAAAAWD!!!:flushed_face:,neu
Jackson Babine,3286,@PRIME-numbers,wait is the M.C. of this in the chat room?,neu
Jackson Babine,3287,@rugascombatanalysis4049,His hair is glued to that hat,neu
Jackson Babine,3290,@DanceySteveYNWA,And she was funnier than you,neu
Jackson Babine,3292,@JimboTheComic,Except banning the religious Jesus commenters ,neu
Jackson Babine,3292,@ONWARD24seven,is he still doing the plumber skit?,neu
Jackson Babine,3293,@aliwritesfunny,Why do you look like every white guy currently residing in Long Beach County?,neu
Jackson Babine,3295,@deantheking1492,it's ironic this is so unfunny it made me laugh,neg
Jackson Babine,3298,@ToxiqRiq95,I wanna be there so bad a throw tomato’s at this guy ,neg
Jackson Babine,3301,@legendarystuff,ok Jimbo thank you,neu
Jackson Babine,3304,@Donnieboy24,his grandmother's an ostrich okay cool,neu
Jackson Babine,3304,@S2P999,YOUR GRANDMA IS A BADASS,neu
Jackson Babine,3309,@Davy_Great,Jimbo get up there already,neu
Jackson Babine,3310,@alisonwayland6057,so she had a stoke?,neu
Jackson Babine,3310,@DeronJohnson70,:t_rex:,neu
Shane Nelson,3316,@Gloobus.q,We’re all praying to Jesus jimbo ,neu
Shane Nelson,3316,@candijack4,Mine was a pterodactyl :face_savoring_food::purple_heart:,neu
Shane Nelson,3317,@DanceySteveYNWA,Lame,neg
Shane Nelson,3317,@HollywoodStar2026,mom came out after she died?,neu
Shane Nelson,3320,@candijack4,Relatable af ,neu
Shane Nelson,3321,@ToxiqRiq95,OK WE WILL LAUGH…. WHEN U SAY SOMETHING FUNNY ,pos
Shane Nelson,3322,@independentRestorationServices,Dont ban Jesus comments. We kinda need him right now ,neu
Shane Nelson,3322,@millerhighlife80,When does he start playing the saxophone,neu
Shane Nelson,3323,@Baconstrip69,Your grandma is funnier now than you are ,neu
Shane Nelson,3324,@edwardwelland,go back to selling drugs dude,neu
Shane Nelson,3325,@FunCoola7777,Mortgages and Home Owner's Insurance,neu
Shane Nelson,3327,@pcbulletsponge3143,chino needs a band to play these people off,neu
Shane Nelson,3329,@S2P999,T-Rex :t_rex::t_rex:,neu
Shane Nelson,3330,@my_son_fgc,get outta hee,neu
Shane Nelson,3336,@John-y7c3z,SHE KNEW YOU WERE GAY. GRAMMY COULD TELL BY THE LONG WOMEN HAIR,neu
Shane Nelson,3341,@clipaflipa,Been watching for 25 minutes and the halibut not celibate comment is the only thing that made me laugh ,neu
Shane Nelson,3341,@ToxiqRiq95,U JUST SEE JIMBO RUN PAST THE CAMERA CRYING :rolling_on_the_floor_laughing:,neu
Shane Nelson,3348,@Donnieboy24,lmao!! shoutout chat,pos
Shane Nelson,3351,@PRIME-numbers,there has legit not been one funny joke,pos
Shane Nelson,3356,@DeronJohnson70,Keep it going ??,neu
Shane Nelson,3358,@JimboTheComic,Clipa that was lit ,neu
Shane Nelson,3359,@alexandervargas8707,bro waht ,neu
Shane Nelson,3359,@rollerskatertexasgirl,I’m a plumber who’s stuck in the 80s But my clogs are stuck in the 90s:face_with_tears_of_joy:,neu
Shane Nelson,3360,@JoeyKooks13,Nobody said that. We are more just concerned for him.,neu
Shane Nelson,3366,@John-y7c3z,Jackson had the fairy gau accent,neu
Shane Nelson,3374,@radiostarkilla21,Please do a Boston accent ,neu
Shane Nelson,3375,@ONWARD24seven,oh dang,neu
Shane Nelson,3379,@S2P999,same guy twice,neu
Shane Nelson,3380,@rollerskatertexasgirl,Only a plumber will get that joke,neu
Shane Nelson,3383,@DanceySteveYNWA,"Same guy, different hat",neu
Shane Nelson,3392,@independentRestorationServices,Fuck yeah- I’m here for the Shane Nelson jokes,neu
Shane Nelson,3393,@rugascombatanalysis4049,Not again ,neu
Shane Nelson,3395,@alisonwayland6057,I thought Jackson and Shane would do a good Burt and Ernie,neu
Shane Nelson,3399,@alexandervargas8707,"same dude, plus 15lbs",neu
Shane Nelson,3400,@PRIME-numbers,"this is the same guy that was just on,",neu
Shane Nelson,3409,@radiostarkilla21,Do the boston accent again bro,neu
Shane Nelson,3409,@edwardwelland,potential,neu
Shane Nelson,3411,@gridd09,how exactly does the bottom of a shirt get wrinkled like that?,neu
Shane Nelson,3412,@BeNZoJosh,This guy walked onstage with nothing but confidence and is leaving with even less. ,neu
Shane Nelson,3414,@S2P999,nope I kill spiders,neu
Shane Nelson,3415,@John-y7c3z,SUCKS HIS THREE LEGGED DOG. SO PROUD OF HIS DOGS SHLONG,neu
Shane Nelson,3419,@DeronJohnson70,Denmarkians ,neu
Shane Nelson,3419,@mixups-h7d,cringe,neg
Shane Nelson,3422,@rollerskatertexasgirl,Most clogs are in the 90% angle of a drain pipe ,neu
Shane Nelson,3423,@Donnieboy24,is this a character though,neu
Shane Nelson,3432,@independentRestorationServices,I have zero fucking clue who Shane Nelson actually is but I’m here for it ,neu
Shane Nelson,3436,@rollerskatertexasgirl,Just FYI,neu
Shane Nelson,3438,@S2P999,shirt doesn't fit you bro,neu
Shane Nelson,3441,@clipaflipa,Thought he had potential ,neu
Shane Nelson,3442,@gridd09,shirt looks like he plays with his belly button,neu
Shane Nelson,3446,@mixups-h7d,embarrassing,neu
Shane Nelson,3447,@longhardsnake,cornball,neu
Shane Nelson,3449,@patrickglaser1560,i pick spiders up and put em in my garage,neu
Shane Nelson,3450,@Donnieboy24,gloobus lmaoo,neu
Shane Nelson,3451,@DanceySteveYNWA,bro,neu
Shane Nelson,3451,@BeNZoJosh,Get back to cleaning the halls. ,neu
Shane Nelson,3454,@Brad_Pitbull_1,Free us,neu
Shane Nelson,3456,@PRIME-numbers,swing and a miss,neu
Shane Nelson,3459,@S2P999,button your shirt bro,neu
Shane Nelson,3462,@RagingPeppercorn,is this for beginners,neu
Shane Nelson,3468,@ToxiqRiq95,THEY GAVE UP ON THE DONKEY BRAINED “character night” IDEA AND JUST TOLD EVERYONE TO JUST TELL SHITTY JOKE LIKE USUAL :rolling_on_the_floor_laughing:,neu
Shane Nelson,3470,@rebelghoster,janitors got jokes,neu
Shane Nelson,3471,@rollerskatertexasgirl,I love spiders especially the jumpers,pos
Shane Nelson,3472,@patrickglaser1560,iron your shirt too,neu
Shane Nelson,3474,@radiostarkilla21,"Its Hawaiian chic, you mainlanders lol",pos
Shane Nelson,3475,@Davy_Great,Shane has good cadence. He’s doing good,neu
Shane Nelson,3480,@Brad_Pitbull_1,Iron your shirt,neu
Shane Nelson,3482,@longhardsnake,ts not funny🫩:wilted_flower:,neg
Shane Nelson,3483,@millerhighlife80,Incoming jokes,neu
Shane Nelson,3483,@DanceySteveYNWA,Kids?,neu
Shane Nelson,3484,@Baconstrip69,This might be the only one who did a character right. He just did a perfect midwestern parent ,pos
Shane Nelson,3485,@Donnieboy24,it's retired usopp from one piece,neu
Shane Nelson,3487,@S2P999,stole that shirt off a homeless guy,neu
Shane Nelson,3491,@rollerskatertexasgirl,Peacock jumpers are beautiful ,pos
Shane Nelson,3493,@alexandervargas8707,true though,neu
Shane Nelson,3496,@candijack4,:skull::skull:,neu
Shane Nelson,3496,@independentRestorationServices,This guy sounds like a comic. ,neu
Shane Nelson,3497,@panther105,you suck....,neg
Shane Nelson,3497,@PRIME-numbers,is this Gallaghers son?,neu
Shane Nelson,3498,@z28diablo,Shane likes ranch on his tossed salad,neu
Shane Nelson,3500,@alexandervargas8707,butts used to icky,neu
Shane Nelson,3503,@BeNZoJosh,Duuuude. ,neu
Shane Nelson,3504,@longhardsnake,ussop:rolling_on_the_floor_laughing:,neu
Shane Nelson,3507,@patrickglaser1560,spreading parasites,neu
Shane Nelson,3510,@johnanthandoe1144,Haha,pos
Shane Nelson,3510,@gridd09,half the buttons on that shirt doing all the work,neu
Shane Nelson,3514,@DanceySteveYNWA,I hate him,neg
Shane Nelson,3514,@ToxiqRiq95, The homeless guy was his other character.,neu
Shane Nelson,3515,@edwardwelland,get your dad on,neu
Shane Nelson,3519,@DeronJohnson70,Somewhere a buffing machine is missing a janitor ,neu
Shane Nelson,3520,@Brad_Pitbull_1,almost laughed :grinning_face_with_sweat:,neu
Shane Nelson,3521,@patrickglaser1560,no thats how you get tape worms,neu
Shane Nelson,3523,@Slice2112,Get him a bong hit transplant ,neu
Shane Nelson,3530,@candijack4,Oooof :face_exhaling: brought the scouts in right on cue ,neu
Shane Nelson,3531,@rollerskatertexasgirl,Omg SUPER EWWWW! :flushed_face:,neu
Shane Nelson,3532,@Donnieboy24,slice lmaooo,neu
Shane Nelson,3535,@BeNZoJosh,You look 44,neu
Shane Nelson,3537,@independentRestorationServices,Im fat and im taking the shirt buttoning comments too personally. lol,pos
Shane Nelson,3537,@Baconstrip69,Bet he is single. ,neu
Shane Nelson,3538,@HanzSygnal,salad shooter,neu
Shane Nelson,3542,@JimboTheComic,:face_with_tears_of_joy::face_with_tears_of_joy::face_with_tears_of_joy::face_with_tears_of_joy:,neu
Shane Nelson,3543,@spuddougherty7860,oof..bombing big time.,neu
Shane Nelson,3545,@alexandervargas8707,me and the baddie i pulled by having intestinal parasites:,neu
Shane Nelson,3547,@patrickglaser1560,bro fog machine of weed smoke would make the audience liven up,neu
Shane Nelson,3559,@z28diablo,WE NEED UNCLE WAIKIKI TO CLEANSE OUR PALATE,neu
Shane Nelson,3565,@Brad_Pitbull_1,not quite bombing,neu
Shane Nelson,3567,@radiostarkilla21,His character of a butt was spot on,neu
Shane Nelson,3569,@JimboTheComic,Spudd this is probably the best we got ,pos
Shane Nelson,3570,@Baconstrip69,Jabba da butt ,neu
Shane Nelson,3572,@longhardsnake,forced laughs 🫩:wilted_flower:,neu
Shane Nelson,3572,@rollerskatertexasgirl,I’m horrified ,neu
Shane Nelson,3575,@HollywoodStar2026,it's not IMPRESSION NIGHT,neu
Shane Nelson,3578,@Donnieboy24,it's a paid plant ovation,neu
Shane Nelson,3579,@Brad_Pitbull_1,there's some noise,neu
Shane Nelson,3583,@pcbulletsponge3143,that got me and I don't know how I can live with myself,neu
Shane Nelson,3591,@aliwritesfunny,Are there extra points for standing ovations?,neu
Shane Nelson,3592,@BeNZoJosh,He’s making sure you ain’t queen ,pos
Shane Nelson,3593,@PRIME-numbers,the guy that stood up just had to go pee,neu
Shane Nelson,3595,@S2P999,when does the comedy start :thinking_face:,neu
Shane Nelson,3595,@Baconstrip69,Jabba da butt is his cousin ,neu
Shane Nelson,3596,@ToxiqRiq95,JIMBO GET ON STAGE ALREADY I WANNA ROAST U!!!!!!,neu
Shane Nelson,3600,@808golf7,Not forced I’m here in person ,neu
Shane Nelson,3607,@rollerskatertexasgirl,As in Boooooooo berries ,neu
Shane Nelson,3608,@longhardsnake,people laughing are paid actors 🫩:wilted_flower:,neu
Shane Nelson,3609,@808golf7,He’s taking the cake for me ,neu
Shane Nelson,3612,@TommyTheJarvis,"They still make both cereals, it isn’t a “do you guys remember” thing ",neu
Shane Nelson,3614,@Brad_Pitbull_1,when its crickets and super quiet thats bombing,neu
Shane Nelson,3614,@JimboTheComic,Oh I will toxiq,neu
Shane Nelson,3614,@DanceySteveYNWA,unbelievable,neu
Shane Nelson,3621,@HollywoodStar2026,Shane doesn't remember Count Chocula and Frankenberry,neu
Shane Nelson,3622,@John-y7c3z,at 808golf. like your marri,neu
Shane Nelson,3630,@patrickglaser1560,ya obviously,neu
Shane Nelson,3634,@John-y7c3z,like your marriage,neu
Shane Nelson,3634,@gridd09,he smokes weed with his butt,neu
Shane Nelson,3637,@spuddougherty7860,get the hook,neu
Peter,3640,@radiostarkilla21,Dr. Suss,neu
Peter,3641,@patrickglaser1560,ok i like the dr seuss,neu
Peter,3641,@millerhighlife80,This is a Joe Rogan special,neu
Peter,3644,@candijack4,I support this last message :face_exhaling::dashing_away:,neu
Peter,3646,@Baconstrip69,It’s a laugh track that is bad at laughing ,neg
Peter,3648,@S2P999,BOOOOO,neu
Peter,3649,@BeNZoJosh,Smoked out. ,neu
Peter,3650,@independentRestorationServices,Jimbo make sure you tell lots of hyper specific jokes that only make sense if we know the people. ,neu
Peter,3651,@Slice2112,"Damn, still better than Dan nianan ",neu
Peter,3652,@PRIME-numbers,this guy wrote that while smoking weed,neu
Peter,3653,@DanceySteveYNWA,"Weed is gay now ,thanks idiot",neu
Peter,3655,@Brad_Pitbull_1,Saved,neu
Peter,3656,@rebelghoster,:tomato:,neu
Peter,3658,@Stillear,Shane :flexed_biceps::clapping_hands::clapping_hands::clapping_hands:,neu
Peter,3660,@John-y7c3z,IS SMOKING WEED CODE WORD EATING SHLONG,neu
Peter,3660,@longhardsnake,🫩🫩🫩,neu
Peter,3660,@aliwritesfunny,Damn I really am at a poetry slam!!!,neu
Peter,3664,@S2P999,YOU STINK,neu
Peter,3667,@Davy_Great,Jimbooooo,neu
Peter,3668,@z28diablo,I might have to go to 2 therapist sessions this week,neu
Peter,3669,@HollywoodStar2026,what happened to the spier?,neu
Peter,3671,@Donnieboy24,frankenberry was fucking fire,pos
Peter,3673,@candijack4,Shirt was just a blowing in whatever wind is there lol with no fan or windows oddly enough ,pos
Peter,3684,@PRIME-numbers,"""i think that's just him....shit"" funniest thing said all night :face_with_tears_of_joy::face_with_tears_of_joy::face_with_tears_of_joy:",pos
Peter,3689,@FkGBeats,DG REDBAN,neu
Peter,3689,@808golf7,Jokes on you I’m not married ,neu
Peter,3696,@DeronJohnson70,Next next next,neu
Peter,3698,@alisonwayland6057,when Shane goes to the barber he asks for the Bell Biv DeVoe,neu
Peter,3699,@independentRestorationServices,How many people are there?,neu
Peter,3700,@rollerskatertexasgirl,We are all doomed. Comedy is NO MORE!!:pleading_face::loudly_crying_face:,neu
Peter,3702,@Baconstrip69,Plane time is a thing? ,neu
Peter,3702,@spuddougherty7860,Host comes with the funny.,pos
Peter,3703,@gridd09,abby ra cadabra,neu
Peter,3705,@Donnieboy24,can we get this flag guy blocked? but remove the L in flag,neg
Peter,3706,@HollywoodStar2026,Abby bailed this sinking ship,neu
Peter,3711,@BeNZoJosh,Poison. ,neu
Peter,3713,@ToxiqRiq95,No JIMBO??? Ight I’m out  ,neu
Peter,3714,@John-y7c3z,your life does suck more now.,neg
Peter,3714,@Stillear,if Dr suess smoked he would've wrote that himself,neu
Peter,3718,@longhardsnake,haha funny let's laugh guys🫩🫩🫩:wilted_flower:,pos
Peter,3728,@JimboTheComic,Toxiq I’m in a few go jerk off and come back ,neu
Peter,3729,@PRIME-numbers,character comedy stand up just never hits,neu
Peter,3730,@Baconstrip69,Where is the chair? :chair: ,neu
Peter,3730,@aliwritesfunny,Is that Garth Brooks?,neu
Peter,3730,@gridd09,Pee tuh!!,neu
Peter,3731,@FkGBeats,Puh put put Peeetaaahhh,neu
Peter,3735,@bucks8281,being isolated on an island really mess these people up,neu
Peter,3735,@Brad_Pitbull_1,Peter Peter,neu
Peter,3739,@DanceySteveYNWA,So predictable,neu
Peter,3741,@BeNZoJosh,Sam was a goat. ,pos
Peter,3742,@rebelghoster,:face-orange-biting-nails:,neu
Peter,3744,@tilago,Last guy was the best,pos
Peter,3745,@clipaflipa,Ughh wtf man I just wanna laugh ,neu
Peter,3748,@John-y7c3z,sorry. you need legal cat 24/7 . not paying a day. . buy a ring and you have cat for life,neu
Peter,3750,@Davy_Great,Jimbo hurry up I need to go to bed soon,neu
Peter,3750,@JoeyKooks13,I thought he was doing an Asian bit at first,neu
Peter,3751,@JimboTheComic,Peter Peter bumkin water (Shane),neu
Peter,3753,@tilago,Gonna smoke weed with him later,neu
Peter,3754,@patrickglaser1560,no we have autists,neu
Peter,3755,@Stillear,broke back :hundred_points:,neu
Peter,3758,@radiostarkilla21,His character is euroepean in the states for world cup,neu
Peter,3759,@EmperorGrown,No laughing ,neu
Peter,3760,@longhardsnake,2nd hand embarrassing,neu
Peter,3765,@Donnieboy24,dieter laser impression,neu
Peter,3768,@Dude-8-b4m,BORING,neg
Peter,3774,@PRIME-numbers,can one fucking person be funny tonight please,pos
Peter,3778,@radiostarkilla21,Tell us about ranch bro,neu
Peter,3778,@Brad_Pitbull_1,we're all addicts,neu
Peter,3779,@JimboTheComic,Davy I’m sorry. I wronged chino and he put me towards the end. I called him gaysian ,neu
Peter,3779,@spuddougherty7860,good Lord :person_facepalming:,neu
Peter,3780,@BeNZoJosh,Maybe next time bud. ,neu
Peter,3782,@FkGBeats,BOOOOOOOOOOOOOOOOOOOO AUSTRIAN JASON ALDEAN,neu
Peter,3784,@DanceySteveYNWA,Our addiction is watching terrible comedy,neg
Peter,3786,@longhardsnake,🫩🫩:wilted_flower:,neu
Peter,3787,@gridd09,what's up with the wrinkled button up shirts,neu
Peter,3789,@radiostarkilla21,Tell us how you liked Buccees,neu
Peter,3791,@PRIME-numbers,addiction to acid? what a guy,neu
Peter,3792,@BeNZoJosh,That names funny. Peter. ,pos
Peter,3797,@independentRestorationServices,I’m glad i was stanning Shane Nelson. He was most “comic” like person so far,neu
Peter,3799,@Baconstrip69,Gay Garth brooks. Just killing fans and moving lands ,pos
Peter,3806,@rebelghoster,:face-red-droopy-eyes:,neu
Peter,3807,@HollywoodStar2026,FINALLY a good joke,neu
Peter,3808,@Donnieboy24,:face_with_tears_of_joy:,neu
Peter,3811,@independentRestorationServices,I’m addicted to awful stand up,neg
Peter,3812,@rebelghoster,:tomato:,neu
Peter,3814,@Gloobus.q,Only hams,neu
Peter,3815,@BeNZoJosh,Ready to pre explode,neu
Peter,3816,@FkGBeats,HIS NAME SHOULD BE PETER SQUEAL,neu
Peter,3817,@longhardsnake,haha 🫩🫩,pos
Peter,3818,@1911a1caspian,camera angle so bad,neg
Peter,3818,@Brad_Pitbull_1,"its humid there, wrinkles shirts",neu
Peter,3820,@JimboTheComic,Welcome IRS,neu
Peter,3823,@BeNZoJosh,Bomb. ,neg
Peter,3823,@z28diablo,OnlyChairs,neu
Peter,3831,@patrickglaser1560,i knew it was CP,neu
Peter,3833,@DeronJohnson70,Shaving Ryans Privates,neu
Peter,3837,@candijack4,Ayyyy :fire::fire::fire:,pos
Peter,3838,@Conrad2311,I hate this guy ,neg
Peter,3841,@S2P999,get off the stage gay cowboy,neg
Peter,3842,@HollywoodStar2026,"hiking up a dress, hiking up a shirt?",neu
Peter,3842,@Baconstrip69,Check his laptop ,neu
Peter,3843,@JimboTheComic,I’m in the hole chat. I gotta go prep ,neu
Peter,3844,@DanceySteveYNWA,OnlyGrimms,neu
Peter,3846,@rollerskatertexasgirl,Aaaaahhhhh!,neu
Peter,3849,@Davy_Great,:confused_face:,neu
Peter,3855,@z28diablo,JIMBO,neu
Peter,3855,@clipaflipa,I keep staying around because I feel like it’s a numbers game and we r waaaaaayyyyyyyy past due for a laugh ,neu
Peter,3855,@JimboTheComic,REMEMBER TO BE NICE TO ME,pos
Peter,3856,@z28diablo,JIMBO,neu
Peter,3858,@z28diablo,JIMBO,neu
Peter,3860,@candijack4,Good luck Jimbo!!!!,neu
Peter,3860,@BeNZoJosh,A cowboys Sidepiece. ,neu
Peter,3862,@Davy_Great,JIMBOOO,neu
Peter,3862,@gridd09,I think a dingo ate his jokes,neu
Peter,3862,@Brad_Pitbull_1,Only No laughs,neu
Peter,3862,@JimboTheComic,I swear to god if you’re mean to me I’ll freak out ,neg
Peter,3864,@FkGBeats,YOU BLOW,neu
Peter,3866,@Conrad2311,Take your prep Jimbo ,neu
Peter,3868,@S2P999,BOOO YOU STINK,neu
Peter,3869,@angelc10124,:tomato:,neu
Peter,3870,@z28diablo,You're our only hope,neu
Peter,3871,@FkGBeats,TIME,neu
Peter,3874,@independentRestorationServices,Hawaiian Guy Fieri ,neu
Peter,3875,@rollerskatertexasgirl,JIMBO:sparkling_heart::two_hearts:,neu
Peter,3877,@candijack4,We’re never mean :face_holding_back_tears:,neg
Peter,3877,@FkGBeats,LAME,neg
Peter,3881,@longhardsnake,tomatoes and empty water bottles to his face,neu
Peter,3882,@Stillear,jimbo :saluting_face:,neu
Peter,3882,@JimboTheComic,IM GOING TO PREP (goon),neu
Peter,3883,@PRIME-numbers,I'm giving this 2 more people if they're not funny either I'm out,neg
Peter,3886,@aliwritesfunny,He lives here every July and part of August,neu
Peter,3891,@alisonwayland6057,go prep,neu
Peter,3892,@longhardsnake,:thong_sandal::thong_sandal:,neu
Peter,3895,@z28diablo,"Jimbo, do the chair bro! Maybe get Chino tosit on your back.",neu
Peter,3897,@Donnieboy24,kenny Chesney hat,neu
Peter,3897,@JimboTheComic,Prime that’s perfect ,pos
Peter,3911,@JoeyKooks13,Hanging for Jimbo and then bailing.,neu
Peter,3912,@radiostarkilla21,"Accurate cowboys impression, sucking as bad as they did last night ",neg
Peter,3912,@rollerskatertexasgirl,So Painful ,neg
Peter,3915,@clipaflipa,I got one more and then I’m done ,neu
Peter,3918,@TommyTheJarvis,The German guy from Jurassic Park that they cut from the final version of,neu
Peter,3919,@Davy_Great,Jimbo will save us chat,neu
Peter,3922,@patrickglaser1560,It's not nice to hear him tho,pos
Peter,3922,@Baconstrip69,John Wayne GAYse,neu
Peter,3925,@gridd09,was this guy a character in a Rocky movie,neu
Peter,3932,@Donnieboy24,:face_with_tears_of_joy:,neu
Peter,3932,@clipaflipa,Hard to watch seriously ,neu
Peter,3933,@Davy_Great,They knew that had to save the main act for the end ,neu
Peter,3934,@candijack4,Everyone knows we can’t leave til Jimbos been on :upside_down_face::relieved_face::fire::fire::fire:,pos
Peter,3934,@HollywoodStar2026,"do some material, dont just ask the audience question. NO ONE PREPS HERE",neu
Peter,3945,@S2P999,An iPhone omg! no way,neu
Peter,3947,@BeNZoJosh,Brokeback was the movie. ,neu
Peter,3948,@JoeyKooks13,Shoutout the chat Jimbo,neu
Peter,3948,@Gloobus.q,This guy already had this hat in his closet.,neu
Peter,3949,@CaptainDookiepost,Jeffrey Bomber,neu
Peter,3949,@patrickglaser1560,zwei phone,neu
Peter,3956,@PRIME-numbers,I'm new here is Jimbo legit funny?,pos
Peter,3956,@independentRestorationServices,How do people plan on doing 4 minutes without having any jokes loaded?,neu
Peter,3960,@Stillear,shpying?,neu
Peter,3971,@JoeyKooks13,Probably not,neu
Peter,3973,@JimboTheComic,No prime I just bribe them ,neu
Peter,3976,@HollywoodStar2026,"if this guy is Austrian, time for some Sond of Music jokes",neu
Peter,3979,@Brad_Pitbull_1,audience left,neu
Peter,3982,@John-y7c3z,this guy need to go back to food shows. onndiner and dives,neu
Peter,3983,@JimboTheComic,And the rules say be nice or I put you in timeout ,pos
Peter,3985,@PRIME-numbers,hey at least you're honest,neu
Peter,3987,@candijack4,Um… we’ll go with… yes :face_holding_back_tears::smiling_face_with_tear: so funny ,pos
Peter,3989,@clipaflipa,I’ve gone to open mic before and it’s usually not this bad man ,neg
Peter,3993,@S2P999,30 seconds left,neu
Peter,3997,@Brad_Pitbull_1,30 seconds,neu
Peter,3997,@JimboTheComic,I’m gunna try ,neu
Peter,4008,@candijack4,Thanks for all that hot sauce last week Jimbo :fire::fire::fire::relieved_face::face_exhaling:,pos
Peter,4008,@angelc10124,oh man,neu
Peter,4008,@gridd09,later Pater,neu
Peter,4009,@S2P999,BOOOOO,neu
Peter,4010,@TommyTheJarvis,“We’re too hard on God” there’s that cold German philosophy creeping thru ,neu
Peter,4010,@NESscratcher,Are there any funny people in Hawaii?,pos
Peter,4011,@angelc10124,finally,neu
Peter,4011,@PRIME-numbers,trying is 20% of the battle,neu
Peter,4012,@Brad_Pitbull_1,s29 :grinning_squinting_face: :face_with_tears_of_joy:,neu
Peter,4014,@independentRestorationServices,Shouldn’t it be Petr?,neu
Peter,4018,@Donnieboy24,clipa but this is hawaii,neu
Peter,4018,@Baconstrip69,I hope krampus gets him ,neu
Peter,4019,@HollywoodStar2026,ciao peter,neu
Peter,4020,@Ballsmcgee117,ja ja ja ja,neu
David Ames,4023,@radiostarkilla21,That was the schnit,neu
David Ames,4027,@Stillear,adieu is French homie,neu
David Ames,4042,@clipaflipa,Fair enough ,neu
David Ames,4044,@Brad_Pitbull_1,david save us,neu
David Ames,4050,@DanceySteveYNWA,lol,pos
David Ames,4052,@clipaflipa,Limited ,neu
David Ames,4053,@Davy_Great,Save us ,neu
David Ames,4056,@John-y7c3z,HE ALSO HAS HOT SPUNK TO CATCH,neu
David Ames,4056,@Brad_Pitbull_1,he might be funny,pos
David Ames,4058,@S2P999,guy from the hangover movie,neu
David Ames,4060,@PRIME-numbers,the male version of the chick that was just on,neu
David Ames,4061,@z28diablo,This guy was up all night writing jokes,neu
David Ames,4062,@Baconstrip69,Kyle gas?,neu
David Ames,4064,@longhardsnake,another tryhard,neu
David Ames,4065,@DanceySteveYNWA,David aims to shower this year,neu
David Ames,4068,@JoeyKooks13,I didn’t know people on the no fly list could fly,neu
David Ames,4071,@candijack4,This guy is paaaackin!! Those bags are packed!! :eyes:,neu
David Ames,4077,@Stillear,this guy actually remembers Woodstock,neu
David Ames,4078,@DeronJohnson70,Just get to the plane :airplane: already ,neu
David Ames,4078,@Donnieboy24,dude looks born to be a comedian,neu
David Ames,4079,@808golf7,Kyle gas confirmed ,neu
David Ames,4083,@millerhighlife80,What a unique man,neu
David Ames,4091,@clipaflipa,He looks hurt on the inside he’s probably funny ,pos
David Ames,4092,@PRIME-numbers,I wish this guy would have made sure he was early to his plane,neu
David Ames,4093,@S2P999,ok this guy sucks,neg
David Ames,4094,@rollerskatertexasgirl,Wasn’t he already up here as a woman earlier?,neu
David Ames,4096,@candijack4,Oh… his poor arm :face_holding_back_tears: I’m gonna just laugh :purple_heart:,neu
David Ames,4096,@johnanthandoe1144,He’s from Hollywood ,neu
David Ames,4097,@patrickglaser1560,steaming hot dump on stage,neu
David Ames,4098,@gridd09,this guy seems pleasant,neu
David Ames,4102,@CaptainDookiepost,Eugene from the walking dead has really let himself go,neu
David Ames,4102,@radiostarkilla21,His character is hippie bill clinton,neu
David Ames,4103,@Donnieboy24,lmao,pos
David Ames,4104,@z28diablo,BOOOOOOOOOOOOOOOOOOOOOOOOOOOOOOOO,neu
David Ames,4104,@Slice2112,"Hump the stool already pal, give us the funny biz ",pos
David Ames,4105,@Baconstrip69,I love you pumpkin? ,pos
David Ames,4109,@DanceySteveYNWA,Reddit Mod,neu
David Ames,4109,@S2P999,I WANT A REFUND,neu
David Ames,4111,@longhardsnake,500 cigarettes :wilted_flower::wilted_flower:,neu
David Ames,4114,@angelc10124,I'll share a hotdog with this guy,neu
David Ames,4117,@Stillear,he plays slots for a living,neu
David Ames,4119,@independentRestorationServices,“This was funnier in my head”,neu
David Ames,4121,@BeNZoJosh,Refund and apology. ,neu
David Ames,4122,@Donnieboy24,guild leader for sure,neu
David Ames,4122,@patrickglaser1560,hahahaha,pos
David Ames,4125,@PRIME-numbers,this guys been sober 8 years,neu
David Ames,4131,@JimboTheComic,I’m gunna be so much worse ,neu
David Ames,4134,@John-y7c3z,share my hotdog then with this guy,neu
David Ames,4136,@rollerskatertexasgirl,I was scared for a second ,neu
David Ames,4145,@NESscratcher,Prerequisite for this channel is you can’t be funny.,pos
David Ames,4146,@bucks8281,id be embarrassed to say im a professional,neu
David Ames,4151,@Brad_Pitbull_1,this is bombing :hundred_points:,neu
David Ames,4152,@rollerskatertexasgirl,Yikes:flushed_face:,neg
David Ames,4154,@Davy_Great,That is literally impossible to do so jimbo. ,neu
David Ames,4158,@PRIME-numbers,I wish this guy would have just skipped the comedy show and went straight to the airport,neu
David Ames,4161,@longhardsnake,bro needs sleep,neu
David Ames,4162,@HollywoodStar2026,this guy is pooping the stage,neu
David Ames,4162,@DanceySteveYNWA,You need new eyes,neu
David Ames,4165,@Stillear,his agent committed suey side,neu
David Ames,4166,@gridd09,those arm bandages could tell some stories,neu
David Ames,4166,@JoeyKooks13,This guy is going from here straight to 34F,neu
David Ames,4167,@millerhighlife80,He’s gonna be thinking about this on the plane,neu
David Ames,4167,@Brad_Pitbull_1,hear the silence,neu
David Ames,4167,@alisonwayland6057,that's gonna be one relaxing flight,neu
David Ames,4168,@S2P999,David pack your bags,neu
David Ames,4173,@johnanthandoe1144,BOOOOOOOOOOOOOOOOOO,neu
David Ames,4181,@Conrad2311,Wow this is bad ,neu
David Ames,4184,@Baconstrip69,I hate when my Dungeon master does an unskipable cut scene ,neg
David Ames,4187,@clipaflipa,He’s not pro just cause he’s from Hollywood ,neu
David Ames,4191,@HollywoodStar2026,yell tell us that you're quite funny so we will believe you?,pos
David Ames,4191,@BeNZoJosh,And you live in the back room. ,neu
David Ames,4191,@Brad_Pitbull_1,I can meditate its so quiet,neu
David Ames,4192,@NESscratcher,Starving Comic,neu
David Ames,4192,@Davy_Great,Prayers out to 34E,neu
David Ames,4195,@gridd09,he was an actor his role was bum in gutter,neu
David Ames,4196,@clipaflipa,Probably an extra,neu
David Ames,4197,@independentRestorationServices,The arm bandages are just when you get old and have thin skin,neu
David Ames,4197,@DanceySteveYNWA,Penguin :penguin:,neu
David Ames,4198,@patrickglaser1560,I hope this man isnt seated in an emergency exit row,neu
David Ames,4201,@Donnieboy24,ohhh no,neu
David Ames,4206,@Slice2112,His timing is impeccable ,neu
David Ames,4209,@JimboTheComic,Lmao Patrick ,pos
David Ames,4210,@candijack4,:face_with_tears_of_joy::face_with_tears_of_joy: chats got him covered. As usual :fire::fire::fire:,pos
David Ames,4220,@patrickglaser1560,Jimbo got it=),neu
David Ames,4229,@clipaflipa,He’s the crowd ?,neu
David Ames,4241,@S2P999,that's the guy who thought he was a comedian,neu
David Ames,4241,@Stillear,he still has the bandage on his arm from donating plasma,neu
David Ames,4241,@johnanthandoe1144,Bro what is going on ,neu
David Ames,4244,@PRIME-numbers,this guys hero was Artie Lange,neu
David Ames,4245,@independentRestorationServices,“Comedy”,neu
David Ames,4246,@NESscratcher,He’s Extra Alright,neu
David Ames,4246,@DanceySteveYNWA,That's the guy from the women's bathroom,neu
David Ames,4253,@millerhighlife80,Don’t let this man on a plane,neu
David Ames,4255,@alisonwayland6057,so this is what it's like to be a hand model,neu
David Ames,4263,@Conrad2311,He’s a cutter ,neu
David Ames,4264,@radiostarkilla21,If he said “i did not have sexual relations with that woman” we would 100% believe him,neu
David Ames,4265,@greenlanterndad,this isn't comedy...,neu
David Ames,4265,@S2P999,HEY BLUE CRUSH WAS A GOOD MOVIE!,neu
David Ames,4266,@HollywoodStar2026,what's with the bandaids on his let arm. Knife fight? Shark bite?,neu
David Ames,4267,@independentRestorationServices,“Comedy in Maui”,neu
David Ames,4268,@BeNZoJosh,That’s the guy that can’t be outside on Halloween or around schools. ,neu
David Ames,4268,@PRIME-numbers,funny thing is he hasn't started playing a character yet,pos
David Ames,4268,@longhardsnake,eww,neu
David Ames,4269,@bucks8281,and that's why no one will remember your name,neu
David Ames,4272,@candijack4,It’s giving more…dialysis :upside_down_face:,neu
David Ames,4273,@John-y7c3z,ACTUALLY THIS GUY IS THE BEST PERFORMANCE TO HAVE SHOWN OR GOING TO BE SHOWN,pos
David Ames,4276,@Gloobus.q,Prayers to the person seated next to him for 6 hours,neu
David Ames,4278,@gridd09,"it's not a guy it's ""ma'am""",neu
David Ames,4278,@patrickglaser1560,Epsteins island?,neu
David Ames,4281,@longhardsnake,they be signing up anybody,neu
David Ames,4283,@Slice2112,Who needs word economy anyway?? The wordy the joke the better I say! ,neu
David Ames,4285,@Brad_Pitbull_1,zooming in on the shoes :man’s_shoe:,neu
David Ames,4289,@Donnieboy24,kawai?,neu
David Ames,4290,@angelc10124,duct tape this man on the plane you don't want him loose on the plane,neu
David Ames,4291,@greenlanterndad,I think he's set made me prediabetic,neu
David Ames,4292,@Baconstrip69,Turns out comedy in Hawaii is just people confessing ,neu
David Ames,4292,@Redacted4204,Two comedians walk into a bar,pos
David Ames,4294,@S2P999,OH YEAH,neu
David Ames,4297,@aliwritesfunny,Boycotting Catwoman,neu
David Ames,4298,@Stillear,Guinness world record holder for most vpo's,neu
David Ames,4306,@PRIME-numbers,this guy is for sure on some lists,neu
David Ames,4307,@Brad_Pitbull_1,film :movie_camera: where,neu
David Ames,4308,@mikeblakeslee3066,"is this the worst of the worst comedian,s competition.",neg
David Ames,4309,@greenlanterndad,oooof,neu
David Ames,4309,@johnanthandoe1144,Shit house ,neu
David Ames,4314,@longhardsnake,aura,neu
David Ames,4314,@PRIME-numbers,why did anyone clap?,neu
David Ames,4315,@mikesewell,Things aren’t going so well after the break up,neu
David Ames,4315,@S2P999,an extra isn't an actor,neu
David Ames,4316,@bucks8281,that was dumb,neg
David Ames,4318,@rollerskatertexasgirl,Every comic is just lit the hell up and is unable to remember their jokes and tripping out. Weird ,neg
David Ames,4319,@Davy_Great,Please save us jimbo,neu
David Ames,4320,@DanceySteveYNWA,Call your Hollywood plastic surgeon about your eye bags,neu
David Ames,4321,@BeNZoJosh,An actor. Hahaha. ,pos
David Ames,4323,@Pusherman,really,neu
David Ames,4323,@DeronJohnson70,He should bail like DB Cooper,neu
David Ames,4326,@radiostarkilla21,Stayed in character ,neu
David Ames,4328,@Brad_Pitbull_1,clapping out of respect,neu
David Ames,4328,@z28diablo,"OF ALL THE CHARACTERS TONIGHT, THAT WAS DEFINITELY ONE OF THEM",neu
David Ames,4330,@PRIME-numbers,back to Hollywood he goes,neu
David Ames,4330,@Conrad2311,Damn that was one of the worst I’ve seen ,neg
David Ames,4332,@candijack4,Hope he kept walkin right out the doors and back to hellywood ,neu
David Ames,4333,@NESscratcher,Was he acting like an unfunny person?,neg
Jimbo,4343,@millerhighlife80,Kaufmanesque,neu
Jimbo,4350,@radiostarkilla21,JIMBOOOOOOOOOO,neu
Jimbo,4352,@YEAHBUDDY33-q4i,haven't been to Maui in 6 years,neu
Jimbo,4353,@BeNZoJosh,Uh oh. ,neu
Jimbo,4353,@DanceySteveYNWA,:face_with_tears_of_joy:,neu
Jimbo,4354,@Conrad2311,Nes:grinning_squinting_face:,neu
Jimbo,4355,@Donnieboy24,jimmayyyyy,neu
Jimbo,4356,@PRIME-numbers,let's go Jimbo,pos
Jimbo,4357,@Davy_Great,Jimmmmmmmmmbbooooo,neu
Jimbo,4357,@patrickglaser1560,Hallie Barry is outdated by like 20 years,neu
Jimbo,4357,@candijack4,Awww the “moderator” …adorable :face_holding_back_tears::relieved_face:,pos
Jimbo,4358,@EmperorGrown,Nobody has been funny ,pos
Jimbo,4361,@BeNZoJosh,Big JIMBO. ,neu
Jimbo,4361,@gridd09,Jimbo don't fuk up,neu
Jimbo,4367,@gatwarr,MUTED,neu
Jimbo,4367,@radiostarkilla21,Do Jimothy,neu
Jimbo,4368,@rollerskatertexasgirl,JIMBO!!!!:sparkling_heart::sparkling_heart:,neu
Jimbo,4371,@DanceySteveYNWA,:clapping_hands::clapping_hands::clapping_hands:,neu
Jimbo,4371,@TheSupercorky,Jimbo,neu
Jimbo,4371,@Brad_Pitbull_1,we're the best,pos
Jimbo,4372,@patrickglaser1560,Jimboooooo,neu
Jimbo,4374,@PRIME-numbers,not mean just honest,neg
Jimbo,4375,@BeNZoJosh,JIMBO act right. Come correct. ,neu
Jimbo,4379,@Stillear,chat is always funniest :hundred_points:,pos
Jimbo,4379,@gatwarr,cant hear anything,neu
Jimbo,4386,@independentRestorationServices,He’s probably so nervous ,neu
Jimbo,4390,@Conrad2311,He’s gonna bomb but we still love em ,neu
Jimbo,4391,@S2P999,the real comedians are in the chat,neu
Jimbo,4393,@DeronJohnson70,Jim Bo :clapping_hands: ,neu
Jimbo,4393,@Brad_Pitbull_1,this guy is alright,neu
Jimbo,4394,@DanceySteveYNWA,W,pos
Jimbo,4395,@gridd09,Jumbo,neu
Jimbo,4397,@gatwarr,YOURE MUTED!!!,neu
Jimbo,4401,@rollerskatertexasgirl,Yes Finally a real Comic!,pos
Jimbo,4403,@HollywoodStar2026,A STRETCH,neu
Jimbo,4406,@z28diablo,Told him to do the chair,neu
Jimbo,4415,@z28diablo,"Damn it, Jimbo",neu
Jimbo,4418,@Brad_Pitbull_1,another wrinkles shirt,neu
Jimbo,4419,@Baconstrip69,Jeff turmain without jackass ,neu
Jimbo,4419,@EmperorGrown,Yea I didn’t take a shower for the show ,neu
Jimbo,4422,@patrickglaser1560,oooof don't give em up,neu
Jimbo,4422,@S2P999,BOOOOOO,neu
Jimbo,4423,@gatwarr,fix the audio,neu
Jimbo,4424,@candijack4,:zipper_mouth_face:,neu
Jimbo,4427,@Stillear,"that's not acting ,that's his average Monday",neu
Jimbo,4428,@TARSUS26,not a comedian just a weight loss expert,neu
Jimbo,4429,@BeNZoJosh,36!! You’re fuckin kidding me. Bro. I was thinking 49,neu
Jimbo,4432,@Conrad2311,Damn ,neu
Jimbo,4435,@longhardsnake,is this the mod?,neu
Jimbo,4435,@rollerskatertexasgirl,:grinning_face_with_sweat::face_with_tears_of_joy:,neu
Jimbo,4439,@angelc10124,:flushed_face:,neu
Jimbo,4441,@Davy_Great,Yeah jimbo! Good one ,neu
Jimbo,4443,@johnanthandoe1144,Hahah,pos
Jimbo,4444,@EmperorGrown,How many times you think it wrinkled ,neu
Jimbo,4447,@S2P999,2026 of course everyone online shops,neu
Jimbo,4448,@radiostarkilla21,Foodland? Poke is better than the pokey bro,neu
Jimbo,4450,@DanceySteveYNWA,This is the Mid,neg
Jimbo,4450,@BeNZoJosh,I’m older than JIMBO. Haha. ,pos
Jimbo,4451,@PRIME-numbers,wasn't funny but funniest things tonight so far,pos
Jimbo,4452,@DeronJohnson70,:grinning_face:,neu
Jimbo,4453,@JoeyKooks13,The room is full?,neu
Jimbo,4454,@gatwarr,help cant hear,neu
Jimbo,4454,@rollerskatertexasgirl,:face_with_tears_of_joy::face_with_tears_of_joy::face_with_tears_of_joy:,neu
Jimbo,4456,@independentRestorationServices,He’s doing jokes at least. Nice tryin Jimbo ,pos
Jimbo,4456,@millerhighlife80,Monkeys with typewriters live ,neu
Jimbo,4457,@pijinFPS,kinda looks like he went into food land,neu
Jimbo,4457,@b-da-b,Food lion. This stream from the south?,neu
Jimbo,4458,@patrickglaser1560,Ya!!!!!!,neu
Jimbo,4459,@bucks8281,stick to being a mod,neu
Jimbo,4460,@candijack4,:rolling_on_the_floor_laughing::rolling_on_the_floor_laughing::rolling_on_the_floor_laughing: … I liked that one fr. Audience should’ve laughed lol ,pos
Jimbo,4465,@Brad_Pitbull_1,all drugs are cheap now,neu
Jimbo,4468,@independentRestorationServices,Duster,neu
Jimbo,4468,@Davy_Great,First jokes of the night ,neu
Jimbo,4469,@TARSUS26,online shopping is for losers,neg
Jimbo,4469,@S2P999,BRO YOU STINK,neu
Jimbo,4469,@NESscratcher,That was a funny joke… not original but funny,pos
Jimbo,4479,@gatwarr,MUTED,neu
Jimbo,4483,@BeNZoJosh,Well they say laughter is the best medicine. ,pos
Jimbo,4484,@aliwritesfunny,Don't do drugs (that you find at the thrift store.),neu
Jimbo,4485,@rollerskatertexasgirl,Oh lord not mescaline :grinning_face_with_sweat:,neu
Jimbo,4486,@Baconstrip69,This guy was raised on McDonald’s ,neu
Jimbo,4488,@BeNZoJosh,Next to OxyContin. ,neu
Jimbo,4488,@alisonwayland6057,imrpessions,neu
Jimbo,4489,@PRIME-numbers,extra points for the Dreamville shirt,neu
Jimbo,4491,@DanceySteveYNWA,Reddit Mod,neu
Jimbo,4492,@DeronJohnson70,:nerd_face::nerd_face:,neu
Jimbo,4493,@b-da-b,Ohhh shit this buddy from Hawaii ,neu
Jimbo,4494,@patrickglaser1560,Mescaline is stronger outta your piss,neu
Jimbo,4494,@S2P999,GET OFF THE FUCKIN STAGE YOU STINK!,neg
Jimbo,4496,@JoeyKooks13,You can do it Jimbo.,neu
Jimbo,4504,@Conrad2311,Wrestling joke ,neu
Jimbo,4505,@EmperorGrown,My LEG ,neu
Jimbo,4506,@TommyTheJarvis,Do an impression of the Super Mario guy ,neu
Jimbo,4519,@gatwarr,muted,neu
Jimbo,4521,@patrickglaser1560,s2p999 that's not nice us heavy guys sweat,pos
Jimbo,4523,@candijack4,We’re the only audience that matters anyway. Jimbo knows that :relieved_face::smirking_face:,neu
Jimbo,4524,@Baconstrip69,Bad Fred durst impression ,neg
Jimbo,4530,@gatwarr,MUTED!,neu
Jimbo,4534,@millerhighlife80,Nah,neu
Jimbo,4540,@patrickglaser1560,nerds own lots of guns :water_pistol:,neu
Jimbo,4546,@bucks8281,why his he scared of guns?,neu
Jimbo,4546,@Brad_Pitbull_1,gun jokes?,neu
Jimbo,4549,@BeNZoJosh,Good. ,neu
Jimbo,4550,@TommyTheJarvis,"Yeah, Jimbo is alright with me",neu
Jimbo,4552,@Conrad2311,Yeah Jimbo ,neu
Jimbo,4553,@gatwarr,AUDIO OFF,neu
Jimbo,4553,@rollerskatertexasgirl,Best so far!,pos
Jimbo,4555,@DanceySteveYNWA,Only thing creasing up is their clothing,neu
Jimbo,4556,@JoeyKooks13,I’m worried his hat might fall off and leave him feeling embarrassed,neu
Jimbo,4560,@PRIME-numbers,damn there was a joke in there but he did everything to avoid it,neu
Jimbo,4560,@radiostarkilla21,Water wars!!??,neu
Jimbo,4561,@Davy_Great,Jimbo killing it,pos
Jimbo,4563,@candijack4,W for Jimbo not having kids! :fire::fire::fire:,pos
Jimbo,4566,@rollerskatertexasgirl,:face_with_tears_of_joy:,neu
Jimbo,4566,@BeNZoJosh,JIMBO. You failed. ,neu
Jimbo,4572,@DeronJohnson70,Chuckle :face_with_hand_over_mouth: ,neu
Jimbo,4572,@patrickglaser1560,school supplies,neu
Jimbo,4576,@gatwarr,muted,neu
Jimbo,4578,@Donnieboy24,best so far for sure,pos
Jimbo,4581,@Baconstrip69,Okay Q for your punishment stand up ,neu
Jimbo,4584,@BeNZoJosh,Not polluting the planet with his offspring. ,neu
Jimbo,4592,@independentRestorationServices,He’s probably so nervous having to come back and read the chat,neu
Jimbo,4595,@Brad_Pitbull_1,better energy,neu
Jimbo,4595,@gatwarr,muted,neu
Jimbo,4597,@z28diablo,"Jimbo is growing, literally",neu
Jimbo,4598,@longhardsnake,disappointing,neu
Jimbo,4600,@gridd09,Jimbo you're done,neu
Jimbo,4600,@HollywoodStar2026,There's no David Ames on IMDB,neu
Jimbo,4601,@patrickglaser1560,wayfair,neu
Jimbo,4610,@Brad_Pitbull_1,pay now,neu
Jimbo,4610,@HollywoodStar2026,at least not this guy,neu
Jimbo,4613,@S2P999,jimbo get off the stage,neg
Jimbo,4624,@TommyTheJarvis,He’s a saint on earth for modding this dumpster fire too ,pos
Jimbo,4625,@millerhighlife80,Cursed room,neu
Jimbo,4627,@candijack4,Deal :rolling_on_the_floor_laughing:,neu
Jimbo,4628,@gridd09,it's over Jimbo,neu
Jimbo,4628,@Baconstrip69,Chair :chair: ,neu
Jimbo,4629,@longhardsnake,YOU'RE DONE,neu
Jimbo,4631,@DanceySteveYNWA,Jimbo Jet has crashed,neu
Jimbo,4632,@BeNZoJosh,Collections. ,neu
Jimbo,4634,@b-da-b,That’s jumbo up there? Dude just jump in chat and let’s talk shit. This ain’t it broski,neu
Jimbo,4635,@aliwritesfunny,I'm not paying for this act now or later,neu
Jimbo,4635,@HollywoodStar2026,work on your punch lines,neu
Jimbo,4641,@radiostarkilla21,So that’s what laughter sounds like,neu
Jimbo,4645,@gridd09,sit down Jimbo,neu
Jimbo,4649,@S2P999,work on your diet Jimbo,neu
Jimbo,4657,@Baconstrip69,Chair ,neu
Jimbo,4660,@BeNZoJosh,JIMBO. We deserve an apology. ,neu
Jimbo,4661,@b-da-b,Jimbo. Fuck autocorrect ,neu
Jimbo,4664,@patrickglaser1560,everyone,neu
Jimbo,4666,@longhardsnake,"get back to moderating, you're not funny",neg
Jimbo,4669,@DanceySteveYNWA,Stalker,neu
Jimbo,4670,@gatwarr,muted,neu
Jimbo,4670,@alisonwayland6057,another week of the topic being thrown out the window,neu
Jimbo,4673,@bucks8281,always goto gay sex stuff,neu
Jimbo,4680,@Brad_Pitbull_1,"punch lines, w",pos
Jimbo,4682,@BeNZoJosh,Cus we can’t get our time back. ,neu
Jimbo,4684,@Stillear,one honest person in Maui?,neu
Jimbo,4687,@candijack4,Come on Jimbo! Leave us f*ckin laughin ,pos
Jimbo,4707,@S2P999,I always finish,neu
Sascha,4712,@BeNZoJosh,Flatlined. ,neu
Sascha,4713,@gatwarr,muted,neu
Sascha,4719,@johnanthandoe1144,I sleep,neu
Sascha,4720,@longhardsnake,boooo,neu
Sascha,4720,@DanceySteveYNWA,"Yeah, we're the unfunny ones",neg
Sascha,4721,@Davy_Great,Jimbo you did good boss ,neu
Sascha,4722,@candijack4,Whooooaa! Chat catching strays :grinning_face_with_sweat::grinning_face_with_sweat::loudly_crying_face:,neu
Sascha,4724,@b-da-b,Bruh they are talking to each other. Bow out bro,neu
Sascha,4725,@JimboTheComic,Ok I’m scrolling as far as I can ,neu
Sascha,4725,@Slice2112,Bring on Tom myers already! ,neu
Sascha,4726,@Stillear,jimbo :clapping_hands::clapping_hands::clapping_hands:,neu
Sascha,4726,@BigSnake-D2B,chat does not love you,pos
Sascha,4729,@JoeyKooks13,We were paying attention. Unfortunately.,neu
Sascha,4731,@Gloobus.q,Stick to the chat boss,neu
Sascha,4733,@EmperorGrown,No more porn jokes,neu
Sascha,4735,@S2P999,JIMBO SUCKS,neg
Sascha,4736,@millerhighlife80,The joker,neu
Sascha,4738,@aliwritesfunny,"You're everyone's favorite incel, Jimbo",neu
Sascha,4738,@HollywoodStar2026,"work on your joke structure, Jimbo. The ideas are good, but they need restructure for a good punch",neu
Sascha,4739,@longhardsnake,Jimbo :rolling_on_the_floor_laughing::rolling_on_the_floor_laughing::rolling_on_the_floor_laughing:,neu
Sascha,4739,@patrickglaser1560,Jimbo.... truly knows the YouTube comments section...,neu
Sascha,4744,@Conrad2311,YEAH JIMBOOO,neu
Sascha,4744,@gatwarr,jimbo for sure involuntarily celibit,neu
Sascha,4746,@independentRestorationServices,Nice try Jimbo. Credit for trying,pos
Sascha,4748,@BeNZoJosh,Etsy seller. ,neu
Sascha,4753,@alisonwayland6057,Jimbo loved you impression of Dolly Parton,pos
Sascha,4755,@candijack4,Don’t be so hard on yourself… we’re on your side bud :face_holding_back_tears::smiling_face_with_tear:,neu
Sascha,4755,@BigSnake-D2B,damn this gonna be rough,neu
Sascha,4759,@patrickglaser1560,damn benzo you killed her,neu
Sascha,4760,@BeNZoJosh,Hope you made some sales. ,neu
Sascha,4765,@Baconstrip69,She made the suits for the incredibles,neu
Sascha,4765,@S2P999,SOMEONE GET THEIR GRANDMA,neu
Sascha,4769,@gridd09,hair like a broom :broom:,neu
Sascha,4770,@CaptainDookiepost,NOT AGAIN. Ted talk time!,neu
Sascha,4774,@HollywoodStar2026,EXPLAIN MASKING,neu
Sascha,4779,@HanzSygnal,Tabitha from MTV NEWS,neu
Sascha,4780,@longhardsnake,smash,neu
Sascha,4781,@Slice2112,lol great joke Allison ,pos
Sascha,4781,@Conrad2311,90s sitcom character ,neu
Sascha,4781,@BeNZoJosh,What?you know she probably does. ,neu
Sascha,4782,@TommyTheJarvis,"Oh great, a joke that requires us to do research. She’s won me over ",pos
Sascha,4785,@b-da-b,Tf up with her hair,neu
Sascha,4793,@candijack4,The Lego hair has to go :upside_down_face:,neu
Sascha,4795,@DanceySteveYNWA,She has cats,neu
Sascha,4799,@Baconstrip69,I’m not looking that up,neu
Sascha,4799,@patrickglaser1560,she got a bob in 2020 and never went back to the hairdresser,neu
Sascha,4805,@gridd09,Lego hair :face_with_tears_of_joy:,neu
Sascha,4807,@JoeyKooks13,Lego hair :rolling_on_the_floor_laughing::rolling_on_the_floor_laughing::rolling_on_the_floor_laughing:,neu
Sascha,4813,@JimboTheComic,Ok chat you weren’t that mean I’ll stay alive tonight ty love you ,neu
Sascha,4814,@aliwritesfunny,Dora's back!,neu
Sascha,4815,@Gloobus.q,Lord farquad lost weight,neu
Sascha,4817,@longhardsnake,Lego hair :rolling_on_the_floor_laughing::rolling_on_the_floor_laughing::rolling_on_the_floor_laughing::rolling_on_the_floor_laughing:,neu
Sascha,4828,@BeNZoJosh,Retaining water. ,neu
Sascha,4838,@HanzSygnal,lego hair Is amazing,pos
Sascha,4838,@BigSnake-D2B,this is gross,neg
Sascha,4839,@bucks8281,sounds like stds waiting to happen,neu
Sascha,4840,@longhardsnake,Tommy wright in the chat,neu
Sascha,4840,@candijack4,Jimbo :fire::fire::fire:,pos
Sascha,4842,@Davy_Great,Good thing you sold the gun ,neu
Sascha,4844,@aliwritesfunny,that's too many girlfriends,neu
Sascha,4849,@b-da-b,Go to the principals office looking ahh ,neu
Sascha,4851,@patrickglaser1560,haha davy,pos
Sascha,4855,@JimboTheComic,Davy lmao that’s a good tag I’m stealing it ,pos
Sascha,4857,@rootz4Us,Is this a joke ? ,neu
Sascha,4859,@angelc10124,yeah she's a crazy one,neu
Sascha,4860,@Gloobus.q,Longhardsnake :oncoming_fist:,neu
Sascha,4862,@independentRestorationServices,If you’re going to be mean about someone’s appearance at least be funny. ,neu
Sascha,4865,@leedlelee-l2d,I’ve never seen a hot polyamorous person ,neu
Sascha,4867,@BeNZoJosh,Lazy eye. Or Bell palsy,neu
Sascha,4872,@gridd09,Darth Vader hair,neu
Sascha,4876,@Davy_Great,The gun joke was the best of the night for sure ,pos
Sascha,4876,@Baconstrip69,I love your fan fiction ,pos
Sascha,4878,@BigSnake-D2B,these people themselves are the joke,neu
Sascha,4892,@Baconstrip69,How’s jimmy jr? ,neu
Sascha,4896,@rootz4Us,She’s not telling a joke or anything funny though ,pos
Sascha,4904,@aliwritesfunny,Sascha the shedder,neu
Sascha,4905,@patrickglaser1560,male pattern baldness is not a good look on a woman,neu
Sascha,4906,@leedlelee-l2d,get your shit together ,neu
Sascha,4913,@bucks8281,just dumb life experiences,neg
Sascha,4914,@BeNZoJosh,She’s just talking about her day,neu
Sascha,4915,@DanceySteveYNWA,Unbelievable,neu
Sascha,4917,@Conrad2311,Haha wooooooo,pos
Sascha,4919,@Baconstrip69,Billy Madison’s kindergarten teacher ,neu
Sascha,4919,@candijack4,Loves legos and being poly ,neu
Sascha,4922,@HanzSygnal,pear shaped demon,neu
Sascha,4922,@radiostarkilla21,She lacks character ,neu
Sascha,4923,@HollywoodStar2026,She's just annoying us with her life. ugh,neg
Sascha,4928,@Stillear,she thinks this is reddit irl,neu
Sascha,4932,@TommyTheJarvis,She tells jokes like she’s catching her friend up on gossip ,neu
Sascha,4946,@BeNZoJosh,Beads and bracelets. ,neu
Sascha,4948,@alisonwayland6057,she's doing an awesome job at impersonating Gilda Radner,pos
Sascha,4950,@aliwritesfunny,Not surprised she goes to Ren Fairs,neu
Sascha,4950,@gridd09,Lego hair is the best joke so far :face_with_tears_of_joy:,pos
Sascha,4950,@HollywoodStar2026,no jokes here,neu
Sascha,4951,@gxdcards,this guy stinks,neu
Sascha,4952,@Baconstrip69,The dog that lost its way ,neu
Sascha,4953,@bucks8281,the left can't meme or tell a joke,neu
Sascha,4953,@PickleRick91x,smashhh,neu
Sascha,4964,@Brad_Pitbull_1,yes,pos
Sascha,4976,@leedlelee-l2d,oh my god who the hell cares,neu
Sascha,4977,@JoeyKooks13,"Jimbo, pull the plug.",neu
Sascha,4978,@MmmMmm-r4y,BOO!!!,neg
Sascha,4978,@independentRestorationServices,Because gilda is dead?,neu
Sascha,4979,@HanzSygnal,"Siri: ""That crazy I gotta go""",neu
Sascha,4981,@Baconstrip69,By orders of lord farquad ,neu
Sascha,4982,@Ballsmcgee117,I'm banned from those apps,neu
Sascha,4986,@MmmMmm-r4y,BOO!!!,neg
Sascha,4987,@gridd09,shirt looks like wallpaper in grandma's bathroom,neu
Sascha,4993,@Donnieboy24,bacon lmfaooo,neu
Sascha,4996,@BigSnake-D2B,i cabt take another almost minute of this,neu
Sascha,5000,@patrickglaser1560,Ballsmcgee you're not missing much,neu
Sascha,5009,@loyd5763,Is this lady a comedian?,neu
Sascha,5010,@MmmMmm-r4y,of course she tslks about pusdy,neu
Juan,5013,@z28diablo,WE WANT THE CHAIR!,neu
Juan,5014,@HanzSygnal,cotton. candy hair,neu
Juan,5014,@DanceySteveYNWA,Sad,neu
Juan,5017,@HollywoodStar2026,phones are just trench coats in the park,neu
Juan,5018,@Brad_Pitbull_1,its torture night,neu
Juan,5018,@jacca1091,Jimbo sent her 1 ,neu
Juan,5020,@vegandollsxoxo,Who tf told this woman to get into comedy,neu
Juan,5021,@aliwritesfunny,Can I take this to go?,neu
Juan,5022,@EricNelson1236,just cus you like em doesn't mean,neg
Juan,5026,@b-da-b,Btw fellas. This is who doesn’t shave. Remember ,neu
Juan,5027,@pijinFPS,the dude is blind,neu
Juan,5028,@gxdcards,this shit doesn’t need q cam let alone 2 angles,neu
Juan,5028,@EmperorGrown,LOL,pos
Juan,5029,@BeNZoJosh,Nope. Far from a comedian. ,neu
Juan,5033,@vegandollsxoxo,God that was horrible ,neu
Juan,5034,@independentRestorationServices,I think 4 minutes is a painfully long time. It makes it funnier,neu
Juan,5041,@bucks8281,spirit fingers,neu
Juan,5043,@MmmMmm-r4y,that wsd just a boring story,neg
Juan,5047,@HollywoodStar2026,audience should be air dropping like cray,neu
Juan,5055,@Brad_Pitbull_1,pulling our teeth,neu
Juan,5069,@radiostarkilla21,Lol,pos
Juan,5070,@CaptainDookiepost,fell asleep. what'd I miss?,neu
Juan,5070,@whatsupworld32,This is how you start a comedy club,neu
Juan,5081,@DanceySteveYNWA,George Formby,neu
Juan,5082,@BeNZoJosh,Alright I’m dipping like ranch. Goodnight everyone. ,neu
Juan,5087,@TommyTheJarvis,He knows we have no teeth left to pull at this point ,neu
Juan,5095,@BigSnake-D2B,where is this place so i can make sure to never go there,neu
Juan,5098,@Brad_Pitbull_1,this guy is funny,pos
Juan,5100,@vegandollsxoxo,Anything will be better than that last set,neu
Juan,5101,@whatsupworld32,oh God,neu
Juan,5102,@BigSnake-D2B,this is gonna be good,neu
Juan,5105,@Davy_Great,This show peaked after jimbo see yah next week 🫩,neu
Juan,5106,@Slice2112,Oh god here we go ,neu
Juan,5107,@independentRestorationServices,This guy taught me music class in 1998,neu
Juan,5108,@BigSnake-D2B,this better be good,neu
Juan,5113,@patrickglaser1560,and he delivers,neu
Juan,5115,@aliwritesfunny,this guy came prepared AF,neu
Juan,5117,@Brad_Pitbull_1,hes serious,neu
Juan,5119,@vegandollsxoxo,Jesus Christ boomers suck,neg
Juan,5123,@EricNelson1236,put your flipflops on track,neu
Juan,5125,@candijack4,Don’t let us down :purple_heart: can’t go wrong with the man in black,neu
Juan,5128,@freddogggg,flash the light already get him off stage.,neu
Juan,5131,@z28diablo,"Chairi-Wan, you're our only hope",neu
Juan,5132,@DanceySteveYNWA,I feel like this will be ass,neu
Juan,5133,@vegandollsxoxo,Oh I’m cringing already,neu
Juan,5136,@Slice2112,"More explanations please, not enough subtext ",neu
Juan,5136,@independentRestorationServices,Crowd needs to stfu,neu
Juan,5139,@Baconstrip69,Club master Kevin? ,neu
Juan,5139,@whatsupworld32,He's the one.,neu
Juan,5140,@paulkelley8371,I hear the train a rollin,neu
Juan,5146,@aliwritesfunny,He should bring shane up to Dance,neu
Juan,5148,@radiostarkilla21,:sign_of_the_horns::sign_of_the_horns::sign_of_the_horns:,neu
Juan,5149,@TommyTheJarvis,I wish he wouldn’t tho ,neu
Juan,5149,@millerhighlife80,She got rhombus hair,neu
Juan,5150,@vegandollsxoxo,It’s the people talking in the background for me,neu
Juan,5150,@Brad_Pitbull_1,we're doomed,neu
Juan,5159,@b-da-b,Ukulele man bless us,neu
Juan,5161,@whatsupworld32,oh no.,neu
Juan,5162,@EmperorGrown,Sleep music ,neu
Juan,5166,@whatsupworld32,lol,pos
Juan,5169,@DanceySteveYNWA,lol,pos
Juan,5171,@b-da-b,Yeah. We’re fucked. ,neu
Juan,5172,@vegandollsxoxo,Oh for fucks sake,neu
Juan,5173,@Stillear,boomer speech,neu
Juan,5175,@Baconstrip69,He was a pastor boy and fucking loved it ,pos
Juan,5177,@BigSnake-D2B,he ruined it,neu
Juan,5179,@whatsupworld32,Dude. no way.,neu
Juan,5181,@patrickglaser1560,audiences don't have the patience for long buildups in songs,neu
Juan,5181,@EmperorGrown,MY LEGG ,neu
Juan,5183,@S2P999,Dr fauci,neu
Juan,5183,@angelc10124,wow amazing,pos
Juan,5185,@HollywoodStar2026,OK. it's open mic on the boat,neu
Juan,5191,@gridd09,:sign_of_the_horns:,neu
Juan,5194,@whatsupworld32,He had one shot.,neu
Juan,5203,@Sai-sm2nz,does he know it's a comedy night,neu
Juan,5203,@candijack4,Dude lol more backstory :face_holding_back_tears: love it. No guessing with this guy ,pos
Juan,5204,@patrickglaser1560,oke opportunity,neu
Juan,5206,@aliwritesfunny,This performance makes me want to get a vaccine,neu
Juan,5210,@S2P999,johnny cash is rolling in his grave,neu
Juan,5211,@Stillear,he literally reading this :face_with_tears_of_joy:,neu
Juan,5213,@EmperorGrown,American idol ,neu
Juan,5213,@Baconstrip69,If I get told how to pronounce ukulele I’ll loose it ,neu
Juan,5213,@vegandollsxoxo,Damn I take it back about nothing could be worse than the last set ,neu
Juan,5216,@candijack4,He’s in character :black_heart:,neu
Juan,5219,@DowntownFireflyMusic,My ring of fire is burnin ,pos
Juan,5225,@ToxiqRiq95,I THOUGHT I SEEN THAT NAME SOMEWHERE HES ON THE EPSTINE LIST ,neu
Juan,5231,@bucks8281,I bet he drank all day thinking this would kill,neu
Juan,5234,@EricNelson1236,queen Kamehameha surrender or else,pos
Juan,5236,@HollywoodStar2026,good lyrics,neu
Juan,5236,@CaptainDookiepost,:crying_cat:,neu
Juan,5237,@Brad_Pitbull_1,Johnny is coming out of his grave,neu
Juan,5241,@Baconstrip69,That’s palm peach Pete ,neu
Juan,5244,@whatsupworld32,lol. this is hilarious.,pos
Juan,5246,@radiostarkilla21,Not a second verse!,neu
Juan,5250,@longhardsnake,bro is not Jhonny cash,neu
Juan,5252,@gxdcards,don’t be mean to old man lolol,pos
Juan,5252,@BigSnake-D2B,dude lost something on the stage,neu
Juan,5252,@DanceySteveYNWA,Johnny Short on Cash,neu
Juan,5259,@williamcurrie5236,?????,neu
Juan,5261,@angelc10124,that's johnny rash,neu
Juan,5262,@Ballsmcgee117,:elbowcough::elbowcough::elbowcough:,neu
Juan,5264,@radiostarkilla21,Johnny Kalshi,neu
Juan,5268,@vegandollsxoxo,He’s using comedy club as an excuse to sing bc he thinks he can sing,neu
Juan,5270,@gatwarr,geeze this guys stinks!,neu
Juan,5270,@gridd09,homie dropped something,neu
Juan,5275,@whatsupworld32,Can I throw a peach at his face?,neu
Juan,5278,@z28diablo,A boy named Juan,neu
Juan,5280,@bucks8281,Johnny should pay me some cash to listen,neu
Juan,5283,@candijack4,Ayyyy :fire::fire::fire::black_heart::black_heart:,pos
Juan,5284,@Baconstrip69,Johnny $5 cash on your birthday ,neu
Juan,5287,@patrickglaser1560,hell ya Eric Nelson we took that shit,neu
Juan,5288,@longhardsnake,tomatoes and slippers,neu
Juan,5290,@radiostarkilla21,Johnny Crash,neu
Juan,5292,@DanceySteveYNWA,Boo,neg
Juan,5295,@vegandollsxoxo,Holy fuck this is ass,neu
Juan,5295,@Brad_Pitbull_1,throw your phone,neu
Juan,5295,@independentRestorationServices,:sign_of_the_horns: :sign_of_the_horns: :sign_of_the_horns: ,neu
Juan,5297,@b-da-b,Striped shirts and ukuleles. Political fb posts and gardening tips ,neu
Juan,5297,@S2P999,JOHNNY TRASH,neg
Juan,5303,@EricNelson1236,probably some weed,neu
Juan,5305,@alisonwayland6057,it just like watching the dualing banjo scene in deliverance,neu
Juan,5310,@EmperorGrown,He thinks this is fine ,neu
Juan,5310,@gxdcards,i don’t see the link johnny cash part tho,neu
Juan,5311,@gridd09,he dropped his grocery list,neu
Juan,5312,@pijinFPS,spot on Taylor Swift impersonation,neu
Juan,5313,@patrickglaser1560,This shit slaps at nursing homes,neu
Juan,5313,@CaptainDookiepost,boooooooooooooooo,neu
Juan,5315,@DowntownFireflyMusic,4th verse? ,neu
Juan,5316,@gxdcards,punk*,neu
Juan,5316,@whatsupworld32,Holy Shit!!!!!!!,neu
Juan,5317,@organicthug5220,Bro he took so many hours planning this banger,pos
Juan,5318,@vegandollsxoxo,Imagine if you had to be there irl,neu
Juan,5318,@JoeyKooks13,:face_with_monocle:,neu
Juan,5321,@BigSnake-D2B,this was kinda bad but better than the womans ramble about being a lose skeezer,neg
Juan,5322,@candijack4,Should’ve ended there…but here we are :smiling_face_with_tear:,neu
Tyson,5323,@DanceySteveYNWA,Life in Fulsom Prison for this,neu
Tyson,5323,@Slice2112,Johnny c-ahhhh,neu
Tyson,5323,@Baconstrip69,Johnny I might crash if I drive ,neu
Tyson,5325,@radiostarkilla21,:clapping_hands::clapping_hands::clapping_hands::clapping_hands::clapping_hands::clapping_hands:,neu
Tyson,5331,@whatsupworld32,Encore,neu
Tyson,5333,@TANE-D-80,Yay,neu
Tyson,5334,@Conrad2311,This isn’t a talent show ,neu
Tyson,5334,@EmperorGrown,He crossed the line :fire::fire::fire::fire::fire:,pos
Tyson,5335,@angelc10124,alright get his wheelchair and roll him out of here,neu
Tyson,5335,@HollywoodStar2026,funny parody.,pos
Tyson,5335,@candijack4, not bad ,neg
Tyson,5336,@rootz4Us,Oh wow they clapped ,pos
Tyson,5340,@kigllc471,Chord progression was on point ,neu
Tyson,5347,@longhardsnake,angelc :rolling_on_the_floor_laughing::rolling_on_the_floor_laughing::rolling_on_the_floor_laughing::rolling_on_the_floor_laughing:,neu
Tyson,5349,@kigllc471,Comedy on the other hand….,neu
Tyson,5349,@radiostarkilla21,Bravo for an actual character ,pos
Tyson,5350,@EricNelson1236,you thought over the rainbow,neu
Tyson,5351,@TommyTheJarvis,Make him play some Slayer for us ,neu
Tyson,5354,@candijack4,Most prepared of the night :fire::fire::fire::fire::guitar:,pos
Tyson,5357,@organicthug5220,Full of some blues (perks),neu
Tyson,5358,@gatwarr,not awesome,pos
Tyson,5361,@Stillear,but wait. he has a whole collection of hits,neu
Tyson,5362,@DanceySteveYNWA,lol,pos
Tyson,5364,@EmperorGrown,He might be the best one so far,pos
Tyson,5364,@HollywoodStar2026,It's an Open Mic..... many are anything goes.,neu
Tyson,5381,@alisonwayland6057,that was the musical portion of the night,neu
Tyson,5382,@candijack4,Freakin Dancey :grinning_face_with_sweat:,neu
Tyson,5387,@TANE-D-80,:eyes:,neu
Tyson,5391,@vegandollsxoxo,Oh wow that was awkward ,neu
Tyson,5394,@JohnLonginotto,hahah,pos
Tyson,5412,@Slice2112,Read more you coward lol ,pos
Tyson,5413,@JimboTheComic,What did I miss?,neu
Tyson,5413,@DanceySteveYNWA,:face_with_tears_of_joy: I,neu
Tyson,5413,@independentRestorationServices,Haha- roasting chat reading our dumbass “jokes”,pos
Tyson,5416,@kigllc471,What does that guy actually do?,neu
Tyson,5418,@radiostarkilla21,Chino showing chat just as unfunny is hella funny !!!!,neu
Tyson,5419,@patrickglaser1560,blasian isn't a compliment...,neu
Tyson,5419,@vegandollsxoxo,Yeah just call it a night now probably ,neu
Tyson,5425,@JimboTheComic,Earl,neu
Tyson,5428,@Brad_Pitbull_1,two! we want more torture,neu
Tyson,5429,@DowntownFireflyMusic,Tyson Furry ,neu
Tyson,5430,@BigSnake-D2B,i dont appreciate that you didnt read any of my comments,neu
Tyson,5430,@JimboTheComic,Earl didn’t even come lol,pos
Tyson,5433,@S2P999,I've never called you blasian :face_with_tears_of_joy:,neu
Tyson,5436,@Donnieboy24,mister E's couch guy,neu
Tyson,5444,@independentRestorationServices,Fuckers aren’t so funny when we’re put on blast,pos
Tyson,5449,@patrickglaser1560,thank god he doesn't drive,neu
Tyson,5449,@Baconstrip69,Nvm that’s palm beach Pete ,neu
Tyson,5449,@whatsupworld32,oh no,neu
Tyson,5450,@kigllc471,This guy rides a bike with no bike seat,neu
Tyson,5452,@candijack4,Jaw swinging!! Let’s goooo :fire::fire::fire::purple_heart:,pos
Tyson,5456,@vegandollsxoxo,Ok this is better. Not good but better,neu
Tyson,5456,@chinolaforge525,"ok, it wasnt you S2P, apologise",neu
Tyson,5459,@aliwritesfunny,Late for the drum circle,neu
Tyson,5462,@DanceySteveYNWA,"Bring Johnny back,all is forgiven",neu
Tyson,5463,@Stillear,more cowbell!,neu
Tyson,5468,@kigllc471,Hell yeah cocaine is a hell of a drug ,neu
Tyson,5468,@radiostarkilla21,Didn’t he win beast games?,pos
Tyson,5468,@angelc10124,oh fck,neu
Tyson,5471,@gxdcards,haha pretending your on meth ha ha ha ha,pos
Tyson,5473,@bucks8281,yes you do,pos
Tyson,5473,@organicthug5220,So I’m guessing the audience is the performers. And only the performers. A fake kill Tony show. All for the livestream. ,neg
Tyson,5474,@longhardsnake,skidrow final boss,neu
Tyson,5476,@Brad_Pitbull_1,the fanny pack is packed,neu
Tyson,5477,@JimboTheComic,Ok chat you’re locked Ina room with Danny or Tyson…choose now ,neu
Tyson,5477,@EmperorGrown,What drugs u think he have taken and how much?,neu
Tyson,5477,@whatsupworld32,Something is definitely in the water. Is this in flint Michigan?,neu
Tyson,5479,@CaptainDookiepost,Meth Tyson,neu
Tyson,5479,@JoeyKooks13,"Okay, im starting to think this is actually in Foodland.",neu
Tyson,5481,@gridd09,this dude sits down to pee and stands up to poop,neu
Tyson,5482,@ToxiqRiq95,Ya again maybe not smoke meth before going on ,neu
Tyson,5482,@independentRestorationServices,Spicoli has fallen on hard times ,neu
Tyson,5489,@Stillear,Bill furry,neu
Tyson,5496,@patrickglaser1560,this guy has dr00gs so probably him,neu
Tyson,5496,@Donnieboy24,"shot in the vein, and you're to blame darlin you give tye dye, a bad name",neg
Tyson,5498,@b-da-b,No. We call u homeless. ,neu
Tyson,5499,@gxdcards,what city is this shitshow,neu
Tyson,5502,@vegandollsxoxo,Hey it don’t call him a coke head- its probably meth,neu
Tyson,5505,@Baconstrip69,Bad Santa in the summer ,neg
Tyson,5507,@bucks8281,temu Bruce campbell,neu
Tyson,5508,@HollywoodStar2026,is this a character? hard to tell at this place?,neu
Tyson,5509,@ToxiqRiq95,This is very methy,neu
Tyson,5515,@JimboTheComic,Paia maui gxdcards welcome to hell ,neu
Tyson,5515,@gridd09,there's a sandwich in that fanny pack,neu
Tyson,5519,@EricNelson1236,not Jamie kennedy,neu
Tyson,5524,@JimboTheComic,Bacon LMAO ,pos
Tyson,5525,@DanceySteveYNWA,Jake Paul in 20yrs,neu
Tyson,5525,@alisonwayland6057,was he in the Scary Movie ftanchise?,neu
Tyson,5526,@longhardsnake,methed up fosho,neu
Tyson,5527,@EmperorGrown,I think we are running out of talent ,neu
Tyson,5528,@JimboTheComic,Eric lololol,pos
Tyson,5529,@whatsupworld32,I'm losing faith in humanity,neu
Tyson,5529,@organicthug5220,Someone push him off the stage ,neu
Tyson,5530,@gxdcards,meth or crack larp,neu
Tyson,5530,@kigllc471,The lack of laughs is so loud ,neu
Tyson,5534,@S2P999,Gary Busey after the accident,neu
Tyson,5534,@Slice2112,It’s funny Jim brewer ,pos
Tyson,5536,@gxdcards,this is in maui?,neu
Tyson,5537,@vegandollsxoxo,In tents. That was good actually ,neu
Tyson,5537,@JimboTheComic,Dancey YOOO hahahahaha ,pos
Tyson,5538,@aliwritesfunny,Stay in school,neu
Tyson,5540,@BigSnake-D2B,that ol dusty dtrail really got to em,neu
Tyson,5543,@Josh-e2l,"Time for ""whats in that fanny pack""",neu
Tyson,5548,@bucks8281,no ones heard one tonight,neu
Tyson,5553,@Stillear,the grounds keeper from caddyshack. on acid,neu
Tyson,5554,@Gloobus.q,This is the voice in MR E’s head ,neu
Tyson,5559,@Slice2112,lol ,pos
Tyson,5561,@DowntownFireflyMusic,He’s gonna throw poop isn’t he? ,neu
Tyson,5562,@pijinFPS,vegan joe rogan,neu
Tyson,5568,@JimboTheComic,Gloobus OH MY GOD HAHAHA,pos
Tyson,5572,@patrickglaser1560,ceramic knife? don't let him on a plane,neu
Tyson,5572,@rootz4Us,I hope they boo ,neg
Tyson,5574,@organicthug5220,Bro tells zero jokes. Expects a laugh,neu
Tyson,5575,@vegandollsxoxo,For those of you just joining- this is actually the best set by a long shot,pos
Tyson,5579,@candijack4,Shneiky :face_exhaling:,neu
Tyson,5581,@gridd09,how does this guy have the least wrinkled shirt of the night?,neu
Tyson,5583,@Donnieboy24,yeahbuddy lmao,pos
Tyson,5586,@independentRestorationServices,Downtownfirefly. I actually lol’d at that,pos
Tyson,5588,@whatsupworld32,Rough crowd. They are terrified right now.,neu
Tyson,5589,@JimboTheComic,Vegan I resent that ,neu
Tyson,5590,@EmperorGrown,His jaw might fall on someone table,neu
Tyson,5590,@DanceySteveYNWA,:billed_cap:,neu
Tyson,5592,@organicthug5220,See him on the news ,neu
Tyson,5600,@JohnLonginotto,yeah a mandate,neu
Tyson,5601,@longhardsnake,is this the guy from offtopicshow,neu
Tyson,5602,@Brad_Pitbull_1,fanny pack helps with wrinkles,neu
Tyson,5602,@S2P999,He was ironing his shirt in the bathroom,neu
Tyson,5605,@gxdcards,need a tomato throwing option i’d def donate to throw get sum thrown at their domes,neu
Tyson,5606,@vegandollsxoxo,That’s just a fact Jim I,neu
Tyson,5609,@bucks8281,now I know hes lying,neu
Tyson,5611,@Ballsmcgee117,Bad Santa fr,neg
Tyson,5614,@b-da-b,Painful chemo shits are funnier than this,neg
Tyson,5620,@patrickglaser1560,i assumed it was an insulin pump,neu
Tyson,5621,@EricNelson1236,adam sand,neu
Tyson,5624,@kigllc471,Who booked this guy???,neu
Tyson,5625,@DanceySteveYNWA,Real Elvish Rope,neu
Tyson,5627,@BigSnake-D2B,are you paying these people? ill come in.,neu
Tyson,5631,@Stillear,lost all his life savings on a weed deal,neu
Tyson,5631,@whatsupworld32,I'm scared for the people in the crowd. This guy is dangerous,neu
Tyson,5633,@DowntownFireflyMusic,He has actual fannys in his pack,neu
Tyson,5636,@S2P999,YEEHAWWWW,neu
Tyson,5637,@organicthug5220,Throw tomatoes :tomato: ,neu
Tyson,5637,@JoeyKooks13,He does seem hypoglycemic.,neu
Tyson,5641,@vegandollsxoxo,If I was there irl I’d have such horrific anxiety,neu
Tyson,5641,@EmperorGrown,How do you even find a harmonica?,neu
Tyson,5643,@candijack4,Him: Not funny at all … Also him: wtf is wrong with you all. Laugh!!! :face_with_symbols_on_mouth::face_with_symbols_on_mouth::face_with_symbols_on_mouth:,neg
Tyson,5646,@Baconstrip69,The men in black neulized him too many times ,neu
Tyson,5650,@jacca1091,Thought he had a pipe in there ,neu
Tyson,5650,@independentRestorationServices,He’s in character. ,neu
Tyson,5650,@longhardsnake,:rolling_on_the_floor_laughing::rolling_on_the_floor_laughing::rolling_on_the_floor_laughing::face_with_tears_of_joy::face_with_tears_of_joy::face_with_tears_of_joy:,neu
Tyson,5653,@Donnieboy24,firefly lmaooo,neu
Tyson,5655,@BigSnake-D2B,best joke of the whole night aside from jhonny short on cash,pos
Tyson,5655,@JimboTheComic,This is the headliner ,neu
Tyson,5659,@longhardsnake,:rolling_on_the_floor_laughing::rolling_on_the_floor_laughing::rolling_on_the_floor_laughing::face_with_tears_of_joy::face_with_tears_of_joy::face_with_tears_of_joy:,neu
Tyson,5663,@EricNelson1236,misses the nyc hotdog discounts,neu
Tyson,5665,@radiostarkilla21,Lmao jimbo,pos
Tyson,5665,@patrickglaser1560,lineheader,neu
Tyson,5668,@mimosadog,not funny,neg
Tyson,5670,@organicthug5220,Not everyone deserves a chance ,neu
Tyson,5673,@b-da-b,What’s his EBT card number,neu
Tyson,5673,@DanceySteveYNWA,The mainliner,neu
Tyson,5674,@ToxiqRiq95,Couldn’t even wash my freaking hands. He was in the bathroom doing a bird bath just before this :unamused_face: ,neu
Tyson,5685,@Baconstrip69,The derilizer didn’t work ,neu
Tyson,5688,@gxdcards,at this point let me on this bitch,neu
Tyson,5692,@candijack4,He’s the lineheader :weary_face:,neu
Tyson,5702,@whatsupworld32,He's a crazy lunatic on the streets.,neu
Tyson,5706,@S2P999,I want a refund,neu
Tyson,5716,@EmperorGrown,He has to live in a car or shed,neu
Tyson,5720,@JimboTheComic,Tyson went to church once ,neu
Tyson,5720,@Baconstrip69,Everyone else had a plane to catch ,neu
Tyson,5722,@JohnLonginotto,wipes are always funny,pos
Tyson,5722,@Donnieboy24,bet he has atleast 1 igneous rock in his pack,neu
Tyson,5722,@DowntownFireflyMusic,Get what you pay for ,neu
Tyson,5723,@Stillear,buying me a plane ticket boo?,neg
Tyson,5725,@radiostarkilla21,Character witness ,neu
Tyson,5725,@z28diablo,Haven't seen a Tyson flop like that since the Jake Paul fight,neg
Tyson,5726,@EricNelson1236,you scared?,neu
Tyson,5727,@Brad_Pitbull_1,takes two thumbs on phone,neu
Tyson,5728,@alisonwayland6057,this is a first,neu
Tyson,5729,@patrickglaser1560,man a bidet really does help,neu
Tyson,5729,@b-da-b,Great set. U have convinced me to worship Satan ,pos
Tyson,5729,@Slice2112,Pffftt *puts away dingle from hand*,neu
Tyson,5730,@gxdcards,he’s def on a couple registries ,neu
Tyson,5730,@TommyTheJarvis,Dude that last one where he burned chat was ok ,neu
Tyson,5732,@aliwritesfunny,give it up for the main attraction ,neu
Tyson,5732,@candijack4,:flushed_face::face_screaming_in_fear::face_with_medical_mask:,neu
Eddie V,5734,@BigSnake-D2B,give him more drugs untill he becomes funny,pos
Eddie V,5753,@EmperorGrown,Tbh idk one word ,neu
Eddie V,5755,@DanceySteveYNWA,Back to the bus station bench,neu
Eddie V,5756,@gxdcards,read more comments it’s the only good part,neu
Eddie V,5756,@vegandollsxoxo,Damn Hawaii must be the unfunniest place on earth,neu
Eddie V,5757,@Stillear,he rolls bones to decide what to eat,neu
Eddie V,5758,@organicthug5220,Yea. He just needs more meth. ,neu
Eddie V,5763,@whatsupworld32,Men in black. if his head explodes will it grow back?,neu
Eddie V,5763,@patrickglaser1560,Fight fight fight,neu
Eddie V,5769,@alisonwayland6057,first time I've ever watched a man reveal whats in his purse,neu
Eddie V,5770,@radiostarkilla21,Character witnesses ,neu
Eddie V,5772,@organicthug5220,They gonna go to the glory hole ,neu
Eddie V,5774,@rootz4Us,This ain’t it ,neu
Eddie V,5776,@Brad_Pitbull_1,comedy couple,neu
Eddie V,5778,@b-da-b,Hooray the fruits are fighting,neu
Eddie V,5780,@bucks8281,tonight on 48hrs,neu
Eddie V,5785,@JimboTheComic,Unsolved “Mister E”,neu
Eddie V,5785,@S2P999,They gonna go back to their Woodstock van,neu
Eddie V,5788,@EricNelson1236,"I got these cheeseburgers man""",neu
Eddie V,5790,@EmperorGrown,Why does he have those items ,neu
Eddie V,5795,@DanceySteveYNWA,:face_with_tears_of_joy:,neu
Eddie V,5796,@patrickglaser1560,robert stack hosting comedy night,neu
Eddie V,5796,@HollywoodStar2026,I cannot believe I stayed,neu
Eddie V,5798,@w_rodriguez,damn only made it for the last act ,neu
Eddie V,5798,@DowntownFireflyMusic,Host ate Jo Koi ,neu
Eddie V,5800,@vegandollsxoxo,Fuuuuck this sucks,neg
Eddie V,5801,@Brad_Pitbull_1,thank you jimbo,neu
Eddie V,5804,@angelc10124,the last one better be good,neu
Eddie V,5805,@gxdcards,jimbo are you the large blasian host?,neu
Eddie V,5806,@organicthug5220,Ok I apologize to myself for wasting my time watching this. ,neu
Eddie V,5808,@Baconstrip69,They are going to write tenacious d songs ,neu
Eddie V,5810,@bucks8281,eh,neu
Eddie V,5811,@JohnLonginotto,I'd check that fannypack,neu
Eddie V,5813,@Stillear,poor Chino :face_with_tears_of_joy:,neu
Eddie V,5814,@radiostarkilla21,Lol,pos
Eddie V,5815,@S2P999,no,neu
Eddie V,5816,@b-da-b,Yeah. This is pretty gay. ,neu
Eddie V,5817,@Gloobus.q,They’re happy to leave,neu
Eddie V,5817,@HollywoodStar2026,audience sucked,neg
Eddie V,5818,@vegandollsxoxo,I think we’re all trauma bonded after this,neu
Eddie V,5820,@candijack4,Drugs should be mandatory and handed out at the entrance ,neu
Eddie V,5821,@independentRestorationServices,Does this bar serve food?,pos
Eddie V,5824,@EmperorGrown,I wasted my time here too ,neu
Eddie V,5825,@Ballsmcgee117,Kyle gas reference was cool,neu
Eddie V,5828,@whatsupworld32,No wonder kill Tony hates these people,neu
Eddie V,5828,@DanceySteveYNWA,This guy is the only one with any stage presence,neu
Eddie V,5830,@Slice2112,Chino seems pretty sick tbh ,pos
Eddie V,5833,@organicthug5220,Is this at a mental hospital?,neu
Eddie V,5833,@patrickglaser1560,i feel bad for the audience for not being able to heckle,neg
Eddie V,5836,@kigllc471,The big lebowski!!!!,neu
Eddie V,5837,@S2P999,Willie Nelson,neu
Eddie V,5837,@Donnieboy24,although painful I hate to see this go,neg
Eddie V,5837,@aliwritesfunny,wow wow....wow,pos
Eddie V,5838,@radiostarkilla21,Willie Nawson,neu
Eddie V,5840,@vegandollsxoxo,Oh great another boomer,pos
Eddie V,5846,@EricNelson1236,not sam Tripoli for sure,neu
Eddie V,5847,@oogWuuwue,heckling is basically apart of democracy ,neu
Eddie V,5850,@oogWuuwue,we need it,neu
Eddie V,5850,@BigSnake-D2B,"""you guys are a shit awdiance"" ""nah yall are fine"":face_with_tears_of_joy:",neu
Eddie V,5853,@gxdcards,looks like les claypool if he was tubby,neu
Eddie V,5862,@DowntownFireflyMusic,Greg Allman’s corpse ,neu
Eddie V,5864,@patrickglaser1560,he looks genX not boomer,neu
Eddie V,5867,@vegandollsxoxo,NO. Omg no,neu
Eddie V,5870,@DanceySteveYNWA,:elbowcough::elbowcough::elbowcough:,neu
Eddie V,5871,@kigllc471,Damn rocky start,neu
Eddie V,5876,@oogWuuwue,Hell no,neu
Eddie V,5877,@w_rodriguez,oh no ,neu
Eddie V,5878,@organicthug5220,What an embarrassing hobby. Being addicted to bombing ,neu
Eddie V,5879,@BigSnake-D2B,boooooo,neu
Eddie V,5880,@kigllc471,He has potential ,neu
Eddie V,5881,@patrickglaser1560,the pain is real,neu
Eddie V,5881,@EmperorGrown,He’s the only one that saw that show?,neu
Eddie V,5882,@whatsupworld32,wtf is going on here?,neu
Eddie V,5882,@ToxiqRiq95,U hear the bald guy in the background screaming and the two freaky looking meth guys run past the camera naked being chased out the bar . ,pos
Eddie V,5884,@aliwritesfunny,"No, you hurt both of us",neu
Eddie V,5885,@b-da-b,Thank u for streaming. It reaffirmed my belief in getting drunk at home. ,neu
Eddie V,5886,@oogWuuwue, :tomato: ,neu
Eddie V,5887,@longhardsnake,🫩🫩🫩:wilted_flower::wilted_flower:,neu
Eddie V,5890,@oogWuuwue,:tomato::tomato::tomato::tomato:,neu
Eddie V,5890,@anonymoussmith173,Paia bay Coffee Bar is where it’s happening right now,pos
Eddie V,5892,@bucks8281,lynard skidmark,neu
Eddie V,5896,@Baconstrip69,Lieutenant Dan came back and his brother had legs ,neu
Eddie V,5897,@gxdcards,nonstop humiliation rituals,neu
Eddie V,5898,@longhardsnake,:tomato::tomato:,neu
Eddie V,5900,@Gloobus.q,Nothing like a topical 90s Seinfeld joke ,neu
Eddie V,5901,@oogWuuwue,what the fuck,neu
Eddie V,5901,@gridd09,Ted Nugent sure has hit rock bottom,neu
Eddie V,5901,@Sai-sm2nz,:face-turquoise-covering-eyes:,neu
Eddie V,5902,@Slice2112,"Very good sir, very good! ",neu
Eddie V,5904,@Donnieboy24,lmao,pos
Eddie V,5904,@oogWuuwue,:tomato::tomato::tomato::tomato::tomato:,neu
Eddie V,5906,@kigllc471,Lmao it’s a disaster ,pos
Eddie V,5907,@independentRestorationServices,I love hyper specific jokes that only make sense if you actually know the people. ,pos
Eddie V,5909,@JohnLonginotto,"ah, a Seinfeld joke from the early 2000s, topical",neu
Eddie V,5909,@vegandollsxoxo,Oh Jesus Christ. Doing Seinfeld allusions,neu
Eddie V,5910,@HollywoodStar2026,ima gonna poke myself in the eye soon,neu
Eddie V,5910,@w_rodriguez,all these people just go up there and shoot from the hip I swear ,neu
Eddie V,5910,@S2P999,calm down fred durst,neu
Eddie V,5910,@organicthug5220,:tomato: ,neu
Eddie V,5912,@longhardsnake,:tomato::tomato::tomato:,neu
Eddie V,5912,@patrickglaser1560,fuck no one remembers that,neu
Eddie V,5913,@DowntownFireflyMusic,Glad I ruined my morning watching this,neu
Eddie V,5916,@organicthug5220,:pile_of_poo: ,neu
Eddie V,5917,@kigllc471,:tomato:,neu
Eddie V,5917,@longhardsnake,:tomato::tomato::tomato:,neu
Eddie V,5917,@oogWuuwue,:tomato::tomato::tomato::tomato:,neu
Eddie V,5919,@candijack4,Um… was that a Seinfeld reference :face_holding_back_tears::thinking_face: ,neu
Eddie V,5923,@longhardsnake,:tomato::tomato::tomato:,neu
Eddie V,5925,@gxdcards,:tomato::tomato:,neu
Eddie V,5927,@vegandollsxoxo,All in the family references? BOOMER,neu
Eddie V,5929,@b-da-b,Good job manny from wild boyz,neu
Eddie V,5929,@longhardsnake,:thong_sandal::thong_sandal:,neu
Eddie V,5930,@organicthug5220,This can’t be real ,neu
Eddie V,5931,@radiostarkilla21,Chat just trying out random phrases they’ve seen online lol,pos
Eddie V,5932,@independentRestorationServices,All in the family even better than Seinfeld ,neu
Eddie V,5933,@S2P999,Jay and silent bob,neu
Eddie V,5933,@Sai-sm2nz,:tomato:,neu
Eddie V,5933,@kigllc471,Tomato :tomato: ,neu
Eddie V,5934,@oogWuuwue,:tomato::tomato::tomato::tomato:booooo,neu
Eddie V,5935,@longhardsnake,:thong_sandal::thong_sandal:,neu
Eddie V,5937,@gxdcards,NOONES LAUGHING SCHIZO,neu
Eddie V,5940,@longhardsnake,:tomato::thong_sandal::thong_sandal:,neu
Eddie V,5941,@w_rodriguez,nope ,neu
Eddie V,5946,@DowntownFireflyMusic,Silent Schlob,neu
Eddie V,5947,@kigllc471,Cut his time ,neu
Eddie V,5949,@aliwritesfunny,People are going to think you're a boomer,neu
Eddie V,5950,@JoeyKooks13,I didn’t know Tom Petty and Bonno had a son.,neu
Eddie V,5950,@brente6107,I didn’t know kid rock’s dad did comedy ,neu
Eddie V,5952,@S2P999,Silent Bob,neu
Eddie V,5953,@Sai-sm2nz,:tomato:,neu
Eddie V,5953,@Stillear,"tbf, his Edith was spot on",neu
Eddie V,5953,@kigllc471,I’ve heard enough ,neu
Eddie V,5953,@longhardsnake,:tomato::tomato::thong_sandal::thong_sandal:,neu
Eddie V,5957,@organicthug5220,Boooo :tomato: :tomato: :tomato: ,neu
Eddie V,5957,@whatsupworld32,All right I'm out. Annoying,neg
Eddie V,5958,@HollywoodStar2026,HOW MUSTY IS IT???,neu
Eddie V,5960,@EmperorGrown,:egg2:,neu
Eddie V,5962,@independentRestorationServices,I want more jokes about his cousin,neu
Eddie V,5963,@Brad_Pitbull_1,By chat you were the best :ok_hand:,pos
Eddie V,5963,@ToxiqRiq95,Anyone remember how that one Seinfeld joke went with Cramer??? :thinking_face::thinking_face::thinking_face::face_with_hand_over_mouth:,neu
Eddie V,5966,@DanceySteveYNWA,He wins automatically for ironing his shirt,neu
Eddie V,5967,@longhardsnake,:tomato::tomato::tomato:,neu
Eddie V,5968,@EmperorGrown,:egg2:,neu
Eddie V,5970,@DowntownFireflyMusic,Lack of character night ,neu
Eddie V,5974,@CaptainDookiepost,funny as kidney stones,pos
Eddie V,5976,@z28diablo,YOU MUST REPENT YOUR SINS AND WORSHIP THE CHAIR OR THIS DOESN'T END!,neu
Eddie V,5977,@longhardsnake,:egg2::egg2:,neu
Eddie V,5978,@Donnieboy24,for chairs sake man,neu
Eddie V,5979,@radiostarkilla21,Lol not bad,neu
Eddie V,5983,@HollywoodStar2026,OMG it's Prison Mike,neu
Eddie V,5987,@S2P999,Forget about it - Christopher walken,neu
Eddie V,5990,@Slice2112,Hell yeah dude ,neu
Eddie V,5992,@andreww1937,Oh no ,neu
Eddie V,5997,@independentRestorationServices,Hell yes. ,pos
Eddie V,6001,@vegandollsxoxo,Oh holy shit how is this possibly getting worse,neu
Eddie V,6001,@radiostarkilla21,He’s doing everyone else’s characters!!!!!!,neu
Eddie V,6001,@kigllc471,:tomato::tomato::tomato::tomato::tomato::tomato::tomato::tomato:,neu
Eddie V,6002,@Tee-OhBee,Omg,neu
Eddie V,6002,@Baconstrip69,Duck dynasty but worse ,neu
Eddie V,6003,@ToxiqRiq95,Chair pie ,neu
Eddie V,6004,@organicthug5220,Someone needs to go hard. Shock humor is your only hope guys. If it ain’t illegal it won’t get a laugh. ,neu
Eddie V,6006,@HollywoodStar2026,Do Mickey Mouse,neu
Eddie V,6006,@millerhighlife80,Right,neu
Eddie V,6010,@longhardsnake,:tomato::tomato::tomato::tomato:,neu
Eddie V,6012,@candijack4,Stick with Scooby!!! :face_exhaling::smiling_face_with_heart_eyes:,neu
Eddie V,6012,@w_rodriguez,character night ,neu
Eddie V,6013,@DowntownFireflyMusic,I hope this is a 30 min set,neu
Eddie V,6015,@bucks8281,character night not impression night,neu
Eddie V,6016,@independentRestorationServices,Closing with some bangers,neu
Eddie V,6016,@EmperorGrown,His shows must have been in black n white ,neu
Eddie V,6016,@Tee-OhBee,My eyelids are going to rip from cringe ,neg
Eddie V,6019,@kigllc471,:tomato::tomato::tomato::tomato::tomato::tomato::tomato:,neu
Eddie V,6021,@DanceySteveYNWA,:face_with_tears_of_joy:,neu
Eddie V,6025,@radiostarkilla21,Marvin the martian,neu
Eddie V,6025,@oogWuuwue,I can’t even watch this ,neu
Eddie V,6030,@S2P999,no,neu
Eddie V,6031,@patrickglaser1560,Marvin the martian? damn I barely remember him,neu
Eddie V,6031,@independentRestorationServices,Jimbo start yelling out our recommendations,neu
Eddie V,6031,@rootz4Us,Oh wow ,pos
Eddie V,6032,@BigSnake-D2B,booooo,neu
Eddie V,6033,@candijack4,Shmuck dynasty ,neu
Eddie V,6036,@garycarbone,Aw c’mon…give him a break…alright maybe not,neu
Eddie V,6037,@aliwritesfunny,This may give me nightmares,neu
Eddie V,6038,@z28diablo,ACCEPT THE CHAIR AS YOUR LORD AND SAVIOR,neu
Eddie V,6038,@w_rodriguez,this is brutality ,neu
Eddie V,6042,@organicthug5220,Someone should clap using his face,neu
Eddie V,6046,@independentRestorationServices,Tell him to do an Austrian failed painter,neu
Eddie V,6047,@S2P999,this hour isn't it like 8 pm in Hawaii ?,neu
Eddie V,6049,@angelc10124,character night,neu
Eddie V,6049,@andreww1937,I pity this man ,neu
Eddie V,6050,@radiostarkilla21,Hahahaha who???,pos
Eddie V,6052,@Donnieboy24,I hope I get drained mr rid kock,neu
Eddie V,6055,@JimboTheComic,I love you chat ,pos
Eddie V,6056,@w_rodriguez,"i'm not drained, you're just not funny bud ",neg
Eddie V,6057,@Tee-OhBee,:tomato: ,neu
Eddie V,6058,@b-da-b,The failed Austrian art student tried to save us from this,neu
Eddie V,6058,@gxdcards,i genuinely think this is sum experiment ,neu
Eddie V,6062,@DanceySteveYNWA,He's my favourite so far,neu
Eddie V,6062,@ToxiqRiq95,SHMUCK DYNASTY WAS THE BEST ONE :rolling_on_the_floor_laughing::rolling_on_the_floor_laughing::rolling_on_the_floor_laughing:,pos
Eddie V,6063,@patrickglaser1560,i pity the fool,neu
Eddie V,6064,@Tee-OhBee,Bruh ,neu
Eddie V,6064,@vegandollsxoxo,I’ve never ever seen something this bad. Ever,neg
Eddie V,6065,@aliwritesfunny,The backwards hat is a paid actor ,neu
Eddie V,6066,@radiostarkilla21,Who are these people he’s doing?,neu
Eddie V,6066,@CaptainDookiepost,bring back heckle night!,neg
Eddie V,6068,@gxdcards,to see if they can fool people into thinking they’re serious,neu
Eddie V,6068,@organicthug5220,Impersonate a funny guy!,pos
Eddie V,6072,@Gloobus.q,Do Kurt cobain next ,neu
Eddie V,6080,@patrickglaser1560,ya this isnt AA buddy,neu
Eddie V,6081,@Ruggins62,is this Diddy :astonished_face:,neu
Eddie V,6081,@S2P999,DO CHARLIE KIRK NEXT,neu
Eddie V,6082,@independentRestorationServices,Character night!,neu
Eddie V,6085,@DowntownFireflyMusic,"Have you no shame, sir? ",neu
Eddie V,6086,@bucks8281,bdab. hahaha,pos
Eddie V,6087,@w_rodriguez,do kurt cobain lolol are u kidding me,pos
Eddie V,6089,@alisonwayland6057,he looks like a band member of the Bodeans,neu
Eddie V,6090,@Tee-OhBee,:fearful_face: ,neu
Eddie V,6091,@BigSnake-D2B,do skelator getting a colonoskopy,neu
Eddie V,6093,@vegandollsxoxo,I want bad things for all these people,neg
Eddie V,6095,@Donnieboy24,he niche mogging?,neu
Eddie V,6096,@JoeyKooks13,Dusty Slay better watch his back.,neu
Eddie V,6097,@candijack4,Wish we loved it :smiling_face_with_tear:,pos
Eddie V,6097,@EmperorGrown,Impersonating level 2.3 ,neu
Eddie V,6098,@TheLarpWhisperer,lol,pos
Eddie V,6099,@JohnLonginotto,I guess it helps to own a TV,neu
Eddie V,6101,@z28diablo,This is my impersonation of a joke.....,neu
Eddie V,6103,@HollywoodStar2026,Don Ho!,neu
Eddie V,6103,@Baconstrip69,Mitch Herberg shoulda never got off drugs ,neu
Eddie V,6106,@independentRestorationServices,Hell yeah- character night. I love it!,pos
Eddie V,6107,@allisonnicole55,:face_with_tears_of_joy:,neu
Eddie V,6114,@EmperorGrown,:egg2:,neu
Eddie V,6116,@ToxiqRiq95,Hey this is me being my neighbor Tim …. Hey guys I’m Tim :eye: :mouth: :eye: ,neu
Eddie V,6119,@Sai-sm2nz,this guys the closer lol,pos
Eddie V,6119,@w_rodriguez,cut him off,neu
Eddie V,6121,@vegandollsxoxo,Someone in his life told him he was funny at some point. Why,pos
Eddie V,6123,@gxdcards,impersonate someone running off the stage,neu
Eddie V,6131,@oogWuuwue,going political against both sides is certainly a brave take when you are failing horribly,neu
Eddie V,6132,@longhardsnake,:tomato::tomato::tomato::clown_face:,neu
Eddie V,6132,@w_rodriguez,what a grand finale this is ,neu
Eddie V,6133,@S2P999,wtf,neu
Eddie V,6133,@patrickglaser1560,Mitch Hedberg used to do drugs... still does just he used to too,neu
,6137,@radiostarkilla21,Lol,pos
,6138,@JohnLonginotto,Chewy doing mouthwash,neu
,6139,@oogWuuwue,:tomato::tomato::tomato::tomato:,neu
,6139,@vegandollsxoxo,Ooooooook that’s enough,neu
,6141,@Slice2112,Get this guy in the police academy reboot! ,neu
,6142,@S2P999,TF was that,neu
,6144,@oogWuuwue,boooooo,neu
,6147,@BigSnake-D2B,why did i even watch this,neu
,6148,@1982pretinha,:face-orange-raised-eyebrow:,neu
,6148,@JimboTheComic,I. LOVE. THE. CHAT,pos
,6149,@EricNelson1236,you can be a running man foe with those shades,neu
,6149,@independentRestorationServices,Character night! I love it!,pos
,6149,@gxdcards,i seen 4-5 ppl since i joined everyone was dogshit ,neu
,6150,@DeronJohnson70,Dear lord !!.. please strike down the internet now,neu
,6153,@moneymagic6119,cringe,neg
,6156,@vegandollsxoxo,BOOOOOoOoOO,neu
,6163,@S2P999,shave your back hair hippie,neu
,6163,@radiostarkilla21,My favorite part was when he did everyone else’s characters ,neu
,6164,@Baconstrip69,I love to hate this so much ,neu
,6165,@aliwritesfunny,The chat wins tonight,neu
,6165,@TommyTheJarvis,I thought it was a Juliet Lewis impression ,neu
,6166,@gridd09,what comics ?,neu
,6166,@DanceySteveYNWA,:face_with_tears_of_joy::face_with_tears_of_joy::face_with_tears_of_joy:,neu
,6167,@candijack4,Bold to assume all of us don’t like back hair :face_holding_back_tears::thinking_face:,neu
,6168,@independentRestorationServices,Props to everyone for trying ,neu
,6169,@vegandollsxoxo,This was worse than 9-11,neu
,6169,@JohnLonginotto,:party_popper:,neu
,6172,@EmperorGrown,That was not even supposed to get thru the audition ,neu
,6173,@gxdcards,jumbo did you perform in this humiliation ritual?,neu
,6177,@JimboTheComic,Thanks for sticking with us during this fever dream ,neu
,6178,@Gloobus.q,Too much ,neu
,6178,@Baconstrip69,Where is the chair or Trish? ,neu
,6179,@bucks8281,I need that sanitizer for my ears,neu
,6182,@patrickglaser1560,Lol i checked my back for back hair,pos
,6184,@gridd09,chat always wins!,neu
,6184,@HollywoodStar2026,What fresh hell was this. Adieu,neu
,6187,@Baconstrip69,Chair :chair: ,neu
,6188,@JimboTheComic,I did gxdcards,neu
,6189,@oogWuuwue,w chat man,pos
,6192,@DanceySteveYNWA,Thanks for your efforts,neu
,6192,@aliwritesfunny,Lets hear it for the chat! ,neu
,6194,@DowntownFireflyMusic,Jo Koi has let himself go,neu
,6197,@rootz4Us,I want my lolly pop back ,pos
,6198,@patrickglaser1560,it was hard for the haters section too,neu
,6199,@gxdcards,were you better than them be honest,neu
,6200,@DeronJohnson70,Vegan… lol :grinning_squinting_face: ,pos
,6203,@S2P999,I'm confused I didn't see any comedians,neu
,6205,@radiostarkilla21,Lol,pos
,6205,@Donnieboy24,love u ya fuckin legends,pos
,6208,@gxdcards,READ MORE CHAT,neu
,6208,@JohnLonginotto,what's the island?,neu
,6208,@TommyTheJarvis,:clapping_hands: ,neu
,6212,@Stillear,chat wins :trophy:,neu
,6212,@JimboTheComic,Go follow me @jimbothecomic on Instagram and Tink tonk if you like me at all,neu
,6212,@1911a1caspian,chat saved the night,neu
,6214,@independentRestorationServices,Good night everyone ,neu
,6216,@CecilBFS,Maui,neu
,6217,@vegandollsxoxo,Chat you rule,neu
,6218,@alisonwayland6057,hand sanitizer is for everyone who survived this,neu
,6219,@EricNelson1236,el nino was like nah not this area,neu
,6221,@bucks8281,already there,neu
,6225,@JoeyKooks13,$8 is honestly about right. 2 lollipops is too much.,pos
,6228,@DanceySteveYNWA,comedy,neu
,6228,@BigSnake-D2B,thats what the show currently is,neu
,6228,@ToxiqRiq95,PUT CHAT ON THE TV I PROMISE YOU WILL GET LAUGHS ,neu
,6230,@JohnLonginotto,"oh, that's why even the comedians don't work",neu
,6230,@radiostarkilla21,Actual comedy,neu
,6232,@gxdcards,LMAOAOAOA,neu
,6233,@Slice2112,“Funny jokes” ,pos
,6234,@z28diablo,GIVE CHAT A MIC,neu
,6236,@DeronJohnson70,Wooooh woooh,neu
,6237,@radiostarkilla21,Lmao,pos
,6237,@gxdcards,$8 is too much,neu
,6237,@kigllc471,Why can’t we dedicate a spot to the chat?,neu
,6238,@EmperorGrown,I need water ,neu
,6238,@DanceySteveYNWA,funny comedy,pos
,6240,@bucks8281,try funny,pos
,6241,@z28diablo,CHAT HECKLE NIGHT,neg
,6246,@vegandollsxoxo,How about FUNNY comedy next time,pos
,6247,@patrickglaser1560,yes proper response by the MC,pos
,6248,@millerhighlife80,What the fuck,neu
,6251,@independentRestorationServices,Next week’s theme is the weather ,neu
,6253,@EmperorGrown,Next time be funny ,pos
,6253,@gridd09,it was Gilliagans Island they only have 12 people. that's the best they could do,pos
,6255,@JimboTheComic,We can’t do funny that’s against the rules ,pos
,6256,@DeronJohnson70,Funny comedy,pos
,6260,@zachirie66,All hail the chair!,neu
,6261,@EricNelson1236,missed the gold lol,pos
,6262,@rootz4Us,They need the big chat screen in the back ,neu
,6267,@independentRestorationServices,The weather ,neu
,6270,@b-da-b,Crib death > this bs ,neu
,6270,@patrickglaser1560,Noooo waysism would slap,neu
,6273,@DanceySteveYNWA,Jokes with punchlines night,neu
,6273,@candijack4,They use to have chat on screen toxiq :smiling_face_with_tear:,neu
,6274,@Stillear,Chino should just read chat for 30 minutes,neu
,6275,@radiostarkilla21,Roast battle,neu
,6275,@JimboTheComic,We used to have one rootz ,neu
,6278,@aliwritesfunny,pop cultures,neu
,6285,@Baconstrip69,Written jokes ,neu
,6286,@zachirie66,impersonations ,neu
,6287,@BigSnake-D2B,terrible,neg
,6288,@JimboTheComic,Roast would be epic radio ,pos
,6288,@vegandollsxoxo,I’m subbing just to hate watch. I’m impressed by how truly shitty this was,neg
,6291,@JohnLonginotto,"what about something old people actually know about, drunkules sounds right",neu
,6295,@S2P999,Bye,neu
,6296,@Baconstrip69,Just the chair ,neu
,6298,@b-da-b,Cancer - absolutely more funny,pos
,6299,@DeronJohnson70,Comedians who don’t show up,neu
,6299,@candijack4,People laid too much attention to us..including the “comics” lolol ,pos
,6302,@S2P999,SEE YOU NEVER,neu
,6306,@candijack4,Paid * lol ,pos
,6311,@EmperorGrown,The bar must sell tomatoes ,pos
,6315,@JohnLonginotto,"""written jokes"" xD",neu
,6316,@radiostarkilla21,Chino carrying as usual ,neu
,6321,@JimboTheComic,A theme could be a roast that’s not a showcase chino!! Let everyone roast!!! ,neu
,6321,@Stillear,welcome vegan :saluting_face::sign_of_the_horns:,neu
,6325,@Slice2112,Shoutout chino and jimbo ,neu
,6329,@patrickglaser1560,night jimbo,neu
,6330,@Baconstrip69,The conflict in the Middle East ,neu
,6334,@JimboTheComic,Vegan welcome to the cult ,neu
,6339,@S2P999,glad that's over sheesh,neu
,6342,@JohnLonginotto,Lindsay Clancy,neu
,6343,@JimboTheComic,Gn Patrick! Good shit per usual ,neu
,6345,@b-da-b,Malaria - hilarious ,pos
,6346,@DeronJohnson70,:tomato: :tomato::tomato: ,neu
,6348,@alisonwayland6057,this was a rough night,neu
,6352,@JimboTheComic,I’m in bed already ,neu
,6357,@Baconstrip69,Heavens gate ,neu
,6358,@JimboTheComic,I love you chino ,pos
,6360,@alisonwayland6057,hello Chino,neu
,6362,@Donnieboy24,much love even though chair was replaced,pos
,6363,@gridd09,worst night yet,neg
,6366,@candijack4,W chat mod!! ,pos
,6368,@EmperorGrown,I been waiting for this part all night ,neu
,6368,@zachirie66,Next week everyone brings their own chair,neu
,6371,@S2P999,I want a refund,neu
,6372,@Stillear,we love you Chino :victory_hand:,pos
,6373,@JoeyKooks13,This somehow got me to subscribe.,neu
,6375,@millerhighlife80,Jokes,neu
,6379,@JimboTheComic,A theme could be a roast that’s not a showcase chino!! Let everyone roast!!! ,neu
,6379,@Baconstrip69,Chair :chair: ,neu
,6380,@candijack4,Great moderator… not so much comedian ,pos
,6380,@b-da-b,Radical Islam - better than that shit,neu
,6387,@TommyTheJarvis,We love you despite what we may sometimes say ,pos
,6388,@candijack4,:face_blowing_a_kiss::face_savoring_food:,neu
,6390,@Gloobus.q,"Don’t worry it’s not you, it’s your comedy ",neu
,6392,@Stillear,appreciate you :folded_hands:,neu
,6395,@Slice2112,"I don’t even know how I got here, but my god I will be. Ack ",neu
,6396,@JimboTheComic,I resent that candijack but it’s true fml,neu
,6399,@Slice2112,Back*,neu
,6401,@Baconstrip69,Chair ,neu
,6405,@gridd09,refund...in fact you owe me money now,neu
,6408,@JimboTheComic,SLICEEE,neu
,6413,@radiostarkilla21,Thanks Jimbo thanks Chino thanks chat,neu
,6415,@HanzSygnal,"I love this, watch every week, so fj unpredictable",pos
,6416,@BigSnake-D2B,im thoroughly unimpressed,neu
,6417,@JimboTheComic,Gridd what’s your Venmo I got you ,neu
,6418,@zachirie66,Who ever brings the funniest chair next week wins,pos
,6422,@bucks8281,I need reparations,neu
,6425,@JimboTheComic,Thanks for comin radio!!! ,neu
,6426,@Donnieboy24,atta boy slice. good man,neu
,6430,@EricNelson1236,teleports back to the future,neu
,6430,@JimboTheComic,Lmao bucks ,pos
,6431,@kigllc471,Look at the lebowski pay his bill,neu
,6435,@candijack4,"That’s why we love you :smiling_face_with_hearts::smiling_face_with_sunglasses:… , cause we have to :relieved_face::zany_face::upside_down_face::winking_face::winking_face:",pos
,6440,@rootz4Us,Doom Scrolled to this .. I’ll be back ,neu
,6447,@Davy_Great,Gn jimbo see you next week,neu
,6448,@kigllc471,What a great community member lebowski is,pos
,6452,@candijack4,Weekly bribe is what we call it chino ,neu
,6452,@JimboTheComic,Roooootz haha lfg welcome to hell ,pos
,6455,@EmperorGrown,Begging buckets ,neu
,6456,@aliwritesfunny,We love you Trish!!!,pos
,6456,@JimboTheComic,Gn Davy!!!,neu
,6461,@alisonwayland6057,ammature comics in their natural habitat,neu
,6473,@Stillear,jimbo :saluting_face:,neu
,6476,@Baconstrip69,Jimbo let’s comedy fly,neu
,6484,@JimboTheComic,I only put people in timeout cause it’s sexy that way. No booting ,neu
,6484,@Donnieboy24,jimbo is a man of the mf people,neu
,6487,@bucks8281,I need to step my game up then,neu
,6496,@DeronJohnson70,Jim Bo . :clapping_hands::clapping_hands:,neu
,6496,@JimboTheComic,:raised_fist:,neu
,6504,@candijack4,Man of the chat :fire::fire:,pos
,6509,@JoeyKooks13,The guy in the tie dyed shirt just pick pocketed you.,neu
,6510,@JimboTheComic,Deron! Thanks for coming :saluting_face:,neu
,6513,@EmperorGrown,Why did u get all not funny people is the funny part ,neu
,6514,@z28diablo,Is the chair tied up backstage?,neu
,6516,@b-da-b,The diary of Anne Frank - substantially more comedy,neu
,6518,@gxdcards,racism?,neu
,6520,@kigllc471,Has anyone ever made it out of this place?,neu
,6527,@S2P999,do you at least get free drinks for having to watch these comedians,neu
,6528,@gridd09,tie die shirt guy looks like he's stealing the silverware,neu
,6528,@Stillear,jimbo is one of us :hundred_points:,neu
,6530,@Baconstrip69,No he shouldn’t do comedy. But good at letting jokes go ,neu
,6537,@JimboTheComic,@jimbothecomic on Instagram appreciate yall :raised_fist::red_heart:,neu
,6544,@JimboTheComic,Chino is my mentor :loudly_crying_face::loudly_crying_face:,neu
,6549,@radiostarkilla21,Lol,pos
,6560,@JimboTheComic,Hahahaahaha racism!,pos
,6567,@JohnCasiano-s2y,What city is this,neu
,6570,@b-da-b,Schindler’s List? A romance comedy compared to that train wreck. ,neu
,6570,@S2P999,racism is always funny,pos
,6578,@kigllc471,What if after every bad joke they strip so they are motivated to bring out their best material. ,neu
,6582,@EmperorGrown,Comedy is hard cause people are racist ,neu
,6593,@candijack4,Wear that proudly chino :face_holding_back_tears::grinning_squinting_face::smiling_face_with_hearts::smiling_face_with_hearts:,neu
,6597,@JimboTheComic,Give Tyson the mic ,neu
,6605,@Cjkdinof,where this located?,neu
,6615,@S2P999,hey crackhead,neu
,6618,@EmperorGrown,Omg that was his last dollar ,neu
,6627,@Baconstrip69,When you give your money back it’s a net neutral ,neu
,6627,@candijack4,W Tyson! ..we totally love you back.. we didn’t talk sh*t at all :relieved_face::face_exhaling:,pos
,6630,@kigllc471,Coming off the meth high,neu
,6631,@radiostarkilla21,Shmerkie!,neu
,6632,@artalex7878,A Ching Chang love your karate group,pos
,6632,@EricNelson1236,corky romanos pops lol columbo?,pos
,6641,@Gloobus.q,The depths of hell,neu
,6642,@EmperorGrown,That purse has a lot of equipment ,neu
,6648,@DeronJohnson70,Bye smirkerson ,neu
,6660,@bucks8281,they were ass dollars,neu
,6662,@S2P999,maui damn I can't swim that far,neu
,6682,@EricNelson1236,you'd think it smell like sweet bread yo,pos
,6691,@Baconstrip69,Not a rice cooker? ,neu
,6692,@radiostarkilla21,Ahahahahaha that was totally a “racism?” Lmao,pos
,6693,@artalex7878,I love racism,pos
,6696,@Slice2112,Goddamn dude ,neu
,6700,@JimboTheComic,Hahahaha ,pos
,6706,@z28diablo,WHERE'S THE CHAIR MAN????,neu
,6710,@patrickglaser1560,glad I came back for the nook da g...,neu
,6712,@DeronJohnson70,White comic privilege ,neu
,6712,@bucks8281,how do you know they didnt,neu
,6712,@MrFunkadeIic,Is it called Comedy SIMULATOR because the comedians simulate that they are doing comedy?,neu
,6714,@LauraBzar-bk5sd,"Be careful putting money by your face and wash hands after, fentanyl is on lots of it",neu
,6717,@EricNelson1236,do the Japanese still haunt you?,neu
,6717,@kigllc471,Can you do a Confucius say night?,neu
,6727,@Slice2112,It is! ,neu
,6734,@JimboTheComic,Laura we love the fent ,pos
,6737,@patrickglaser1560,the chair is in the corner,neu
,6740,@JimboTheComic,I have the chair ,neu
,6745,@JimboTheComic,Chairector*,neu
,6747,@artalex7878,Are you friends with the rock?,neu
,6747,@b-da-b,No. Not at all. We know that u appreciate the comedy from 1939 Germany.,neu
,6750,@alisonwayland6057,the night off for the chair?,neu
,6751,@candijack4,The chair!! …. I should call him :weary_face:,neu
,6751,@z28diablo,DON'TDO IT JIMBO,neu
,6752,@bucks8281,I bet they put him in it for 20 sec or so,neu
,6766,@Baconstrip69,So you are white and Asian on Hawaii? ,neu
,6768,@JimboTheComic,Dieyak ,neu
,6772,@JimboTheComic,Amirite,neu
,6777,@JimboTheComic,Yes bacon ,pos
,6778,@patrickglaser1560,someone put fent on my car door handle in china town,neu
,6780,@Stillear,Shane was almost as good as the chair tonight. def top comic,neu
,6788,@z28diablo,The chair impersonated a psychic and skipped this show,neu
,6794,@Gloobus.q,You would know,neu
,6814,@candijack4,The chair always knows :chair:,neu
,6816,@z28diablo,IF YOU SMELL WHAT CAPTAIN SPAULDING IS COOKIN!!!,neu
,6818,@b-da-b,Well now wait… I’ll do a bump idgaf,neu
,6824,@radiostarkilla21,"Theme idea: kill tony spoof, where you advise/judge each comic after their set ",neu
,6841,@EricNelson1236,lol falls asleep on the chair,pos
,6850,@Slice2112,lol Sid Hague ref in the wild ,pos
,6878,@alisonwayland6057,Shane and Jackson should have done an impression of Burt and Ernie,neu
,6886,@EmperorGrown,This show made me do drugs,neu
,6897,@JimboTheComic,A theme could be a roast that’s not a showcase chino!! Let everyone roast!!! ,neu
,6900,@candijack4,Or weekend at Bernie’s. Either or Lolol ,pos
,6903,@Doyouknowhoiam9119,<— kathy hello from Las Vegas :),neu
,6922,@CaddyRF,Do you ever wipe and then smell your fingers?,neu
,6928,@candijack4,W bald and old!! :smiling_face_with_hearts::smiling_face_with_hearts:,pos
,6937,@gridd09,the tenth anniversary of your 40th maybe,neu
,6941,@Baconstrip69,Jimbo you are a legend. Asian Somia Joe your okay ,pos
,6946,@radiostarkilla21,Lmao,pos
,6955,@patrickglaser1560,only you can get sober too,neu
,6957,@Slice2112,Every comic tonight was infinitely funnier than tony hinchcliff ,neu
,6976,@JimboTheComic,Slice that’s actually fair ,neu
,6987,@JimboTheComic,Do you wipe front to back or back to front chino?,neu
,6995,@LauraBzar-bk5sd,"You’re 39? Yeah, don’t do more drugs. ",neu
,6997,@candijack4,Funny how your fingers went right to your nose as you read that :relieved_face::face_with_tears_of_joy:,pos
,7002,@patrickglaser1560,weed doesn't count,neu
,7003,@EmperorGrown,I think I couldn’t stay if I wasn’t on drugs so it befits both of us ,neu
,7004,@artalex7878,Chino went to Hawaii looking for a lei… apparently nobody told him it was supposed to be made out of flowers.”,neu
,7008,@antoniocruz6749,Are you in Hawaii?,neu
,7024,@gridd09,he wipes side to side,neu
,7025,@Baconstrip69,He is 26. Just looks older every bad joke ,neg
,7026,@JimboTheComic,I’m at home. Naked. This is more fun for me. ,neu
,7045,@b-da-b,Back to front. Smelly taints forever ,neu
,7046,@candijack4,:rolling_on_the_floor_laughing::skull::skull:,neu
,7046,@alisonwayland6057,jimbo cove up,neu
,7061,@Baconstrip69,This is the guy that dropped his ice cream on lelo and stitch ,neu
,7063,@Stillear,"jimbo, the nakedness part I believe but where are you really",neu
,7071,@JimboTheComic,I’m home Alison lol cha boy has work comedy isn’t paying enough ,pos
,7071,@candijack4,We still wipe the drip 🫩:woozy_face::face_with_rolling_eyes:,neu
,7084,@resolving1993,u done amphetamine?,neu
,7087,@EmperorGrown,@candi thank you ,neu
,7091,@JimboTheComic,Stillear lol busted. Handicap stall,pos
,7097,@z28diablo,Does Jimbo's gf give him a curfew?,neu
,7106,@artalex7878,Chino went to Hawaii looking for a lei… apparently nobody told him it was supposed to be made out of flowers.”,neu
,7106,@EricNelson1236,what?,neu
,7106,@patrickglaser1560,I Feel that Jimbo... the real comedy is im a musician lol,pos
,7116,@Stillear,jimbo :face_with_tears_of_joy::face_with_tears_of_joy:,neu
,7116,@JimboTheComic,Stinky Taint is a lit username idea,neu
,7123,@candijack4,Doin what I can :face_exhaling: you’re welcome :face_blowing_a_kiss::zany_face:,neu
,7141,@Gloobus.q,It’s either that or meth,neu
,7143,@JimboTheComic,:face_with_tears_of_joy::face_with_tears_of_joy::face_with_tears_of_joy:,neu
,7145,@MikeLary2,2 things that never goes old are Charley Kirk jokes and Charley kirk,neu
,7150,@EricNelson1236,you're a lit username idea,neu
,7165,@patrickglaser1560,Bro the chat loved the fodder,pos
,7165,@JimboTheComic,Eric mahalo ,neu
,7171,@alisonwayland6057,take care and see ya next week,neu
,7171,@Baconstrip69,See you Monday ,neu
,7172,@candijack4,Tellin us what we already know :smiling_face_with_hearts::relieved_face:,neu
,7172,@radiostarkilla21,Your mom’s a lit username idea,neu
,7176,@EricNelson1236,hang loose bro,neu
,7177,@JimboTheComic,My debt in viewers :face_holding_back_tears:,neu
,7181,@Stillear,love you Chino appreciate you bro :red_heart: :folded_hands: :blue_heart: :hundred_points:,pos
,7184,@DeronJohnson70,:victory_hand: peace ,neu
,7190,@candijack4,We’re the best! Goodnight Chino! Lots of love!!! ,pos
,7190,@b-da-b,Here’s my beef - u use a bidet. Which means u cry watching rom coms and have a memorized Starbucks order ,neu
,7190,@R-Bizzle34,Anyone seen Drew?,neu
,7193,@JimboTheComic,I’m about to hang loose in my closet ,neu
,7203,@candijack4,Goodnight all you secret comedians in chat :smiling_face_with_hearts:,neu
,7208,@JimboTheComic,Hang tight *,neu
,7209,@Baconstrip69,No Jimbo ,neu
,7209,@patrickglaser1560,take a bafh with ur toaster its faster,neu
,7211,@alisonwayland6057,ouch my ears,neu
,7212,@JimboTheComic,Gn chat ,neu
