offset_seconds,timestamp_utc,author,message,comic,sentiment
0.0,2026-10-06T05:11:41+00:00,@pijinFPS,LOCK IN CHAT,between_sets,0.0
0.0,2026-10-06T05:11:41+00:00,@hispicelife123,Happy MuthaEffin Bithday!!!,between_sets,0.0
0.0,2026-10-06T05:11:41+00:00,@CaptainDookiepost,,between_sets,0.0
0.0,2026-10-06T05:11:41+00:00,@pijinFPS,that's why they call me whiskers,between_sets,0.0
36.7,2026-10-06T05:12:17.662000+00:00,@alisonwayland6057,hello ,between_sets,0.0
52.3,2026-10-06T05:12:33.295000+00:00,@TheFonz545,Jimbo sucks,between_sets,0.0
90.8,2026-10-06T05:13:11.810000+00:00,@pijinFPS,Hawaiian barber still on a rampage,between_sets,0.0
101.2,2026-10-06T05:13:22.173000+00:00,@joshuabutterwick3156,"this guy only has ¹, song on his phone . this guy also plays bongos down at the shelter every Wednesday",between_sets,0.0
103.6,2026-10-06T05:13:24.576000+00:00,@CaptainDookiepost,B-52's are loaded and ready to go!,between_sets,0.0
124.5,2026-10-06T05:13:45.476000+00:00,@HanzSygnal,Mr E has set witchcraft on Jimbo,between_sets,0.0
126.7,2026-10-06T05:13:47.659000+00:00,@pijinFPS,they can't torpedo the harbor. too shallow,between_sets,0.0
135.7,2026-10-06T05:13:56.692000+00:00,@joshuabutterwick3156,this guy gets paid in free drafts,between_sets,0.0
136.6,2026-10-06T05:13:57.597000+00:00,@CaptainDookiepost,time to bomb out!,between_sets,-1.0
209.8,2026-10-06T05:15:10.840000+00:00,@alisonwayland6057,why hasn't a children's show book this man?,between_sets,0.0
209.9,2026-10-06T05:15:10.950000+00:00,@joshuabutterwick3156,Tommy Chong is now homeless and broke,between_sets,0.0
212.9,2026-10-06T05:15:13.894000+00:00,@hispicelife123,"i wrote a song about it, like to hear it? here it goes",between_sets,0.0
239.6,2026-10-06T05:15:40.609000+00:00,@pijinFPS,he looks like a disney animatronic ,between_sets,0.0
254.2,2026-10-06T05:15:55.232000+00:00,@CaptainDookiepost,he better dress up like Santa for Christmas,between_sets,0.0
254.3,2026-10-06T05:15:55.336000+00:00,@pijinFPS,"put a quarter in him, he plays a song",between_sets,0.0
269.2,2026-10-06T05:16:10.205000+00:00,@Heritik-tipc,bob clause. hes the best.,between_sets,0.0
276.2,2026-10-06T05:16:17.213000+00:00,@Keith-g4h5j,said hi,between_sets,0.0
276.3,2026-10-06T05:16:17.277000+00:00,@hispicelife123,It's Blind Melon Chitlin,between_sets,0.0
284.1,2026-10-06T05:16:25.079000+00:00,@HanzSygnal,Chino looks like that kids toy Wooly Will,between_sets,0.0
302.0,2026-10-06T05:16:42.983000+00:00,@JimboTheComic,CHATTTTT,between_sets,0.0
306.1,2026-10-06T05:16:47.149000+00:00,@JamesVerify,Larry Garcia ,between_sets,0.0
311.0,2026-10-06T05:16:51.964000+00:00,@pijinFPS,dude has the secret recipie,between_sets,0.0
311.4,2026-10-06T05:16:52.352000+00:00,@Heritik-tipc,he just plays happy little songs.,between_sets,0.0
326.2,2026-10-06T05:17:07.247000+00:00,@pijinFPS,knows all 11 secret herbs and spices,between_sets,0.0
335.3,2026-10-06T05:17:16.273000+00:00,@henryOP8749,What up fam  ,between_sets,0.0
342.3,2026-10-06T05:17:23.257000+00:00,@HanzSygnal,CHINO LAUGHORGE,between_sets,0.0
348.7,2026-10-06T05:17:29.661000+00:00,@CaptainDookiepost,he's wearing FedEx purple tonight!,between_sets,0.0
352.9,2026-10-06T05:17:33.873000+00:00,@jamestrayford4618,Yo albert einstein,between_sets,0.0
353.8,2026-10-06T05:17:34.833000+00:00,@joshuabutterwick3156,chíno puts chocolate milk in his first aid kit,between_sets,0.0
356.2,2026-10-06T05:17:37.153000+00:00,@alisonwayland6057,Happy 40th Birthday Chino ,between_sets,0.0
371.2,2026-10-06T05:17:52.205000+00:00,@jamestrayford4618,E=mc^2,between_sets,0.0
376.7,2026-10-06T05:17:57.652000+00:00,@HanzSygnal,he's dressed like a pimp w a children's show,between_sets,0.0
377.4,2026-10-06T05:17:58.372000+00:00,@henryOP8749,Happy birthday Chino  ,between_sets,0.0
393.2,2026-10-06T05:18:14.191000+00:00,@joshuabutterwick3156,Happy Birthday Chino your aging like Milk,between_sets,0.0
403.8,2026-10-06T05:18:24.813000+00:00,@jamestrayford4618,MC with the mc^2,between_sets,0.0
405.5,2026-10-06T05:18:26.497000+00:00,@pijinFPS,bro dressed like Nyquil,between_sets,0.0
409.8,2026-10-06T05:18:30.835000+00:00,@JimboTheComic,CHATTTTT,between_sets,0.0
410.9,2026-10-06T05:18:31.932000+00:00,@henryOP8749,Evan Einstein  ,between_sets,0.0
418.1,2026-10-06T05:18:39.095000+00:00,@JimboTheComic,WE MF BACK,between_sets,0.0
427.3,2026-10-06T05:18:48.267000+00:00,@JimboTheComic,ITS A ROAST!!!!!! Lfg ,between_sets,0.0
427.7,2026-10-06T05:18:48.678000+00:00,@alisonwayland6057,I came here for the roasting,between_sets,0.0
433.3,2026-10-06T05:18:54.336000+00:00,@JimboTheComic,I’m incredibly excited ,between_sets,0.0
434.1,2026-10-06T05:18:55.138000+00:00,@henryOP8749,Jimbo  ,between_sets,0.0
437.9,2026-10-06T05:18:58.876000+00:00,@HanzSygnal,"Chino bought hs kids alcohol, while in hs",between_sets,0.0
439.6,2026-10-06T05:19:00.637000+00:00,@JimboTheComic,I missed this fuckin chat ,between_sets,0.0
441.6,2026-10-06T05:19:02.585000+00:00,@pijinFPS,Chino is the mascot for purple drank,between_sets,0.0
442.8,2026-10-06T05:19:03.753000+00:00,@joshuabutterwick3156,the chair is the funniest person in stage,between_sets,0.0
451.3,2026-10-06T05:19:12.275000+00:00,@henryOP8749,Jim put that thing away bro  ,between_sets,0.0
466.3,2026-10-06T05:19:27.320000+00:00,@JimboTheComic,No way Jose I’m READY,between_sets,0.0
466.7,2026-10-06T05:19:27.677000+00:00,@pijinFPS,JIMBO,between_sets,0.0
476.0,2026-10-06T05:19:36.981000+00:00,@joshuabutterwick3156,Chino is sponsored by purple Kool-aid,between_sets,0.0
488.7,2026-10-06T05:19:49.686000+00:00,@alisonwayland6057,hey Jimbo,between_sets,0.0
495.7,2026-10-06T05:19:56.652000+00:00,@JimboTheComic,What’s good people!! ,between_sets,0.0
505.7,2026-10-06T05:20:06.677000+00:00,@henryOP8749,This chat is the highlight of my week every week  ,between_sets,0.0
506.6,2026-10-06T05:20:07.610000+00:00,@JimboTheComic,Friends! It’s fucking time to destroy chino ,between_sets,0.0
510.0,2026-10-06T05:20:10.975000+00:00,@HanzSygnal,Chino dressed like Barney....Miller,between_sets,0.0
512.4,2026-10-06T05:20:13.437000+00:00,@Heritik-tipc,We can wear pants like that? In public too? 2026 I understand.,between_sets,0.0
513.5,2026-10-06T05:20:14.526000+00:00,@JimboTheComic,I WILL MAKE HIM CRY TEARS ,between_sets,0.0
519.6,2026-10-06T05:20:20.568000+00:00,@JimboTheComic,AND CUM TEARS ,between_sets,0.0
530.1,2026-10-06T05:20:31.138000+00:00,@henryOP8749,Oh snap  ,between_sets,0.0
543.1,2026-10-06T05:20:44.074000+00:00,@JimboTheComic,The chat is not ready ,between_sets,0.0
547.0,2026-10-06T05:20:47.984000+00:00,@joshuabutterwick3156,Jimbo. Is so old he has his mailed forwarded to the cemetery,between_sets,0.0
560.4,2026-10-06T05:21:01.383000+00:00,@JimboTheComic,Joshua that’s actually funny but FAIR WARNING ,between_sets,1.0
561.0,2026-10-06T05:21:01.958000+00:00,@bendayho419,BOOOOO!!!      ,between_sets,0.0
564.7,2026-10-06T05:21:05.663000+00:00,@HanzSygnal,His hi spice flavor? Zesty,between_sets,0.0
573.0,2026-10-06T05:21:14.036000+00:00,@henryOP8749,Ready for a restraining order if you keep that “excitement up”  ,between_sets,0.0
582.7,2026-10-06T05:21:23.671000+00:00,@bendayho419,Whos the QUEER in the purple shirt!???,between_sets,0.0
590.6,2026-10-06T05:21:31.592000+00:00,@mixups-h7d,all no funny,between_sets,-1.0
600.2,2026-10-06T05:21:41.157000+00:00,@JimboTheComic,“ALL NO FUNNY”,between_sets,0.0
604.8,2026-10-06T05:21:45.764000+00:00,@alisonwayland6057,Chino bic'd his head for tonight,between_sets,0.0
607.2,2026-10-06T05:21:48.206000+00:00,@pijinFPS,"chino said when you come into another dude's dick, it's called docking",between_sets,0.0
613.9,2026-10-06T05:21:54.904000+00:00,@CaptainDookiepost,I love suppository hot sauce,between_sets,1.0
623.4,2026-10-06T05:22:04.447000+00:00,@henryOP8749,Docking wtf  ,between_sets,0.0
625.4,2026-10-06T05:22:06.441000+00:00,@mixups-h7d,no thanks Zesty,between_sets,0.0
627.2,2026-10-06T05:22:08.180000+00:00,@double8three,dry,between_sets,0.0
631.8,2026-10-06T05:22:12.842000+00:00,@joshuabutterwick3156,chinos favorite game is hide the weenie,between_sets,0.0
646.0,2026-10-06T05:22:26.958000+00:00,@Aaronbruhn,purple people eater has his eating work cut out for him,between_sets,0.0
647.7,2026-10-06T05:22:28.695000+00:00,@HanzSygnal,Gay Vikings cheerleader,between_sets,0.0
663.0,2026-10-06T05:22:43.987000+00:00,@bendayho419,HOWIE FANDUEL,Chuck sauce,0.0
665.3,2026-10-06T05:22:46.252000+00:00,@pijinFPS,the grimace,Chuck sauce,0.0
665.7,2026-10-06T05:22:46.715000+00:00,@IMMORTALCHAFF,docking or pegging?,Chuck sauce,0.0
673.8,2026-10-06T05:22:54.755000+00:00,@mixups-h7d,bet he's not funny just talking crap,Chuck sauce,-1.0
679.3,2026-10-06T05:23:00.293000+00:00,@CaptainDookiepost,I got a bad feeling about this,Chuck sauce,-1.0
700.3,2026-10-06T05:23:21.275000+00:00,@henryOP8749, ,Chuck sauce,0.0
705.6,2026-10-06T05:23:26.615000+00:00,@IMMORTALCHAFF,his zipper is down,Chuck sauce,0.0
722.2,2026-10-06T05:23:43.168000+00:00,@joshuabutterwick3156,if you whisper this guy's name at Burger King they will put an extra patty on your burger,Chuck sauce,1.0
722.5,2026-10-06T05:23:43.520000+00:00,@bendayho419,I didnt know sam wise from lord of the rings did comedy!!??,Chuck sauce,0.0
727.3,2026-10-06T05:23:48.296000+00:00,@TheFonz545,step down,Chuck sauce,0.0
740.0,2026-10-06T05:24:00.957000+00:00,@Heritik-tipc,im not drunk enough to laugh yet.,Chuck sauce,0.0
740.4,2026-10-06T05:24:01.403000+00:00,@JimboTheComic,Chat I’m in a fever dream ,Chuck sauce,0.0
743.1,2026-10-06T05:24:04.052000+00:00,@mixups-h7d,how is that funny,Chuck sauce,1.0
744.9,2026-10-06T05:24:05.933000+00:00,@henryOP8749,Who came here for the chat raise  ,Chuck sauce,0.0
754.4,2026-10-06T05:24:15.429000+00:00,@alisonwayland6057,Maui's very own Patton Oswalt,Chuck sauce,0.0
755.6,2026-10-06T05:24:16.581000+00:00,@TheFonz545,Jimbo sucks,Chuck sauce,0.0
763.9,2026-10-06T05:24:24.860000+00:00,@mixups-h7d,I don't get it,Chuck sauce,0.0
768.7,2026-10-06T05:24:29.654000+00:00,@HanzSygnal,"Yes, this gunnah be a night",Chuck sauce,1.0
779.9,2026-10-06T05:24:40.863000+00:00,@pijinFPS,oh its gay porn,Chuck sauce,0.0
785.1,2026-10-06T05:24:46.098000+00:00,@JimboTheComic,This is gold ,Chuck sauce,0.0
785.2,2026-10-06T05:24:46.153000+00:00,@TheFonz545,wtf,Chuck sauce,0.0
786.3,2026-10-06T05:24:47.313000+00:00,@Heritik-tipc,fired!,Chuck sauce,1.0
789.9,2026-10-06T05:24:50.948000+00:00,@joshuabutterwick3156,I seen this guy on a a naked Midget wrestling channel,Chuck sauce,0.0
790.3,2026-10-06T05:24:51.251000+00:00,@IMMORTALCHAFF,omg custome malfunction,Chuck sauce,0.0
793.4,2026-10-06T05:24:54.422000+00:00,@bendayho419,Extremely OBESE NACHO LIBRE,Chuck sauce,0.0
796.4,2026-10-06T05:24:57.366000+00:00,@pijinFPS,,Chuck sauce,0.0
799.0,2026-10-06T05:25:00.016000+00:00,@double8three,bruh what are the old ahh ni99as doin,Chuck sauce,0.0
817.1,2026-10-06T05:25:18.134000+00:00,@IMMORTALCHAFF,Chino wants the moobs,Chuck sauce,0.0
819.0,2026-10-06T05:25:19.973000+00:00,@henryOP8749,Chino you don’t look a day over 50 bro  ,Chuck sauce,0.0
820.2,2026-10-06T05:25:21.184000+00:00,@mixups-h7d,cringe,Chuck sauce,-1.0
824.3,2026-10-06T05:25:25.334000+00:00,@alisonwayland6057,no luchador is complete without a fanny pack,Chuck sauce,0.0
835.1,2026-10-06T05:25:36.119000+00:00,@patrickglaser1560,oh were ready to boo don't worry,Chuck sauce,-1.0
835.8,2026-10-06T05:25:36.801000+00:00,@IMMORTALCHAFF,lol the shirt looks like a bra,Chuck sauce,1.0
842.4,2026-10-06T05:25:43.352000+00:00,@hispicelife123,Chuck!! The 'Musubi of Comedy',Chuck sauce,0.0
844.3,2026-10-06T05:25:45.327000+00:00,@JimboTheComic,I told yall you aren’t ready ,Chuck sauce,0.0
847.0,2026-10-06T05:25:48.043000+00:00,@Heritik-tipc,gay mysterio,Chuck sauce,0.0
848.6,2026-10-06T05:25:49.636000+00:00,@TheFonz545,,Chuck sauce,0.0
851.4,2026-10-06T05:25:52.436000+00:00,@joshuabutterwick3156,this guy sounds like the guy on that cartoon sponge bob . are ya ready kids???,Chuck sauce,0.0
853.6,2026-10-06T05:25:54.601000+00:00,@TheFonz545,booooo ,Chuck sauce,0.0
862.5,2026-10-06T05:26:03.538000+00:00,@pijinFPS,can you smell what the rock is buying gas station pizza ,Chuck sauce,0.0
867.1,2026-10-06T05:26:08.126000+00:00,@NixonP89,This is fuckin shithouse ,Chuck sauce,0.0
870.6,2026-10-06T05:26:11.646000+00:00,@patrickglaser1560,Jimbos here nice,Chuck sauce,0.0
876.8,2026-10-06T05:26:17.760000+00:00,@Tggddjkhvv00,the revolting blob,Chuck sauce,0.0
881.4,2026-10-06T05:26:22.388000+00:00,@double8three,nah stick to the day job yo,Chuck sauce,0.0
882.4,2026-10-06T05:26:23.414000+00:00,@IMMORTALCHAFF,omg he stiffed his britchs,Chuck sauce,0.0
883.9,2026-10-06T05:26:24.873000+00:00,@JimboTheComic,PATRICK!! ,Chuck sauce,0.0
892.1,2026-10-06T05:26:33.138000+00:00,@HanzSygnal,prop comics again this week,Chuck sauce,0.0
892.5,2026-10-06T05:26:33.533000+00:00,@hispicelife123,"@joshuabutterwick3156 naw, more like the dude in that old 90s ski movie ",Chuck sauce,0.0
895.7,2026-10-06T05:26:36.689000+00:00,@pijinFPS,ozempic's final boss,Chuck sauce,0.0
913.3,2026-10-06T05:26:54.264000+00:00,@patrickglaser1560,deffo wash your hands before you get busy with your lady friend... can confirm habaneros sting,Chuck sauce,0.0
919.2,2026-10-06T05:27:00.230000+00:00,@bendayho419,CHINO!??... more like PEDO!!!  ,Chuck sauce,0.0
927.1,2026-10-06T05:27:08.118000+00:00,@JimboTheComic,HOOBADABOOOOO,Chuck sauce,0.0
928.0,2026-10-06T05:27:09.004000+00:00,@IMMORTALCHAFF,dude has moobs and a moose knuckle,Chuck sauce,0.0
936.5,2026-10-06T05:27:17.498000+00:00,@albannach7943,wtf?,Chuck sauce,0.0
939.9,2026-10-06T05:27:20.917000+00:00,@JimboTheComic,HOOBADABOOOO,Chuck sauce,0.0
940.0,2026-10-06T05:27:20.958000+00:00,@pijinFPS,when the BBL's little bro is into wrestling ,Chuck sauce,0.0
941.4,2026-10-06T05:27:22.394000+00:00,@patrickglaser1560,the crowd is groaning it's hilarious,Chuck sauce,1.0
942.8,2026-10-06T05:27:23.837000+00:00,@alisonwayland6057,seriously?????,Chuck sauce,0.0
943.0,2026-10-06T05:27:24.004000+00:00,@Heritik-tipc,the drinks are free tho right?,Chuck sauce,0.0
944.9,2026-10-06T05:27:25.932000+00:00,@henryOP8749,Make sure to wash your bottle of hot sauce after you take it from chino  ,Chuck sauce,0.0
945.8,2026-10-06T05:27:26.786000+00:00,@albannach7943,this sucks,Chuck sauce,0.0
952.1,2026-10-06T05:27:33.138000+00:00,@hispicelife123,"whoa, this escalated quickly",Chuck sauce,0.0
956.3,2026-10-06T05:27:37.269000+00:00,@EricNelson1236,nachooos from 711,Chuck sauce,0.0
958.0,2026-10-06T05:27:39.005000+00:00,@JimboTheComic,It’s only going down from here ,Chuck sauce,0.0
971.6,2026-10-06T05:27:52.591000+00:00,@albannach7943,i am embarassed for Jimbo,Chuck sauce,0.0
975.9,2026-10-06T05:27:56.894000+00:00,@CaptainDookiepost,don't put my name in it!,Chuck sauce,0.0
978.7,2026-10-06T05:27:59.718000+00:00,@HanzSygnal,Chino regretting theme already,Chuck sauce,0.0
985.7,2026-10-06T05:28:06.734000+00:00,@Chuekpoint,Wrestling Action figures are coming very realistic nowadays ,Chuck sauce,0.0
988.1,2026-10-06T05:28:09.097000+00:00,@albannach7943,jimbo why are you doing this set?,Chuck sauce,0.0
989.3,2026-10-06T05:28:10.257000+00:00,@patrickglaser1560,i don't wanna be down trail when he comes rolling down,Chuck sauce,0.0
990.8,2026-10-06T05:28:11.796000+00:00,@alisonwayland6057,jimbos busy in the chat,Chuck sauce,0.0
995.7,2026-10-06T05:28:16.677000+00:00,@hispicelife123,"it's not too late to do that opening set, Chino",Chuck sauce,0.0
997.8,2026-10-06T05:28:18.794000+00:00,@albannach7943,oh shit..that aint Jimbo?,Chuck sauce,0.0
998.3,2026-10-06T05:28:19.257000+00:00,@JimboTheComic,HOOBADABOOOOO,Chuck sauce,0.0
998.5,2026-10-06T05:28:19.529000+00:00,@Igesslilbro,Professional child was the first thought when I seen this,Chuck sauce,0.0
1000.1,2026-10-06T05:28:21.126000+00:00,@henryOP8749,Woah someone getting kicked already yeees,Chuck sauce,0.0
1005.3,2026-10-06T05:28:26.329000+00:00,@pijinFPS,BOO JIMBO,Chuck sauce,-1.0
1005.5,2026-10-06T05:28:26.472000+00:00,@IMMORTALCHAFF,Jim BOOOOOOOOO,Chuck sauce,0.0
1010.6,2026-10-06T05:28:31.567000+00:00,@CaptainDookiepost,JimBOOOOOOOOOO,Chuck sauce,0.0
1017.2,2026-10-06T05:28:38.189000+00:00,@albannach7943,looked like Jimbo,Chuck sauce,0.0
1019.8,2026-10-06T05:28:40.838000+00:00,@patrickglaser1560,Help him Rhonda,Chuck sauce,0.0
1038.7,2026-10-06T05:28:59.734000+00:00,@JimboTheComic,HOOOBADABOOOO,Chuck sauce,0.0
1042.4,2026-10-06T05:29:03.382000+00:00,@movesceo,is this dude the host?,Chuck sauce,0.0
1051.7,2026-10-06T05:29:12.674000+00:00,@HanzSygnal,Danny is the best imo,Chuck sauce,0.0
1051.8,2026-10-06T05:29:12.812000+00:00,@pijinFPS,if Joe Rogan ate seed oil,Chuck sauce,0.0
1053.5,2026-10-06T05:29:14.477000+00:00,@albannach7943,that was funny,Chuck sauce,1.0
1056.4,2026-10-06T05:29:17.439000+00:00,@patrickglaser1560,Cornell 7?,Chuck sauce,0.0
1058.5,2026-10-06T05:29:19.457000+00:00,@CharlieDown222,I poop a lot,Chuck sauce,0.0
1062.8,2026-10-06T05:29:23.764000+00:00,@joshuabutterwick3156,knock knock,Chuck sauce,0.0
1076.3,2026-10-06T05:29:37.263000+00:00,@henryOP8749,Charlie good luck with that  ,Chuck sauce,0.0
1082.4,2026-10-06T05:29:43.362000+00:00,@henryOP8749,Who’s there,Chuck sauce,0.0
1084.9,2026-10-06T05:29:45.915000+00:00,@Chuekpoint,What character of the Village People is Chuck doing tonight?,Chuck sauce,0.0
1087.4,2026-10-06T05:29:48.372000+00:00,@alisonwayland6057,this has to be a local thing,Chuck sauce,0.0
1088.0,2026-10-06T05:29:49.025000+00:00,@albannach7943,so do we not learn our jokes,Chuck sauce,0.0
1095.3,2026-10-06T05:29:56.336000+00:00,@JimboTheComic,WHAT A START ,Chuck sauce,0.0
1095.8,2026-10-06T05:29:56.803000+00:00,@joshuabutterwick3156,fuckin Randy Bobandy,Chuck sauce,0.0
1097.8,2026-10-06T05:29:58.754000+00:00,@albannach7943,lol,Chuck sauce,1.0
1100.8,2026-10-06T05:30:01.790000+00:00,@Heritik-tipc,"Oops. the tech cut the mic off, on ""accident"" nights over everyone. Go home.",Chuck sauce,0.0
1109.5,2026-10-06T05:30:10.522000+00:00,@pijinFPS,"Double Ds are Double Ds, chat ",Chuck sauce,0.0
1112.9,2026-10-06T05:30:13.946000+00:00,@patrickglaser1560,bring on the train wreck lady who talks about her boyfriends,Chuck sauce,0.0
1125.9,2026-10-06T05:30:26.928000+00:00,@henryOP8749,Boooo chuck sauce ,Lindsay Roth,0.0
1133.2,2026-10-06T05:30:34.166000+00:00,@Chuekpoint,Bigger boobs than my girlfriend’s,Lindsay Roth,0.0
1142.9,2026-10-06T05:30:43.947000+00:00,@CharlieDown222,this is kill tony,Lindsay Roth,0.0
1145.0,2026-10-06T05:30:46.008000+00:00,@JimboTheComic,HOOOBADABOOOO,Lindsay Roth,0.0
1148.3,2026-10-06T05:30:49.323000+00:00,@user-xr6lt7ed2p,imma gonna tell my kids this was Rey mysterio,Lindsay Roth,0.0
1156.5,2026-10-06T05:30:57.475000+00:00,@JimboTheComic,Yall are in for a treat ,Lindsay Roth,0.0
1157.6,2026-10-06T05:30:58.600000+00:00,@Chuekpoint,Chuuuuckk,Lindsay Roth,0.0
1168.3,2026-10-06T05:31:09.260000+00:00,@Chuekpoint,Le tits now,Lindsay Roth,0.0
1170.3,2026-10-06T05:31:11.262000+00:00,@IMMORTALCHAFF,Chuck definitely sauced,Lindsay Roth,0.0
1174.2,2026-10-06T05:31:15.205000+00:00,@HanzSygnal,biggest small ass lol,Lindsay Roth,1.0
1174.3,2026-10-06T05:31:15.332000+00:00,@patrickglaser1560,Man im fat but got a small ass... its weird,Lindsay Roth,0.0
1175.0,2026-10-06T05:31:16.021000+00:00,@hispicelife123,"I mean, he's dedicated to the act at least?",Lindsay Roth,0.0
1183.4,2026-10-06T05:31:24.413000+00:00,@joshuabutterwick3156,what time does the comedy show start?? anyone know?,Lindsay Roth,0.0
1187.4,2026-10-06T05:31:28.420000+00:00,@JimboTheComic,WHO WINNING THE CHINO ROAST,Lindsay Roth,0.0
1199.8,2026-10-06T05:31:40.755000+00:00,@IMMORTALCHAFF,NOT YOU JIMBO,Lindsay Roth,0.0
1200.6,2026-10-06T05:31:41.628000+00:00,@JimboTheComic,Time is a construct ,Lindsay Roth,0.0
1201.2,2026-10-06T05:31:42.160000+00:00,@pijinFPS,"Comedy Simulator is brought to you by our sponsor, AIDS",Lindsay Roth,0.0
1205.5,2026-10-06T05:31:46.503000+00:00,@EricNelson1236,"like the back to the future scene vince mcmahon look at this!""",Lindsay Roth,0.0
1207.4,2026-10-06T05:31:48.432000+00:00,@joshuabutterwick3156,the chair is winning,Lindsay Roth,0.0
1210.9,2026-10-06T05:31:51.875000+00:00,@Chuekpoint,Pot sauce,Lindsay Roth,0.0
1220.7,2026-10-06T05:32:01.730000+00:00,@user-xr6lt7ed2p,he looks like he got that shirt at a thrift store,Lindsay Roth,0.0
1223.2,2026-10-06T05:32:04.229000+00:00,@henryOP8749,Fart sauce,Lindsay Roth,0.0
1233.9,2026-10-06T05:32:14.919000+00:00,@IMMORTALCHAFF,her bum eating that outfit,Lindsay Roth,0.0
1234.5,2026-10-06T05:32:15.488000+00:00,@alisonwayland6057,im gonna tell kids I watched horrible comedy with the actor who plays the rat in Disneys Ratatouille,Lindsay Roth,0.0
1236.3,2026-10-06T05:32:17.309000+00:00,@user-xr6lt7ed2p,these horrible jokes made all his hair fall out,Lindsay Roth,0.0
1243.8,2026-10-06T05:32:24.753000+00:00,@henryOP8749,He stole that shirt from an orphan,Lindsay Roth,0.0
1247.5,2026-10-06T05:32:28.451000+00:00,@pijinFPS,etching glass,Lindsay Roth,0.0
1249.7,2026-10-06T05:32:30.723000+00:00,@Chuekpoint,Mommy milkers!,Lindsay Roth,0.0
1253.2,2026-10-06T05:32:34.198000+00:00,@Drifta032,see the chair  love the chair  ,Lindsay Roth,1.0
1253.3,2026-10-06T05:32:34.251000+00:00,@839aty,"I get why its called comedy simulator. it's because it's simulating comedy, not because it's actually comedy",Lindsay Roth,0.0
1260.7,2026-10-06T05:32:41.699000+00:00,@Heritik-tipc,Joe Rogen is looking rough.,Lindsay Roth,0.0
1263.4,2026-10-06T05:32:44.392000+00:00,@patrickglaser1560,Diamond cutters?,Lindsay Roth,0.0
1265.0,2026-10-06T05:32:45.990000+00:00,@CharlieDown222,lmao   ,Lindsay Roth,1.0
1268.4,2026-10-06T05:32:49.425000+00:00,@Chuekpoint,Nipple time ,Lindsay Roth,0.0
1269.1,2026-10-06T05:32:50.115000+00:00,@albannach7943,chino looks like a guy who runs a comedy show in the hope to get laid but fails every week.,Lindsay Roth,0.0
1269.7,2026-10-06T05:32:50.721000+00:00,@williamny530,"Damn, she needs a phone ?",Lindsay Roth,0.0
1271.0,2026-10-06T05:32:51.970000+00:00,@pijinFPS,she's dressed like booby suspenders,Lindsay Roth,0.0
1274.1,2026-10-06T05:32:55.096000+00:00,@CharlieDown222,that was good lol,Lindsay Roth,1.0
1277.0,2026-10-06T05:32:57.974000+00:00,@IMMORTALCHAFF,mist be cold. high beams going,Lindsay Roth,0.0
1281.2,2026-10-06T05:33:02.224000+00:00,@patrickglaser1560,   ,Lindsay Roth,0.0
1285.0,2026-10-06T05:33:05.978000+00:00,@HoundOfEire,Americans are not funny at all,Lindsay Roth,-1.0
1287.5,2026-10-06T05:33:08.496000+00:00,@joshuabutterwick3156,this guy's cock is almost sticking out of that dress,Lindsay Roth,0.0
1290.4,2026-10-06T05:33:11.397000+00:00,@Chuekpoint,"No, she needs a bra",Lindsay Roth,0.0
1294.3,2026-10-06T05:33:15.282000+00:00,@albannach7943,just stand tall,Lindsay Roth,0.0
1307.8,2026-10-06T05:33:28.786000+00:00,@EricNelson1236,manbear pig by night,Lindsay Roth,0.0
1309.2,2026-10-06T05:33:30.232000+00:00,@839aty,name a country that's funnier than america then,Lindsay Roth,0.0
1315.9,2026-10-06T05:33:36.879000+00:00,@pijinFPS,she's funny if you picture her boobs as giant googly eyes,Lindsay Roth,1.0
1318.1,2026-10-06T05:33:39.084000+00:00,@patrickglaser1560,Eire... how ya doing ya daft coont?,Lindsay Roth,0.0
1318.8,2026-10-06T05:33:39.778000+00:00,@albannach7943,he is polynesian asshole!!!!,Lindsay Roth,0.0
1323.8,2026-10-06T05:33:44.840000+00:00,@CharlieDown222,ya America is full of the unfunny,Lindsay Roth,0.0
1324.6,2026-10-06T05:33:45.572000+00:00,@williamny530,It does look used ngl ,Lindsay Roth,0.0
1334.8,2026-10-06T05:33:55.797000+00:00,@HoundOfEire,Scottish,Lindsay Roth,0.0
1337.5,2026-10-06T05:33:58.479000+00:00,@albannach7943,fucking racist. learn polynesian culture jokes,Lindsay Roth,0.0
1341.8,2026-10-06T05:34:02.801000+00:00,@HoundOfEire,Australians,Lindsay Roth,0.0
1347.2,2026-10-06T05:34:08.229000+00:00,@williamny530,Her body like a used Honda w/ 300k miles on it ,Lindsay Roth,0.0
1347.5,2026-10-06T05:34:08.484000+00:00,@pijinFPS,she's not like the other girls,Lindsay Roth,0.0
1350.9,2026-10-06T05:34:11.891000+00:00,@user-xr6lt7ed2p,yea because everything has to be pc now in the states,Lindsay Roth,0.0
1353.3,2026-10-06T05:34:14.276000+00:00,@CaptainDookiepost,,Lindsay Roth,0.0
1354.3,2026-10-06T05:34:15.272000+00:00,@pijinFPS,do not slut shame her chat,Lindsay Roth,0.0
1359.7,2026-10-06T05:34:20.656000+00:00,@CharlieDown222,man America hasnt been funny in like 30 years,Lindsay Roth,1.0
1362.2,2026-10-06T05:34:23.202000+00:00,@patrickglaser1560,"CLose enough, at least you're not English;)",Lindsay Roth,0.0
1363.2,2026-10-06T05:34:24.247000+00:00,@joshuabutterwick3156,this girl's been passed around more than a deck of cards in a prison,Lindsay Roth,0.0
1366.8,2026-10-06T05:34:27.834000+00:00,@839aty,actually yeah Australia is funnier. idk about Scottish but I've never seen it,Lindsay Roth,0.0
1368.2,2026-10-06T05:34:29.198000+00:00,@IMMORTALCHAFF,therapy working for Chino,Lindsay Roth,0.0
1369.5,2026-10-06T05:34:30.500000+00:00,@henryOP8749,Scottish choke on there words and there funnier than Americans yeah ok,Lindsay Roth,0.0
1370.8,2026-10-06T05:34:31.776000+00:00,@albannach7943,eirennach!,Lindsay Roth,0.0
1376.0,2026-10-06T05:34:36.953000+00:00,@williamny530,Facts Josh!,Lindsay Roth,0.0
1382.3,2026-10-06T05:34:43.342000+00:00,@dylan4652,Lame as hell reading BS off your phone wTF is this?,Lindsay Roth,-1.0
1387.9,2026-10-06T05:34:48.875000+00:00,@839aty,"chat gpt, write me some funny jokes that would make a comedy club laugh.",Lindsay Roth,1.0
1388.0,2026-10-06T05:34:48.951000+00:00,@williamny530,I can smell the yeast infection from here ,Lindsay Roth,0.0
1390.4,2026-10-06T05:34:51.423000+00:00,@patrickglaser1560,heh heh pegging i get it,Lindsay Roth,0.0
1403.3,2026-10-06T05:35:04.326000+00:00,@pijinFPS,she is fighting the patriarchy by refusing to be attractive,Lindsay Roth,0.0
1407.3,2026-10-06T05:35:08.254000+00:00,@JimboTheComic,ROAST ARE MY FAVES ,Lindsay Roth,0.0
1408.1,2026-10-06T05:35:09.076000+00:00,@CaptainDookiepost,load the tomato launcher!,Lindsay Roth,0.0
1418.8,2026-10-06T05:35:19.787000+00:00,@CharlieDown222,nobody has to be PC.,Lindsay Roth,0.0
1422.1,2026-10-06T05:35:23.125000+00:00,@IMMORTALCHAFF,eats corn sideways?,Lindsay Roth,0.0
1422.6,2026-10-06T05:35:23.578000+00:00,@Drifta032,"I see chair has a mate , but it’s gotta split ",Lindsay Roth,0.0
1424.3,2026-10-06T05:35:25.331000+00:00,@pijinFPS,she is butch lesbian from the receding hairline down ,Lindsay Roth,0.0
1427.7,2026-10-06T05:35:28.702000+00:00,@albannach7943,sit down!,Lindsay Roth,0.0
1435.0,2026-10-06T05:35:35.985000+00:00,@CharlieDown222,America is least PC place,Lindsay Roth,0.0
1447.3,2026-10-06T05:35:48.306000+00:00,@dylan4652,Is AI coming up with this on ChatGPD?,Joel Hewins,0.0
1449.1,2026-10-06T05:35:50.099000+00:00,@alisonwayland6057,Chino works out after every show now. I respect that. Most guys turning 40 are trying to get a six-pack. Chino's apparently trying to get down to regulation volleyball size.,Joel Hewins,0.0
1452.5,2026-10-06T05:35:53.537000+00:00,@EricNelson1236,chino you dawg lol,Joel Hewins,1.0
1455.1,2026-10-06T05:35:56.086000+00:00,@tylerdarnell4842,Booo,Joel Hewins,-1.0
1456.5,2026-10-06T05:35:57.503000+00:00,@pijinFPS,lost a whole watermelon sitting on it,Joel Hewins,0.0
1463.0,2026-10-06T05:36:03.956000+00:00,@joshuabutterwick3156,she eats corn the long way,Joel Hewins,0.0
1469.3,2026-10-06T05:36:10.307000+00:00,@pijinFPS,chino is def tapping that,Joel Hewins,0.0
1470.3,2026-10-06T05:36:11.350000+00:00,@HoundOfEire,UK Shameless is better than US Shameless,Joel Hewins,0.0
1473.5,2026-10-06T05:36:14.498000+00:00,@IMMORTALCHAFF,Chino growing hair again,Joel Hewins,0.0
1475.2,2026-10-06T05:36:16.208000+00:00,@patrickglaser1560,Ok she knows she bombed and has the grace to get off stage,Joel Hewins,-1.0
1479.3,2026-10-06T05:36:20.326000+00:00,@user-xr6lt7ed2p,the queen of the dead ,Joel Hewins,1.0
1483.3,2026-10-06T05:36:24.334000+00:00,@Baconstrip69,Can we zoom out? ,Joel Hewins,0.0
1502.7,2026-10-06T05:36:43.735000+00:00,@JimboTheComic,TONIGHT IS AN ALL TIME SIMULATOR NIGHT IYKYK,Joel Hewins,0.0
1503.6,2026-10-06T05:36:44.590000+00:00,@IMMORTALCHAFF,Chino eating that later,Joel Hewins,0.0
1506.8,2026-10-06T05:36:47.816000+00:00,@patrickglaser1560,Fuuuuuuck,Joel Hewins,0.0
1507.6,2026-10-06T05:36:48.627000+00:00,@joshuabutterwick3156,can we cut to a commercial,Joel Hewins,0.0
1514.4,2026-10-06T05:36:55.409000+00:00,@pijinFPS,,Joel Hewins,0.0
1515.3,2026-10-06T05:36:56.350000+00:00,@Baconstrip69,The different camera angles are not helping ,Joel Hewins,0.0
1516.3,2026-10-06T05:36:57.251000+00:00,@albannach7943,chino is the kinda guy that invites you to the bbq but doesnt have a imu.,Joel Hewins,0.0
1522.5,2026-10-06T05:37:03.507000+00:00,@user-xr6lt7ed2p,he can't even find the clitoris,Joel Hewins,0.0
1528.8,2026-10-06T05:37:09.850000+00:00,@patrickglaser1560,ya that clitoris joke was a showstopper,Joel Hewins,0.0
1543.0,2026-10-06T05:37:23.955000+00:00,@Baconstrip69,How does each camera shot get worse? ,Joel Hewins,0.0
1548.4,2026-10-06T05:37:29.439000+00:00,@patrickglaser1560,murkin wig,Joel Hewins,0.0
1548.5,2026-10-06T05:37:29.501000+00:00,@JimboTheComic,Bacon nothing can help us. ,Joel Hewins,0.0
1548.6,2026-10-06T05:37:29.584000+00:00,@henryOP8749,Chino looks like Mr potatoe head with a body,Joel Hewins,0.0
1553.6,2026-10-06T05:37:34.581000+00:00,@839aty,"the classic, my dark joke failed so im gonna apologize for it",Joel Hewins,0.0
1557.4,2026-10-06T05:37:38.434000+00:00,@HoundOfEire,Chino is the kinda guy that picks his nose and eats it,Joel Hewins,0.0
1565.7,2026-10-06T05:37:46.664000+00:00,@Baconstrip69,Jimbo you are a legend ,Joel Hewins,1.0
1565.7,2026-10-06T05:37:46.692000+00:00,@CharlieDown222,we need George Carlin needs to come back,Joel Hewins,0.0
1571.5,2026-10-06T05:37:52.497000+00:00,@pijinFPS,holy shit,Joel Hewins,0.0
1577.9,2026-10-06T05:37:58.912000+00:00,@CharlieDown222,ayo this dude looks funny,Joel Hewins,1.0
1582.9,2026-10-06T05:38:03.937000+00:00,@pijinFPS,jeff fox dirty is always a surprise,Joel Hewins,0.0
1586.5,2026-10-06T05:38:07.490000+00:00,@Hasholio,lol,Joel Hewins,1.0
1587.8,2026-10-06T05:38:08.805000+00:00,@patrickglaser1560,ya Jimbo it's not the camera angle or focus point.. its the subject matter=),Joel Hewins,0.0
1591.1,2026-10-06T05:38:12.123000+00:00,@HoundOfEire,boring,Joel Hewins,0.0
1594.8,2026-10-06T05:38:15.835000+00:00,@user-xr6lt7ed2p,I'll take some that hair. I need to pass a drug test,Joel Hewins,0.0
1594.8,2026-10-06T05:38:15.841000+00:00,@joshuabutterwick3156,joel has a pocket for his Bible in those pants,Joel Hewins,0.0
1600.6,2026-10-06T05:38:21.554000+00:00,@alisonwayland6057,a word from our sponsor Radio Shack,Joel Hewins,0.0
1605.1,2026-10-06T05:38:26.082000+00:00,@pijinFPS,the cast of the muppets is sleeping on his head,Joel Hewins,0.0
1606.9,2026-10-06T05:38:27.880000+00:00,@CharlieDown222,Jeff fox dirt lol,Joel Hewins,1.0
1607.2,2026-10-06T05:38:28.192000+00:00,@dylan4652,There’s no way this is an actual comedy show ,Joel Hewins,0.0
1616.1,2026-10-06T05:38:37.128000+00:00,@albannach7943,chino is the hawaiian we mistake for a haol3,Joel Hewins,0.0
1619.1,2026-10-06T05:38:40.141000+00:00,@Baconstrip69,"Joe dirt hair, Jeffery dalmer vibes ",Joel Hewins,0.0
1619.9,2026-10-06T05:38:40.910000+00:00,@patrickglaser1560,Farah Fawcett is back I kinda like him,Joel Hewins,0.0
1620.5,2026-10-06T05:38:41.456000+00:00,@joshuabutterwick3156,this guy tries really hard not to smell like piss,Joel Hewins,0.0
1626.4,2026-10-06T05:38:47.426000+00:00,@IMMORTALCHAFF,doubt anyone there would pass a piss test,Joel Hewins,0.0
1629.4,2026-10-06T05:38:50.383000+00:00,@user-xr6lt7ed2p,he looks like he played in the band boston back in the day,Joel Hewins,0.0
1640.4,2026-10-06T05:39:01.417000+00:00,@pijinFPS,his girl won't peg him because she's not a lesbian,Joel Hewins,0.0
1643.8,2026-10-06T05:39:04.790000+00:00,@EricNelson1236,she choked out Sarah Connor with her legs relax,Joel Hewins,0.0
1646.8,2026-10-06T05:39:07.807000+00:00,@HoundOfEire,this is comedy show for the pink and blue haired ppl,Joel Hewins,0.0
1650.0,2026-10-06T05:39:10.969000+00:00,@CharlieDown222,the crowd is talking,Joel Hewins,0.0
1651.9,2026-10-06T05:39:12.937000+00:00,@user-xr6lt7ed2p,where's peta? someone save that poor animal on his head,Joel Hewins,0.0
1659.8,2026-10-06T05:39:20.827000+00:00,@CharlieDown222,tell tjat crowd to pipe down,Joel Hewins,0.0
1661.8,2026-10-06T05:39:22.844000+00:00,@tylerdarnell4842,Hippy ,Joel Hewins,0.0
1663.3,2026-10-06T05:39:24.348000+00:00,@pijinFPS,More than a feeeeling,Joel Hewins,0.0
1676.3,2026-10-06T05:39:37.277000+00:00,@Baconstrip69,His energy bracelet isn’t working ,Joel Hewins,0.0
1676.6,2026-10-06T05:39:37.632000+00:00,@alisonwayland6057,"Joshua, he's trying hard not to smell like 1976",Joel Hewins,0.0
1677.9,2026-10-06T05:39:38.913000+00:00,@IMMORTALCHAFF,this guy is worse then Pearl Harbour,Joel Hewins,0.0
1679.7,2026-10-06T05:39:40.716000+00:00,@Chuekpoint,Chewbacca is trying stand up!,Joel Hewins,0.0
1682.1,2026-10-06T05:39:43.095000+00:00,@joshuabutterwick3156,this guy smokes cigarettes while reading the Bible,Joel Hewins,0.0
1691.1,2026-10-06T05:39:52.086000+00:00,@tylerdarnell4842,Booooooo not funny,Joel Hewins,-1.0
1695.7,2026-10-06T05:39:56.652000+00:00,@patrickglaser1560,Chili P and rhe spicy meth,Joel Hewins,0.0
1698.9,2026-10-06T05:39:59.949000+00:00,@StoneBurkett,This is dope asf ,Joel Hewins,0.0
1702.8,2026-10-06T05:40:03.782000+00:00,@user-xr6lt7ed2p,he needs to use the healing crystals to manifest some better jokes,Joel Hewins,0.0
1714.4,2026-10-06T05:40:15.377000+00:00,@Baconstrip69,Jimbo is literally Jeff termane ,Joel Hewins,0.0
1715.4,2026-10-06T05:40:16.397000+00:00,@HoundOfEire,Joe dirt,Joel Hewins,0.0
1719.4,2026-10-06T05:40:20.410000+00:00,@joshuabutterwick3156,this clown wore the same thing last week,Joel Hewins,0.0
1722.3,2026-10-06T05:40:23.330000+00:00,@EricNelson1236,get this perv a pony tail man,Joel Hewins,0.0
1728.4,2026-10-06T05:40:29.361000+00:00,@user-xr6lt7ed2p,chilli p is his signature,Joel Hewins,0.0
1734.5,2026-10-06T05:40:35.507000+00:00,@HoundOfEire,it puts the lotion on its skin,Joel Hewins,0.0
1736.5,2026-10-06T05:40:37.531000+00:00,@839aty,he looks like he has to smoke weed to be funny,Joel Hewins,1.0
1740.7,2026-10-06T05:40:41.734000+00:00,@Heritik-tipc,the type you see on a sketchy documentary.,Joel Hewins,0.0
1744.6,2026-10-06T05:40:45.621000+00:00,@tylerdarnell4842,Tell a joke ya dork,Joel Hewins,0.0
1757.6,2026-10-06T05:40:58.558000+00:00,@joshuabutterwick3156,this guy looks like you'd seen him on CNN for shooting up a school,Joel Hewins,0.0
1763.9,2026-10-06T05:41:04.929000+00:00,@patrickglaser1560,no no 839... we have to smoke for him to be funny,Joel Hewins,1.0
1764.0,2026-10-06T05:41:04.988000+00:00,@pijinFPS,bro is wearing his mom's hair,Joel Hewins,0.0
1771.2,2026-10-06T05:41:12.181000+00:00,@tylerdarnell4842,Next,Joel Hewins,0.0
1773.2,2026-10-06T05:41:14.181000+00:00,@IMMORTALCHAFF,This guy looks like Tom Selleks and Danny Devitos love child,Joel Hewins,1.0
1775.5,2026-10-06T05:41:16.550000+00:00,@patrickglaser1560,pat bateman style,Joel Hewins,0.0
1777.1,2026-10-06T05:41:18.104000+00:00,@Baconstrip69,I think it’s a small island. They can’t really be mean ,Joel Hewins,0.0
1778.0,2026-10-06T05:41:19.009000+00:00,@dylan4652,So comedians are now using their phones to come up with jokes?,Joel Hewins,0.0
1788.2,2026-10-06T05:41:29.158000+00:00,@JimboTheComic,This is a roast Dylan ,Joel Hewins,0.0
1793.7,2026-10-06T05:41:34.673000+00:00,@pijinFPS,maybe it's maybeline ,Joel Hewins,0.0
1794.7,2026-10-06T05:41:35.710000+00:00,@JimboTheComic,I’m gunna use my phone ,Joel Hewins,0.0
1800.4,2026-10-06T05:41:41.433000+00:00,@Baconstrip69,Ai can take his job ,Bashar,0.0
1803.8,2026-10-06T05:41:44.769000+00:00,@user-xr6lt7ed2p,his name is hewins but he doesn't,Bashar,0.0
1808.0,2026-10-06T05:41:49.004000+00:00,@839aty,youre right but I would have to be greened out to find this funny,Bashar,1.0
1812.3,2026-10-06T05:41:53.301000+00:00,@pijinFPS,bro os gayer than half my thoughts,Bashar,0.0
1813.6,2026-10-06T05:41:54.637000+00:00,@patrickglaser1560,Ya need to have the comments section scrolling behind the comics... that would be epic,Bashar,0.0
1819.8,2026-10-06T05:42:00.789000+00:00,@tylerdarnell4842,Chino is the funniest ,Bashar,0.0
1826.4,2026-10-06T05:42:07.406000+00:00,@JimboTheComic,I’ll be funny ,Bashar,1.0
1832.4,2026-10-06T05:42:13.379000+00:00,@JimboTheComic,I promise ,Bashar,0.0
1836.3,2026-10-06T05:42:17.338000+00:00,@JimboTheComic,Or I’ll kms ,Bashar,0.0
1839.8,2026-10-06T05:42:20.791000+00:00,@IMMORTALCHAFF,Chino is Mexican?,Bashar,0.0
1845.0,2026-10-06T05:42:25.993000+00:00,@EricNelson1236,some just plain ole have herps etc,Bashar,0.0
1845.0,2026-10-06T05:42:26.002000+00:00,@patrickglaser1560,bring the jew joke heatera=),Bashar,0.0
1849.8,2026-10-06T05:42:30.782000+00:00,@pijinFPS,you got this jimbo,Bashar,0.0
1851.8,2026-10-06T05:42:32.782000+00:00,@Chuekpoint,Jimbo,Bashar,0.0
1855.7,2026-10-06T05:42:36.704000+00:00,@Heritik-tipc,shaq/Jeff Ross hybrid,Bashar,0.0
1862.4,2026-10-06T05:42:43.427000+00:00,@pijinFPS,chino is xuahacan,Bashar,0.0
1863.8,2026-10-06T05:42:44.750000+00:00,@JimboTheComic,Chuek what’s gooood,Bashar,0.0
1868.8,2026-10-06T05:42:49.765000+00:00,@patrickglaser1560,Jimbo Jimbo Jimbo you got this,Bashar,0.0
1870.8,2026-10-06T05:42:51.779000+00:00,@henryOP8749,Chino is actually a robot and a figment of your imagination ,Bashar,0.0
1873.2,2026-10-06T05:42:54.233000+00:00,@Baconstrip69,Jimbo went piss and someone got on his laptop,Bashar,0.0
1883.3,2026-10-06T05:43:04.303000+00:00,@alisonwayland6057,Rick please please please new material,Bashar,0.0
1884.1,2026-10-06T05:43:05.100000+00:00,@user-xr6lt7ed2p,didn't know Tony hawk did stand up,Bashar,0.0
1886.0,2026-10-06T05:43:06.952000+00:00,@Chuekpoint,"Jimbo, it’s ivan!",Bashar,0.0
1890.8,2026-10-06T05:43:11.809000+00:00,@JimboTheComic, I can’t afford a laptop ,Bashar,0.0
1891.1,2026-10-06T05:43:12.060000+00:00,@pijinFPS,nipples also hard,Bashar,0.0
1901.7,2026-10-06T05:43:22.655000+00:00,@alisonwayland6057,no beach boys jokes,Bashar,0.0
1910.2,2026-10-06T05:43:31.154000+00:00,@JimboTheComic,IVAN!! ,Bashar,0.0
1910.3,2026-10-06T05:43:31.278000+00:00,@Chuekpoint,Here comes the beach boys,Bashar,0.0
1915.8,2026-10-06T05:43:36.838000+00:00,@Baconstrip69,Better not call Saul ,Bashar,0.0
1918.1,2026-10-06T05:43:39.104000+00:00,@IMMORTALCHAFF,Jimbo can't afford comedy,Bashar,0.0
1918.5,2026-10-06T05:43:39.523000+00:00,@pijinFPS,what's it like to have armpit boobs,Bashar,0.0
1920.8,2026-10-06T05:43:41.838000+00:00,@Chuekpoint,Yee,Bashar,0.0
1921.7,2026-10-06T05:43:42.682000+00:00,@tylerdarnell4842,Next,Bashar,0.0
1931.5,2026-10-06T05:43:52.465000+00:00,@alisonwayland6057,you are the OLD GUY,Bashar,0.0
1933.1,2026-10-06T05:43:54.062000+00:00,@JimboTheComic,Immortal THIS IS TRUE ,Bashar,0.0
1939.2,2026-10-06T05:44:00.189000+00:00,@Heritik-tipc,at least he sucks without a phone.,Bashar,0.0
1944.0,2026-10-06T05:44:05.024000+00:00,@patrickglaser1560,Performing arts are not for the faint of heart,Bashar,0.0
1949.7,2026-10-06T05:44:10.661000+00:00,@tylerdarnell4842,Booooooooooo,Bashar,0.0
1953.1,2026-10-06T05:44:14.060000+00:00,@joshuabutterwick3156,this guy looks like the janitor at a porn theatre who cleans up the cum puddles,Bashar,0.0
1960.6,2026-10-06T05:44:21.607000+00:00,@Baconstrip69,Harland Williams but his hair is a mustache ,Bashar,0.0
1964.2,2026-10-06T05:44:25.190000+00:00,@henryOP8749,He is totally using a phone  ,Bashar,0.0
1973.7,2026-10-06T05:44:34.660000+00:00,@IMMORTALCHAFF,damn who's farting in the background so loud?,Bashar,0.0
1974.8,2026-10-06T05:44:35.781000+00:00,@patrickglaser1560,I love how the motorcycle ruined his punchline,Bashar,1.0
1990.1,2026-10-06T05:44:51.051000+00:00,@tylerdarnell4842,Ok next,Bashar,0.0
1991.9,2026-10-06T05:44:52.901000+00:00,@pijinFPS,ironically the one Richard who doesn't go by Dick,Bashar,0.0
1994.3,2026-10-06T05:44:55.269000+00:00,@Chuekpoint,He looks like Morgen’s older brother ,Bashar,0.0
1994.4,2026-10-06T05:44:55.378000+00:00,@839aty,hes just giving opinions and telling stories. this isnt a campfire grandpa,Bashar,0.0
1997.0,2026-10-06T05:44:58.001000+00:00,@user-xr6lt7ed2p,dick trickle had too many Jaeger bombs,Bashar,-1.0
1998.1,2026-10-06T05:44:59.133000+00:00,@alisonwayland6057,he has it all memorized since he only has one set he recycles,Bashar,0.0
2014.7,2026-10-06T05:45:15.684000+00:00,@henryOP8749,Ali  ,Rick Jaeger,0.0
2025.4,2026-10-06T05:45:26.376000+00:00,@patrickglaser1560,Old man shakes fist at birthday balloons,Rick Jaeger,0.0
2030.2,2026-10-06T05:45:31.249000+00:00,@tylerdarnell4842,Man DOESNT anybody have a joke ffs,Rick Jaeger,0.0
2038.4,2026-10-06T05:45:39.401000+00:00,@pijinFPS,i want more rick,Rick Jaeger,0.0
2039.4,2026-10-06T05:45:40.444000+00:00,@joshuabutterwick3156,haha Patrick,Rick Jaeger,1.0
2045.0,2026-10-06T05:45:46.039000+00:00,@IMMORTALCHAFF,what rymes with clock?,Rick Jaeger,0.0
2051.1,2026-10-06T05:45:52.132000+00:00,@user-xr6lt7ed2p,he's not funny. he's just goofy,Rick Jaeger,-1.0
2053.4,2026-10-06T05:45:54.429000+00:00,@tylerdarnell4842,lol  ,Rick Jaeger,1.0
2060.4,2026-10-06T05:46:01.403000+00:00,@EricNelson1236,that torso sums up like three beach boys members put together poor guys,Ronda Lee Hanson,0.0
2061.8,2026-10-06T05:46:02.765000+00:00,@henryOP8749,Tyler the joke is you come for the chat not the comedy  ,Ronda Lee Hanson,0.0
2062.0,2026-10-06T05:46:03.039000+00:00,@alisonwayland6057,Rick did comed y on the big island??????,Ronda Lee Hanson,0.0
2071.2,2026-10-06T05:46:12.159000+00:00,@patrickglaser1560,ya all the comics are depressed,Ronda Lee Hanson,0.0
2074.7,2026-10-06T05:46:15.746000+00:00,@IMMORTALCHAFF,Chino Emo. lmfao,Ronda Lee Hanson,1.0
2078.1,2026-10-06T05:46:19.104000+00:00,@patrickglaser1560,emo party ftw,Ronda Lee Hanson,0.0
2080.9,2026-10-06T05:46:21.936000+00:00,@Chuekpoint,Yes,Ronda Lee Hanson,1.0
2084.1,2026-10-06T05:46:25.106000+00:00,@Baconstrip69,You used too much dye ,Ronda Lee Hanson,0.0
2086.0,2026-10-06T05:46:26.959000+00:00,@pijinFPS,chino on his way to do a mcdonalds commercial,Ronda Lee Hanson,0.0
2087.1,2026-10-06T05:46:28.069000+00:00,@joshuabutterwick3156,emo music sucks donkey dick,Ronda Lee Hanson,0.0
2089.9,2026-10-06T05:46:30.949000+00:00,@tylerdarnell4842,Henry lol,Ronda Lee Hanson,1.0
2102.9,2026-10-06T05:46:43.890000+00:00,@henryOP8749, ,Ronda Lee Hanson,0.0
2104.8,2026-10-06T05:46:45.753000+00:00,@IMMORTALCHAFF,I wanna see Chino with green hair and mascara,Ronda Lee Hanson,0.0
2110.8,2026-10-06T05:46:51.829000+00:00,@839aty,I sense a sexual joke,Ronda Lee Hanson,0.0
2116.3,2026-10-06T05:46:57.314000+00:00,@Chuekpoint,Rondaaaa,Ronda Lee Hanson,0.0
2120.9,2026-10-06T05:47:01.870000+00:00,@joshuabutterwick3156,Only if that belt could talk !!,Ronda Lee Hanson,0.0
2124.5,2026-10-06T05:47:05.490000+00:00,@patrickglaser1560,I wanna see that inprov lady who just uploads about her awful life,Ronda Lee Hanson,-1.0
2128.0,2026-10-06T05:47:08.956000+00:00,@CaptainDookiepost,I can tell by the tone of her voice she's going to be boring!,Ronda Lee Hanson,0.0
2131.0,2026-10-06T05:47:12.004000+00:00,@EricNelson1236,bring in the bigger guns after,Ronda Lee Hanson,0.0
2144.4,2026-10-06T05:47:25.398000+00:00,@user-xr6lt7ed2p,fupa gone crazy,Ronda Lee Hanson,0.0
2150.6,2026-10-06T05:47:31.550000+00:00,@alisonwayland6057,this show feels like an unstable family,Ronda Lee Hanson,0.0
2152.1,2026-10-06T05:47:33.091000+00:00,@henryOP8749,Chino your hair finally grew back  ,Ronda Lee Hanson,0.0
2154.0,2026-10-06T05:47:34.976000+00:00,@pijinFPS,melon collie and infinite cleavage ,Ronda Lee Hanson,0.0
2154.5,2026-10-06T05:47:35.483000+00:00,@patrickglaser1560,Crack or freebase?,Ronda Lee Hanson,0.0
2154.8,2026-10-06T05:47:35.775000+00:00,@IMMORTALCHAFF,she is a BIGGER one,Ronda Lee Hanson,0.0
2171.8,2026-10-06T05:47:52.828000+00:00,@Baconstrip69,Gender neutral hair cut ,Ronda Lee Hanson,0.0
2177.4,2026-10-06T05:47:58.363000+00:00,@Chuekpoint,"It is an unstable family, and a very proud one",Ronda Lee Hanson,0.0
2177.7,2026-10-06T05:47:58.662000+00:00,@joshuabutterwick3156,there's no more holes in her belt,Ronda Lee Hanson,0.0
2180.0,2026-10-06T05:48:00.994000+00:00,@Heritik-tipc,hes the uncle you hope don't visit.,Ronda Lee Hanson,0.0
2191.9,2026-10-06T05:48:12.914000+00:00,@user-xr6lt7ed2p,tits McGee gonna kill em,Ronda Lee Hanson,0.0
2209.1,2026-10-06T05:48:30.071000+00:00,@pijinFPS,imagine her giant arm next to your average size junk,Ronda Lee Hanson,0.0
2227.6,2026-10-06T05:48:48.562000+00:00,@hispicelife123,EMO!!!,Ronda Lee Hanson,0.0
2232.5,2026-10-06T05:48:53.486000+00:00,@patrickglaser1560,she's for a shelit... boy hair in front long in the back,Ronda Lee Hanson,0.0
2234.9,2026-10-06T05:48:55.941000+00:00,@henryOP8749,Thought this was jokes about chino not how I met your mother chino  ,Ronda Lee Hanson,0.0
2243.2,2026-10-06T05:49:04.200000+00:00,@pijinFPS,oh cool she cut her bangs herself,Ronda Lee Hanson,0.0
2246.6,2026-10-06T05:49:07.594000+00:00,@patrickglaser1560,shes gonna do a roast pig by herself,Ronda Lee Hanson,0.0
2248.1,2026-10-06T05:49:09.056000+00:00,@Baconstrip69,I didn’t know Maui partied like that,Ronda Lee Hanson,0.0
2264.1,2026-10-06T05:49:25.079000+00:00,@pijinFPS,hoobadaboooo,Ronda Lee Hanson,0.0
2268.8,2026-10-06T05:49:29.805000+00:00,@Hasholio,they said roast she showed up with a Crock-Pot,Ronda Lee Hanson,0.0
2287.9,2026-10-06T05:49:48.851000+00:00,@henryOP8749,That bike that just went by is funnier than this guy dafuq,Ronda Lee Hanson,0.0
2291.6,2026-10-06T05:49:52.642000+00:00,@joshuabutterwick3156,Chino keeps entering establishments til someone recognizes him,Ronda Lee Hanson,0.0
2295.5,2026-10-06T05:49:56.485000+00:00,@IMMORTALCHAFF,Mac and cheese isn't a roast,Ronda Lee Hanson,0.0
2298.2,2026-10-06T05:49:59.185000+00:00,@patrickglaser1560,Man you gotta do the bbq pork luau at the Hawaiian cultural center.,Ronda Lee Hanson,0.0
2308.8,2026-10-06T05:50:09.799000+00:00,@839aty,theres the sexual joke ,Ronda Lee Hanson,0.0
2311.1,2026-10-06T05:50:12.094000+00:00,@Chuekpoint,"Pijin, your name in Spanish literally means small penis, wtf?",Ronda Lee Hanson,0.0
2324.6,2026-10-06T05:50:25.608000+00:00,@pijinFPS,Captain Ahab has spent his life looking for her,Ronda Lee Hanson,0.0
2328.2,2026-10-06T05:50:29.219000+00:00,@henryOP8749,This guy had the whole week to write a joke and still failed,Ronda Lee Hanson,0.0
2334.6,2026-10-06T05:50:35.648000+00:00,@joshuabutterwick3156,here come the sirens,Ronda Lee Hanson,0.0
2343.2,2026-10-06T05:50:44.176000+00:00,@alisonwayland6057,so ideas for a fans only channel,Ronda Lee Hanson,0.0
2344.3,2026-10-06T05:50:45.309000+00:00,@joshuabutterwick3156,shows over,Ronda Lee Hanson,0.0
2355.4,2026-10-06T05:50:56.390000+00:00,@patrickglaser1560,When were with chino no one gonna say no,Ronda Lee Hanson,0.0
2369.7,2026-10-06T05:51:10.732000+00:00,@pijinFPS,Ronda's address is Sea World,between_sets,0.0
2373.3,2026-10-06T05:51:14.252000+00:00,@tylerdarnell4842,Ha,between_sets,0.0
2383.6,2026-10-06T05:51:24.615000+00:00,@henryOP8749,Two claps  ,between_sets,0.0
2388.6,2026-10-06T05:51:29.634000+00:00,@Heritik-tipc,her and chino halved the roast.,between_sets,0.0
2389.2,2026-10-06T05:51:30.211000+00:00,@alisonwayland6057,what no throupling,between_sets,0.0
2394.1,2026-10-06T05:51:35.105000+00:00,@patrickglaser1560,the fridge always guarding the snacks,between_sets,0.0
2405.6,2026-10-06T05:51:46.589000+00:00,@joshuabutterwick3156,"it would take 2, debit cards to feed rhonda",between_sets,0.0
2414.8,2026-10-06T05:51:55.818000+00:00,@IMMORTALCHAFF,need another axle,between_sets,0.0
2422.6,2026-10-06T05:52:03.619000+00:00,@patrickglaser1560,Jimbo?,between_sets,0.0
2426.2,2026-10-06T05:52:07.151000+00:00,@EricNelson1236,gives stinky foes the finger,between_sets,0.0
2438.1,2026-10-06T05:52:19.058000+00:00,@henryOP8749,She driving with four axles wtf  ,between_sets,0.0
2439.1,2026-10-06T05:52:20.076000+00:00,@joshuabutterwick3156,Rhonda runs out of money at the grocery store,between_sets,0.0
2442.0,2026-10-06T05:52:23.015000+00:00,@Chuekpoint,Danny,between_sets,0.0
2463.1,2026-10-06T05:52:44.122000+00:00,@Chuekpoint,Teddd,between_sets,0.0
2463.3,2026-10-06T05:52:44.294000+00:00,@IMMORTALCHAFF,she ate the store,between_sets,0.0
2476.8,2026-10-06T05:52:57.850000+00:00,@patrickglaser1560,Lol when the crowd is made up of the performers,between_sets,1.0
2495.0,2026-10-06T05:53:15.969000+00:00,@pijinFPS,Dark and Rough is his favorite type of porn,between_sets,0.0
2502.3,2026-10-06T05:53:23.280000+00:00,@henryOP8749,Jimbo awfully quiet,between_sets,0.0
2513.9,2026-10-06T05:53:34.861000+00:00,@joshuabutterwick3156,this guy looks like a guy who would shoot up a factory that he's been at for over 30 years,between_sets,0.0
2530.6,2026-10-06T05:53:51.614000+00:00,@henryOP8749,At least she actually roasting chino,between_sets,0.0
2543.6,2026-10-06T05:54:04.573000+00:00,@IMMORTALCHAFF,did Chino explore Uranus?,between_sets,0.0
2552.8,2026-10-06T05:54:13.835000+00:00,@JimboTheComic,Omg Ted brought it ,between_sets,0.0
2554.4,2026-10-06T05:54:15.368000+00:00,@joshuabutterwick3156,this guy is alone when he goes to couples councilling,between_sets,0.0
2560.7,2026-10-06T05:54:21.719000+00:00,@OntologicallySteve,This dude is the Joe Rogan of comedy. He sucks,between_sets,0.0
2575.2,2026-10-06T05:54:36.162000+00:00,@henryOP8749,You know Rhonda has a roast sitting in her fridge right now waiting for her to get home,between_sets,0.0
2580.9,2026-10-06T05:54:41.887000+00:00,@Baconstrip69,he looks like the brady brother no ones knows ,between_sets,0.0
2590.6,2026-10-06T05:54:51.632000+00:00,@839aty,I bet the furthest the dark jokes will go is this person died. and thats it,between_sets,0.0
2598.3,2026-10-06T05:54:59.255000+00:00,@joshuabutterwick3156,haha bacon,between_sets,1.0
2605.6,2026-10-06T05:55:06.597000+00:00,@patrickglaser1560,Needs better delivery but I like the meanness,between_sets,0.0
2610.3,2026-10-06T05:55:11.300000+00:00,@Baconstrip69,this is like a losing lawyer on every show,between_sets,0.0
2617.8,2026-10-06T05:55:18.832000+00:00,@Baconstrip69,he is a real HEEL,between_sets,0.0
2624.4,2026-10-06T05:55:25.385000+00:00,@Chuekpoint,Now this is a roast,between_sets,0.0
2626.6,2026-10-06T05:55:27.562000+00:00,@IMMORTALCHAFF,I knew a girl name chlamydia,between_sets,0.0
2639.0,2026-10-06T05:55:40.036000+00:00,@OntologicallySteve,What's the difference between this guy and a fridge? A fridge doesn't fart when you pull the meat out.,between_sets,0.0
2645.3,2026-10-06T05:55:46.276000+00:00,@patrickglaser1560,This heel should fight the babyface luchador,between_sets,0.0
2647.7,2026-10-06T05:55:48.697000+00:00,@EricNelson1236,no dark jokes man racist,between_sets,0.0
2656.8,2026-10-06T05:55:57.808000+00:00,@alisonwayland6057,awwwww,between_sets,0.0
2659.0,2026-10-06T05:56:00.027000+00:00,@HindiFactsInfoChannel,you guys are Brendan schuab enjoyers,between_sets,0.0
2673.1,2026-10-06T05:56:14.141000+00:00,@Baconstrip69,fighter and the skid,Ted Anderson,0.0
2677.1,2026-10-06T05:56:18.083000+00:00,@Heritik-tipc,oh no. the jokes are over.,Ted Anderson,0.0
2695.2,2026-10-06T05:56:36.177000+00:00,@tylerdarnell4842,The jokes never started ,vince,0.0
2698.4,2026-10-06T05:56:39.369000+00:00,@patrickglaser1560,it fits chinos ass sideways?,vince,0.0
2718.3,2026-10-06T05:56:59.345000+00:00,@IMMORTALCHAFF,I can't believe it's butter,vince,0.0
2718.8,2026-10-06T05:56:59.768000+00:00,@Baconstrip69,is this the same guy>?,vince,0.0
2723.4,2026-10-06T05:57:04.440000+00:00,@henryOP8749,Van space  ,vince,0.0
2730.2,2026-10-06T05:57:11.224000+00:00,@kelseymartin648,",,..",vince,0.0
2736.6,2026-10-06T05:57:17.579000+00:00,@patrickglaser1560,when's the divorce?,vince,0.0
2746.9,2026-10-06T05:57:27.867000+00:00,@839aty,I feel like this person is gonna use cuss words to make his jokes feel more effective,vince,0.0
2747.9,2026-10-06T05:57:28.914000+00:00,@Heritik-tipc,idiocracy great movie!,vince,0.0
2750.8,2026-10-06T05:57:31.763000+00:00,@hispicelife123,that's it!!,vince,0.0
2751.5,2026-10-06T05:57:32.501000+00:00,@IMMORTALCHAFF,who was the lucky guy?,vince,0.0
2754.0,2026-10-06T05:57:34.985000+00:00,@OntologicallySteve,"Carrot Top saw this guy's set right before the ""attempt""",vince,0.0
2759.0,2026-10-06T05:57:39.996000+00:00,@Baconstrip69,is this like man kind isnt mic foley? ,vince,0.0
2761.7,2026-10-06T05:57:42.680000+00:00,@patrickglaser1560,heh,vince,0.0
2761.8,2026-10-06T05:57:42.845000+00:00,@JimboTheComic,Sorry chat I’m writing ,vince,0.0
2777.4,2026-10-06T05:57:58.367000+00:00,@JimboTheComic,I hope you’re having a blast. This has been solid IMO ,vince,0.0
2779.4,2026-10-06T05:58:00.361000+00:00,@IMMORTALCHAFF,"Jimbo you can write,?",vince,0.0
2785.9,2026-10-06T05:58:06.891000+00:00,@brobanter8300,you guys are just jerks. non of that was clever or funny,vince,1.0
2793.4,2026-10-06T05:58:14.384000+00:00,@henryOP8749,Your biography Jim??,vince,0.0
2796.8,2026-10-06T05:58:17.801000+00:00,@patrickglaser1560,roast the f outta someone jimbo we believe in ya,vince,0.0
2801.8,2026-10-06T05:58:22.769000+00:00,@hispicelife123,Ted wins,vince,0.0
2807.0,2026-10-06T05:58:28.034000+00:00,@Gloobus.q,Jimbo you better not talk about mr e,vince,0.0
2810.9,2026-10-06T05:58:31.910000+00:00,@henryOP8749,Short stories are fun  ,vince,0.0
2814.2,2026-10-06T05:58:35.164000+00:00,@brobanter8300,thats just stupid,vince,0.0
2815.2,2026-10-06T05:58:36.211000+00:00,@EricNelson1236,chino into dilfs son,vince,0.0
2823.8,2026-10-06T05:58:44.827000+00:00,@Baconstrip69,this guy might have cuddled with him ,vince,0.0
2832.3,2026-10-06T05:58:53.336000+00:00,@henryOP8749,I haven’t seen Mr e since that argument  ,vince,0.0
2841.0,2026-10-06T05:59:02.008000+00:00,@IMMORTALCHAFF,is that a pic of Chino on his shirt?,vince,0.0
2842.1,2026-10-06T05:59:03.114000+00:00,@Baconstrip69,chino was the little spoon ,vince,0.0
2850.6,2026-10-06T05:59:11.629000+00:00,@pijinFPS,yea. screw driver guy. that's the line,vince,0.0
2869.1,2026-10-06T05:59:30.055000+00:00,@JimboTheComic,Gloobs who you think I am ,vince,0.0
2880.4,2026-10-06T05:59:41.420000+00:00,@JimboTheComic,I can’t read but I can write ,vince,0.0
2884.2,2026-10-06T05:59:45.199000+00:00,@839aty,yeah its so funny when I see someone who looks like they own a screw driver. that's like the rarest tool to find,vince,1.0
2886.4,2026-10-06T05:59:47.352000+00:00,@Hasholio,so chino hangs out with people who are not funny and wonders why his career hasn't taken off,vince,-1.0
2896.6,2026-10-06T05:59:57.568000+00:00,@Baconstrip69,a raisin ,vince,0.0
2899.8,2026-10-06T06:00:00.801000+00:00,@patrickglaser1560,damn the camera pan to the old guy..,vince,0.0
2912.8,2026-10-06T06:00:13.757000+00:00,@Chuekpoint,I love Vince,vince,1.0
2924.1,2026-10-06T06:00:25.122000+00:00,@brobanter8300,dude make stand up about random stuff that the audience can get. nobody knows who these people are make general jokes,vince,0.0
2936.5,2026-10-06T06:00:37.545000+00:00,@patrickglaser1560,hobadooo,vince,0.0
2940.3,2026-10-06T06:00:41.292000+00:00,@henryOP8749,Oh shit this dude roasting chinos mom  ,vince,0.0
2949.9,2026-10-06T06:00:50.930000+00:00,@Baconstrip69,where is rhonda?,vince,0.0
2956.6,2026-10-06T06:00:57.602000+00:00,@Heritik-tipc,the Owen's bother nobody liked.,vince,0.0
2976.2,2026-10-06T06:01:17.214000+00:00,@Baconstrip69,yeah fuck pie eata ,vince,0.0
2978.7,2026-10-06T06:01:19.730000+00:00,@EricNelson1236,harsh his mom in the audience too,vince,0.0
2980.5,2026-10-06T06:01:21.507000+00:00,@JimboTheComic,Brobanter quit with your banter it’s a roast ,vince,0.0
2992.3,2026-10-06T06:01:33.293000+00:00,@henryOP8749,Chino acting like he has friends now ok  ,vince,0.0
3024.8,2026-10-06T06:02:05.814000+00:00,@Baconstrip69,who are these people?,vince,0.0
3037.6,2026-10-06T06:02:18.576000+00:00,@pijinFPS,"Chat GPT, roast Chino",vince,0.0
3044.6,2026-10-06T06:02:25.569000+00:00,@patrickglaser1560,Dab lungs are yellow not black,vince,0.0
3048.9,2026-10-06T06:02:29.911000+00:00,@pijinFPS,Chat GED,vince,0.0
3050.0,2026-10-06T06:02:30.997000+00:00,@HindiFactsInfoChannel,who are your favourite comics ? people in the chat,vince,0.0
3074.6,2026-10-06T06:02:55.592000+00:00,@henryOP8749,Jimmy Carr,vince,0.0
3076.5,2026-10-06T06:02:57.512000+00:00,@JimboTheComic,Jimbo is my favorite ,vince,0.0
3078.7,2026-10-06T06:02:59.719000+00:00,@Baconstrip69,if i knew these people it would seem to be funny ,vince,1.0
3080.9,2026-10-06T06:03:01.915000+00:00,@tylerdarnell4842,No one here,vince,0.0
3081.4,2026-10-06T06:03:02.438000+00:00,@JimboTheComic,He hasn’t gone yet though ,vince,0.0
3081.8,2026-10-06T06:03:02.827000+00:00,@patrickglaser1560,I like the trainwreck lady and Jimbo Hindi,vince,0.0
3088.5,2026-10-06T06:03:09.477000+00:00,@alisonwayland6057,Chair is my favorite comic,vince,0.0
3091.1,2026-10-06T06:03:12.125000+00:00,@IMMORTALCHAFF,Chino has an only fans also,vince,0.0
3095.6,2026-10-06T06:03:16.641000+00:00,@Baconstrip69,chair,vince,0.0
3110.5,2026-10-06T06:03:31.484000+00:00,@henryOP8749,Jimbo the type to visit old videos to like his own posts and comments   ,Shane  Nelson,0.0
3114.9,2026-10-06T06:03:35.900000+00:00,@HindiFactsInfoChannel,I've never heard of those comics,Shane  Nelson,0.0
3143.4,2026-10-06T06:04:04.440000+00:00,@Baconstrip69,chair,Shane  Nelson,0.0
3143.8,2026-10-06T06:04:04.786000+00:00,@patrickglaser1560,The trainwreck lady tells awful run on stories about her dating life...,Shane  Nelson,-1.0
3155.1,2026-10-06T06:04:16.093000+00:00,@Heritik-tipc,Shane's lame older brother.,Shane  Nelson,-1.0
3166.6,2026-10-06T06:04:27.642000+00:00,@HindiFactsInfoChannel,do you guys hate any comics,Shane  Nelson,0.0
3170.4,2026-10-06T06:04:31.443000+00:00,@Baconstrip69,jimbo loves jimbo. and we love him because he dosent ban ,Shane  Nelson,1.0
3171.3,2026-10-06T06:04:32.256000+00:00,@EricNelson1236,you know about the marching ghosts or uh you know uhh ?,Shane  Nelson,0.0
3175.8,2026-10-06T06:04:36.761000+00:00,@TANE-D-80,next toerag,Shane  Nelson,0.0
3177.8,2026-10-06T06:04:38.829000+00:00,@goodviibes8573,Gay ,Shane  Nelson,0.0
3179.3,2026-10-06T06:04:40.273000+00:00,@henryOP8749,More like shame’s older brother  ,Shane  Nelson,0.0
3193.6,2026-10-06T06:04:54.629000+00:00,@HindiFactsInfoChannel,do you guys hate any comics ?,Shane  Nelson,0.0
3203.4,2026-10-06T06:05:04.425000+00:00,@839aty,why is nearly every guy built like they eat healthy but haven't excerised in 10 years,Shane  Nelson,0.0
3208.7,2026-10-06T06:05:09.705000+00:00,@alisonwayland6057,he looks like a certain purple dinosaur...,Shane  Nelson,0.0
3210.5,2026-10-06T06:05:11.533000+00:00,@IMMORTALCHAFF,ha ha ja,Shane  Nelson,0.0
3211.6,2026-10-06T06:05:12.553000+00:00,@tylerdarnell4842,Booo,Shane  Nelson,-1.0
3213.5,2026-10-06T06:05:14.502000+00:00,@goodviibes8573,More like lames older son ,Shane  Nelson,0.0
3214.9,2026-10-06T06:05:15.927000+00:00,@IMMORTALCHAFF,NOT,Shane  Nelson,0.0
3221.3,2026-10-06T06:05:22.309000+00:00,@Baconstrip69,i love when you tell me a joke i funny ,Shane  Nelson,1.0
3224.4,2026-10-06T06:05:25.421000+00:00,@henryOP8749,Every comic at comedy sim  hate em  ,Shane  Nelson,0.0
3224.5,2026-10-06T06:05:25.518000+00:00,@HanaArtsMaui,Wilbur!!!,Shane  Nelson,0.0
3228.0,2026-10-06T06:05:28.986000+00:00,@patrickglaser1560,He knows chino Inside and out;),Shane  Nelson,0.0
3236.7,2026-10-06T06:05:37.742000+00:00,@JimboTheComic,I’ll never ban ,Shane  Nelson,0.0
3245.1,2026-10-06T06:05:46.134000+00:00,@henryOP8749,Except the chair,Shane  Nelson,0.0
3246.2,2026-10-06T06:05:47.185000+00:00,@EricNelson1236,the last two looked like the same guy just changed shirts,Shane  Nelson,0.0
3249.9,2026-10-06T06:05:50.947000+00:00,@JimboTheComic,I’ll never take it in the butt either ,Shane  Nelson,0.0
3252.8,2026-10-06T06:05:53.817000+00:00,@JimboTheComic,For free ,Shane  Nelson,0.0
3262.0,2026-10-06T06:06:03.033000+00:00,@henryOP8749,Omg Jim wtf  ,Shane  Nelson,0.0
3264.7,2026-10-06T06:06:05.684000+00:00,@HanaArtsMaui,Trish eats him for free,Shane  Nelson,0.0
3266.3,2026-10-06T06:06:07.256000+00:00,@patrickglaser1560,20 bucks is 20 bucks,Shane  Nelson,0.0
3278.0,2026-10-06T06:06:18.962000+00:00,@Baconstrip69,charlettes web of lies and blow ,Shane  Nelson,0.0
3279.2,2026-10-06T06:06:20.181000+00:00,@IMMORTALCHAFF,you only receive it there Jombo.,Shane  Nelson,0.0
3285.7,2026-10-06T06:06:26.664000+00:00,@839aty,Charlotte was falling in love with him ,Shane  Nelson,1.0
3287.6,2026-10-06T06:06:28.600000+00:00,@JimboTheComic,Henry I’m honest I’m sorry. And I’m poor ,Shane  Nelson,0.0
3290.5,2026-10-06T06:06:31.536000+00:00,@JimboTheComic,Bad combo ,Shane  Nelson,-1.0
3307.6,2026-10-06T06:06:48.567000+00:00,@HindiFactsInfoChannel,throw some names at me I will tell you if they are funny or not,Shane  Nelson,1.0
3319.6,2026-10-06T06:07:00.561000+00:00,@henryOP8749,What ever floats your leather cheerio Jimbo  ,Shane  Nelson,0.0
3323.6,2026-10-06T06:07:04.614000+00:00,@Sereous313,Bro's Manpon string is showing,Shane  Nelson,0.0
3328.3,2026-10-06T06:07:09.269000+00:00,@patrickglaser1560,i made a total of 8 dollars from music... i need to earn 60 before they'll give me a check. im poor too jimbo haha,Shane  Nelson,1.0
3335.8,2026-10-06T06:07:16.798000+00:00,@EricNelson1236,this kids a gangster,Shane  Nelson,0.0
3346.5,2026-10-06T06:07:27.545000+00:00,@Baconstrip69,i cant tell the difference ,Shane  Nelson,0.0
3353.7,2026-10-06T06:07:34.655000+00:00,@JimboTheComic,,Shane  Nelson,0.0
3354.8,2026-10-06T06:07:35.763000+00:00,@patrickglaser1560,Asians love to say the N word... can confirm,Shane  Nelson,1.0
3359.0,2026-10-06T06:07:39.962000+00:00,@Heritik-tipc,We stopped listening when we heard you talk.,Shane  Nelson,0.0
3400.2,2026-10-06T06:08:21.223000+00:00,@patrickglaser1560,stoopid mongolians,Shane  Nelson,0.0
3406.6,2026-10-06T06:08:27.556000+00:00,@Sereous313,lol choked on his punchline,Shane  Nelson,1.0
3412.3,2026-10-06T06:08:33.307000+00:00,@TC-dw6wg,Some idiot playing victim!,Shane  Nelson,0.0
3415.9,2026-10-06T06:08:36.922000+00:00,@alisonwayland6057,is it normal for my eyes and ear to bleed?,Shane  Nelson,0.0
3431.2,2026-10-06T06:08:52.247000+00:00,@Mississippidemocracy,Is this gta6?,Shane  Nelson,0.0
3445.6,2026-10-06T06:09:06.566000+00:00,@Heritik-tipc,fire the timer too.,Shane  Nelson,1.0
3450.7,2026-10-06T06:09:11.708000+00:00,@Baconstrip69,chino is doing crowd work on chino? meta,Shane  Nelson,0.0
3456.1,2026-10-06T06:09:17.061000+00:00,@Sereous313,yes Alison. and for your pussy to dry up lol,Shane  Nelson,1.0
3457.1,2026-10-06T06:09:18.089000+00:00,@JimboTheComic,The chat is the victim ,Shane  Nelson,0.0
3466.2,2026-10-06T06:09:27.208000+00:00,@LabyrinthOfEyes,this guy sucks,Shane  Nelson,0.0
3467.3,2026-10-06T06:09:28.323000+00:00,@henryOP8749,Ali only on Monday nights,Shane  Nelson,0.0
3472.7,2026-10-06T06:09:33.733000+00:00,@patrickglaser1560,Huy Fong foods should sponsor this guy,Shane  Nelson,0.0
3484.6,2026-10-06T06:09:45.570000+00:00,@paul.l320,,Shane  Nelson,0.0
3485.4,2026-10-06T06:09:46.413000+00:00,@alisonwayland6057,lol,Shane  Nelson,1.0
3490.4,2026-10-06T06:09:51.386000+00:00,@EricNelson1236,need the spiderman webbed toes to believe,Shane  Nelson,0.0
3490.8,2026-10-06T06:09:51.754000+00:00,@Mississippidemocracy,We got gta6 before gta7… smh,Shane  Nelson,0.0
3503.1,2026-10-06T06:10:04.134000+00:00,@Big_Glizzy.,The rodeo seat lol,Shane  Nelson,1.0
3503.2,2026-10-06T06:10:04.177000+00:00,@Baconstrip69,is he still chino?,Shane  Nelson,0.0
3510.8,2026-10-06T06:10:11.752000+00:00,@Baconstrip69,i lost the4 story ,Mister E,0.0
3513.6,2026-10-06T06:10:14.631000+00:00,@JimboTheComic,BEST CHINO ROAST WINS A BOTTLE OF HOT SAUCE. ,Mister E,0.0
3518.5,2026-10-06T06:10:19.521000+00:00,@alisonwayland6057,help,Mister E,0.0
3522.2,2026-10-06T06:10:23.155000+00:00,@ludwigd100,Dim Sum,Mister E,0.0
3525.5,2026-10-06T06:10:26.517000+00:00,@williamadame6679,Your punch lines suck you have a annoying voice .,Mister E,0.0
3528.6,2026-10-06T06:10:29.588000+00:00,@patrickglaser1560,good bye... enthusiastic clapping,Mister E,0.0
3545.7,2026-10-06T06:10:46.678000+00:00,@lunagames5891,"these are shit, never funny",Mister E,-1.0
3545.9,2026-10-06T06:10:46.851000+00:00,@alisonwayland6057,reading is fundamental,Mister E,0.0
3548.9,2026-10-06T06:10:49.859000+00:00,@henryOP8749,When a comedian needs to tells you something is funny  ,Mister E,1.0
3573.8,2026-10-06T06:11:14.812000+00:00,@pijinFPS,chino looks like Senor Potato Head,Mister E,0.0
3573.9,2026-10-06T06:11:14.940000+00:00,@lunagames5891,none of these are funny it's just cringe,Mister E,0.0
3586.4,2026-10-06T06:11:27.364000+00:00,@Gloobus.q,Jimbo hiding rn,Mister E,0.0
3588.1,2026-10-06T06:11:29.086000+00:00,@JimboTheComic,Luna games,Mister E,0.0
3590.6,2026-10-06T06:11:31.607000+00:00,@Baconstrip69,chino looks like wanderai silvas dumber brother ,Mister E,0.0
3592.7,2026-10-06T06:11:33.722000+00:00,@JimboTheComic,It’s way worse ,Mister E,0.0
3594.5,2026-10-06T06:11:35.483000+00:00,@henryOP8749,Jin I said the same  ,Mister E,0.0
3594.6,2026-10-06T06:11:35.610000+00:00,@LabyrinthOfEyes,I can already tell this guy sucks,Mister E,0.0
3599.1,2026-10-06T06:11:40.054000+00:00,@JimboTheComic,Gloobus watch itttt hahahaha,Mister E,1.0
3603.0,2026-10-06T06:11:44.045000+00:00,@ludwigd100,,Mister E,0.0
3611.0,2026-10-06T06:11:52.024000+00:00,@Sereous313,can't even take off his murse,Mister E,0.0
3613.6,2026-10-06T06:11:54.614000+00:00,@Gloobus.q,,Mister E,0.0
3619.6,2026-10-06T06:12:00.598000+00:00,@ludwigd100,,Mister E,0.0
3623.0,2026-10-06T06:12:03.955000+00:00,@lunagames5891,please close the show this sucks,Mister E,0.0
3627.7,2026-10-06T06:12:08.745000+00:00,@henryOP8749,This guy would know where your local crack farm is,Mister E,0.0
3628.2,2026-10-06T06:12:09.196000+00:00,@williamadame6679,he does suck already,Mister E,0.0
3634.4,2026-10-06T06:12:15.411000+00:00,@839aty,you can hear the lung damage in his voice,Mister E,0.0
3640.7,2026-10-06T06:12:21.746000+00:00,@ludwigd100,,Mister E,0.0
3640.8,2026-10-06T06:12:21.776000+00:00,@Baconstrip69,if this guy told be to not go to work tomorrow..... id listen ,Mister E,0.0
3642.9,2026-10-06T06:12:23.917000+00:00,@EricNelson1236,flamboyant shirt,Mister E,0.0
3667.5,2026-10-06T06:12:48.524000+00:00,@ludwigd100,,Mister E,0.0
3669.0,2026-10-06T06:12:50.012000+00:00,@henryOP8749,This guy says the n word with all his white friends,Mister E,0.0
3670.5,2026-10-06T06:12:51.458000+00:00,@Tggddjkhvv00,emil jay,Mister E,0.0
3675.6,2026-10-06T06:12:56.648000+00:00,@Baconstrip69,his family ran away to an island they could afford ,Mister E,0.0
3688.8,2026-10-06T06:13:09.833000+00:00,@JimboTheComic,Hi chat ,Mister E,0.0
3690.3,2026-10-06T06:13:11.297000+00:00,@Gloobus.q,He’s feeling the pressure from jimbo ,Mister E,0.0
3691.1,2026-10-06T06:13:12.086000+00:00,@ludwigd100,Well,Mister E,0.0
3698.4,2026-10-06T06:13:19.376000+00:00,@patrickglaser1560,they're just waiting to ask you to buy drugs,Mister E,0.0
3713.3,2026-10-06T06:13:34.349000+00:00,@Baconstrip69,he might have a gun... it might be homemade. or maybe a stick ,Mister E,0.0
3724.9,2026-10-06T06:13:45.915000+00:00,@Sereous313,what thriftstore bin does one go to get a shirt like that?,Mister E,0.0
3727.6,2026-10-06T06:13:48.558000+00:00,@paul.l320,,Mister E,0.0
3728.6,2026-10-06T06:13:49.604000+00:00,@JimboTheComic,,Mister E,0.0
3735.0,2026-10-06T06:13:55.961000+00:00,@therealseanway,Bro the last bus is about to leave get off the stage your ride home to mom is leaving,Mister E,0.0
3737.7,2026-10-06T06:13:58.694000+00:00,@Chuekpoint,What happened to the Pink Panther?,Mister E,0.0
3739.0,2026-10-06T06:13:59.954000+00:00,@JimboTheComic,This shit ain’t easy chat ,Mister E,0.0
3752.3,2026-10-06T06:14:13.291000+00:00,@alisonwayland6057,awwwwwww,Jackson Babine,0.0
3755.4,2026-10-06T06:14:16.363000+00:00,@ludwigd100,nice purse,Jackson Babine,0.0
3757.2,2026-10-06T06:14:18.239000+00:00,@JimboTheComic,Being mean to chino will be MY DESTINY ,Jackson Babine,0.0
3760.2,2026-10-06T06:14:21.200000+00:00,@839aty,hes definitely gonna smoke some weed after that and rethink every thing he just said,Jackson Babine,0.0
3763.2,2026-10-06T06:14:24.229000+00:00,@Baconstrip69,good job bud. stay away from schools please,Jackson Babine,0.0
3783.1,2026-10-06T06:14:44.071000+00:00,@EricNelson1236,the Sasquatch were called the hairy ppl,Jackson Babine,0.0
3785.0,2026-10-06T06:14:45.968000+00:00,@JimboTheComic,FRESH MEAT!!!! ,Jackson Babine,0.0
3785.7,2026-10-06T06:14:46.732000+00:00,@Sereous313,Chino looks like a Best Buy manager,Jackson Babine,0.0
3786.0,2026-10-06T06:14:47.031000+00:00,@Baconstrip69,he will have his head down on his beach shower toningt,Jackson Babine,0.0
3791.6,2026-10-06T06:14:52.583000+00:00,@JimboTheComic,"Not up to him, bacon ",Jackson Babine,0.0
3795.3,2026-10-06T06:14:56.262000+00:00,@ludwigd100,virgin,Jackson Babine,0.0
3799.4,2026-10-06T06:15:00.423000+00:00,@patrickglaser1560,grindr,Jackson Babine,0.0
3801.3,2026-10-06T06:15:02.340000+00:00,@henryOP8749,This guy drives from the passenger seat of his car,Jackson Babine,0.0
3802.9,2026-10-06T06:15:03.919000+00:00,@pijinFPS,chino loves Grindr,Jackson Babine,0.0
3803.1,2026-10-06T06:15:04.085000+00:00,@RayyGee,kill phoney,Jackson Babine,0.0
3817.0,2026-10-06T06:15:17.951000+00:00,@JimboTheComic,Henry lmao,Jackson Babine,1.0
3824.3,2026-10-06T06:15:25.264000+00:00,@839aty,"yeah I used to listen to limp bizkit, whats it to you buddy?",Jackson Babine,0.0
3828.7,2026-10-06T06:15:29.667000+00:00,@Sereous313,this guy closes the fridge with his hips.,Jackson Babine,0.0
3831.4,2026-10-06T06:15:32.391000+00:00,@patrickglaser1560,rest on chin? hes perfect for grindr,Jackson Babine,0.0
3834.0,2026-10-06T06:15:35.005000+00:00,@LabyrinthOfEyes,boooooo,Jackson Babine,0.0
3836.4,2026-10-06T06:15:37.425000+00:00,@JimboTheComic,839 LMAO ,Jackson Babine,1.0
3837.5,2026-10-06T06:15:38.496000+00:00,@Baconstrip69,this guy still plays need for speed underground unironically ,Jackson Babine,0.0
3856.0,2026-10-06T06:15:56.992000+00:00,@pijinFPS,patrick lol,freedom fit,1.0
3857.4,2026-10-06T06:15:58.403000+00:00,@EricNelson1236,this mic on my skin,freedom fit,0.0
3860.6,2026-10-06T06:16:01.641000+00:00,@Baconstrip69,pegging,freedom fit,0.0
3861.5,2026-10-06T06:16:02.466000+00:00,@Gloobus.q,The gym he lost weight at is called ozempic ,freedom fit,0.0
3868.3,2026-10-06T06:16:09.309000+00:00,@JimboTheComic,I’m in the hole chat. Jackson then me. I HOPE YOU ARE READY,freedom fit,0.0
3873.0,2026-10-06T06:16:14.015000+00:00,@pijinFPS,that beard has been places,freedom fit,0.0
3878.0,2026-10-06T06:16:19.017000+00:00,@patrickglaser1560,ngl nfs underground was pretty fun game,freedom fit,0.0
3880.5,2026-10-06T06:16:21.547000+00:00,@LabyrinthOfEyes,Hopefully it's also the last,freedom fit,0.0
3896.5,2026-10-06T06:16:37.531000+00:00,@henryOP8749,Patrick NFS was the best series ever,freedom fit,0.0
3902.0,2026-10-06T06:16:42.957000+00:00,@839aty,I am ready Jimbo,freedom fit,0.0
3909.2,2026-10-06T06:16:50.215000+00:00,@patrickglaser1560,Based Henry,freedom fit,1.0
3910.1,2026-10-06T06:16:51.086000+00:00,@pijinFPS,it's like trying to roast salt,freedom fit,0.0
3911.7,2026-10-06T06:16:52.680000+00:00,@ludwigd100,One Night Only,freedom fit,0.0
3927.1,2026-10-06T06:17:08.110000+00:00,@Baconstrip69,he nailed my porn hystory ,freedom fit,0.0
3934.6,2026-10-06T06:17:15.571000+00:00,@Sereous313,how does his hat have a hairline lol,freedom fit,1.0
3934.8,2026-10-06T06:17:15.768000+00:00,@henryOP8749,Can’t wait til Jimbo goes on stage then comes back to chat and reads all his roasts  ,freedom fit,0.0
3939.7,2026-10-06T06:17:20.689000+00:00,@EricNelson1236,loves black dudes,freedom fit,0.0
3953.7,2026-10-06T06:17:34.683000+00:00,@Gloobus.q,This dudes wife beats the shit out of him,freedom fit,0.0
3971.3,2026-10-06T06:17:52.323000+00:00,@JimboTheComic,Yall aren’t ready for me I promise ,freedom fit,0.0
3973.9,2026-10-06T06:17:54.927000+00:00,@radiostarkilla21,Woohoo!,freedom fit,0.0
3979.9,2026-10-06T06:18:00.867000+00:00,@JimboTheComic,IM NOT ASKING FOR CONSENT TONIGHT ,JacksonBabine,0.0
3985.7,2026-10-06T06:18:06.695000+00:00,@JimboTheComic,IM ON DECK MFS ,JacksonBabine,0.0
3991.7,2026-10-06T06:18:12.668000+00:00,@patrickglaser1560,Hell ya bring the heat jimbo,JacksonBabine,0.0
3995.4,2026-10-06T06:18:16.359000+00:00,@Gloobus.q,If you don’t mention Mr e jimbo you soft as hell,JacksonBabine,0.0
3998.1,2026-10-06T06:18:19.062000+00:00,@henryOP8749,Damn Jim ,JacksonBabine,0.0
4038.9,2026-10-06T06:18:59.913000+00:00,@patrickglaser1560,Hes so young... who groomed him?,JacksonBabine,0.0
4045.3,2026-10-06T06:19:06.314000+00:00,@Sereous313,this guy bombed so hard last week lol,JacksonBabine,0.0
4046.0,2026-10-06T06:19:07.016000+00:00,@pijinFPS,itsa me,JacksonBabine,0.0
4049.8,2026-10-06T06:19:10.758000+00:00,@henryOP8749,Get off chino D Mr E this a roast not a love making session wtf,JacksonBabine,1.0
4061.9,2026-10-06T06:19:22.894000+00:00,@patrickglaser1560,hehe pijin,JacksonBabine,0.0
4064.5,2026-10-06T06:19:25.512000+00:00,@Sereous313,fucking Kid Rock needs to stuck to singing,JacksonBabine,0.0
4067.8,2026-10-06T06:19:28.754000+00:00,@radiostarkilla21,Black Hole Funny,JacksonBabine,1.0
4069.9,2026-10-06T06:19:30.935000+00:00,@neilbaron6244,Funny ahh guy,JacksonBabine,1.0
4078.3,2026-10-06T06:19:39.318000+00:00,@patrickglaser1560,his name is kiiiiiddddddddr,JacksonBabine,0.0
4084.0,2026-10-06T06:19:45.049000+00:00,@JimboTheComic,I’m next mfs time to prep. I WILL CHECK THE CHAT ,JacksonBabine,0.0
4093.0,2026-10-06T06:19:54.009000+00:00,@patrickglaser1560,slam shots,JacksonBabine,0.0
4096.8,2026-10-06T06:19:57.754000+00:00,@Baconstrip69,his comedy style feels like falling down ,JacksonBabine,0.0
4096.9,2026-10-06T06:19:57.916000+00:00,@henryOP8749,He did jump on your D though chino,JacksonBabine,0.0
4097.2,2026-10-06T06:19:58.166000+00:00,@StarKnight2813,do the aristocrats!,JacksonBabine,0.0
4100.8,2026-10-06T06:20:01.752000+00:00,@alisonwayland6057,who's Elijah?,JacksonBabine,0.0
4104.0,2026-10-06T06:20:05.031000+00:00,@RayyGee,boo this guy,JacksonBabine,-1.0
4119.9,2026-10-06T06:20:20.926000+00:00,@LabyrinthOfEyes,his brain is cooked,JacksonBabine,0.0
4121.8,2026-10-06T06:20:22.753000+00:00,@neilbaron6244,Choke,JacksonBabine,0.0
4124.3,2026-10-06T06:20:25.285000+00:00,@Sereous313,I can smell his hair from here,JacksonBabine,0.0
4128.5,2026-10-06T06:20:29.467000+00:00,@JimboTheComic,I’m too excited for this ,JacksonBabine,0.0
4128.9,2026-10-06T06:20:29.884000+00:00,@patrickglaser1560,this guy looks like bustamantae,JacksonBabine,0.0
4133.3,2026-10-06T06:20:34.288000+00:00,@Baconstrip69,this guy talks to you wife a lot,JacksonBabine,0.0
4136.0,2026-10-06T06:20:36.997000+00:00,@pijinFPS,bro's great grandmother is a poodle,JacksonBabine,0.0
4136.2,2026-10-06T06:20:37.162000+00:00,@JimboTheComic,I’m nervous cause it’s so mean ,JacksonBabine,0.0
4150.8,2026-10-06T06:20:51.802000+00:00,@pijinFPS,poodle adjacent,JacksonBabine,0.0
4153.0,2026-10-06T06:20:54.031000+00:00,@patrickglaser1560,the roast energy is strong tonight,JacksonBabine,0.0
4158.3,2026-10-06T06:20:59.273000+00:00,@alisonwayland6057,and it smells like Pantene,JacksonBabine,0.0
4160.1,2026-10-06T06:21:01.052000+00:00,@radiostarkilla21,F dem kids Jimbo!,JacksonBabine,0.0
4170.3,2026-10-06T06:21:11.301000+00:00,@patrickglaser1560,the sharks  are circling,JacksonBabine,0.0
4171.2,2026-10-06T06:21:12.164000+00:00,@henryOP8749,Pro V  ,JacksonBabine,0.0
4176.7,2026-10-06T06:21:17.691000+00:00,@Baconstrip69,okay thats the worst roast you said. he got you into comedy ,Jimbo,-1.0
4181.0,2026-10-06T06:21:21.980000+00:00,@alisonwayland6057,lol,Jimbo,1.0
4185.3,2026-10-06T06:21:26.344000+00:00,@Gloobus.q,Getting into comedy because of chino is depressing ,Jimbo,0.0
4190.3,2026-10-06T06:21:31.283000+00:00,@pijinFPS,so plumbing is a bitch. my dog is a dinosaur,Jimbo,0.0
4202.1,2026-10-06T06:21:43.118000+00:00,@ludwigd100,,Jimbo,0.0
4206.0,2026-10-06T06:21:46.974000+00:00,@allocine4084,where the jokes,Jimbo,0.0
4207.0,2026-10-06T06:21:48.043000+00:00,@pijinFPS,chino loves you. you love chino,Jimbo,1.0
4207.7,2026-10-06T06:21:48.744000+00:00,@Sereous313,chino looks like a damn Buddah statue,Jimbo,0.0
4214.8,2026-10-06T06:21:55.772000+00:00,@patrickglaser1560,"yup, I used to be a manager in plumbing it sucks",Jimbo,0.0
4221.7,2026-10-06T06:22:02.674000+00:00,@EricNelson1236,bros missing a beanie to blend with the Disney dwarfs,Jimbo,0.0
4227.8,2026-10-06T06:22:08.783000+00:00,@pijinFPS,Rosanne Barr and Barney had a kid,Jimbo,0.0
4229.8,2026-10-06T06:22:10.808000+00:00,@henryOP8749,She left her childhood  ,Jimbo,0.0
4237.2,2026-10-06T06:22:18.204000+00:00,@ludwigd100,lol,Jimbo,1.0
4243.7,2026-10-06T06:22:24.675000+00:00,@patrickglaser1560,Jimboooodabooo,Jimbo,0.0
4251.0,2026-10-06T06:22:32.035000+00:00,@Baconstrip69,if chino snapped half these comics would die ,Jimbo,0.0
4255.9,2026-10-06T06:22:36.912000+00:00,@Sereous313,"where are the female comics, i want to hear about vagina jokes",Jimbo,0.0
4258.9,2026-10-06T06:22:39.895000+00:00,@neilbaron6244,Jimbo no phone omfg kid,Jimbo,0.0
4265.1,2026-10-06T06:22:46.078000+00:00,@pijinFPS,Jimbo will tackle a bitch,Jimbo,0.0
4274.5,2026-10-06T06:22:55.490000+00:00,@Baconstrip69,good joke jimbo ,Jimbo,0.0
4285.7,2026-10-06T06:23:06.669000+00:00,@radiostarkilla21,Mexican Zach Lowe ,Jimbo,0.0
4288.9,2026-10-06T06:23:09.889000+00:00,@patrickglaser1560,Captain Spalding takes no prisoners,Jimbo,0.0
4290.3,2026-10-06T06:23:11.339000+00:00,@ludwigd100,,Jimbo,0.0
4292.8,2026-10-06T06:23:13.758000+00:00,@patrickglaser1560,hehehe,Jimbo,0.0
4302.1,2026-10-06T06:23:23.122000+00:00,@839aty,chino would turn into homelander and use his laser eyes,Jimbo,0.0
4307.3,2026-10-06T06:23:28.261000+00:00,@pijinFPS,red bull gives jimbo domestic violence charges,Jimbo,0.0
4307.9,2026-10-06T06:23:28.899000+00:00,@Baconstrip69,i feel like you are shane mckman ,Jimbo,0.0
4331.2,2026-10-06T06:23:52.179000+00:00,@ludwigd100,,Jimbo,0.0
4335.0,2026-10-06T06:23:55.984000+00:00,@LabyrinthOfEyes,I've been to funerals that were funnier than this.,Jimbo,0.0
4335.2,2026-10-06T06:23:56.158000+00:00,@patrickglaser1560,duhh,Jimbo,0.0
4338.8,2026-10-06T06:23:59.834000+00:00,@eligreene2249,skyler catching strays out here,Jimbo,0.0
4349.7,2026-10-06T06:24:10.716000+00:00,@henryOP8749,Jimbo what tf happen to next how many drinks you have  ,Jimbo,0.0
4353.1,2026-10-06T06:24:14.056000+00:00,@patrickglaser1560,hahahaha,Jimbo,1.0
4353.5,2026-10-06T06:24:14.477000+00:00,@ludwigd100,,Jimbo,0.0
4357.3,2026-10-06T06:24:18.295000+00:00,@EricNelson1236,segregate you but don't make fun of me k?,Jimbo,0.0
4359.7,2026-10-06T06:24:20.683000+00:00,@neilbaron6244,Oh no oh no,Jimbo,0.0
4360.2,2026-10-06T06:24:21.237000+00:00,@pijinFPS,"jimbo wears life alert, just in case he has to wear a backpack",Jimbo,0.0
4367.7,2026-10-06T06:24:28.661000+00:00,@patrickglaser1560,hes had the right ammount,Jimbo,0.0
4368.9,2026-10-06T06:24:29.853000+00:00,@Baconstrip69,jimbo is better in the comments ,Jimbo,0.0
4372.6,2026-10-06T06:24:33.562000+00:00,@zerofulksRC4121,oh brother this guy sucks...,Jimbo,0.0
4375.0,2026-10-06T06:24:35.988000+00:00,@Sereous313,this guy practices his material to fetuses at planned parenthood,Jimbo,0.0
4383.5,2026-10-06T06:24:44.505000+00:00,@HanaArtsMaui,Skyler getting xtra love tonight,Jimbo,1.0
4388.8,2026-10-06T06:24:49.821000+00:00,@patrickglaser1560,shiiiit,Jimbo,0.0
4391.8,2026-10-06T06:24:52.849000+00:00,@neilbaron6244,Y he shaped like that,Jimbo,0.0
4409.0,2026-10-06T06:25:10.003000+00:00,@pijinFPS,"jimbo looks like the fifth teenage mutant ninja turtle, retardatello",Jimbo,0.0
4415.6,2026-10-06T06:25:16.644000+00:00,@patrickglaser1560,hes comedy shaped,Jimbo,0.0
4423.8,2026-10-06T06:25:24.838000+00:00,@henryOP8749,This guy is bombed,Jimbo,-1.0
4429.4,2026-10-06T06:25:30.424000+00:00,@Baconstrip69,jimbo is what kevin spacey could have been if he was more jewish ,Jimbo,0.0
4429.7,2026-10-06T06:25:30.740000+00:00,@ludwigd100,,Jimbo,0.0
4430.1,2026-10-06T06:25:31.143000+00:00,@jonlamb447,"I agree, reason we have full bar service at our funerals! ",Jimbo,0.0
4434.7,2026-10-06T06:25:35.671000+00:00,@radiostarkilla21,Why does NO part of his tshirt touch his pants…,Jimbo,0.0
4438.5,2026-10-06T06:25:39.506000+00:00,@neilbaron6244,Dont look to us to save u ,Jimbo,0.0
4439.4,2026-10-06T06:25:40.450000+00:00,@HanaArtsMaui,Comedy shaped!!! 5pts!!!,Jimbo,0.0
4442.8,2026-10-06T06:25:43.847000+00:00,@ludwigd100,lol,Jimbo,1.0
4452.0,2026-10-06T06:25:52.996000+00:00,@Baconstrip69,does he see his own nose?,Jimbo,0.0
4455.8,2026-10-06T06:25:56.776000+00:00,@alisonwayland6057,jimbo scootch at tad over to your left. You're in Chair's light.,Jimbo,0.0
4457.4,2026-10-06T06:25:58.438000+00:00,@radiostarkilla21,Is there a fan blowing under him?,Jimbo,0.0
4460.4,2026-10-06T06:26:01.417000+00:00,@Baconstrip69,he cant not see his nose,Jimbo,0.0
4475.0,2026-10-06T06:26:15.973000+00:00,@EricNelson1236,they got the iPod 1000 a lil early,Jimbo,0.0
4475.0,2026-10-06T06:26:16.019000+00:00,@patrickglaser1560,thanks Hana,Jimbo,0.0
4491.2,2026-10-06T06:26:32.166000+00:00,@henryOP8749,How dare he stand I. The chairs presence of greatness,Jimbo,0.0
4491.6,2026-10-06T06:26:32.552000+00:00,@Baconstrip69,jimbo might be racist,Jimbo,0.0
4493.8,2026-10-06T06:26:34.799000+00:00,@pijinFPS,jimbo ,Jimbo,0.0
4495.0,2026-10-06T06:26:36.047000+00:00,@patrickglaser1560,He no wear sunscreen,Jimbo,0.0
4498.0,2026-10-06T06:26:38.995000+00:00,@jonlamb447,Literally heard a fork drop,Jimbo,0.0
4500.9,2026-10-06T06:26:41.906000+00:00,@ludwigd100,,Jimbo,0.0
4505.8,2026-10-06T06:26:46.814000+00:00,@HanaArtsMaui,SHOW THE CHAIR,Jimbo,0.0
4515.6,2026-10-06T06:26:56.613000+00:00,@Baconstrip69,where is the chair?,Jimbo,0.0
4521.0,2026-10-06T06:27:02.033000+00:00,@pijinFPS,jimbo dressed like the iceberg from titanic,Jimbo,0.0
4528.7,2026-10-06T06:27:09.699000+00:00,@pijinFPS,black and huge,Jimbo,0.0
4529.8,2026-10-06T06:27:10.780000+00:00,@Baconstrip69,never meet your heros ,Jimbo,0.0
4529.9,2026-10-06T06:27:10.949000+00:00,@Sereous313,Sir when your apple watch told you to stand up this is not what it meant.,Jimbo,0.0
4532.1,2026-10-06T06:27:13.139000+00:00,@alisonwayland6057,or put in the hospital like carot top,Jimbo,0.0
4536.7,2026-10-06T06:27:17.744000+00:00,@patrickglaser1560,Dude Jimbo would be good in a tubi horror flick,Jimbo,0.0
4542.7,2026-10-06T06:27:23.684000+00:00,@ludwigd100,been there done that,Jimbo,0.0
4548.0,2026-10-06T06:27:29.013000+00:00,@neilbaron6244,Bro the looking at ur phone inbetween no laughter,Jimbo,0.0
4559.6,2026-10-06T06:27:40.559000+00:00,@henryOP8749,Call chinbo,Jimbo,0.0
4561.3,2026-10-06T06:27:42.264000+00:00,@Baconstrip69,jimbo is a homade lego ,Jimbo,0.0
4575.3,2026-10-06T06:27:56.299000+00:00,@jonlamb447,What is happening ,Jimbo,0.0
4576.6,2026-10-06T06:27:57.581000+00:00,@pijinFPS,Jimbo is Hagrid's gay son,Jimbo,0.0
4595.5,2026-10-06T06:28:16.505000+00:00,@henryOP8749,Jew it Jew it Jew it,Jimbo,0.0
4598.5,2026-10-06T06:28:19.527000+00:00,@LabyrinthOfEyes,don't quit your day job guy.,Jimbo,0.0
4600.4,2026-10-06T06:28:21.368000+00:00,@SumitB2010,Rastafarian,Jimbo,0.0
4601.6,2026-10-06T06:28:22.626000+00:00,@ludwigd100,Documentary incoming,Jimbo,0.0
4609.7,2026-10-06T06:28:30.733000+00:00,@radiostarkilla21,Not the hired wife!,Jimbo,0.0
4610.0,2026-10-06T06:28:31.010000+00:00,@pijinFPS,hell yea good set jimbo ,Jimbo,0.0
4614.0,2026-10-06T06:28:34.988000+00:00,@Sereous313,here's a southern Taco Belle,Jimbo,0.0
4635.5,2026-10-06T06:28:56.476000+00:00,@radiostarkilla21,HBD Chino!,Jimbo,0.0
4640.4,2026-10-06T06:29:01.356000+00:00,@Baconstrip69,trish has her flower on the good blowey side ,Jimbo,0.0
4644.2,2026-10-06T06:29:05.227000+00:00,@neilbaron6244,Jimbo had 1 or 2 jokes ,Jimbo,0.0
4650.0,2026-10-06T06:29:10.997000+00:00,@patrickglaser1560,She's got confidence lol,Jimbo,1.0
4651.8,2026-10-06T06:29:12.843000+00:00,@pijinFPS,HAPPY BIRTHDAY TO YOUUUUUU,Jimbo,0.0
4662.4,2026-10-06T06:29:23.427000+00:00,@pijinFPS,HELL YEA TRISH,Jimbo,0.0
4672.4,2026-10-06T06:29:33.407000+00:00,@pijinFPS,that's an awesome mic,Jimbo,0.0
4681.2,2026-10-06T06:29:42.234000+00:00,@patrickglaser1560, delivering the cultural tidbits,Jimbo,0.0
4681.6,2026-10-06T06:29:42.609000+00:00,@alisonwayland6057,nice,Jimbo,0.0
4697.0,2026-10-06T06:29:57.987000+00:00,@JimboTheComic,I didn’t see the chat. ,Trish da Dish,0.0
4704.2,2026-10-06T06:30:05.181000+00:00,@pijinFPS,hell yea Chino and Trish ,Morgen,0.0
4704.8,2026-10-06T06:30:05.826000+00:00,@henryOP8749,He is just on tide pods,Morgen,0.0
4712.2,2026-10-06T06:30:13.201000+00:00,@Sereous313,"Trish the Dish, Chino better be picking her bowl clean",Morgen,0.0
4715.0,2026-10-06T06:30:15.985000+00:00,@patrickglaser1560,no one went too hard on ya jimbo,Morgen,0.0
4717.0,2026-10-06T06:30:18.020000+00:00,@ludwigd100,lol,Morgen,1.0
4727.5,2026-10-06T06:30:28.474000+00:00,@patrickglaser1560,i actually laughed,Morgen,0.0
4730.9,2026-10-06T06:30:31.940000+00:00,@pijinFPS,i went easy on you Jimbo ,Morgen,0.0
4734.5,2026-10-06T06:30:35.460000+00:00,@Baconstrip69,everyone loved you jimbo ,Morgen,1.0
4736.5,2026-10-06T06:30:37.468000+00:00,@henryOP8749,Jim your on stage on my screen still how are you in chat dafuq,Morgen,0.0
4738.1,2026-10-06T06:30:39.103000+00:00,@nm442-x9g,oh cool.lets go,Morgen,0.0
4740.0,2026-10-06T06:30:41.005000+00:00,@Baconstrip69,dont look up,Morgen,0.0
4750.6,2026-10-06T06:30:51.580000+00:00,@Baconstrip69,oh no,Danny Salazar,0.0
4758.0,2026-10-06T06:30:59.039000+00:00,@patrickglaser1560,henry is behind on the video,Danny Salazar,0.0
4767.4,2026-10-06T06:31:08.422000+00:00,@Sereous313,Bros on lunch break from serving men behind the Wendy's dumpster.,Danny Salazar,0.0
4772.6,2026-10-06T06:31:13.563000+00:00,@pijinFPS,planet of the not allowed near schools or daycares,Danny Salazar,0.0
4773.3,2026-10-06T06:31:14.288000+00:00,@ludwigd100,oops,Danny Salazar,0.0
4779.2,2026-10-06T06:31:20.186000+00:00,@Gloobus.q,Damn fez from that 70s show looks terrible,Danny Salazar,-1.0
4784.9,2026-10-06T06:31:25.933000+00:00,@patrickglaser1560,this guy's face is permanently stuck on prepare your anus,Danny Salazar,0.0
4787.2,2026-10-06T06:31:28.235000+00:00,@pijinFPS,the missing link,Danny Salazar,0.0
4788.3,2026-10-06T06:31:29.267000+00:00,@LabyrinthOfEyes,oh a guy named dumpster this is gonna be great ,Danny Salazar,0.0
4796.9,2026-10-06T06:31:37.859000+00:00,@JimboTheComic,Hagrids gay son is so lit omg ,Danny Salazar,0.0
4797.6,2026-10-06T06:31:38.631000+00:00,@henryOP8749,Omg you can’t fast forward what the fuck happen omg  ,Danny Salazar,0.0
4802.4,2026-10-06T06:31:43.431000+00:00,@SumitB2010,Hola Amigo,Danny Salazar,0.0
4806.4,2026-10-06T06:31:47.444000+00:00,@ludwigd100,mommas Boy,Danny Salazar,0.0
4811.8,2026-10-06T06:31:52.751000+00:00,@JimboTheComic,Henry I’m efficient ,Danny Salazar,0.0
4820.4,2026-10-06T06:32:01.429000+00:00,@pijinFPS, jimbo,Danny Salazar,0.0
4821.1,2026-10-06T06:32:02.099000+00:00,@HanzSygnal,I love this dude,Danny Salazar,1.0
4822.2,2026-10-06T06:32:03.228000+00:00,@TowelieDouche,this is wild,Danny Salazar,0.0
4828.5,2026-10-06T06:32:09.523000+00:00,@patrickglaser1560,"henry, scroll up and then back down, that reloads the video",Danny Salazar,0.0
4832.3,2026-10-06T06:32:13.276000+00:00,@Baconstrip69,this guys grandpa sold gizmo ,Danny Salazar,0.0
4833.6,2026-10-06T06:32:14.609000+00:00,@JimboTheComic, good shit chat ,Danny Salazar,0.0
4834.7,2026-10-06T06:32:15.732000+00:00,@nm442-x9g,haha I'm in,Danny Salazar,1.0
4837.4,2026-10-06T06:32:18.352000+00:00,@henryOP8749,I fast forwarded your whole set Jimbo lmao ,Danny Salazar,1.0
4856.4,2026-10-06T06:32:37.350000+00:00,@pijinFPS,bro's dad is harambe,Danny Salazar,0.0
4857.0,2026-10-06T06:32:38.028000+00:00,@SumitB2010,this the scary movie for jokes,Danny Salazar,0.0
4865.1,2026-10-06T06:32:46.101000+00:00,@nm442-x9g,I would,Danny Salazar,0.0
4865.4,2026-10-06T06:32:46.434000+00:00,@SkunkFor20,Whos funeral is this,Danny Salazar,0.0
4883.9,2026-10-06T06:33:04.926000+00:00,@JimboTheComic,Henry that’s a good call,Danny Salazar,0.0
4884.3,2026-10-06T06:33:05.335000+00:00,@ludwigd100,seems like a rerun,Danny Salazar,0.0
4888.5,2026-10-06T06:33:09.466000+00:00,@MexiHoney17,What did I miss???,Danny Salazar,0.0
4898.3,2026-10-06T06:33:19.283000+00:00,@henryOP8749,Pat I just slid the bar to the end I don’t know wtf happened but I’m dying laughing at myself right now because I know I’m funnier than 90% of comedy sim  ,Danny Salazar,0.0
4899.2,2026-10-06T06:33:20.165000+00:00,@pijinFPS,jimbo youre ripped bro ,Danny Salazar,0.0
4899.3,2026-10-06T06:33:20.283000+00:00,@Baconstrip69,this guys grandpa yelled da plane da plane on paradise island ,Danny Salazar,0.0
4901.9,2026-10-06T06:33:22.916000+00:00,@JimboTheComic,If yall are bored and jerkin it go to my new website jimbothecomic.com it’s in beta like me ,Danny Salazar,0.0
4902.3,2026-10-06T06:33:23.272000+00:00,@Supercharged_Five-Oh,This guys cooked,Danny Salazar,0.0
4914.1,2026-10-06T06:33:35.107000+00:00,@LabyrinthOfEyes,no movie is scarier than this,Danny Salazar,0.0
4917.9,2026-10-06T06:33:38.905000+00:00,@gordliebrock1210,timings pretty off. no?,Danny Salazar,0.0
4921.9,2026-10-06T06:33:42.931000+00:00,@Baconstrip69,can someone check his laptop?,Danny Salazar,0.0
4928.5,2026-10-06T06:33:49.533000+00:00,@Sereous313,"sHes from Texas I can tell by the way, He's two stepping round the room. ",Danny Salazar,0.0
4929.9,2026-10-06T06:33:50.884000+00:00,@JimboTheComic,Pijin i ripped my pants ,Danny Salazar,0.0
4934.7,2026-10-06T06:33:55.727000+00:00,@SumitB2010,Contra IRL,Danny Salazar,0.0
4943.7,2026-10-06T06:34:04.708000+00:00,@HanaArtsMaui,Shameless self promotion,Danny Salazar,0.0
4944.8,2026-10-06T06:34:05.846000+00:00,@MexiHoney17,,Danny Salazar,0.0
4946.7,2026-10-06T06:34:07.697000+00:00,@Baconstrip69,i think he might have actually swam to the island ,Danny Salazar,0.0
4948.0,2026-10-06T06:34:09.028000+00:00,@alisonwayland6057,since we're talking about horror movies... i thought Resident Eveil was going to be a movie about living in the suburbs with extreme HOA rules,Danny Salazar,0.0
4949.4,2026-10-06T06:34:10.359000+00:00,@pijinFPS,Jane Goodall didnt just live with apes,Danny Salazar,0.0
4951.7,2026-10-06T06:34:12.747000+00:00,@MexiHoney17,Animal ,Danny Salazar,0.0
4961.1,2026-10-06T06:34:22.071000+00:00,@pijinFPS,hahaha jimbo worth it,Danny Salazar,1.0
4966.1,2026-10-06T06:34:27.095000+00:00,@henryOP8749,Jim we all know you ripped your pants for easy access to that leather cheerio,Danny Salazar,0.0
4966.3,2026-10-06T06:34:27.304000+00:00,@SkunkFor20,This guy only does comedy on full moons or what?,Danny Salazar,0.0
4969.0,2026-10-06T06:34:30.026000+00:00,@ludwigd100,,Danny Salazar,0.0
4969.5,2026-10-06T06:34:30.509000+00:00,@Sereous313,Bro's line dancing by himself,Danny Salazar,0.0
4970.1,2026-10-06T06:34:31.137000+00:00,@rocjames1,just arrived bet I didn't miss much,Danny Salazar,0.0
4984.2,2026-10-06T06:34:45.208000+00:00,@MexiHoney17,Definitely not dude ,Danny Salazar,0.0
4988.5,2026-10-06T06:34:49.471000+00:00,@Baconstrip69,he is in my head,Danny Salazar,0.0
4988.8,2026-10-06T06:34:49.811000+00:00,@SkunkFor20,On nights with full moons he turns into a mediocre comedy,Danny Salazar,0.0
4990.0,2026-10-06T06:34:50.972000+00:00,@ludwigd100,,Danny Salazar,0.0
4990.9,2026-10-06T06:34:51.944000+00:00,@pijinFPS,the guy has another riddle for you,Danny Salazar,0.0
4991.2,2026-10-06T06:34:52.196000+00:00,@henryOP8749,Ali that would be scary AF,Danny Salazar,0.0
5000.2,2026-10-06T06:35:01.236000+00:00,@MexiHoney17,Definitely not ,Danny Salazar,0.0
5004.4,2026-10-06T06:35:05.407000+00:00,@Sereous313,All the ladies saying I wonder if hes a registered offender,Danny Salazar,0.0
5013.6,2026-10-06T06:35:14.578000+00:00,@pijinFPS,bro looks like if my balls could talk,Morgan,0.0
5015.7,2026-10-06T06:35:16.660000+00:00,@patrickglaser1560,You ever edit the audio of your sets Jimbo?,Morgan,0.0
5018.2,2026-10-06T06:35:19.159000+00:00,@rocjames1,bro looks like on of the caveman,Morgan,0.0
5019.7,2026-10-06T06:35:20.659000+00:00,@SkunkFor20,So he fkd his gf grandmother ,Morgan,0.0
5022.2,2026-10-06T06:35:23.156000+00:00,@SumitB2010,thank you is what we got as well,Morgan,0.0
5025.1,2026-10-06T06:35:26.115000+00:00,@MexiHoney17,Wondered if he showered today ,Morgan,0.0
5028.2,2026-10-06T06:35:29.188000+00:00,@HanaArtsMaui,Is he ever joking????,Morgan,0.0
5028.5,2026-10-06T06:35:29.485000+00:00,@ludwigd100,Vienna sausage,Morgan,0.0
5042.1,2026-10-06T06:35:43.084000+00:00,@gordliebrock1210,way to dress up buddy lol,Morgan,1.0
5043.7,2026-10-06T06:35:44.692000+00:00,@alisonwayland6057,"that's why it took me a while yo finally watch it, henry lol",Morgan,1.0
5047.3,2026-10-06T06:35:48.321000+00:00,@Baconstrip69,i think it was a litral confession ,Morgan,0.0
5051.9,2026-10-06T06:35:52.851000+00:00,@AdamAdam-vu3qt,Can’t believe I miss my mothers funeral for this sht show. ,Morgan,0.0
5051.9,2026-10-06T06:35:52.929000+00:00,@pijinFPS,Chinos shirt is also fucking badass,Morgan,0.0
5054.2,2026-10-06T06:35:55.205000+00:00,@henryOP8749, ,Morgan,0.0
5059.6,2026-10-06T06:36:00.570000+00:00,@BootyJohnson1,when i was a kid my sister and I would sniff each other's buttholes.,Morgan,0.0
5059.8,2026-10-06T06:36:00.811000+00:00,@SumitB2010,Purple outfit mayhem ,Morgan,0.0
5065.6,2026-10-06T06:36:06.577000+00:00,@Baconstrip69,has he been up three times?,Morgan,0.0
5067.4,2026-10-06T06:36:08.414000+00:00,@MexiHoney17,Rugrats! ,Morgan,0.0
5068.9,2026-10-06T06:36:09.933000+00:00,@HanaArtsMaui,It is!!!,Morgan,0.0
5076.4,2026-10-06T06:36:17.406000+00:00,@EdtheDreadTV,Chino!!! Hau'oli lā hānau,Morgan,0.0
5089.0,2026-10-06T06:36:29.999000+00:00,@secretmachine3,Oh no,Morgan,0.0
5095.8,2026-10-06T06:36:36.765000+00:00,@HanaArtsMaui,Ed where are you!?,Morgan,0.0
5097.4,2026-10-06T06:36:38.439000+00:00,@pijinFPS,damn what a gangster ass shirt,Morgan,0.0
5099.8,2026-10-06T06:36:40.835000+00:00,@Chuekpoint,That T-shirt is doing a lot of work Jimboo ,Morgan,0.0
5102.1,2026-10-06T06:36:43.142000+00:00,@SkunkFor20,Wheres the german funny bot when you need it,Morgan,1.0
5103.7,2026-10-06T06:36:44.743000+00:00,@EdtheDreadTV,"long day today, never can make",Morgan,0.0
5110.6,2026-10-06T06:36:51.623000+00:00,@Baconstrip69,this guy never pulled out ,Morgan,0.0
5114.0,2026-10-06T06:36:54.953000+00:00,@EdtheDreadTV,just pau with sanding,Morgan,0.0
5118.0,2026-10-06T06:36:58.953000+00:00,@SkunkFor20,They use ai anyways we halfway there,Morgan,0.0
5119.6,2026-10-06T06:37:00.594000+00:00,@rickshaw3397,Of kids,Morgan,0.0
5125.1,2026-10-06T06:37:06.061000+00:00,@rickshaw3397,Call fbi,Morgan,0.0
5125.2,2026-10-06T06:37:06.179000+00:00,@Chuekpoint,Triiiisssshhhhhh,Morgan,0.0
5128.6,2026-10-06T06:37:09.576000+00:00,@SumitB2010,let’s wear a seven year old kids outfit & try to joke ,Morgan,0.0
5133.4,2026-10-06T06:37:14.358000+00:00,@JimboTheComic,Who had the best chino roast in the chat? ,Morgan,0.0
5138.6,2026-10-06T06:37:19.625000+00:00,@HanaArtsMaui,Nights still early,Morgan,0.0
5141.3,2026-10-06T06:37:22.309000+00:00,@pijinFPS,Tommy's Pickle don't work no more,Morgan,0.0
5144.6,2026-10-06T06:37:25.610000+00:00,@alisonwayland6057,how awkward... he's wearing a purple shirt too. it like watching high schoolers go to prom and 2 girls wear the same dress,Morgan,0.0
5150.8,2026-10-06T06:37:31.800000+00:00,@Chuekpoint,Yooouuuuujjhjjjsjhxbxbxn,Morgan,0.0
5154.7,2026-10-06T06:37:35.722000+00:00,@gordliebrock1210,memory is so fried he need his cell phone to read all his scrappy routine. wow,Morgan,0.0
5158.1,2026-10-06T06:37:39.071000+00:00,@AdamAdam-vu3qt,Richard gere had sex with Tony hawk and this thing came out. ,Morgan,0.0
5159.1,2026-10-06T06:37:40.127000+00:00,@henryOP8749,You can’t roast chino he is already cooked,Morgan,0.0
5159.6,2026-10-06T06:37:40.579000+00:00,@SkunkFor20,Reading off the phone ,Morgan,0.0
5161.1,2026-10-06T06:37:42.133000+00:00,@rocjames1,purple haze,Morgan,0.0
5161.5,2026-10-06T06:37:42.519000+00:00,@Sereous313,dude deff sells time shares for a living.,Morgan,0.0
5166.9,2026-10-06T06:37:47.887000+00:00,@Baconstrip69,its like improve but written and without jokes,Morgan,0.0
5168.5,2026-10-06T06:37:49.492000+00:00,@SkunkFor20,After ai wrote it???,Morgan,0.0
5175.8,2026-10-06T06:37:56.833000+00:00,@Chuekpoint,You are the only one who is shure!,Morgan,0.0
5183.9,2026-10-06T06:38:04.854000+00:00,@patrickglaser1560,De plane boss de plane!,Morgan,0.0
5187.9,2026-10-06T06:38:08.936000+00:00,@Hackofalltrades-mh5fq,"Hi everyone, sorry I'm late again. I got no excuse.",Morgan,0.0
5193.2,2026-10-06T06:38:14.189000+00:00,@SkunkFor20,Respect da locals,Morgan,0.0
5193.9,2026-10-06T06:38:14.929000+00:00,@Chuekpoint,Happy birthday Chinooo,Morgan,0.0
5197.2,2026-10-06T06:38:18.223000+00:00,@Baconstrip69,this the good biden ,Morgan,0.0
5213.9,2026-10-06T06:38:34.892000+00:00,@patrickglaser1560,Gen Z never stood a chance,Morgan,0.0
5217.6,2026-10-06T06:38:38.580000+00:00,@EdtheDreadTV,"just showered at the crib, prolly cruise next week",Morgan,0.0
5218.5,2026-10-06T06:38:39.501000+00:00,@Chuekpoint,A mic at open mic,Morgan,0.0
5224.8,2026-10-06T06:38:45.801000+00:00,@Sereous313,Bros got the iPhone 5SE,Morgan,0.0
5226.8,2026-10-06T06:38:47.793000+00:00,@gordliebrock1210,I feel like im watching a plane crash... repeatedly,Morgan,0.0
5230.9,2026-10-06T06:38:51.927000+00:00,@JimboTheComic,And gay ,Morgan,0.0
5234.3,2026-10-06T06:38:55.266000+00:00,@SkunkFor20,Listen the truth is a constant and doesnt change we exist in a supreme ancient truth,Morgan,0.0
5235.2,2026-10-06T06:38:56.224000+00:00,@chinolaforge525,"thanks for all the love and hate, everyone! I'm enjoying it ",Morgan,1.0
5235.2,2026-10-06T06:38:56.236000+00:00,@henryOP8749,It’s ok Hack we know you came for chat anyway  ,Morgan,0.0
5236.6,2026-10-06T06:38:57.586000+00:00,@AdamAdam-vu3qt,This level of unfunny is flaring up my prostate. ,Morgan,0.0
5236.8,2026-10-06T06:38:57.841000+00:00,@pijinFPS,so he was watching rugrats in high school?,Morgan,0.0
5241.0,2026-10-06T06:39:01.986000+00:00,@EdtheDreadTV,where Jimbo stay? aint seen my man in ages,Morgan,0.0
5242.6,2026-10-06T06:39:03.575000+00:00,@JimboTheComic,Hack you missed me and I’m happy bout that ,Morgan,0.0
5245.3,2026-10-06T06:39:06.277000+00:00,@alisonwayland6057,Gen X... we're an angry buch,Morgan,0.0
5251.7,2026-10-06T06:39:12.733000+00:00,@SkunkFor20,The artificial world is ever changing,Morgan,0.0
5252.9,2026-10-06T06:39:13.889000+00:00,@henryOP8749,Chino  ,Morgan,0.0
5253.9,2026-10-06T06:39:14.912000+00:00,@rocjames1,Michael douglas reject lost brother,Morgan,0.0
5269.4,2026-10-06T06:39:30.405000+00:00,@SkunkFor20,Not ecen elders have wisdom in an ever changing fake world,Morgan,0.0
5275.0,2026-10-06T06:39:35.982000+00:00,@JimboTheComic,Ed I’m HUR ,Morgan,0.0
5277.7,2026-10-06T06:39:38.732000+00:00,@HanaArtsMaui,So much love for CHINO,Morgan,1.0
5280.2,2026-10-06T06:39:41.241000+00:00,@Chuekpoint,A werewolf mid transformation ,Morgan,-1.0
5283.7,2026-10-06T06:39:44.665000+00:00,@SkunkFor20, I am da big kahuna ,Morgan,0.0
5287.5,2026-10-06T06:39:48.486000+00:00,@AdamAdam-vu3qt,I’m so tired of not laughing. ,Morgan,0.0
5294.2,2026-10-06T06:39:55.151000+00:00,@839aty,insert f word here. this word is so funny!,Morgan,1.0
5296.9,2026-10-06T06:39:57.883000+00:00,@henryOP8749,This guys head looks like it got vised,Morgan,0.0
5297.4,2026-10-06T06:39:58.402000+00:00,@SkunkFor20,Minute too much,Morgan,0.0
5297.8,2026-10-06T06:39:58.779000+00:00,@pijinFPS,winning,Morgan,0.0
5301.4,2026-10-06T06:40:02.410000+00:00,@Chuekpoint,Then laugh,Morgan,0.0
5306.1,2026-10-06T06:40:07.142000+00:00,@HanaArtsMaui,He looks less n less like my thumb every day,Morgan,0.0
5306.9,2026-10-06T06:40:07.856000+00:00,@rocjames1,lost of words,Morgan,0.0
5307.6,2026-10-06T06:40:08.638000+00:00,@SkunkFor20,He getting paid for this???,Morgan,0.0
5307.7,2026-10-06T06:40:08.672000+00:00,@Brad_Pitbull_1,Big Kahina Burger,Morgan,0.0
5312.9,2026-10-06T06:40:13.909000+00:00,@S2P999,Damn Steve Kerr doing side quests now,Morgan,0.0
5317.1,2026-10-06T06:40:18.064000+00:00,@JimboTheComic,Lmao Hana arts ,Morgan,1.0
5319.7,2026-10-06T06:40:20.655000+00:00,@patrickglaser1560,he's just very aerodynamic,Morgan,0.0
5323.7,2026-10-06T06:40:24.664000+00:00,@Brad_Pitbull_1,not Paid,Morgan,0.0
5326.3,2026-10-06T06:40:27.290000+00:00,@SkunkFor20,I guess you got to be from da island to get these jojes,Morgan,0.0
5327.6,2026-10-06T06:40:28.636000+00:00,@JimboTheComic,S2p999 LOLOOL,Morgan,1.0
5333.1,2026-10-06T06:40:34.080000+00:00,@Chuekpoint,He’s the hormone monster from Big Mouth,Morgan,0.0
5333.9,2026-10-06T06:40:34.874000+00:00,@pijinFPS,Steve kerr! holy shit,Morgan,0.0
5334.5,2026-10-06T06:40:35.539000+00:00,@SkunkFor20,Cornstar machine,Morgan,0.0
5344.5,2026-10-06T06:40:45.531000+00:00,@Baconstrip69,he couldnt do trivia ON dude wheres my car,Morgan,0.0
5346.3,2026-10-06T06:40:47.295000+00:00,@Chuekpoint,Sully from Monsters Inc,Morgan,0.0
5348.7,2026-10-06T06:40:49.677000+00:00,@Sereous313,This guy gets turned away from the sperm bank,Morgan,0.0
5354.6,2026-10-06T06:40:55.648000+00:00,@HanaArtsMaui,40 is the new 20… BEWARE,Morgan,0.0
5355.1,2026-10-06T06:40:56.124000+00:00,@pijinFPS,Charlie Sheet,Morgan,0.0
5356.0,2026-10-06T06:40:56.965000+00:00,@patrickglaser1560,fun fact,Morgan,0.0
5360.5,2026-10-06T06:41:01.452000+00:00,@SumitB2010,member of parliament proposed a bill than called for the speaker ,Morgan,0.0
5360.7,2026-10-06T06:41:01.673000+00:00,@Hackofalltrades-mh5fq,,Morgan,0.0
5360.7,2026-10-06T06:41:01.730000+00:00,@Brad_Pitbull_1,red light thank you,Morgan,0.0
5362.7,2026-10-06T06:41:03.714000+00:00,@rocjames1,porn star machine,Morgan,0.0
5367.3,2026-10-06T06:41:08.274000+00:00,@patrickglaser1560,chinos parents fucked on new years,Morgan,0.0
5369.0,2026-10-06T06:41:09.987000+00:00,@henryOP8749,Charlie Sheet  ,between_sets,0.0
5371.8,2026-10-06T06:41:12.836000+00:00,@ludwigd100,,Sa-Tan-A-Dan,0.0
5377.5,2026-10-06T06:41:18.467000+00:00,@cheemingwong1539,MALAYSIA BOLEH,Sa-Tan-A-Dan,0.0
5377.7,2026-10-06T06:41:18.687000+00:00,@gordliebrock1210,lol #@ Patrick,Sa-Tan-A-Dan,1.0
5392.3,2026-10-06T06:41:33.327000+00:00,@EricNelson1236,this guy knows chino secretly stalks them,Sa-Tan-A-Dan,0.0
5406.1,2026-10-06T06:41:47.055000+00:00,@EdtheDreadTV,satana dan,Sa-Tan-A-Dan,0.0
5411.3,2026-10-06T06:41:52.342000+00:00,@SumitB2010,All hell break tight,Sa-Tan-A-Dan,0.0
5412.0,2026-10-06T06:41:52.951000+00:00,@SkunkFor20,God is greatest,Sa-Tan-A-Dan,0.0
5414.5,2026-10-06T06:41:55.470000+00:00,@EdtheDreadTV,whatt,Sa-Tan-A-Dan,0.0
5416.6,2026-10-06T06:41:57.625000+00:00,@patrickglaser1560,hehe its true... pickled conception,Sa-Tan-A-Dan,0.0
5416.9,2026-10-06T06:41:57.911000+00:00,@pijinFPS,looks just like my ex,Sa-Tan-A-Dan,0.0
5419.7,2026-10-06T06:42:00.662000+00:00,@EdtheDreadTV,,Sa-Tan-A-Dan,0.0
5420.0,2026-10-06T06:42:00.981000+00:00,@ludwigd100,,Sa-Tan-A-Dan,0.0
5422.7,2026-10-06T06:42:03.672000+00:00,@JimboTheComic,God is the gayest ,Sa-Tan-A-Dan,0.0
5423.6,2026-10-06T06:42:04.599000+00:00,@HanaArtsMaui,"That’s not a costume, I know your kine ",Sa-Tan-A-Dan,0.0
5427.1,2026-10-06T06:42:08.142000+00:00,@alisonwayland6057,excuse me!!! HAIL CHAIR,Sa-Tan-A-Dan,0.0
5428.1,2026-10-06T06:42:09.103000+00:00,@JimboTheComic,Greatest ,Sa-Tan-A-Dan,0.0
5430.5,2026-10-06T06:42:11.498000+00:00,@Brad_Pitbull_1,this is comedy?,Sa-Tan-A-Dan,0.0
5430.6,2026-10-06T06:42:11.623000+00:00,@rocjames1,not steely dan,Sa-Tan-A-Dan,0.0
5432.2,2026-10-06T06:42:13.153000+00:00,@gordliebrock1210,this one's brought his script old-school lmao,Sa-Tan-A-Dan,1.0
5434.0,2026-10-06T06:42:15.019000+00:00,@ludwigd100,ACDC,Sa-Tan-A-Dan,0.0
5436.6,2026-10-06T06:42:17.579000+00:00,@henryOP8749,Jimbo  ,Sa-Tan-A-Dan,0.0
5438.9,2026-10-06T06:42:19.854000+00:00,@Chuekpoint,"If he eats pussy, he cooks it first",Sa-Tan-A-Dan,0.0
5448.3,2026-10-06T06:42:29.273000+00:00,@Baconstrip69,ellen ,Sa-Tan-A-Dan,0.0
5448.9,2026-10-06T06:42:29.909000+00:00,@SkunkFor20,Jimbo jump into a volcano ,Sa-Tan-A-Dan,0.0
5456.3,2026-10-06T06:42:37.330000+00:00,@HanaArtsMaui,He’s hunky… hunk of what? I’ll tell you when you’re older….,Sa-Tan-A-Dan,0.0
5458.5,2026-10-06T06:42:39.483000+00:00,@SumitB2010,If he wore nothing we could call it Devil Wears Nada,Sa-Tan-A-Dan,0.0
5459.9,2026-10-06T06:42:40.915000+00:00,@SkunkFor20,You and rabbi schmuley,Sa-Tan-A-Dan,0.0
5459.9,2026-10-06T06:42:40.926000+00:00,@rocjames1,SaTinYaHu,Sa-Tan-A-Dan,0.0
5463.5,2026-10-06T06:42:44.475000+00:00,@pijinFPS,satan's nipples it's cold up there,Sa-Tan-A-Dan,0.0
5470.7,2026-10-06T06:42:51.697000+00:00,@JimboTheComic,Skunk I can jump that high ,Sa-Tan-A-Dan,0.0
5473.5,2026-10-06T06:42:54.505000+00:00,@ludwigd100,good excuse,Sa-Tan-A-Dan,0.0
5478.0,2026-10-06T06:42:58.989000+00:00,@Sereous313,I expect better from the devil that reading off paper lol,Sa-Tan-A-Dan,1.0
5480.9,2026-10-06T06:43:01.859000+00:00,@S2P999,His one contact is God,Sa-Tan-A-Dan,0.0
5487.4,2026-10-06T06:43:08.445000+00:00,@SkunkFor20,Youre not funny tho,Sa-Tan-A-Dan,-1.0
5493.2,2026-10-06T06:43:14.197000+00:00,@SkunkFor20,Maybe try nba,Sa-Tan-A-Dan,0.0
5494.5,2026-10-06T06:43:15.540000+00:00,@Chuekpoint,"If he wore nothing, reality would censore the image",Sa-Tan-A-Dan,0.0
5501.6,2026-10-06T06:43:22.613000+00:00,@HanaArtsMaui,GET BACK ON MY SHOULDER ,Sa-Tan-A-Dan,0.0
5502.2,2026-10-06T06:43:23.196000+00:00,@ludwigd100,,Sa-Tan-A-Dan,0.0
5502.5,2026-10-06T06:43:23.533000+00:00,@alisonwayland6057,jesus???,Sa-Tan-A-Dan,0.0
5503.4,2026-10-06T06:43:24.396000+00:00,@SumitB2010,Hell of a joke ,Sa-Tan-A-Dan,0.0
5507.7,2026-10-06T06:43:28.714000+00:00,@patrickglaser1560,Oh did I miss bashaa,Sa-Tan-A-Dan,0.0
5511.6,2026-10-06T06:43:32.601000+00:00,@Baconstrip69,now i know why he was kicked out of heaven ,Sa-Tan-A-Dan,0.0
5518.7,2026-10-06T06:43:39.737000+00:00,@kevdog_sauce,not funny at all,Sa-Tan-A-Dan,-1.0
5522.0,2026-10-06T06:43:43.034000+00:00,@S2P999,say No To Hell,Sa-Tan-A-Dan,0.0
5527.3,2026-10-06T06:43:48.334000+00:00,@henryOP8749, ,Sa-Tan-A-Dan,0.0
5528.6,2026-10-06T06:43:49.560000+00:00,@gordliebrock1210,im out... this is just the most horrid shit I've ever seen!!! WOW... negative comedy gene pool,Sa-Tan-A-Dan,0.0
5528.8,2026-10-06T06:43:49.807000+00:00,@rocjames1,my you burn an internity.,Sa-Tan-A-Dan,0.0
5538.6,2026-10-06T06:43:59.616000+00:00,@rickshaw3397,Do ppl think tht satan is cool now?,Sa-Tan-A-Dan,0.0
5542.4,2026-10-06T06:44:03.425000+00:00,@henryOP8749,Gordie,Sa-Tan-A-Dan,0.0
5544.6,2026-10-06T06:44:05.618000+00:00,@danielyrga4730,what in the 360 credit score is this nonsense?? ,Sa-Tan-A-Dan,0.0
5546.1,2026-10-06T06:44:07.143000+00:00,@kevdog_sauce,not funny,Sa-Tan-A-Dan,-1.0
5547.3,2026-10-06T06:44:08.286000+00:00,@SkunkFor20,He thinks writing his ai work on paper makes him more credible,Sa-Tan-A-Dan,0.0
5548.5,2026-10-06T06:44:09.482000+00:00,@SumitB2010,the jokes are dark,Sa-Tan-A-Dan,0.0
5549.4,2026-10-06T06:44:10.372000+00:00,@839aty,this is definitely used as a form of torture in hell,Sa-Tan-A-Dan,0.0
5549.4,2026-10-06T06:44:10.446000+00:00,@patrickglaser1560,babyruth in the swimming pool,Sa-Tan-A-Dan,0.0
5551.5,2026-10-06T06:44:12.459000+00:00,@kevdog_sauce,choke,Sa-Tan-A-Dan,0.0
5554.8,2026-10-06T06:44:15.753000+00:00,@henryOP8749,You come for that chat not the comedy  ,Sa-Tan-A-Dan,0.0
5556.9,2026-10-06T06:44:17.930000+00:00,@S2P999,satan is a loser,Sa-Tan-A-Dan,0.0
5559.4,2026-10-06T06:44:20.446000+00:00,@SkunkFor20,I could use all these ppl as material,Sa-Tan-A-Dan,0.0
5565.9,2026-10-06T06:44:26.911000+00:00,@jctoad,next...,Sa-Tan-A-Dan,0.0
5566.2,2026-10-06T06:44:27.220000+00:00,@SkunkFor20,Not need writing ,Sa-Tan-A-Dan,0.0
5570.5,2026-10-06T06:44:31.493000+00:00,@patrickglaser1560,they could play this at waco and make them surrender,Sa-Tan-A-Dan,0.0
5573.0,2026-10-06T06:44:33.995000+00:00,@Chuekpoint,Morgeen ,Sa-Tan-A-Dan,0.0
5573.1,2026-10-06T06:44:34.109000+00:00,@S2P999,what comedy ?,Sa-Tan-A-Dan,0.0
5578.6,2026-10-06T06:44:39.572000+00:00,@SumitB2010,Hellnahboy,Sa-Tan-A-Dan,0.0
5580.7,2026-10-06T06:44:41.737000+00:00,@pijinFPS,dresses like the Epstein halloween party,Sa-Tan-A-Dan,0.0
5581.6,2026-10-06T06:44:42.551000+00:00,@EdtheDreadTV,,Sa-Tan-A-Dan,0.0
5583.3,2026-10-06T06:44:44.265000+00:00,@SkunkFor20,These are the jokes not the comedians,Sa-Tan-A-Dan,0.0
5584.8,2026-10-06T06:44:45.841000+00:00,@rocjames1,he making the demon look dumb,Sa-Tan-A-Dan,0.0
5592.9,2026-10-06T06:44:53.880000+00:00,@Chuekpoint,Morgen Tom Asian,Sa-Tan-A-Dan,0.0
5598.8,2026-10-06T06:44:59.802000+00:00,@EdtheDreadTV,baby ruth braddah was good,Sa-Tan-A-Dan,0.0
5601.9,2026-10-06T06:45:02.891000+00:00,@kevdog_sauce,choke,Sa-Tan-A-Dan,0.0
5603.3,2026-10-06T06:45:04.290000+00:00,@Baconstrip69,hellboy... but diddy wrote it ,Sa-Tan-A-Dan,0.0
5607.3,2026-10-06T06:45:08.254000+00:00,@S2P999,did you know the Oklahoma City bombing was connected to waco,Sa-Tan-A-Dan,-1.0
5610.0,2026-10-06T06:45:11.003000+00:00,@patrickglaser1560,hehe caddyshack lol,Sa-Tan-A-Dan,1.0
5612.3,2026-10-06T06:45:13.277000+00:00,@rocjames1,,Sa-Tan-A-Dan,0.0
5613.4,2026-10-06T06:45:14.390000+00:00,@henryOP8749,The only thing funny about this guy is his face ,Sa-Tan-A-Dan,1.0
5620.7,2026-10-06T06:45:21.701000+00:00,@Brad_Pitbull_1,the lighting is better tonight,Sa-Tan-A-Dan,0.0
5621.2,2026-10-06T06:45:22.174000+00:00,@SkunkFor20,Distespect da locals mon,Sa-Tan-A-Dan,0.0
5628.9,2026-10-06T06:45:29.850000+00:00,@SkunkFor20,Free chickenjoe420,Sa-Tan-A-Dan,0.0
5631.9,2026-10-06T06:45:32.859000+00:00,@kevdog_sauce,sad performance,Sa-Tan-A-Dan,0.0
5633.9,2026-10-06T06:45:34.940000+00:00,@SumitB2010, paint the town red doja devil,Sa-Tan-A-Dan,0.0
5634.5,2026-10-06T06:45:35.549000+00:00,@rickshaw3397,He convinced me tht im in hell with his comedy,Sa-Tan-A-Dan,0.0
5635.1,2026-10-06T06:45:36.106000+00:00,@HanaArtsMaui,The Irish get around ,Sa-Tan-A-Dan,0.0
5635.8,2026-10-06T06:45:36.760000+00:00,@patrickglaser1560,I haven't heard that but its plausible to me,Sa-Tan-A-Dan,0.0
5640.4,2026-10-06T06:45:41.405000+00:00,@alisonwayland6057,and THIS is the king of Hell?,Sa-Tan-A-Dan,1.0
5644.5,2026-10-06T06:45:45.532000+00:00,@EdtheDreadTV,cmon uncle,Sa-Tan-A-Dan,0.0
5647.4,2026-10-06T06:45:48.410000+00:00,@S2P999,coming from the guy with moobs,Sa-Tan-A-Dan,0.0
5651.0,2026-10-06T06:45:51.984000+00:00,@EricNelson1236,wants to make you buy kfc and get a free bucket brah,Sa-Tan-A-Dan,0.0
5651.6,2026-10-06T06:45:52.603000+00:00,@rocjames1,just in time for halloween.,Sa-Tan-A-Dan,0.0
5654.5,2026-10-06T06:45:55.494000+00:00,@LordHarLey100,said hi,Sa-Tan-A-Dan,0.0
5654.7,2026-10-06T06:45:55.660000+00:00,@HanaArtsMaui,Plenty aloha,Sa-Tan-A-Dan,0.0
5657.8,2026-10-06T06:45:58.790000+00:00,@Baconstrip69,okay.. this is torture... ,Sa-Tan-A-Dan,0.0
5663.1,2026-10-06T06:46:04.093000+00:00,@SkunkFor20,What language is this rongorongo i dont get it,Sa-Tan-A-Dan,0.0
5669.6,2026-10-06T06:46:10.560000+00:00,@S2P999,well hell is torture so,Sa-Tan-A-Dan,0.0
5673.4,2026-10-06T06:46:14.411000+00:00,@patrickglaser1560,Call the haague,Sa-Tan-A-Dan,0.0
5677.3,2026-10-06T06:46:18.266000+00:00,@Brad_Pitbull_1,red? misappropriation,Sa-Tan-A-Dan,0.0
5684.7,2026-10-06T06:46:25.700000+00:00,@rocjames1,Jeffrey Epstein is back,Sa-Tan-A-Dan,0.0
5688.4,2026-10-06T06:46:29.420000+00:00,@patrickglaser1560,hes a switch,Sa-Tan-A-Dan,0.0
5689.2,2026-10-06T06:46:30.166000+00:00,@HanaArtsMaui,"You’re a sadist, it’s ok… embrace it",Sa-Tan-A-Dan,0.0
5689.6,2026-10-06T06:46:30.627000+00:00,@SumitB2010,Hellboy ready to open the doors of hell for the audience ,Sa-Tan-A-Dan,0.0
5690.8,2026-10-06T06:46:31.786000+00:00,@henryOP8749,The only duty this guy should have is to get off the stage he just got booed  ,Sa-Tan-A-Dan,0.0
5692.6,2026-10-06T06:46:33.585000+00:00,@steveking4869,said hi,Sa-Tan-A-Dan,0.0
5692.7,2026-10-06T06:46:33.705000+00:00,@Baconstrip69,my culture isnt your costume ,Sa-Tan-A-Dan,0.0
5701.7,2026-10-06T06:46:42.690000+00:00,@Baconstrip69,emo night is next weekend ,Sa-Tan-A-Dan,0.0
5705.1,2026-10-06T06:46:46.137000+00:00,@kevdog_sauce,lol ,Sa-Tan-A-Dan,1.0
5705.3,2026-10-06T06:46:46.252000+00:00,@SkunkFor20,Thats how you know hes not local he gets sunburned,Sa-Tan-A-Dan,0.0
5707.0,2026-10-06T06:46:47.982000+00:00,@S2P999,little Nicky devil vibes,Sa-Tan-A-Dan,0.0
5708.8,2026-10-06T06:46:49.816000+00:00,@Chuekpoint,Say tan,Sa-Tan-A-Dan,0.0
5713.0,2026-10-06T06:46:54.016000+00:00,@henryOP8749,Bacon ok  ,Sa-Tan-A-Dan,0.0
5716.0,2026-10-06T06:46:57.030000+00:00,@SkunkFor20,Booooo,Sa-Tan-A-Dan,0.0
5716.3,2026-10-06T06:46:57.326000+00:00,@rocjames1,wood eye,Sa-Tan-A-Dan,0.0
5717.3,2026-10-06T06:46:58.259000+00:00,@patrickglaser1560,can It be my costime Bacon?,Sa-Tan-A-Dan,0.0
5717.5,2026-10-06T06:46:58.488000+00:00,@alisonwayland6057,Shane and Jackson really need to think about going as Burt and Ernie for halloween,Sa-Tan-A-Dan,0.0
5718.2,2026-10-06T06:46:59.243000+00:00,@Chuekpoint,Say tan say tan,Sa-Tan-A-Dan,0.0
5720.5,2026-10-06T06:47:01.455000+00:00,@kevdog_sauce,choke,Sa-Tan-A-Dan,0.0
5723.4,2026-10-06T06:47:04.427000+00:00,@HanaArtsMaui,Your culture can go to hell,Sa-Tan-A-Dan,0.0
5723.8,2026-10-06T06:47:04.810000+00:00,@SkunkFor20,Power of christ compels you,Sa-Tan-A-Dan,0.0
5724.5,2026-10-06T06:47:05.537000+00:00,@timbakke2443,that sucked,Sa-Tan-A-Dan,-1.0
5724.7,2026-10-06T06:47:05.660000+00:00,@pijinFPS,nah chat,Sa-Tan-A-Dan,0.0
5729.8,2026-10-06T06:47:10.777000+00:00,@HanaArtsMaui,Jk,Semale,0.0
5730.0,2026-10-06T06:47:10.991000+00:00,@SumitB2010,Devil May Cry after that booeing,Semale,0.0
5731.0,2026-10-06T06:47:11.984000+00:00,@SkunkFor20,Sky fatherrrrr,Semale,0.0
5735.3,2026-10-06T06:47:16.311000+00:00,@alisonwayland6057,HAIL CHAIR,Semale,0.0
5737.8,2026-10-06T06:47:18.836000+00:00,@rocjames1,Saint sucks.,Semale,0.0
5744.1,2026-10-06T06:47:25.088000+00:00,@Baconstrip69,chair,Semale,0.0
5749.4,2026-10-06T06:47:30.352000+00:00,@Chuekpoint,Adolf chair,Semale,0.0
5753.3,2026-10-06T06:47:34.258000+00:00,@Sereous313,why is the chair not front and center?,Semale,0.0
5754.5,2026-10-06T06:47:35.491000+00:00,@HanaArtsMaui,Show us your toots!,Semale,0.0
5755.2,2026-10-06T06:47:36.208000+00:00,@pijinFPS,i need Mr E to burn some sage or some shit,Semale,0.0
5756.3,2026-10-06T06:47:37.306000+00:00,@henryOP8749,Devil may cry after hearing that set  ,Semale,0.0
5758.9,2026-10-06T06:47:39.924000+00:00,@rocjames1,chair on ,Semale,0.0
5765.9,2026-10-06T06:47:46.928000+00:00,@SumitB2010,Hitchhiker ,Semale,0.0
5766.0,2026-10-06T06:47:47.040000+00:00,@EricNelson1236,good thing that guy ain't real just his sweet herbs n spices,Semale,0.0
5767.3,2026-10-06T06:47:48.331000+00:00,@SkunkFor20,She needs a bag to keep her jojes,Semale,0.0
5768.4,2026-10-06T06:47:49.383000+00:00,@patrickglaser1560,ya we believe you,Semale,0.0
5768.7,2026-10-06T06:47:49.693000+00:00,@pijinFPS,is it pink,Semale,0.0
5770.6,2026-10-06T06:47:51.551000+00:00,@Baconstrip69,she is the best looking one ,Semale,0.0
5772.8,2026-10-06T06:47:53.807000+00:00,@Sereous313,funny looking middle schooler,Semale,1.0
5776.6,2026-10-06T06:47:57.649000+00:00,@pijinFPS,or are they pinkish,Semale,0.0
5777.4,2026-10-06T06:47:58.422000+00:00,@S2P999,Miss Piggy is that you ? ,Semale,0.0
5777.6,2026-10-06T06:47:58.553000+00:00,@henryOP8749,Patrick  ,Semale,0.0
5779.0,2026-10-06T06:48:00.007000+00:00,@Chuekpoint,Bonno and Chair,Semale,0.0
5780.9,2026-10-06T06:48:01.908000+00:00,@patrickglaser1560,that's not helping sweetheart,Semale,0.0
5790.7,2026-10-06T06:48:11.679000+00:00,@HanaArtsMaui,She foine ,Semale,0.0
5794.1,2026-10-06T06:48:15.109000+00:00,@alisonwayland6057,put it under your pillow for the tooth fairy,Semale,0.0
5804.1,2026-10-06T06:48:25.107000+00:00,@SumitB2010,The Big Bang Theory ,Semale,0.0
5804.4,2026-10-06T06:48:25.432000+00:00,@S2P999,teeth are overrated anyways,Semale,0.0
5804.6,2026-10-06T06:48:25.638000+00:00,@Chris-1-G,"Um, okay.",Semale,0.0
5807.2,2026-10-06T06:48:28.236000+00:00,@Baconstrip69,okay does maui have a crack problem??? thats four differernt comics ,Semale,0.0
5809.4,2026-10-06T06:48:30.396000+00:00,@henryOP8749,Hana no way stahp  ,Semale,0.0
5814.0,2026-10-06T06:48:34.990000+00:00,@Brad_Pitbull_1,"""Mom's Nuts""?",Semale,0.0
5814.7,2026-10-06T06:48:35.707000+00:00,@bendayho419,I laughed soo hard I fell off my Dinosaur!!  ,Semale,0.0
5814.9,2026-10-06T06:48:35.877000+00:00,@Chuekpoint,Dora the explorer really let herself go ,Semale,0.0
5815.7,2026-10-06T06:48:36.696000+00:00,@SkunkFor20,Is this comedy or retarded charity,Semale,0.0
5817.4,2026-10-06T06:48:38.370000+00:00,@Sereous313,got a body shaped liked a baked potato ,Semale,0.0
5818.0,2026-10-06T06:48:38.984000+00:00,@patrickglaser1560,no one tell her the toothfairy isn't real... let her believe,Semale,0.0
5820.2,2026-10-06T06:48:41.198000+00:00,@S2P999,not single for you,Semale,0.0
5828.9,2026-10-06T06:48:49.950000+00:00,@EricNelson1236,the real barney buried all those kids,Semale,0.0
5833.6,2026-10-06T06:48:54.552000+00:00,@SkunkFor20,Tinder for downy,Semale,0.0
5835.6,2026-10-06T06:48:56.637000+00:00,@jacca1091,She’s tired of taking the bus ,Semale,0.0
5838.0,2026-10-06T06:48:59.049000+00:00,@Lyell8T9,"her mouth looks like a church, pews on both sides and in the middle.. Jesus christ!",Semale,0.0
5840.6,2026-10-06T06:49:01.570000+00:00,@Chuekpoint,I’m so married suddenly ,Semale,0.0
5841.9,2026-10-06T06:49:02.868000+00:00,@SumitB2010,She flipped two trucks before coming here,Semale,0.0
5842.5,2026-10-06T06:49:03.474000+00:00,@patrickglaser1560,shes a unicorn,Semale,0.0
5843.0,2026-10-06T06:49:04.022000+00:00,@rocjames1,Tootsie toothless,Semale,0.0
5845.9,2026-10-06T06:49:06.902000+00:00,@HanaArtsMaui,Maui def has a crack problem. It’s ok. El Niño ,Semale,0.0
5847.8,2026-10-06T06:49:08.844000+00:00,@bendayho419,ID DO HER,Semale,0.0
5850.2,2026-10-06T06:49:11.210000+00:00,@alisonwayland6057,wait... the tooth fairy isn't real???????????,Semale,0.0
5850.7,2026-10-06T06:49:11.682000+00:00,@SkunkFor20,She horny,Semale,0.0
5856.9,2026-10-06T06:49:17.872000+00:00,@schhhhhhhh.,shit I hid too I aint even there,Semale,0.0
5860.1,2026-10-06T06:49:21.116000+00:00,@S2P999,eww ben,Semale,0.0
5862.8,2026-10-06T06:49:23.777000+00:00,@Brad_Pitbull_1,Homeless comedians?,Semale,0.0
5866.3,2026-10-06T06:49:27.313000+00:00,@ludwigd100,cool a backup,Semale,0.0
5867.1,2026-10-06T06:49:28.123000+00:00,@SkunkFor20,She just got on stage shes tired???,Semale,0.0
5878.2,2026-10-06T06:49:39.236000+00:00,@henryOP8749,Stop lying the tooth fairy  is real I just know it  ,Semale,0.0
5879.1,2026-10-06T06:49:40.098000+00:00,@rocjames1,Ben over,Semale,0.0
5880.7,2026-10-06T06:49:41.714000+00:00,@SkunkFor20,Too late,Semale,0.0
5884.6,2026-10-06T06:49:45.631000+00:00,@Ryan-gh6ys,Take off your backpack ,Semale,0.0
5885.1,2026-10-06T06:49:46.135000+00:00,@patrickglaser1560,She's a rented mule,Semale,0.0
5885.8,2026-10-06T06:49:46.770000+00:00,@HanaArtsMaui,Mac daddy nuts!!! ,Semale,0.0
5888.1,2026-10-06T06:49:49.125000+00:00,@S2P999,nuts ?,Semale,0.0
5888.2,2026-10-06T06:49:49.221000+00:00,@Sereous313,She looks like a 90s sitcom Dad,Semale,0.0
5890.5,2026-10-06T06:49:51.513000+00:00,@ludwigd100,lol,Semale,1.0
5892.1,2026-10-06T06:49:53.138000+00:00,@Baconstrip69,its dora the rehabalitated ,Semale,0.0
5898.3,2026-10-06T06:49:59.298000+00:00,@patrickglaser1560,whats that backpack do ?,Semale,0.0
5898.7,2026-10-06T06:49:59.746000+00:00,@SumitB2010,Mac N Cheese with Mac N Cheese,Semale,0.0
5903.6,2026-10-06T06:50:04.590000+00:00,@Ryan-gh6ys,Where are your children ,Semale,0.0
5912.4,2026-10-06T06:50:13.426000+00:00,@Baconstrip69,this is roger... nice disguise ,Semale,0.0
5914.0,2026-10-06T06:50:14.982000+00:00,@rocjames1,she a tour guide,Semale,0.0
5917.4,2026-10-06T06:50:18.392000+00:00,@S2P999,my nuts are magically empty now,Semale,0.0
5921.1,2026-10-06T06:50:22.108000+00:00,@Beast67xx,Is this slam poetry? ,Semale,0.0
5929.4,2026-10-06T06:50:30.435000+00:00,@bendayho419,BOOOO!!!      ,Semale,0.0
5930.1,2026-10-06T06:50:31.134000+00:00,@ludwigd100,,Semale,0.0
5930.9,2026-10-06T06:50:31.908000+00:00,@HanaArtsMaui,I’ll laffy taffy yo azz,Semale,0.0
5931.7,2026-10-06T06:50:32.726000+00:00,@patrickglaser1560,snap snap snap,Semale,0.0
5931.8,2026-10-06T06:50:32.779000+00:00,@SkunkFor20,Excuses,Semale,0.0
5937.0,2026-10-06T06:50:37.966000+00:00,@Hackofalltrades-mh5fq,huh?,Semale,0.0
5939.0,2026-10-06T06:50:39.978000+00:00,@alisonwayland6057,the back pack is there to carry all the emmotional weight,Semale,0.0
5939.1,2026-10-06T06:50:40.084000+00:00,@Brad_Pitbull_1,She's better than San tan,Semale,0.0
5939.3,2026-10-06T06:50:40.270000+00:00,@SkunkFor20,We get excuses not jokes,Semale,0.0
5941.1,2026-10-06T06:50:42.130000+00:00,@patrickglaser1560,EBT,Semale,0.0
5944.4,2026-10-06T06:50:45.364000+00:00,@Baconstrip69,i think these are all roger personalities from american dad ,Semale,0.0
5948.3,2026-10-06T06:50:49.323000+00:00,@S2P999,HEY SHE WOULD EAT THOSE TOMATOES,Semale,0.0
5950.2,2026-10-06T06:50:51.201000+00:00,@pijinFPS,i cant,Semale,0.0
5950.7,2026-10-06T06:50:51.707000+00:00,@rocjames1,no makeups required,Semale,0.0
5952.2,2026-10-06T06:50:53.234000+00:00,@SumitB2010,After this she hitchhikes to next show ,Semale,0.0
5954.0,2026-10-06T06:50:55.037000+00:00,@henryOP8749,I wonder how many people just come here for the therapy,Semale,0.0
5956.2,2026-10-06T06:50:57.180000+00:00,@Chuekpoint,She is a laughter salt water toffee,Semale,0.0
5956.8,2026-10-06T06:50:57.769000+00:00,@Ryan-gh6ys, ,Semale,0.0
5957.9,2026-10-06T06:50:58.885000+00:00,@SkunkFor20,This a charity event yall,Semale,0.0
5966.8,2026-10-06T06:51:07.797000+00:00,@Ryan-gh6ys,Making me depressed ,Semale,0.0
5968.8,2026-10-06T06:51:09.773000+00:00,@Beast67xx,This lady knows where to dumpster dive and where to adopt a cat ,Semale,0.0
5979.7,2026-10-06T06:51:20.722000+00:00,@S2P999,I'll cash app 5 if you pop a titty,Semale,0.0
5981.9,2026-10-06T06:51:22.942000+00:00,@Chuekpoint,That’s the goal,Semale,0.0
5984.4,2026-10-06T06:51:25.363000+00:00,@rocjames1,toothless Tuesday,Semale,0.0
5987.8,2026-10-06T06:51:28.823000+00:00,@HanaArtsMaui,$20 loaf a bread,Semale,0.0
5988.1,2026-10-06T06:51:29.098000+00:00,@henryOP8749,Prom night dumpster baby much???,Semale,0.0
5988.1,2026-10-06T06:51:29.102000+00:00,@Baconstrip69,shes the only piliot on the island ,Semale,0.0
5993.4,2026-10-06T06:51:34.450000+00:00,@rickshaw3397,Is this a trauma dump session?,Semale,0.0
6002.2,2026-10-06T06:51:43.180000+00:00,@patrickglaser1560,Her autism is surging,Semale,0.0
6003.2,2026-10-06T06:51:44.183000+00:00,@Ryan-gh6ys,Anything but a job application ,Semale,0.0
6008.1,2026-10-06T06:51:49.142000+00:00,@Chuekpoint,And bread?,Semale,0.0
6008.9,2026-10-06T06:51:49.876000+00:00,@S2P999,prob bad to be homeless in Hawaii if it's that expensive,Semale,-1.0
6011.6,2026-10-06T06:51:52.608000+00:00,@Sereous313,she better sell some pu... whoops nvm,Semale,0.0
6012.2,2026-10-06T06:51:53.191000+00:00,@SkunkFor20,Go fish,Semale,0.0
6012.7,2026-10-06T06:51:53.690000+00:00,@EdtheDreadTV,how you know bread was comin?,Semale,0.0
6014.2,2026-10-06T06:51:55.191000+00:00,@bendayho419,WHERES THE JOKES BISHH!!!,Semale,0.0
6016.9,2026-10-06T06:51:57.950000+00:00,@HanaArtsMaui,"Cum to Maui, cum on all our faces hahaha ",Semale,1.0
6019.7,2026-10-06T06:52:00.748000+00:00,@rocjames1,she whistles why she talks,Semale,0.0
6019.9,2026-10-06T06:52:00.868000+00:00,@FutureMe-e3q,she have a cash app?,Semale,0.0
6021.3,2026-10-06T06:52:02.262000+00:00,@Baconstrip69,how do i vote for her?,Semale,0.0
6025.3,2026-10-06T06:52:06.263000+00:00,@Ryan-gh6ys,Anything but a job application ,Semale,0.0
6028.8,2026-10-06T06:52:09.846000+00:00,@vonmillz8742,🫩 Come on now,Semale,0.0
6031.4,2026-10-06T06:52:12.360000+00:00,@SkunkFor20,You know how much a ticket to hawaii is,Semale,0.0
6035.8,2026-10-06T06:52:16.811000+00:00,@S2P999,,Semale,0.0
6036.1,2026-10-06T06:52:17.097000+00:00,@Chuekpoint,You know how much is bread in Maui? 10 dollars a gallon… for milk,Semale,0.0
6036.1,2026-10-06T06:52:17.130000+00:00,@patrickglaser1560,20 bucks is 20 bucks,Semale,0.0
6036.2,2026-10-06T06:52:17.240000+00:00,@alisonwayland6057,"like I said before, all the emmotional weight is in that backpack",Semale,0.0
6041.4,2026-10-06T06:52:22.438000+00:00,@MzClementine,put her on the front line coach I think she's ready to go ... I'm with her.  oh I'm so sorry honey. is she talking about Maui Hawaii? oh goodness they did a number on them.,Semale,0.0
6045.9,2026-10-06T06:52:26.932000+00:00,@SumitB2010,yeah  ,Semale,0.0
6047.1,2026-10-06T06:52:28.098000+00:00,@curtiswilliams5223,Oh god this again lol,Semale,1.0
6050.4,2026-10-06T06:52:31.366000+00:00,@ludwigd100,,Semale,0.0
6050.6,2026-10-06T06:52:31.605000+00:00,@SkunkFor20,Haole,Semale,0.0
6051.0,2026-10-06T06:52:32.009000+00:00,@Baconstrip69,what is pak a lo lo?,Semale,0.0
6051.1,2026-10-06T06:52:32.119000+00:00,@Ryan-gh6ys,Thank god ,Semale,0.0
6052.4,2026-10-06T06:52:33.353000+00:00,@S2P999,smoke lots of crack in her case,Semale,0.0
6052.6,2026-10-06T06:52:33.584000+00:00,@Donnieboy24,fuck me boys in late. have they showed chair?,Semale,0.0
6055.6,2026-10-06T06:52:36.595000+00:00,@tideandgrind88,the mental illness is strong in that one,Semale,0.0
6056.4,2026-10-06T06:52:37.378000+00:00,@curtiswilliams5223,The shit comedy act in Hawaii ,Semale,0.0
6058.3,2026-10-06T06:52:39.342000+00:00,@Hackofalltrades-mh5fq,,Semale,0.0
6061.6,2026-10-06T06:52:42.565000+00:00,@Sereous313,I like her shes made of 90% spam,Semale,0.0
6071.9,2026-10-06T06:52:52.897000+00:00,@Beast67xx,This is the audition of the new Optimus Prime ,Semale,0.0
6072.1,2026-10-06T06:52:53.065000+00:00,@SkunkFor20,Its a small pond to fish from,Semale,0.0
6074.1,2026-10-06T06:52:55.143000+00:00,@Ryan-gh6ys,Don’t bring her back ,Semale,0.0
6076.1,2026-10-06T06:52:57.073000+00:00,@rocjames1,salty jokes,Semale,0.0
6077.4,2026-10-06T06:52:58.446000+00:00,@MzClementine,oh bless her bless everyone of you,Sascha,0.0
6077.8,2026-10-06T06:52:58.792000+00:00,@SumitB2010,Cosmopyjamas,Sascha,0.0
6078.4,2026-10-06T06:52:59.422000+00:00,@Baconstrip69,pak a low low is deff crack ,Sascha,0.0
6084.2,2026-10-06T06:53:05.179000+00:00,@EdtheDreadTV,uhhh cheese water gnarly,Sascha,0.0
6086.8,2026-10-06T06:53:07.834000+00:00,@mariaaceves8463,what money,Sascha,0.0
6087.0,2026-10-06T06:53:08.010000+00:00,@HanaArtsMaui,Sasha is so hot,Sascha,0.0
6087.1,2026-10-06T06:53:08.093000+00:00,@MzClementine,May blessings be beneath your feet and always be given by your hands,Sascha,0.0
6088.2,2026-10-06T06:53:09.221000+00:00,@S2P999,Mop Head,Sascha,0.0
6094.5,2026-10-06T06:53:15.488000+00:00,@Baconstrip69,this girl turns me on ,Sascha,0.0
6095.3,2026-10-06T06:53:16.273000+00:00,@curtiswilliams5223,It’s bad comedy but it’s hard to look away  ,Sascha,-1.0
6095.9,2026-10-06T06:53:16.927000+00:00,@Ryan-gh6ys,Cat lady ,Sascha,0.0
6097.4,2026-10-06T06:53:18.411000+00:00,@patrickglaser1560,My goat!!!!!!! ,Sascha,1.0
6100.1,2026-10-06T06:53:21.066000+00:00,@pijinFPS,sasha also wants D,Sascha,0.0
6104.0,2026-10-06T06:53:24.954000+00:00,@FutureMe-e3q,shes been funnier. life is hard yo,Sascha,0.0
6104.3,2026-10-06T06:53:25.313000+00:00,@SkunkFor20,I believe it,Sascha,0.0
6106.9,2026-10-06T06:53:27.900000+00:00,@Chuekpoint,Broom broom,Sascha,0.0
6108.0,2026-10-06T06:53:28.953000+00:00,@Beast67xx,Absolutely semetic ,Sascha,0.0
6109.1,2026-10-06T06:53:30.067000+00:00,@alisonwayland6057,cute dress girl,Sascha,0.0
6116.5,2026-10-06T06:53:37.513000+00:00,@MzClementine,especially in Maui,Sascha,0.0
6119.2,2026-10-06T06:53:40.162000+00:00,@Baconstrip69,no capes ,Sascha,0.0
6129.2,2026-10-06T06:53:50.155000+00:00,@SkunkFor20,Def kosher ,Sascha,0.0
6130.6,2026-10-06T06:53:51.580000+00:00,@FutureMe-e3q,this more family then judgy,Sascha,0.0
6132.5,2026-10-06T06:53:53.460000+00:00,@S2P999,wonder what it's like to pull her hair,Sascha,0.0
6132.8,2026-10-06T06:53:53.817000+00:00,@tideandgrind88,better than the last meth riddled lady for sure,Sascha,0.0
6137.2,2026-10-06T06:53:58.249000+00:00,@HanaArtsMaui,Oops I think you dropped something… better go pick it up!?!,Sascha,0.0
6137.8,2026-10-06T06:53:58.827000+00:00,@Chuekpoint,Looks like a PlayMobil,Sascha,0.0
6141.3,2026-10-06T06:54:02.300000+00:00,@bendayho419,I thought this was a comedy show!!???,Sascha,0.0
6144.3,2026-10-06T06:54:05.323000+00:00,@rickshaw3397,Shes an insult to comics,Sascha,0.0
6144.8,2026-10-06T06:54:05.813000+00:00,@Ryan-gh6ys,Not funny no character ,Sascha,-1.0
6147.1,2026-10-06T06:54:08.085000+00:00,@patrickglaser1560,her train wreck routine is so goated,Sascha,1.0
6155.3,2026-10-06T06:54:16.304000+00:00,@S2P999,Gay Mop,Sascha,0.0
6155.8,2026-10-06T06:54:16.810000+00:00,@rickshaw3397,Nice hair tho,Sascha,0.0
6156.8,2026-10-06T06:54:17.830000+00:00,@Ryan-gh6ys,Turn off the microphone ,Sascha,0.0
6157.0,2026-10-06T06:54:17.967000+00:00,@Sereous313,shes like what hairstyle should I do chat gpt? girl slay the lamp shade,Sascha,0.0
6157.9,2026-10-06T06:54:18.856000+00:00,@rocjames1,IHave sheet cover that match your dress,Sascha,0.0
6158.3,2026-10-06T06:54:19.321000+00:00,@curtiswilliams5223,When does stand up start?  ,Sascha,0.0
6159.2,2026-10-06T06:54:20.223000+00:00,@henryOP8749,Ben you thought wrong  ,Sascha,0.0
6164.8,2026-10-06T06:54:25.768000+00:00,@Baconstrip69,i know she made that dress ,Sascha,0.0
6169.4,2026-10-06T06:54:30.353000+00:00,@Ryan-gh6ys,Unplug the microphone ,Sascha,0.0
6172.8,2026-10-06T06:54:33.848000+00:00,@MzClementine,oh my God my son called me old around 42. it was the very age that I called my mom old. it made me laugh hysterically!!! ,Sascha,0.0
6173.2,2026-10-06T06:54:34.243000+00:00,@SkunkFor20,Only jews get these jokes,Sascha,0.0
6174.1,2026-10-06T06:54:35.132000+00:00,@Beast67xx,Looks like she used a steamroller to tame that jew fro,Sascha,0.0
6178.2,2026-10-06T06:54:39.186000+00:00,@HanaArtsMaui,She got that good hair,Sascha,0.0
6181.6,2026-10-06T06:54:42.601000+00:00,@FutureMe-e3q,shes a hottie n funny,Sascha,1.0
6184.6,2026-10-06T06:54:45.628000+00:00,@SkunkFor20,She sacrificing her grandma after death,Sascha,0.0
6184.7,2026-10-06T06:54:45.737000+00:00,@pijinFPS,she puts the hot in hot dish,Sascha,0.0
6184.9,2026-10-06T06:54:45.932000+00:00,@rocjames1,lily thomas,Sascha,0.0
6185.1,2026-10-06T06:54:46.085000+00:00,@S2P999,she makes me hard,Sascha,0.0
6189.6,2026-10-06T06:54:50.588000+00:00,@SkunkFor20,These joos wilin,Sascha,0.0
6190.7,2026-10-06T06:54:51.723000+00:00,@Brad_Pitbull_1,Beast Fro,Sascha,0.0
6192.7,2026-10-06T06:54:53.678000+00:00,@Chuekpoint,She made that dress out of a table cloth ,Sascha,0.0
6197.3,2026-10-06T06:54:58.285000+00:00,@MzClementine,I was like dude you nailed it. I totally told my mom at 42 she was old. what is the answer to life and all its questions 42.,Sascha,0.0
6198.2,2026-10-06T06:54:59.184000+00:00,@Ryan-gh6ys,Not funny making me angry ,Sascha,-1.0
6199.1,2026-10-06T06:55:00.110000+00:00,@Baconstrip69,do you think she straightens her pubes?,Sascha,0.0
6204.3,2026-10-06T06:55:05.340000+00:00,@Ryan-gh6ys,Not funny making me angry ,Sascha,-1.0
6206.1,2026-10-06T06:55:07.122000+00:00,@patrickglaser1560,Hahahaha imagine she sits next to you at the bar and talks your ear off,Sascha,1.0
6207.7,2026-10-06T06:55:08.668000+00:00,@SkunkFor20,How you sacrifice your family twice ,Sascha,0.0
6210.5,2026-10-06T06:55:11.542000+00:00,@S2P999,ryan have a snickers,Sascha,0.0
6212.1,2026-10-06T06:55:13.133000+00:00,@MzClementine,it's the magic old person number. but guess what. I'm just six when I add it up!! ,Sascha,0.0
6215.7,2026-10-06T06:55:16.683000+00:00,@SkunkFor20,Thats the most jewish thing ever,Sascha,0.0
6218.2,2026-10-06T06:55:19.151000+00:00,@pijinFPS,her hair doubles as a coffee mug scrubber,Sascha,0.0
6220.8,2026-10-06T06:55:21.764000+00:00,@henryOP8749,SP  ,Sascha,0.0
6223.7,2026-10-06T06:55:24.746000+00:00,@SumitB2010,The hair straightener took a heavy task,Sascha,0.0
6224.3,2026-10-06T06:55:25.260000+00:00,@rickshaw3397,Ahhh if shes jew then tht has to be a wig,Sascha,0.0
6226.4,2026-10-06T06:55:27.412000+00:00,@Ryan-gh6ys,Why she taking 1 hour to tell a joke ,Sascha,0.0
6230.1,2026-10-06T06:55:31.093000+00:00,@ludwigd100,hey Dad come pick me up my ears have been insulted,Sascha,0.0
6231.6,2026-10-06T06:55:32.632000+00:00,@rocjames1,bet she got thos wilma feet,Sascha,0.0
6237.0,2026-10-06T06:55:38.017000+00:00,@patrickglaser1560,thats the bit Ryan,Sascha,0.0
6238.9,2026-10-06T06:55:39.950000+00:00,@MzClementine,you going to cook dinner for me. I would love to go play video games!!!!!!  more like just sleep!!!!!!!!!!,Sascha,1.0
6242.8,2026-10-06T06:55:43.841000+00:00,@FutureMe-e3q,ryan this aint kill the open mic person booo them to hell style,Sascha,-1.0
6244.8,2026-10-06T06:55:45.825000+00:00,@TheLegendLeonS.Kennedy,Is this a comedy show for your family?,Sascha,0.0
6246.1,2026-10-06T06:55:47.137000+00:00,@HanaArtsMaui,You would all love to twirl your fingers in that hair stfu,Sascha,1.0
6249.0,2026-10-06T06:55:50.041000+00:00,@curtiswilliams5223,Doesn’t know how to get to the point lol more or less venting not comedy ,Sascha,1.0
6250.6,2026-10-06T06:55:51.625000+00:00,@SkunkFor20,The hair straightner did a better job at execution than the gov ,Sascha,0.0
6253.4,2026-10-06T06:55:54.439000+00:00,@S2P999,GOD IM SO FRIGGIN HORNY,Sascha,0.0
6258.0,2026-10-06T06:55:59.023000+00:00,@SkunkFor20,And her,Sascha,0.0
6261.4,2026-10-06T06:56:02.430000+00:00,@Baconstrip69,id be so shocked if she shaves ,Sascha,0.0
6263.0,2026-10-06T06:56:04.025000+00:00,@Ryan-gh6ys,Waiting for new years to hear the joke ,Sascha,0.0
6264.6,2026-10-06T06:56:05.604000+00:00,@Beast67xx,,Sascha,0.0
6265.1,2026-10-06T06:56:06.066000+00:00,@patrickglaser1560,shes an improv actress this is a bit,Sascha,0.0
6267.2,2026-10-06T06:56:08.189000+00:00,@ludwigd100,blue chew,Sascha,0.0
6267.7,2026-10-06T06:56:08.697000+00:00,@FutureMe-e3q,let em get thier time,Sascha,0.0
6273.4,2026-10-06T06:56:14.351000+00:00,@Sereous313,her dress blowing up is from her bush vaping.,Sascha,0.0
6274.1,2026-10-06T06:56:15.140000+00:00,@pijinFPS,is she mad at me chat?,Sascha,0.0
6277.9,2026-10-06T06:56:18.879000+00:00,@SkunkFor20,Bit???,Sascha,0.0
6279.4,2026-10-06T06:56:20.355000+00:00,@MzClementine,she got some TISM! ,Sascha,0.0
6280.4,2026-10-06T06:56:21.396000+00:00,@S2P999,yes,Sascha,1.0
6284.2,2026-10-06T06:56:25.246000+00:00,@Beast67xx,Yes surely there is a punchline coming ,Sascha,1.0
6286.2,2026-10-06T06:56:27.162000+00:00,@Chuekpoint,What’s going on in the background?,Sascha,0.0
6288.5,2026-10-06T06:56:29.506000+00:00,@TheLegendLeonS.Kennedy,I like hairy chicks,Sascha,0.0
6289.6,2026-10-06T06:56:30.559000+00:00,@SkunkFor20,Mossad tech team,Sascha,0.0
6290.4,2026-10-06T06:56:31.407000+00:00,@Ryan-gh6ys,Bring Joey Diaz or Theo Von ,Sascha,0.0
6291.1,2026-10-06T06:56:32.148000+00:00,@curtiswilliams5223,"Improv my ah, she’s terrible  ",Sascha,-1.0
6292.2,2026-10-06T06:56:33.239000+00:00,@Baconstrip69,lord farquad is her dad ,Sascha,0.0
6294.4,2026-10-06T06:56:35.368000+00:00,@SumitB2010,Prototype Moana,Sascha,0.0
6296.4,2026-10-06T06:56:37.450000+00:00,@pijinFPS,Katy Scary,Sascha,0.0
6298.2,2026-10-06T06:56:39.210000+00:00,@HanaArtsMaui,Fuck off!!!! ,Sascha,0.0
6298.6,2026-10-06T06:56:39.554000+00:00,@curtiswilliams5223,I don’t even get the joke so far ,Sascha,0.0
6299.7,2026-10-06T06:56:40.736000+00:00,@jctoad,is there a point to this story?,Sascha,0.0
6299.8,2026-10-06T06:56:40.780000+00:00,@patrickglaser1560,this is like the aristocrats joke,Sascha,0.0
6302.2,2026-10-06T06:56:43.200000+00:00,@ludwigd100,,Sascha,0.0
6302.4,2026-10-06T06:56:43.392000+00:00,@S2P999,it's a palm tree dude,Sascha,0.0
6304.6,2026-10-06T06:56:45.613000+00:00,@Beast67xx,She put the haw before the guffaw ,Sascha,0.0
6306.7,2026-10-06T06:56:47.691000+00:00,@curtiswilliams5223,It’s just just venting ,Sascha,0.0
6307.7,2026-10-06T06:56:48.708000+00:00,@Chuekpoint,She is lord FarquD,Sascha,0.0
6309.0,2026-10-06T06:56:50.030000+00:00,@AdamAdam-vu3qt,It’s sad to see this woman didn’t find her proper calling in porn,Sascha,0.0
6314.2,2026-10-06T06:56:55.181000+00:00,@Ryan-gh6ys,Did she tell the joke already ? ,Sascha,0.0
6317.0,2026-10-06T06:56:58.043000+00:00,@FutureMe-e3q,patrick yes,Sascha,1.0
6324.4,2026-10-06T06:57:05.436000+00:00,@SkunkFor20,She time travelled ,Sascha,0.0
6324.6,2026-10-06T06:57:05.570000+00:00,@curtiswilliams5223,1 min left thank god ,Sascha,0.0
6335.0,2026-10-06T06:57:15.975000+00:00,@ludwigd100,,Sascha,0.0
6335.5,2026-10-06T06:57:16.513000+00:00,@FutureMe-e3q,different style joke,Sascha,0.0
6335.6,2026-10-06T06:57:16.647000+00:00,@patrickglaser1560,lol she deserves overtime,Sascha,1.0
6337.8,2026-10-06T06:57:18.843000+00:00,@Ryan-gh6ys,It doesn’t take 5+ min to tell a joke ,Sascha,0.0
6338.2,2026-10-06T06:57:19.231000+00:00,@SkunkFor20,The jews used her as a experimental senile chimp,Sascha,0.0
6342.8,2026-10-06T06:57:23.795000+00:00,@Baconstrip69,im so hard ,Sascha,0.0
6344.1,2026-10-06T06:57:25.097000+00:00,@SkunkFor20,Send her in a portal,Sascha,0.0
6345.1,2026-10-06T06:57:26.073000+00:00,@HanaArtsMaui,"If she were Lord Farquhar, Fiona would be lit AF",Sascha,0.0
6348.2,2026-10-06T06:57:29.249000+00:00,@henryOP8749,Your dad moves on and your mom’s ruins his love life because she was jealous. Told you this is therapy,Sascha,1.0
6348.3,2026-10-06T06:57:29.288000+00:00,@Beast67xx,The joke is….on you ,Sascha,0.0
6349.5,2026-10-06T06:57:30.514000+00:00,@S2P999,I wish I were high on POTNUSE,Sascha,0.0
6349.8,2026-10-06T06:57:30.818000+00:00,@ludwigd100,,Sascha,0.0
6350.2,2026-10-06T06:57:31.173000+00:00,@MexiHoney17,Take a shot every time she says the word “Like” ,Sascha,0.0
6352.9,2026-10-06T06:57:33.859000+00:00,@SkunkFor20,And actually time travellwd,Sascha,0.0
6353.0,2026-10-06T06:57:33.961000+00:00,@AdamAdam-vu3qt,And this is why they get paid $.80 to our dollar,Sascha,0.0
6356.0,2026-10-06T06:57:36.978000+00:00,@rocjames1,"If you mute it, she even looks better.",Sascha,0.0
6359.9,2026-10-06T06:57:40.905000+00:00,@EricNelson1236,it was a black trans btw,Sascha,0.0
6360.2,2026-10-06T06:57:41.180000+00:00,@Baconstrip69,ten second tidy ,Sascha,0.0
6362.2,2026-10-06T06:57:43.187000+00:00,@Chuekpoint,Is she Edgar Allan Poe?,Sascha,0.0
6365.4,2026-10-06T06:57:46.414000+00:00,@Sereous313,This girl has an AI chat bot for a bf,Sascha,0.0
6366.3,2026-10-06T06:57:47.311000+00:00,@TheLegendLeonS.Kennedy,What is this girls night out? She talking to like 5 people ,Sascha,0.0
6368.2,2026-10-06T06:57:49.249000+00:00,@SkunkFor20,Shes giving us shit too,Sascha,0.0
6372.5,2026-10-06T06:57:53.478000+00:00,@Ryan-gh6ys,Can security escort her out ,Sascha,0.0
6374.1,2026-10-06T06:57:55.071000+00:00,@henryOP8749,James no way  ,Sascha,0.0
6375.5,2026-10-06T06:57:56.539000+00:00,@Baconstrip69,billy madison kindergarden teacher ,Sascha,0.0
6378.5,2026-10-06T06:57:59.506000+00:00,@SkunkFor20,Not jokes,between_sets,0.0
6379.6,2026-10-06T06:58:00.584000+00:00,@FutureMe-e3q,ten sec tiddy plz,between_sets,0.0
6382.5,2026-10-06T06:58:03.539000+00:00,@Ryan-gh6ys,Can security escort her out ,between_sets,0.0
6383.5,2026-10-06T06:58:04.505000+00:00,@Beast67xx,Mexihoney no you’d need an ambulance ,between_sets,0.0
6388.0,2026-10-06T06:58:09.038000+00:00,@2s7a2m7,uhhh,between_sets,0.0
6388.6,2026-10-06T06:58:09.561000+00:00,@Jones.J242,Does He dance like Elvis?,between_sets,0.0
6391.1,2026-10-06T06:58:12.089000+00:00,@SkunkFor20,Get off stage,between_sets,0.0
6392.8,2026-10-06T06:58:13.801000+00:00,@Hackofalltrades-mh5fq,haaahaaaaa!,between_sets,0.0
6393.4,2026-10-06T06:58:14.368000+00:00,@EdtheDreadTV,what the hell just happened,between_sets,0.0
6394.0,2026-10-06T06:58:15.037000+00:00,@Baconstrip69,but im out ,between_sets,0.0
6394.5,2026-10-06T06:58:15.498000+00:00,@pijinFPS,who nose,between_sets,0.0
6395.6,2026-10-06T06:58:16.616000+00:00,@Beast67xx,,between_sets,0.0
6397.0,2026-10-06T06:58:18.026000+00:00,@S2P999,boooo,between_sets,0.0
6397.3,2026-10-06T06:58:18.334000+00:00,@henryOP8749,Thank goodness  ,between_sets,0.0
6398.0,2026-10-06T06:58:18.995000+00:00,@curtiswilliams5223,She literally just vented ,between_sets,0.0
6398.2,2026-10-06T06:58:19.191000+00:00,@FutureMe-e3q,now boo haters,between_sets,-1.0
6399.9,2026-10-06T06:58:20.883000+00:00,@ludwigd100,,between_sets,0.0
6405.2,2026-10-06T06:58:26.212000+00:00,@Ryan-gh6ys,I didn’t understand anything she said ,between_sets,0.0
6406.9,2026-10-06T06:58:27.946000+00:00,@patrickglaser1560,"This lady is laughing at us, she's intentionally bombing and its hilarious",between_sets,0.0
6409.1,2026-10-06T06:58:30.056000+00:00,@AdamAdam-vu3qt,She couldn’t afford a therapist was this all she had?,between_sets,0.0
6412.4,2026-10-06T06:58:33.363000+00:00,@TheLegendLeonS.Kennedy,Yeah that’s like 5 people ,between_sets,0.0
6415.5,2026-10-06T06:58:36.546000+00:00,@Sereous313,oh no not this guy,between_sets,0.0
6420.5,2026-10-06T06:58:41.490000+00:00,@EdtheDreadTV,eddieeee,between_sets,0.0
6420.5,2026-10-06T06:58:41.511000+00:00,@2s7a2m7,"I caught the end of that, and I can't imagine there being a good set up",between_sets,0.0
6421.0,2026-10-06T06:58:41.990000+00:00,@SkunkFor20,Lmaoooo,between_sets,1.0
6423.3,2026-10-06T06:58:44.331000+00:00,@SkunkFor20,Adam,between_sets,0.0
6428.1,2026-10-06T06:58:49.150000+00:00,@Sereous313,V is for Virgin,between_sets,0.0
6428.3,2026-10-06T06:58:49.327000+00:00,@Baconstrip69,oh no ,between_sets,0.0
6430.1,2026-10-06T06:58:51.062000+00:00,@SkunkFor20,All of them,between_sets,0.0
6430.1,2026-10-06T06:58:51.146000+00:00,@henryOP8749,All I got from that set was her mom was jealous the dad moved on  ,between_sets,0.0
6431.1,2026-10-06T06:58:52.136000+00:00,@Ryan-gh6ys,Why he only hugging the girls and not the guys ,between_sets,0.0
6436.7,2026-10-06T06:58:57.691000+00:00,@SkunkFor20,The one before too,between_sets,0.0
6437.1,2026-10-06T06:58:58.064000+00:00,@JimboTheComic,Sorry chat I had to smoke weed ,between_sets,0.0
6437.9,2026-10-06T06:58:58.877000+00:00,@Beast67xx,"Oh this one is gonna be the funny one, I’m certain ",between_sets,1.0
6439.2,2026-10-06T06:59:00.158000+00:00,@MzClementine,haha,between_sets,1.0
6439.2,2026-10-06T06:59:00.228000+00:00,@S2P999,Willie nelson,between_sets,0.0
6442.5,2026-10-06T06:59:03.524000+00:00,@SumitB2010,Protectors of the Birds ,between_sets,0.0
6445.6,2026-10-06T06:59:06.606000+00:00,@Chuekpoint,Vevi Dee,between_sets,0.0
6445.7,2026-10-06T06:59:06.689000+00:00,@SkunkFor20,Rabbi schmuleu,between_sets,0.0
6447.5,2026-10-06T06:59:08.453000+00:00,@HanaArtsMaui,Nuggets oh Anxiety all on your face,between_sets,0.0
6448.3,2026-10-06T06:59:09.285000+00:00,@EricNelson1236,grab you by the curly fries,between_sets,0.0
6450.8,2026-10-06T06:59:11.847000+00:00,@JimboTheComic,Looks like you did a sizing without me ,between_sets,0.0
6455.1,2026-10-06T06:59:16.144000+00:00,@2s7a2m7,yikes,between_sets,-1.0
6455.7,2026-10-06T06:59:16.698000+00:00,@henryOP8749,Oh great now you will be funnier Jimbo  ,between_sets,0.0
6458.7,2026-10-06T06:59:19.675000+00:00,@EdtheDreadTV,yessah Jimbo,between_sets,0.0
6461.4,2026-10-06T06:59:22.403000+00:00,@Ryan-gh6ys,Bragging about drug consumption is crazy ,between_sets,0.0
6463.4,2026-10-06T06:59:24.361000+00:00,@SkunkFor20,Shove a kosher dildo down your throat and shut up,between_sets,0.0
6463.4,2026-10-06T06:59:24.401000+00:00,@S2P999,get off the stage Chuck Norris,between_sets,0.0
6467.6,2026-10-06T06:59:28.559000+00:00,@Beast67xx,Are they roasting chino? ,between_sets,0.0
6467.7,2026-10-06T06:59:28.681000+00:00,@Baconstrip69,START THE TIME ,between_sets,0.0
6468.5,2026-10-06T06:59:29.543000+00:00,@JimboTheComic,Edddd,between_sets,0.0
6469.6,2026-10-06T06:59:30.613000+00:00,@Chuekpoint,Chimbooo,between_sets,0.0
6473.7,2026-10-06T06:59:34.717000+00:00,@JimboTheComic,No chance Henry ,between_sets,0.0
6474.5,2026-10-06T06:59:35.467000+00:00,@HanaArtsMaui,Break it down baby ,between_sets,0.0
6474.9,2026-10-06T06:59:35.855000+00:00,@alisonwayland6057,let me guess... there's gonna be a song about a man bun,between_sets,0.0
6475.6,2026-10-06T06:59:36.608000+00:00,@rocjames1,now should I unmute it,between_sets,0.0
6480.1,2026-10-06T06:59:41.052000+00:00,@FutureMe-e3q,i take mad drugs tho,between_sets,0.0
6481.9,2026-10-06T06:59:42.898000+00:00,@Sereous313,Praises the chair THEN proceeds to block our view of it.,between_sets,0.0
6482.3,2026-10-06T06:59:43.251000+00:00,@henryOP8749, ,between_sets,0.0
6489.4,2026-10-06T06:59:50.368000+00:00,@2s7a2m7,holy shit this is unfunny,between_sets,0.0
6492.0,2026-10-06T06:59:53.002000+00:00,@SkunkFor20,Israeli,between_sets,0.0
6494.3,2026-10-06T06:59:55.268000+00:00,@JimboTheComic,Who went to my website? Anyone? Or do I gotta kms on stream ,between_sets,0.0
6497.1,2026-10-06T06:59:58.062000+00:00,@TheLegendLeonS.Kennedy,WHO?,between_sets,0.0
6501.1,2026-10-06T07:00:02.060000+00:00,@henryOP8749,James your not missing much ,Eddie V,0.0
6502.9,2026-10-06T07:00:03.939000+00:00,@patrickglaser1560,norgs gonna be mad,Eddie V,0.0
6503.6,2026-10-06T07:00:04.589000+00:00,@FutureMe-e3q,were all into our own shit,Eddie V,0.0
6504.4,2026-10-06T07:00:05.446000+00:00,@S2P999,I'd rather listen to trump talk,Eddie V,0.0
6507.4,2026-10-06T07:00:08.355000+00:00,@SadieGohl,this is just sad,Eddie V,0.0
6507.6,2026-10-06T07:00:08.611000+00:00,@Beast67xx,Boomers LOVE jokes that aren’t funny ,Eddie V,1.0
6508.5,2026-10-06T07:00:09.539000+00:00,@SkunkFor20,Lisr,Eddie V,0.0
6510.3,2026-10-06T07:00:11.337000+00:00,@Chuekpoint,The Chairminator,Eddie V,0.0
6510.7,2026-10-06T07:00:11.724000+00:00,@ludwigd100,Mike Love from the Beech Boys,Eddie V,1.0
6511.4,2026-10-06T07:00:12.355000+00:00,@SkunkFor20,Hes joo,Eddie V,0.0
6515.0,2026-10-06T07:00:15.972000+00:00,@Ryan-gh6ys,Reported your comment for self harm ,Eddie V,0.0
6518.2,2026-10-06T07:00:19.166000+00:00,@JimboTheComic,WHO HAD THE BEST CHINO ROAST FOR FREE HOT SAUCE?? ,Eddie V,0.0
6522.2,2026-10-06T07:00:23.161000+00:00,@Baconstrip69,this guy dutch ovens himself and calls himself dutch ,Eddie V,0.0
6523.5,2026-10-06T07:00:24.544000+00:00,@rocjames1,leave that chair out of it,Eddie V,0.0
6524.0,2026-10-06T07:00:25.023000+00:00,@S2P999,JOO!,Eddie V,0.0
6525.9,2026-10-06T07:00:26.886000+00:00,@HanaArtsMaui,Jimbo what website ,Eddie V,0.0
6526.1,2026-10-06T07:00:27.133000+00:00,@Beast67xx,It’s all jews,Eddie V,0.0
6528.3,2026-10-06T07:00:29.304000+00:00,@2s7a2m7,wow that's unfunny,Eddie V,0.0
6530.3,2026-10-06T07:00:31.347000+00:00,@Capncrunch-1,is that Dennis Hopper back from the dead,Eddie V,0.0
6531.9,2026-10-06T07:00:32.932000+00:00,@839aty,this was funnier in my head type jokes,Eddie V,0.0
6534.3,2026-10-06T07:00:35.332000+00:00,@SkunkFor20,You need to be jewish to get these jokes,Eddie V,0.0
6535.5,2026-10-06T07:00:36.544000+00:00,@rickshaw3397,Bro got me excited thinking he was gonna say some racist jokes…,Eddie V,0.0
6536.3,2026-10-06T07:00:37.340000+00:00,@JimboTheComic,Jimbothecomic.com ,Eddie V,0.0
6540.5,2026-10-06T07:00:41.486000+00:00,@SkunkFor20,You need to be chosen ,Eddie V,0.0
6541.4,2026-10-06T07:00:42.371000+00:00,@henryOP8749,I got a chino roast. I’m still waiting for my hot sauce  ,Eddie V,0.0
6544.3,2026-10-06T07:00:45.314000+00:00,@Chuekpoint,"Santa lost weight, probably diabetes",Eddie V,0.0
6548.4,2026-10-06T07:00:49.427000+00:00,@SkunkFor20,Chosen to not be funny,Eddie V,1.0
6549.6,2026-10-06T07:00:50.557000+00:00,@Beast67xx,839 lol,Eddie V,1.0
6552.7,2026-10-06T07:00:53.690000+00:00,@Ryan-gh6ys,Shut the whole event down ,Eddie V,0.0
6553.8,2026-10-06T07:00:54.849000+00:00,@Donnieboy24,keep MY chair!!! NAME out YO MOUF!!,Eddie V,0.0
6557.0,2026-10-06T07:00:57.969000+00:00,@henryOP8749,I got a chino roast. I’m still waiting for my hot sauce  ,Eddie V,0.0
6562.1,2026-10-06T07:01:03.065000+00:00,@patrickglaser1560,he read the comments,Eddie V,0.0
6563.3,2026-10-06T07:01:04.342000+00:00,@JimboTheComic,Henry that’s lit. I’ll tell him during podcast after hours ,Eddie V,0.0
6569.3,2026-10-06T07:01:10.319000+00:00,@SkunkFor20,He serious,Eddie V,0.0
6570.9,2026-10-06T07:01:11.904000+00:00,@rocjames1,he's a beach boy wash up,Eddie V,0.0
6573.8,2026-10-06T07:01:14.762000+00:00,@SkunkFor20,They need ai,Eddie V,0.0
6574.0,2026-10-06T07:01:14.983000+00:00,@Sereous313,"Atleast Trumps funny. Milk prices in Hawaii are high, really high. In America they'll never be that high.",Eddie V,1.0
6574.0,2026-10-06T07:01:15.037000+00:00,@EricNelson1236,with the natural oslo white makeup,Eddie V,0.0
6574.6,2026-10-06T07:01:15.604000+00:00,@jctoad,longest 5 minutes ever,Eddie V,0.0
6575.0,2026-10-06T07:01:16.005000+00:00,@henryOP8749, ,Eddie V,0.0
6579.4,2026-10-06T07:01:20.438000+00:00,@Capncrunch-1,unfunny Dennis Hopper,Eddie V,0.0
6583.1,2026-10-06T07:01:24.064000+00:00,@FutureMe-e3q,im think like its not about expecting everyone to kill it on open mic ESPECIALLY when its dedicated to a local zChino for whatever resom. chill,Eddie V,0.0
6584.1,2026-10-06T07:01:25.057000+00:00,@2s7a2m7,"oh brother, this guy STINKS!",Eddie V,0.0
6585.6,2026-10-06T07:01:26.551000+00:00,@Chuekpoint,Chairman Mao,Eddie V,0.0
6588.1,2026-10-06T07:01:29.077000+00:00,@TheLegendLeonS.Kennedy,CAPTAIN SPAULDING ,Eddie V,0.0
6593.3,2026-10-06T07:01:34.299000+00:00,@SkunkFor20,I cant,Eddie V,0.0
6596.0,2026-10-06T07:01:36.964000+00:00,@SkunkFor20,Im out,Eddie V,0.0
6600.1,2026-10-06T07:01:41.142000+00:00,@ludwigd100,,Eddie V,0.0
6601.2,2026-10-06T07:01:42.229000+00:00,@Baconstrip69,so maui is white serial killers?,Eddie V,0.0
6603.3,2026-10-06T07:01:44.299000+00:00,@SkunkFor20,Shut this down like wsl chat,Eddie V,0.0
6607.1,2026-10-06T07:01:48.142000+00:00,@839aty,if sad music was being played over this then it would be funnier,Eddie V,0.0
6607.2,2026-10-06T07:01:48.235000+00:00,@Chuekpoint,Chairity ,Eddie V,0.0
6609.1,2026-10-06T07:01:50.141000+00:00,@S2P999,DONT DISS CAPT.SPAULDING LIKE THAT,Eddie V,0.0
6617.6,2026-10-06T07:01:58.609000+00:00,@rocjames1,he thought he was on Epstein island,Eddie V,0.0
6623.9,2026-10-06T07:02:04.916000+00:00,@SkunkFor20,FREE CHICKENJOE420,Eddie V,0.0
6625.1,2026-10-06T07:02:06.085000+00:00,@2s7a2m7,this is shockingly unfunny. like an insult to my intelligence,Eddie V,0.0
6633.2,2026-10-06T07:02:14.178000+00:00,@EricNelson1236,some psycho is wearing his skin,Eddie V,0.0
6639.3,2026-10-06T07:02:20.320000+00:00,@BootyJohnson1,I once masterbated with breast milk from my date that passed out,Eddie V,0.0
6641.4,2026-10-06T07:02:22.383000+00:00,@AdamAdam-vu3qt,I bet this guy would rub your pickle for a nickel,Eddie V,0.0
6645.9,2026-10-06T07:02:26.858000+00:00,@SkunkFor20,Jooz stole chicken joes flip flop,Eddie V,0.0
6646.2,2026-10-06T07:02:27.152000+00:00,@ludwigd100,,Eddie V,0.0
6647.9,2026-10-06T07:02:28.865000+00:00,@JimboTheComic,2s7 WELCOME TO HELL ,Eddie V,0.0
6649.1,2026-10-06T07:02:30.112000+00:00,@Chuekpoint,Chairy pick,Eddie V,0.0
6653.5,2026-10-06T07:02:34.498000+00:00,@TheLegendLeonS.Kennedy,Those girls just want to show off their butts at the gym,Eddie V,0.0
6654.5,2026-10-06T07:02:35.534000+00:00,@S2P999,GET OFF THE STAGE,Eddie V,0.0
6654.5,2026-10-06T07:02:35.535000+00:00,@Baconstrip69,this is interdementional cable ,Eddie V,0.0
6660.4,2026-10-06T07:02:41.367000+00:00,@Sereous313,uh oh! he put the phone away,Eddie V,0.0
6671.1,2026-10-06T07:02:52.084000+00:00,@384un,Standup is hard ,Eddie V,0.0
6671.9,2026-10-06T07:02:52.870000+00:00,@S2P999,ITS THE CHAIRS TURN,Eddie V,0.0
6673.2,2026-10-06T07:02:54.211000+00:00,@Capncrunch-1,this guy is absolutely hilarious,Eddie V,1.0
6676.8,2026-10-06T07:02:57.778000+00:00,@SkunkFor20,Throw this joo in the volcano,Eddie V,0.0
6677.8,2026-10-06T07:02:58.825000+00:00,@Hackofalltrades-mh5fq,"""Mobby What""?",Eddie V,0.0
6680.3,2026-10-06T07:03:01.280000+00:00,@2s7a2m7,BOOOOO,Eddie V,0.0
6682.6,2026-10-06T07:03:03.628000+00:00,@ludwigd100,there you go holmes,Eddie V,0.0
6683.5,2026-10-06T07:03:04.547000+00:00,@SkunkFor20,Cannibalize this joo,Eddie V,0.0
6686.7,2026-10-06T07:03:07.728000+00:00,@Chuekpoint,Chairish ,Eddie V,0.0
6690.6,2026-10-06T07:03:11.620000+00:00,@Donnieboy24,he wrote this shit stoned,Eddie V,0.0
6691.7,2026-10-06T07:03:12.679000+00:00,@rocjames1,bet that shirt smells like weed bong water,Eddie V,0.0
6692.8,2026-10-06T07:03:13.818000+00:00,@henryOP8749,How dare you turn the greatest song gay you MF,Eddie V,0.0
6694.6,2026-10-06T07:03:15.574000+00:00,@S2P999,YOUR TIME IS UP GO AWAY,Eddie V,0.0
6696.7,2026-10-06T07:03:17.663000+00:00,@2s7a2m7,,Eddie V,0.0
6699.4,2026-10-06T07:03:20.423000+00:00,@SkunkFor20,Gae ,Eddie V,0.0
6708.5,2026-10-06T07:03:29.540000+00:00,@SkunkFor20,Ai ,Eddie V,0.0
6711.7,2026-10-06T07:03:32.679000+00:00,@Chuekpoint,Look it’s the chair!,Eddie V,0.0
6712.9,2026-10-06T07:03:33.885000+00:00,@ludwigd100,looking for dick,Eddie V,0.0
6714.8,2026-10-06T07:03:35.768000+00:00,@Donnieboy24,he rides the down Easter alexa,Eddie V,0.0
6714.9,2026-10-06T07:03:35.857000+00:00,@384un,Man brutal in here,Eddie V,0.0
6716.7,2026-10-06T07:03:37.734000+00:00,@2s7a2m7,  BOOOOO,Eddie V,0.0
6716.8,2026-10-06T07:03:37.840000+00:00,@henryOP8749,,Eddie V,0.0
6717.1,2026-10-06T07:03:38.086000+00:00,@S2P999,,Eddie V,0.0
6717.7,2026-10-06T07:03:38.681000+00:00,@SkunkFor20,Woooooow,Eddie V,0.0
6718.9,2026-10-06T07:03:39.905000+00:00,@Baconstrip69,chair,Eddie V,0.0
6720.6,2026-10-06T07:03:41.596000+00:00,@AdamAdam-vu3qt,"In 100 years, this moment will never be remembered. The moment a man tried to give a microphone a blow job.",Eddie V,0.0
6722.0,2026-10-06T07:03:42.990000+00:00,@SkunkFor20,Att that,Eddie V,0.0
6724.9,2026-10-06T07:03:45.866000+00:00,@JimboTheComic,I love Eddie ,Eddie V,1.0
6725.0,2026-10-06T07:03:45.963000+00:00,@henryOP8749,Yaaaay Chair  ,Eddie V,0.0
6725.2,2026-10-06T07:03:46.228000+00:00,@SkunkFor20,All that,Eddie V,0.0
6730.1,2026-10-06T07:03:51.054000+00:00,@TheLegendLeonS.Kennedy,Naw that was funny ,between_sets,1.0
6732.4,2026-10-06T07:03:53.388000+00:00,@SkunkFor20,I dont get,between_sets,0.0
6732.8,2026-10-06T07:03:53.791000+00:00,@S2P999,Bro why this guy get more time,between_sets,0.0
6734.4,2026-10-06T07:03:55.361000+00:00,@SkunkFor20,It,between_sets,0.0
6734.7,2026-10-06T07:03:55.731000+00:00,@patrickglaser1560,hes been thinking of black mics slapping him in the face,between_sets,0.0
6736.7,2026-10-06T07:03:57.662000+00:00,@jctoad,chair wins,between_sets,0.0
6736.8,2026-10-06T07:03:57.816000+00:00,@henryOP8749,You would Jimbo  ,between_sets,0.0
6738.1,2026-10-06T07:03:59.129000+00:00,@EdtheDreadTV,,between_sets,0.0
6738.9,2026-10-06T07:03:59.906000+00:00,@Baconstrip69,double man bun,between_sets,0.0
6740.2,2026-10-06T07:04:01.178000+00:00,@Chuekpoint,It looks comfy,between_sets,0.0
6740.3,2026-10-06T07:04:01.281000+00:00,@Capncrunch-1,is this AI???,between_sets,0.0
6743.6,2026-10-06T07:04:04.587000+00:00,@Hackofalltrades-mh5fq,,between_sets,0.0
6744.1,2026-10-06T07:04:05.064000+00:00,@JimboTheComic,NOBODY READY FOR UNCLE WAIKIKI ,between_sets,0.0
6747.4,2026-10-06T07:04:08.359000+00:00,@FutureMe-e3q,its the focused requirement of dedicated to Chino for part of thier standup - we arent part of thier circle. AND open mic hit/mess and the need to dedicate sets the tone bad. but no big deal have. fun,between_sets,-1.0
6747.5,2026-10-06T07:04:08.454000+00:00,@rocjames1,broke back volcano,between_sets,0.0
6750.3,2026-10-06T07:04:11.251000+00:00,@ludwigd100,put that D in your bun,between_sets,0.0
6757.1,2026-10-06T07:04:18.119000+00:00,@2s7a2m7,do we have to?,between_sets,0.0
6758.5,2026-10-06T07:04:19.459000+00:00,@henryOP8749,James  ,between_sets,0.0
6761.9,2026-10-06T07:04:22.864000+00:00,@SkunkFor20,Just put his phone on stage,between_sets,0.0
6763.1,2026-10-06T07:04:24.083000+00:00,@jacca1091,Saving the best for last ,between_sets,0.0
6763.3,2026-10-06T07:04:24.337000+00:00,@Chuekpoint,What if the chair wants to tell us something?,between_sets,0.0
6770.6,2026-10-06T07:04:31.601000+00:00,@SkunkFor20,Just put alexa on stage,between_sets,0.0
6777.2,2026-10-06T07:04:38.195000+00:00,@S2P999,Joe Dirt,between_sets,0.0
6778.1,2026-10-06T07:04:39.067000+00:00,@JimboTheComic,"Future me, how wholesome ",between_sets,0.0
6786.9,2026-10-06T07:04:47.897000+00:00,@Sereous313,this man needs his hard drive searched,between_sets,0.0
6787.4,2026-10-06T07:04:48.414000+00:00,@henryOP8749,JIMBO how long did it take you to drive to Hawaii?? Asking for a friend  ,between_sets,0.0
6790.0,2026-10-06T07:04:51.033000+00:00,@Capncrunch-1,where is this??,between_sets,0.0
6790.8,2026-10-06T07:04:51.838000+00:00,@2s7a2m7,haha gotten,between_sets,1.0
6794.2,2026-10-06T07:04:55.172000+00:00,@S2P999,David Spade - Joe dirt,between_sets,0.0
6794.8,2026-10-06T07:04:55.819000+00:00,@SkunkFor20,Right,between_sets,0.0
6797.4,2026-10-06T07:04:58.449000+00:00,@patrickglaser1560,We need another prop comic... lol,between_sets,1.0
6799.4,2026-10-06T07:05:00.425000+00:00,@EricNelson1236,you did catch his attention though,between_sets,0.0
6802.2,2026-10-06T07:05:03.175000+00:00,@JimboTheComic,ANYONE HAVE THE BEST CHINO ROAST?!,between_sets,0.0
6804.5,2026-10-06T07:05:05.522000+00:00,@384un,Have to be very brave,between_sets,0.0
6804.8,2026-10-06T07:05:05.822000+00:00,@SkunkFor20,#metoo,between_sets,0.0
6806.6,2026-10-06T07:05:07.604000+00:00,@Hackofalltrades-mh5fq,spared no expense for Chinos b-day,between_sets,0.0
6812.1,2026-10-06T07:05:13.133000+00:00,@Chuekpoint,"Southern American Eric Clapton, Eric Claxon",between_sets,0.0
6824.3,2026-10-06T07:05:25.296000+00:00,@2s7a2m7,oof,between_sets,0.0
6824.4,2026-10-06T07:05:25.414000+00:00,@ludwigd100,,between_sets,0.0
6830.5,2026-10-06T07:05:31.500000+00:00,@TheLegendLeonS.Kennedy,Great value David Spade,between_sets,0.0
6833.8,2026-10-06T07:05:34.770000+00:00,@FutureMe-e3q,"theyre closer then your average place, obviously ",between_sets,0.0
6834.8,2026-10-06T07:05:35.834000+00:00,@AdamAdam-vu3qt,911 is still too soon,between_sets,0.0
6838.1,2026-10-06T07:05:39.101000+00:00,@henryOP8749,Chino is so funny he makes babies cry,between_sets,1.0
6844.2,2026-10-06T07:05:45.194000+00:00,@S2P999,911 is old news,between_sets,0.0
6846.1,2026-10-06T07:05:47.144000+00:00,@rocjames1,this guy has been on Epstein island,between_sets,0.0
6846.2,2026-10-06T07:05:47.226000+00:00,@patrickglaser1560,hobadooo!!,between_sets,0.0
6856.6,2026-10-06T07:05:57.608000+00:00,@AdamAdam-vu3qt,"Too soon, bro, too soon",between_sets,0.0
6859.6,2026-10-06T07:06:00.587000+00:00,@Hackofalltrades-mh5fq,We got David spade at home,between_sets,0.0
6860.0,2026-10-06T07:06:01.006000+00:00,@patrickglaser1560,tower 7,between_sets,0.0
6860.6,2026-10-06T07:06:01.631000+00:00,@Baconstrip69,geardie keiffer?,between_sets,0.0
6865.1,2026-10-06T07:06:06.076000+00:00,@Chuekpoint,It’s the tower records ,between_sets,0.0
6877.7,2026-10-06T07:06:18.658000+00:00,@Sereous313,is that a womens t shirt dress?,between_sets,0.0
6879.2,2026-10-06T07:06:20.191000+00:00,@384un,Is too soon for people who family passed away from it,between_sets,0.0
6882.3,2026-10-06T07:06:23.314000+00:00,@Baconstrip69,andy dick actually got less funny?,between_sets,1.0
6882.4,2026-10-06T07:06:23.354000+00:00,@ludwigd100,I'm gonna smoke,between_sets,0.0
6889.6,2026-10-06T07:06:30.585000+00:00,@TheLegendLeonS.Kennedy,"You need weed, trust me ",between_sets,0.0
6892.1,2026-10-06T07:06:33.105000+00:00,@Chuekpoint,He’s like Peter Parker if he never got bitten by the spider,between_sets,0.0
6897.5,2026-10-06T07:06:38.453000+00:00,@Baconstrip69,sherlock knomes ,between_sets,0.0
6912.0,2026-10-06T07:06:52.960000+00:00,@Capncrunch-1,would somebody pass the pipe,between_sets,0.0
6912.1,2026-10-06T07:06:53.057000+00:00,@henryOP8749,This dudes names fuckleberey_hinn is hilarious tbh,between_sets,1.0
6918.9,2026-10-06T07:06:59.851000+00:00,@FutureMe-e3q,i just like all of it. like shit jokes dying and funny stuff giving them thier time vs vicious GTFO!,between_sets,1.0
6921.5,2026-10-06T07:07:02.496000+00:00,@patrickglaser1560,Sweeous its a unisex sun shirt for white people who cant tan,between_sets,0.0
6930.0,2026-10-06T07:07:11.004000+00:00,@Chuekpoint,Sherflock Homes,between_sets,0.0
6931.1,2026-10-06T07:07:12.144000+00:00,@Donnieboy24,detective print hat. nice,between_sets,0.0
6937.8,2026-10-06T07:07:18.819000+00:00,@2s7a2m7,bro's walking in place,between_sets,0.0
6944.3,2026-10-06T07:07:25.322000+00:00,@AdamAdam-vu3qt,Imagine writing jokes on a toilet only to get shittted on while on stage. It’s poetic. ,between_sets,0.0
6948.7,2026-10-06T07:07:29.658000+00:00,@alisonwayland6057,why do I suddenly want to cry and see a therapist,between_sets,0.0
6950.9,2026-10-06T07:07:31.924000+00:00,@Sereous313,bro thinks hes at the million man march,between_sets,0.0
6955.7,2026-10-06T07:07:36.744000+00:00,@patrickglaser1560,i got a 2nd almost 3rd degree burn down in maui,between_sets,0.0
6965.3,2026-10-06T07:07:46.331000+00:00,@OhSchrumpf,Poor David Spade ,between_sets,0.0
6967.3,2026-10-06T07:07:48.288000+00:00,@ludwigd100,lol,between_sets,1.0
6969.5,2026-10-06T07:07:50.518000+00:00,@2s7a2m7,boooo,between_sets,0.0
6972.9,2026-10-06T07:07:53.924000+00:00,@Capncrunch-1,this guy is the headliner,between_sets,0.0
6980.3,2026-10-06T07:08:01.314000+00:00,@S2P999,BOOOO,between_sets,0.0
6981.1,2026-10-06T07:08:02.131000+00:00,@Hackofalltrades-mh5fq,ouch,between_sets,0.0
6983.2,2026-10-06T07:08:04.176000+00:00,@Baconstrip69,the small alien on space jam ,between_sets,0.0
6986.3,2026-10-06T07:08:07.339000+00:00,@AdamAdam-vu3qt,David spade had sex with Dana Carrey,between_sets,0.0
6986.8,2026-10-06T07:08:07.803000+00:00,@FutureMe-e3q,they should have the chat on screen the comedian can read cause theres some funny ass shit they could use on the spot,between_sets,1.0
6990.8,2026-10-06T07:08:11.808000+00:00,@henryOP8749,Ali I got you just lay it all on me  ,between_sets,0.0
6991.9,2026-10-06T07:08:12.923000+00:00,@AdamAdam-vu3qt,Carvey ,between_sets,0.0
6992.5,2026-10-06T07:08:13.513000+00:00,@2s7a2m7,woof. ,between_sets,0.0
6995.8,2026-10-06T07:08:16.750000+00:00,@384un,Hmmm does look like Spade ,between_sets,0.0
6997.6,2026-10-06T07:08:18.597000+00:00,@TheLegendLeonS.Kennedy,HES CHOKINGGG!!!,between_sets,0.0
6998.4,2026-10-06T07:08:19.411000+00:00,@henryOP8749,And I won’t charge,between_sets,0.0
7000.7,2026-10-06T07:08:21.698000+00:00,@ludwigd100,Oh Autistic,between_sets,0.0
7008.9,2026-10-06T07:08:29.858000+00:00,@OhSchrumpf,Okay dingleberry ,between_sets,0.0
7009.9,2026-10-06T07:08:30.920000+00:00,@SadieGohl,they should at least have a laugh track to make things less .,between_sets,0.0
7016.3,2026-10-06T07:08:37.325000+00:00,@S2P999,it's okay to joke about 3000 people dying but autistic crosses the line....,between_sets,0.0
7017.9,2026-10-06T07:08:38.861000+00:00,@Chuekpoint,Joe list but this guy is not on the list,between_sets,0.0
7017.9,2026-10-06T07:08:38.892000+00:00,@Baconstrip69,daved spade with andy dicks sexuality ,between_sets,0.0
7022.1,2026-10-06T07:08:43.089000+00:00,@waynedamron8006,oooof this is rough,between_sets,0.0
7022.5,2026-10-06T07:08:43.540000+00:00,@Sereous313,glasses look like he Sees in IMAX,between_sets,0.0
7023.1,2026-10-06T07:08:44.149000+00:00,@2s7a2m7,... ,between_sets,0.0
7024.1,2026-10-06T07:08:45.087000+00:00,@EdtheDreadTV,yall def not funny enough to be on a screen in there,between_sets,-1.0
7024.8,2026-10-06T07:08:45.776000+00:00,@384un,Laugh track would help,between_sets,0.0
7025.7,2026-10-06T07:08:46.748000+00:00,@patrickglaser1560,henry you don't charge for milkshakes?,between_sets,0.0
7033.1,2026-10-06T07:08:54.131000+00:00,@ludwigd100,Loser Libra,between_sets,0.0
7034.3,2026-10-06T07:08:55.327000+00:00,@JimboTheComic,Hell yea Brady was hate as heart felt ,between_sets,0.0
7039.3,2026-10-06T07:09:00.296000+00:00,@839aty,youre gay dude. haha now laugh ,between_sets,1.0
7042.5,2026-10-06T07:09:03.488000+00:00,@EricNelson1236,this kid loves ass,between_sets,0.0
7044.4,2026-10-06T07:09:05.433000+00:00,@TheLegendLeonS.Kennedy,THIS NOT COMEDY THIS IS TRUE FEELINGS,between_sets,0.0
7045.8,2026-10-06T07:09:06.842000+00:00,@FutureMe-e3q,"fuckin peter parker never bitten by spider, dana carvey!",between_sets,0.0
7047.0,2026-10-06T07:09:08.023000+00:00,@OhSchrumpf,Okay Redban get him outtta her,between_sets,0.0
7048.8,2026-10-06T07:09:09.775000+00:00,@JimboTheComic,As in I wish my heart didn’t have to feel it ,between_sets,0.0
7049.3,2026-10-06T07:09:10.273000+00:00,@henryOP8749,Nope and I bring them all to the yard  ,between_sets,0.0
7051.0,2026-10-06T07:09:12.006000+00:00,@Hackofalltrades-mh5fq,,between_sets,0.0
7051.5,2026-10-06T07:09:12.521000+00:00,@born2bewild156,He kinda reminded me of the nerdy girl on scooby doo ,between_sets,0.0
7052.0,2026-10-06T07:09:12.971000+00:00,@OhSchrumpf,Booooo ,between_sets,0.0
7055.8,2026-10-06T07:09:16.848000+00:00,@SadieGohl,bad,between_sets,-1.0
7058.0,2026-10-06T07:09:18.992000+00:00,@384un,Still pretty scary to go up there,between_sets,0.0
7059.3,2026-10-06T07:09:20.271000+00:00,@Donnieboy24,joe list mentioned...tews!! lookin cute!,between_sets,0.0
7061.1,2026-10-06T07:09:22.050000+00:00,@FutureMe-e3q,peeps on here got good stuff,between_sets,0.0
7063.5,2026-10-06T07:09:24.536000+00:00,@2s7a2m7,his only funny part was making fun of the Moby Dick joke,between_sets,1.0
7063.5,2026-10-06T07:09:24.546000+00:00,@Chuekpoint,Chan,between_sets,0.0
7068.5,2026-10-06T07:09:29.497000+00:00,@patrickglaser1560,you're a real one=),between_sets,0.0
7071.0,2026-10-06T07:09:32.013000+00:00,@pijinFPS,chino wearing wizard pants,between_sets,0.0
7074.4,2026-10-06T07:09:35.407000+00:00,@OhSchrumpf,Wooooo Chino Grimice everyone,between_sets,0.0
7074.7,2026-10-06T07:09:35.699000+00:00,@EricNelson1236,looks like the vidya game picker,between_sets,0.0
7078.6,2026-10-06T07:09:39.560000+00:00,@Chuekpoint,Chan Chan Chan,between_sets,0.0
7080.3,2026-10-06T07:09:41.336000+00:00,@alisonwayland6057,"little spoon, big spoon",between_sets,0.0
7082.1,2026-10-06T07:09:43.056000+00:00,@AdamAdam-vu3qt,I need to get that shirt,between_sets,0.0
7082.4,2026-10-06T07:09:43.380000+00:00,@ludwigd100,,between_sets,0.0
7088.9,2026-10-06T07:09:49.902000+00:00,@rocjames1,cock fighters,between_sets,0.0
7089.4,2026-10-06T07:09:50.370000+00:00,@danielbell4045,no one can stand still. apparently meth is a big deal around the comedy seen in HI,between_sets,0.0
7089.9,2026-10-06T07:09:50.877000+00:00,@henryOP8749,Chino like nope I ain’t sharing my partner with yo ass,between_sets,0.0
7093.3,2026-10-06T07:09:54.277000+00:00,@Baconstrip69,maybe a joke?,between_sets,0.0
7095.8,2026-10-06T07:09:56.840000+00:00,@rickshaw3397,Buckle up everyone,between_sets,0.0
7101.1,2026-10-06T07:10:02.149000+00:00,@ludwigd100,,between_sets,0.0
7101.9,2026-10-06T07:10:02.872000+00:00,@S2P999,I really hope these comedy shows are free to get in,between_sets,0.0
7102.6,2026-10-06T07:10:03.628000+00:00,@patrickglaser1560,never say never,between_sets,0.0
7107.7,2026-10-06T07:10:08.718000+00:00,@OhSchrumpf,Purple tele a tubee spoting,between_sets,0.0
7110.2,2026-10-06T07:10:11.175000+00:00,@2s7a2m7,this is proof that simulators don't represent the real thing,between_sets,0.0
7115.8,2026-10-06T07:10:16.821000+00:00,@Donnieboy24,chino wearing his hawai joker outfit,between_sets,0.0
7117.5,2026-10-06T07:10:18.544000+00:00,@Sereous313,What an OUTFIT!,between_sets,0.0
7118.5,2026-10-06T07:10:19.498000+00:00,@Chuekpoint,Oh my,between_sets,0.0
7118.7,2026-10-06T07:10:19.745000+00:00,@Hackofalltrades-mh5fq,wtf,between_sets,0.0
7118.8,2026-10-06T07:10:19.843000+00:00,@S2P999,Ethan Hawke,between_sets,0.0
7120.5,2026-10-06T07:10:21.500000+00:00,@FutureMe-e3q,buckle up yes ,between_sets,1.0
7128.4,2026-10-06T07:10:29.438000+00:00,@danielbell4045,another meth head,between_sets,0.0
7129.8,2026-10-06T07:10:30.753000+00:00,@rickshaw3397,"Guys, i ",between_sets,0.0
7130.7,2026-10-06T07:10:31.724000+00:00,@EricNelson1236,strong start strong start,between_sets,0.0
7135.6,2026-10-06T07:10:36.579000+00:00,@EdtheDreadTV,,between_sets,0.0
7137.2,2026-10-06T07:10:38.152000+00:00,@FutureMe-e3q,junkie ethan hawke,between_sets,0.0
7138.2,2026-10-06T07:10:39.192000+00:00,@rocjames1,great color coordination,between_sets,0.0
7141.7,2026-10-06T07:10:42.745000+00:00,@OhSchrumpf,Is it just the kitchen staff there ?,between_sets,0.0
7146.4,2026-10-06T07:10:47.432000+00:00,@EdtheDreadTV,,between_sets,0.0
7146.5,2026-10-06T07:10:47.519000+00:00,@AdamAdam-vu3qt,It’s like one of these comedians came from the same halfway house,between_sets,0.0
7149.6,2026-10-06T07:10:50.597000+00:00,@BootyJohnson1,Wonder if he's ever done drugs ?,between_sets,0.0
7154.0,2026-10-06T07:10:54.953000+00:00,@rickshaw3397,I think maybe living on an island does something to your brain,between_sets,0.0
7155.7,2026-10-06T07:10:56.665000+00:00,@EdtheDreadTV,yoooo,between_sets,0.0
7158.7,2026-10-06T07:10:59.735000+00:00,@JimboTheComic,Hell yea first timer ,between_sets,0.0
7159.1,2026-10-06T07:11:00.068000+00:00,@S2P999,this guy is decent,between_sets,0.0
7163.2,2026-10-06T07:11:04.186000+00:00,@Hackofalltrades-mh5fq,D???,between_sets,0.0
7163.5,2026-10-06T07:11:04.502000+00:00,@Chuekpoint,This guy sells good coke,between_sets,0.0
7163.9,2026-10-06T07:11:04.917000+00:00,@EdtheDreadTV,homies on fire,between_sets,1.0
7165.4,2026-10-06T07:11:06.377000+00:00,@patrickglaser1560,chichi in Hawaiian is boobs... so it fits chi... no,between_sets,0.0
7165.8,2026-10-06T07:11:06.813000+00:00,@Baconstrip69,micheal gay fox ,between_sets,0.0
7166.3,2026-10-06T07:11:07.266000+00:00,@FutureMe-e3q,"strong start, kitchen staff! bahaha",between_sets,0.0
7168.6,2026-10-06T07:11:09.589000+00:00,@2s7a2m7,lmao,between_sets,1.0
7169.0,2026-10-06T07:11:09.972000+00:00,@ludwigd100,wait is that my dealer???,between_sets,0.0
7174.4,2026-10-06T07:11:15.442000+00:00,@S2P999,that was it wtf ,between_sets,0.0
7177.2,2026-10-06T07:11:18.166000+00:00,@2s7a2m7,"don't step on my toe, foo",between_sets,0.0
7180.7,2026-10-06T07:11:21.702000+00:00,@alisonwayland6057,lightning quick,between_sets,0.0
7183.6,2026-10-06T07:11:24.602000+00:00,@EdtheDreadTV,best 45 secs,between_sets,0.0
7183.6,2026-10-06T07:11:24.641000+00:00,@OhSchrumpf,Did maui replace floride in the water with meth these ladies stink chat,between_sets,0.0
7185.1,2026-10-06T07:11:26.056000+00:00,@EricNelson1236,lol you shall pass,between_sets,1.0
7188.2,2026-10-06T07:11:29.222000+00:00,@OhSchrumpf,Go away ,between_sets,0.0
7190.4,2026-10-06T07:11:31.378000+00:00,@henryOP8749,A little D  ,between_sets,0.0
7191.7,2026-10-06T07:11:32.668000+00:00,@patrickglaser1560,i think that's the best roast of the night... chiiii-no,between_sets,0.0
7192.3,2026-10-06T07:11:33.317000+00:00,@BootyJohnson1,Thats the guy that asked me fir,between_sets,0.0
7197.6,2026-10-06T07:11:38.617000+00:00,@JimboTheComic,Uncle Waikiki. Fuckkkkk it’s time ,between_sets,0.0
7197.7,2026-10-06T07:11:38.723000+00:00,@Hackofalltrades-mh5fq,D loves his name,between_sets,0.0
7198.1,2026-10-06T07:11:39.129000+00:00,@rocjames1,I bet his shirt smells like weed bong water,between_sets,0.0
7199.9,2026-10-06T07:11:40.928000+00:00,@384un,Better to be quick ,between_sets,0.0
7201.7,2026-10-06T07:11:42.684000+00:00,@GhastlyTV19,Hiiii :D,between_sets,0.0
7206.6,2026-10-06T07:11:47.632000+00:00,@GhastlyTV19,MUAHAHAHAHAHHAHAHAHAA-,between_sets,0.0
7211.5,2026-10-06T07:11:52.505000+00:00,@ludwigd100,the sweet D,between_sets,0.0
7216.6,2026-10-06T07:11:57.643000+00:00,@S2P999,lemme stick a finger in your butt,between_sets,0.0
7223.3,2026-10-06T07:12:04.304000+00:00,@BootyJohnson1,that's the guy that asked me for $2 and a cigarette at the gas station,between_sets,0.0
7225.6,2026-10-06T07:12:06.636000+00:00,@patrickglaser1560,Stank finger,between_sets,0.0
7229.6,2026-10-06T07:12:10.558000+00:00,@JimboTheComic,Here we go chat ,between_sets,0.0
7231.6,2026-10-06T07:12:12.581000+00:00,@GhastlyTV19,LOL-,between_sets,1.0
7233.9,2026-10-06T07:12:14.914000+00:00,@JimboTheComic,It’s tiiime ,between_sets,0.0
7239.6,2026-10-06T07:12:20.554000+00:00,@JimboTheComic,FOR THE MAIN EVENT ,between_sets,0.0
7243.3,2026-10-06T07:12:24.315000+00:00,@GhastlyTV19,YES ITS TIMEE,between_sets,1.0
7249.1,2026-10-06T07:12:30.119000+00:00,@henryOP8749,When you got a little D you don’t have a choice but to be quick  ,between_sets,0.0
7252.1,2026-10-06T07:12:33.085000+00:00,@384un,Better to be quick unless you release a good joke immediately ,between_sets,0.0
7257.1,2026-10-06T07:12:38.090000+00:00,@GhastlyTV19,Wait what are we waiting for I’m new here-,between_sets,0.0
7266.7,2026-10-06T07:12:47.671000+00:00,@S2P999,waiting for laughs,between_sets,0.0
7275.7,2026-10-06T07:12:56.711000+00:00,@OhSchrumpf,Thanks alot chino grimice,between_sets,0.0
7276.6,2026-10-06T07:12:57.631000+00:00,@GhastlyTV19,Ohhh kk thx,between_sets,0.0
7282.6,2026-10-06T07:13:03.632000+00:00,@GhastlyTV19,WOOHOOOOOOO,between_sets,0.0
7284.7,2026-10-06T07:13:05.694000+00:00,@JimboTheComic,let’s goooo uncle ,between_sets,0.0
7285.1,2026-10-06T07:13:06.141000+00:00,@patrickglaser1560,in the black trunks its Uncld Waikiki,between_sets,0.0
7290.5,2026-10-06T07:13:11.539000+00:00,@DanceySteveYNWA,Unc Alert,between_sets,0.0
7294.3,2026-10-06T07:13:15.257000+00:00,@henryOP8749,Waikiki forgot where the stage was  ,between_sets,0.0
7295.6,2026-10-06T07:13:16.590000+00:00,@S2P999,Tell me Uncle,between_sets,0.0
7296.2,2026-10-06T07:13:17.204000+00:00,@OhSchrumpf,Uncle lazers uncle,between_sets,0.0
7300.8,2026-10-06T07:13:21.751000+00:00,@Sereous313,He just got done washing windows at the intersection.,between_sets,0.0
7303.0,2026-10-06T07:13:23.971000+00:00,@TheLegendLeonS.Kennedy,UCE!,between_sets,0.0
7309.4,2026-10-06T07:13:30.411000+00:00,@Baconstrip69,THIS IS WHAT WE AITED FOR!!!!!,between_sets,0.0
7309.6,2026-10-06T07:13:30.624000+00:00,@S2P999,Don't touch me there unc,between_sets,0.0
7312.7,2026-10-06T07:13:33.676000+00:00,@2s7a2m7,ayo,between_sets,0.0
7315.3,2026-10-06T07:13:36.349000+00:00,@TheLegendLeonS.Kennedy,YEET!,between_sets,0.0
7316.6,2026-10-06T07:13:37.579000+00:00,@JimboTheComic,OMG SCHRUMPH comment of the night ,between_sets,0.0
7316.8,2026-10-06T07:13:37.810000+00:00,@Baconstrip69,fuck yeah!!!,between_sets,0.0
7320.3,2026-10-06T07:13:41.263000+00:00,@rickshaw3397,Hahahaha wtf?!?!,between_sets,1.0
7320.8,2026-10-06T07:13:41.847000+00:00,@DanceySteveYNWA,Bro,between_sets,0.0
7321.9,2026-10-06T07:13:42.938000+00:00,@AdamAdam-vu3qt,Is this the boogie man from WWE? ,between_sets,0.0
7323.0,2026-10-06T07:13:44.013000+00:00,@Chuekpoint,Crocodile dandy,between_sets,0.0
7323.6,2026-10-06T07:13:44.611000+00:00,@OhSchrumpf,Moanas crash out uncle cheif crashout ,between_sets,0.0
7328.1,2026-10-06T07:13:49.127000+00:00,@patrickglaser1560,prolapsed moon ass,between_sets,0.0
7328.7,2026-10-06T07:13:49.688000+00:00,@Baconstrip69,dosent get better than this ,between_sets,0.0
7330.3,2026-10-06T07:13:51.318000+00:00,@2s7a2m7,unc's energy is the best,between_sets,0.0
7331.0,2026-10-06T07:13:52.041000+00:00,@TheLegendLeonS.Kennedy,YEET,between_sets,0.0
7336.1,2026-10-06T07:13:57.134000+00:00,@OhSchrumpf,Chinos Dad,between_sets,0.0
7338.4,2026-10-06T07:13:59.427000+00:00,@ludwigd100,it doesn't get better than this,between_sets,0.0
7342.4,2026-10-06T07:14:03.424000+00:00,@384un,Ended with the best,between_sets,0.0
7343.4,2026-10-06T07:14:04.363000+00:00,@S2P999,Rick flare WOOOOOOOO,between_sets,0.0
7347.7,2026-10-06T07:14:08.740000+00:00,@henryOP8749,I thought you said this guy was funny,between_sets,1.0
7350.1,2026-10-06T07:14:11.145000+00:00,@rocjames1,blow the candles already,between_sets,0.0
7350.8,2026-10-06T07:14:11.792000+00:00,@Baconstrip69,wooooo,between_sets,0.0
7352.3,2026-10-06T07:14:13.318000+00:00,@FutureMe-e3q,i mean like white reggae is the shit,between_sets,0.0
7353.6,2026-10-06T07:14:14.646000+00:00,@JimboTheComic,THIS IS PEAK ,between_sets,0.0
7360.6,2026-10-06T07:14:21.649000+00:00,@BootyJohnson1,No crack was harmed in filming this,between_sets,0.0
7360.9,2026-10-06T07:14:21.942000+00:00,@Baconstrip69,please dont,between_sets,0.0
7363.1,2026-10-06T07:14:24.050000+00:00,@Chuekpoint,Happy birthday TuChino,between_sets,0.0
7365.0,2026-10-06T07:14:25.991000+00:00,@384un,Best of the night,between_sets,0.0
7368.7,2026-10-06T07:14:29.655000+00:00,@ludwigd100,1 for energy ,between_sets,0.0
7371.7,2026-10-06T07:14:32.677000+00:00,@AdamAdam-vu3qt,Imagine having to share an ice cream with this guy,between_sets,0.0
7371.7,2026-10-06T07:14:32.714000+00:00,@OhSchrumpf,Okay purple short bus ,between_sets,0.0
7373.9,2026-10-06T07:14:34.867000+00:00,@patrickglaser1560,that's new Zealand,between_sets,0.0
7374.9,2026-10-06T07:14:35.950000+00:00,@DanceySteveYNWA,more teeth around his neck than his mouth,between_sets,0.0
7379.3,2026-10-06T07:14:40.259000+00:00,@TheLegendLeonS.Kennedy,Acknowledge him!!!!,between_sets,0.0
7382.4,2026-10-06T07:14:43.432000+00:00,@Chuekpoint,Comedian of the night ,between_sets,0.0
7385.6,2026-10-06T07:14:46.620000+00:00,@OhSchrumpf,Meth sales are up I see,between_sets,0.0
7386.4,2026-10-06T07:14:47.411000+00:00,@alisonwayland6057,Hippo Birdi 2 Ewe,between_sets,0.0
7388.8,2026-10-06T07:14:49.804000+00:00,@pijinFPS,Joe Biden debate,between_sets,0.0
7392.2,2026-10-06T07:14:53.233000+00:00,@Baconstrip69,chair,between_sets,0.0
7392.3,2026-10-06T07:14:53.265000+00:00,@henryOP8749,Dance no way  ,between_sets,0.0
7393.3,2026-10-06T07:14:54.251000+00:00,@384un,Audience is participating at least ,between_sets,0.0
7396.3,2026-10-06T07:14:57.349000+00:00,@jacca1091,they should of left him where they found him ,between_sets,0.0
7399.0,2026-10-06T07:14:59.961000+00:00,@JimboTheComic,Unkooooo,between_sets,0.0
7400.4,2026-10-06T07:15:01.351000+00:00,@OhSchrumpf,Ahhh skeet skeet ,between_sets,0.0
7412.8,2026-10-06T07:15:13.822000+00:00,@Baconstrip69,target aquired we found the dealer ,between_sets,0.0
7414.7,2026-10-06T07:15:15.710000+00:00,@OhSchrumpf,Okay cook back to the kitchen,between_sets,0.0
7415.6,2026-10-06T07:15:16.619000+00:00,@S2P999,I really hope these shows are free,between_sets,0.0
7415.6,2026-10-06T07:15:16.645000+00:00,@AdamAdam-vu3qt,Encino man part 2: the search for teeth. ,between_sets,0.0
7416.9,2026-10-06T07:15:17.941000+00:00,@henryOP8749,Little John drunk unc here,between_sets,0.0
7417.8,2026-10-06T07:15:18.816000+00:00,@BootyJohnson1,Whats in the bag Chico?,between_sets,0.0
7421.6,2026-10-06T07:15:22.629000+00:00,@pijinFPS,my tinder profile,between_sets,0.0
7425.1,2026-10-06T07:15:26.074000+00:00,@patrickglaser1560,He gonna smell that finger later,between_sets,0.0
7426.9,2026-10-06T07:15:27.891000+00:00,@TheLegendLeonS.Kennedy,ACKNOWLEDGE HIM! ,between_sets,0.0
7427.3,2026-10-06T07:15:28.337000+00:00,@Baconstrip69,chair,between_sets,0.0
7428.2,2026-10-06T07:15:29.207000+00:00,@ludwigd100,still the better of them,between_sets,0.0
7430.8,2026-10-06T07:15:31.825000+00:00,@rocjames1,that's chino uncle that very graphic,between_sets,0.0
7431.4,2026-10-06T07:15:32.413000+00:00,@rickshaw3397,Give this man an hour special,between_sets,0.0
7433.6,2026-10-06T07:15:34.641000+00:00,@2s7a2m7,@adam I think he's wearing them,between_sets,0.0
7440.3,2026-10-06T07:15:41.251000+00:00,@EricNelson1236,shakazulu,between_sets,0.0
7440.5,2026-10-06T07:15:41.464000+00:00,@Chuekpoint,Sneaky Shaka,between_sets,0.0
7445.9,2026-10-06T07:15:46.887000+00:00,@2s7a2m7,lmao,between_sets,1.0
7448.6,2026-10-06T07:15:49.578000+00:00,@Hackofalltrades-mh5fq,huh????,between_sets,0.0
7449.3,2026-10-06T07:15:50.326000+00:00,@DanceySteveYNWA,Gay,between_sets,0.0
7453.2,2026-10-06T07:15:54.153000+00:00,@henryOP8749,He repeating jokes now yeah so funny  ,between_sets,1.0
7454.8,2026-10-06T07:15:55.826000+00:00,@TheLegendLeonS.Kennedy,He got the hall of fame ula fala ,between_sets,0.0
7457.2,2026-10-06T07:15:58.216000+00:00,@384un,Not a sign of meth - more a sign of no medical/dental insurance ,between_sets,0.0
7457.9,2026-10-06T07:15:58.858000+00:00,@ludwigd100,,between_sets,0.0
7460.2,2026-10-06T07:16:01.152000+00:00,@Hackofalltrades-mh5fq,He did what???,between_sets,0.0
7465.6,2026-10-06T07:16:06.602000+00:00,@cheemingwong1539,INDIA PEOPLE,between_sets,0.0
7467.0,2026-10-06T07:16:07.958000+00:00,@henryOP8749,Drunk uncle ,between_sets,0.0
7469.7,2026-10-06T07:16:10.683000+00:00,@839aty,why is he roasting people like a 15 year old on fortnite,between_sets,0.0
7470.2,2026-10-06T07:16:11.209000+00:00,@TheLegendLeonS.Kennedy,YEET!,between_sets,0.0
7470.3,2026-10-06T07:16:11.345000+00:00,@EdtheDreadTV,wtd,between_sets,0.0
7471.1,2026-10-06T07:16:12.055000+00:00,@FutureMe-e3q,"iration, collie budz, sublime, rebeloutiom I MEAN THE GOAT. S T I C K FIGURE",between_sets,1.0
7471.2,2026-10-06T07:16:12.238000+00:00,@patrickglaser1560,His brain is sun fried,between_sets,0.0
7472.5,2026-10-06T07:16:13.489000+00:00,@2s7a2m7,druncle,between_sets,0.0
7472.5,2026-10-06T07:16:13.547000+00:00,@rocjames1,he know too much. inside gay,between_sets,0.0
7473.7,2026-10-06T07:16:14.689000+00:00,@Capncrunch-1,I leave for a minute and the only funny guy gets on stage,between_sets,1.0
7473.8,2026-10-06T07:16:14.828000+00:00,@JimboTheComic,The zoom in is diabolical ,between_sets,0.0
7476.6,2026-10-06T07:16:17.630000+00:00,@S2P999,so he's got a big cock ?,between_sets,0.0
7478.2,2026-10-06T07:16:19.193000+00:00,@pijinFPS,klang klang,between_sets,0.0
7482.3,2026-10-06T07:16:23.262000+00:00,@AdamAdam-vu3qt,I had to fight this guy off my windshield yesterday off the freeway. He wouldn’t stop washing my windshield.,between_sets,0.0
7483.9,2026-10-06T07:16:24.929000+00:00,@Chuekpoint,Bria gaymer,between_sets,0.0
7484.8,2026-10-06T07:16:25.782000+00:00,@TheLegendLeonS.Kennedy,YEET!,between_sets,0.0
7494.6,2026-10-06T07:16:35.649000+00:00,@839aty,I get its a roast battle but this is literally how 15 year olds would roast people 5 years ago. this shits ass,between_sets,0.0
7495.8,2026-10-06T07:16:36.819000+00:00,@Baconstrip69,you know that croc that got your teeth? well i got got his head ,between_sets,0.0
7499.8,2026-10-06T07:16:40.795000+00:00,@384un,Best of the night,between_sets,0.0
7500.4,2026-10-06T07:16:41.388000+00:00,@ludwigd100,still got more spunk,between_sets,0.0
7502.2,2026-10-06T07:16:43.242000+00:00,@Chuekpoint,He’s a gaymer,between_sets,0.0
7508.0,2026-10-06T07:16:48.992000+00:00,@Sereous313,AYE!,between_sets,0.0
7508.9,2026-10-06T07:16:49.853000+00:00,@DanceySteveYNWA,Rizz Master General,between_sets,0.0
7510.0,2026-10-06T07:16:51.031000+00:00,@patrickglaser1560,whoa run ladies get an angel shot,between_sets,0.0
7511.4,2026-10-06T07:16:52.362000+00:00,@Donnieboy24,hay is for horses Mr wakiki,between_sets,0.0
7512.5,2026-10-06T07:16:53.476000+00:00,@TheLegendLeonS.Kennedy,THIS IS A WARNING SHOT!,between_sets,0.0
7516.7,2026-10-06T07:16:57.667000+00:00,@S2P999,what that tongue do unc,between_sets,0.0
7518.4,2026-10-06T07:16:59.431000+00:00,@AdamAdam-vu3qt,It’s like some character that would’ve been on Howard Stern the 90s,between_sets,0.0
7518.8,2026-10-06T07:16:59.767000+00:00,@rocjames1,that inside chino joke,between_sets,0.0
7520.2,2026-10-06T07:17:01.172000+00:00,@JimboTheComic,,between_sets,0.0
7525.1,2026-10-06T07:17:06.101000+00:00,@alisonwayland6057,whe hi gives directions to tourist it comes with a hours worth of folk lore,between_sets,0.0
7526.4,2026-10-06T07:17:07.436000+00:00,@Slice2112,“Hey I love you” FUCKING ROASTED!,between_sets,1.0
7529.6,2026-10-06T07:17:10.621000+00:00,@JimboTheComic,ARE YOU NOT ENTERTAINED?!?,between_sets,0.0
7537.0,2026-10-06T07:17:17.997000+00:00,@384un,He’s getting laughs ,between_sets,0.0
7539.1,2026-10-06T07:17:20.128000+00:00,@henryOP8749,wtf are we watching I feel bad for this dude,between_sets,-1.0
7539.7,2026-10-06T07:17:20.700000+00:00,@TheLegendLeonS.Kennedy,WHERES JEY USO?,between_sets,0.0
7542.4,2026-10-06T07:17:23.446000+00:00,@Chuekpoint,Ey ey ey,between_sets,0.0
7542.9,2026-10-06T07:17:23.885000+00:00,@S2P999,I'm entertained,between_sets,0.0
7546.6,2026-10-06T07:17:27.603000+00:00,@ludwigd100,man purse winning,between_sets,0.0
7548.0,2026-10-06T07:17:28.978000+00:00,@pijinFPS,m i c k e y m i c k e y ,between_sets,0.0
7550.8,2026-10-06T07:17:31.762000+00:00,@Chuekpoint,Ahhahahahha,between_sets,0.0
7551.0,2026-10-06T07:17:31.961000+00:00,@384un,Give him his flowers,between_sets,0.0
7551.4,2026-10-06T07:17:32.362000+00:00,@BootyJohnson1,He won't go to sleep until next Saturday,between_sets,0.0
7551.8,2026-10-06T07:17:32.793000+00:00,@2s7a2m7,PSA 10,between_sets,0.0
7556.5,2026-10-06T07:17:37.458000+00:00,@OhSchrumpf,Max holloway if he doesnt retire ,between_sets,0.0
7557.2,2026-10-06T07:17:38.175000+00:00,@Baconstrip69,fell off a boat ,between_sets,0.0
7557.2,2026-10-06T07:17:38.223000+00:00,@rocjames1,bet they have the same blood line,between_sets,0.0
7557.9,2026-10-06T07:17:38.895000+00:00,@S2P999,he stole that from a blind kid,between_sets,0.0
7562.0,2026-10-06T07:17:43.028000+00:00,@AdamAdam-vu3qt,At least this man works for his crack,between_sets,0.0
7567.6,2026-10-06T07:17:48.574000+00:00,@EdtheDreadTV,,between_sets,0.0
7567.7,2026-10-06T07:17:48.666000+00:00,@TheLegendLeonS.Kennedy,YEET!,between_sets,0.0
7568.6,2026-10-06T07:17:49.607000+00:00,@Donnieboy24,his tourettes tick is HEY,between_sets,0.0
7570.0,2026-10-06T07:17:50.988000+00:00,@JimboTheComic,PSA 10 HAHAHAHAH,between_sets,1.0
7572.3,2026-10-06T07:17:53.259000+00:00,@alisonwayland6057,breking th 4th wall,between_sets,0.0
7574.6,2026-10-06T07:17:55.557000+00:00,@JimboTheComic,I’m dead af ,between_sets,0.0
7574.8,2026-10-06T07:17:55.804000+00:00,@DanceySteveYNWA,Baby Yoda's dad,between_sets,0.0
7576.0,2026-10-06T07:17:57+00:00,@patrickglaser1560,that nerd who yelled still in the pack i hope wasn't a plant,between_sets,0.0
7585.4,2026-10-06T07:18:06.376000+00:00,@Capncrunch-1,my hero ,between_sets,0.0
7588.9,2026-10-06T07:18:09.908000+00:00,@alisonwayland6057,hey hey hey hey,between_sets,0.0
7590.1,2026-10-06T07:18:11.144000+00:00,@DannyCEE13,someone said beat it,between_sets,0.0
7593.7,2026-10-06T07:18:14.708000+00:00,@384un,Does not look like he does crack,between_sets,0.0
7594.0,2026-10-06T07:18:15.017000+00:00,@JimboTheComic,Yo fucking dead PSA 10 ,between_sets,0.0
7594.7,2026-10-06T07:18:15.700000+00:00,@rocjames1,only chino know what to do with that,between_sets,0.0
7595.7,2026-10-06T07:18:16.719000+00:00,@OhSchrumpf,Shaka chan shaka chan,between_sets,0.0
7597.0,2026-10-06T07:18:18.018000+00:00,@pijinFPS,when i ask my little bro about pokemon,between_sets,0.0
7597.3,2026-10-06T07:18:18.313000+00:00,@Slice2112,"Damn, crowd looking like a scorch’s pfgtv filming! ",between_sets,0.0
7599.2,2026-10-06T07:18:20.162000+00:00,@FutureMe-e3q,total stern 90’s character,between_sets,0.0
7600.7,2026-10-06T07:18:21.706000+00:00,@EdtheDreadTV,my man said takamiya market,between_sets,0.0
7602.6,2026-10-06T07:18:23.566000+00:00,@henryOP8749,This dude needs a public service announcement every time he strolls up,between_sets,0.0
7603.9,2026-10-06T07:18:24.903000+00:00,@HanaArtsMaui,Crowd participation points,between_sets,0.0
7606.1,2026-10-06T07:18:27.096000+00:00,@TheLegendLeonS.Kennedy,YEET! ,between_sets,0.0
7606.7,2026-10-06T07:18:27.659000+00:00,@Donnieboy24,this reminds me of my ex gf she was Hawaiian and has herpes,between_sets,0.0
7612.3,2026-10-06T07:18:33.302000+00:00,@ludwigd100,Pedro for the win,between_sets,0.0
7615.2,2026-10-06T07:18:36.247000+00:00,@Baconstrip69,his ancessors didnt fall off the world??,between_sets,0.0
7615.7,2026-10-06T07:18:36.703000+00:00,@Chuekpoint,Fuck yeah ,between_sets,0.0
7616.3,2026-10-06T07:18:37.254000+00:00,@AdamAdam-vu3qt,I think he just cast a spell on all of us. How rude.,between_sets,0.0
7619.7,2026-10-06T07:18:40.687000+00:00,@BootyJohnson1,im doing this right now,between_sets,0.0
7621.5,2026-10-06T07:18:42.459000+00:00,@FutureMe-e3q,IM THE CRACK MAN!,between_sets,0.0
7625.0,2026-10-06T07:18:45.988000+00:00,@DanceySteveYNWA,New Zealand just disowned you,between_sets,0.0
7626.1,2026-10-06T07:18:47.129000+00:00,@OhSchrumpf,So do you guys use meth in your ice is that the deal ? ,between_sets,0.0
7627.5,2026-10-06T07:18:48.519000+00:00,@839aty,yeah im Hawiian. now watch me do this traditional dance ,between_sets,0.0
7628.6,2026-10-06T07:18:49.568000+00:00,@rocjames1,that why hes the last comedian,between_sets,0.0
7630.2,2026-10-06T07:18:51.210000+00:00,@Baconstrip69,he is the dealer ,between_sets,0.0
7632.5,2026-10-06T07:18:53.537000+00:00,@EricNelson1236,tiki man activated,between_sets,0.0
7633.0,2026-10-06T07:18:53.975000+00:00,@pijinFPS,blue man group,between_sets,0.0
7636.2,2026-10-06T07:18:57.178000+00:00,@JimboTheComic,That was great ,between_sets,0.0
7637.4,2026-10-06T07:18:58.404000+00:00,@HanaArtsMaui,Ehh yoo titimah fakah RAJHHH,between_sets,0.0
7641.2,2026-10-06T07:19:02.232000+00:00,@TheLegendLeonS.Kennedy,ITS JUST ME UCE DAY ONE ISH! ,between_sets,0.0
7646.1,2026-10-06T07:19:07.142000+00:00,@Chuekpoint,Woooo,between_sets,0.0
7647.5,2026-10-06T07:19:08.548000+00:00,@AdamAdam-vu3qt,This man keeps all of South America in business,between_sets,0.0
7651.4,2026-10-06T07:19:12.427000+00:00,@OhSchrumpf,Wish Dawg the boutny hunter would unretire ?,between_sets,0.0
7652.8,2026-10-06T07:19:13.764000+00:00,@S2P999,GET THAT MAN A BEER!,between_sets,0.0
7652.9,2026-10-06T07:19:13.914000+00:00,@384un,Niceeeee,between_sets,0.0
7654.1,2026-10-06T07:19:15.059000+00:00,@henryOP8749,This is why they tell you don’t do drugs we should just put this in classes nation wide,between_sets,0.0
7655.8,2026-10-06T07:19:16.820000+00:00,@Baconstrip69,five comedians brought up the crack problem ,between_sets,0.0
7658.3,2026-10-06T07:19:19.257000+00:00,@BootyJohnson1,Try not to run him over on way home,between_sets,0.0
7658.8,2026-10-06T07:19:19.763000+00:00,@alisonwayland6057,"put your right foot in, put your right foot out, put your right foot in and shake it all about",between_sets,0.0
7664.5,2026-10-06T07:19:25.459000+00:00,@Chuekpoint,A blind child!,between_sets,0.0
7665.0,2026-10-06T07:19:25.998000+00:00,@DanceySteveYNWA,All blacks? Meet all Crack,between_sets,0.0
7665.5,2026-10-06T07:19:26.540000+00:00,@ludwigd100,,between_sets,0.0
7666.2,2026-10-06T07:19:27.174000+00:00,@EricNelson1236,rip kid,between_sets,0.0
7670.5,2026-10-06T07:19:31.522000+00:00,@rocjames1,The THE YMCA HAWAIIAN STYLE.,between_sets,0.0
7677.2,2026-10-06T07:19:38.157000+00:00,@S2P999,YARP,between_sets,0.0
7677.2,2026-10-06T07:19:38.239000+00:00,@2s7a2m7,"Oh, Naur",between_sets,0.0
7680.2,2026-10-06T07:19:41.167000+00:00,@HanaArtsMaui,Or maybe that’s why you should do drugs?,between_sets,0.0
7680.6,2026-10-06T07:19:41.554000+00:00,@JimHawk-d3k,said hi,between_sets,0.0
7683.5,2026-10-06T07:19:44.489000+00:00,@Chuekpoint,Gnar,between_sets,0.0
7684.8,2026-10-06T07:19:45.753000+00:00,@FutureMe-e3q,its reallybcrack? i was justnkidding,between_sets,0.0
7686.0,2026-10-06T07:19:46.979000+00:00,@JimboTheComic,NAURRRRR,between_sets,0.0
7688.3,2026-10-06T07:19:49.257000+00:00,@AdamAdam-vu3qt,I came here for comedy and I’m left. Leaving a little confused. Was this a charity drive for crack epidemic??,between_sets,0.0
7689.5,2026-10-06T07:19:50.462000+00:00,@garretttabor7283,Uncle Waikiki just spanked this man on his way up ,between_sets,0.0
7692.1,2026-10-06T07:19:53.121000+00:00,@S2P999,What's up Kid Rock,between_sets,0.0
7693.3,2026-10-06T07:19:54.266000+00:00,@Slice2112,Oh fuck yeah bud ,between_sets,0.0
7694.1,2026-10-06T07:19:55.059000+00:00,@Donnieboy24,gnar?,between_sets,0.0
7694.4,2026-10-06T07:19:55.437000+00:00,@2s7a2m7,where's silent bob?,between_sets,0.0
7694.9,2026-10-06T07:19:55.888000+00:00,@384un,He might be good too,between_sets,0.0
7695.3,2026-10-06T07:19:56.309000+00:00,@JimboTheComic,PSA10 is still unreal ,between_sets,0.0
7702.8,2026-10-06T07:20:03.830000+00:00,@OhSchrumpf,What happened to the chester lady from last week ? Schwinggggg,between_sets,0.0
7702.9,2026-10-06T07:20:03.855000+00:00,@patrickglaser1560,my name is mud,between_sets,0.0
7706.6,2026-10-06T07:20:07.616000+00:00,@pijinFPS,hawaii has a haircut and crack epidemic,between_sets,0.0
7707.5,2026-10-06T07:20:08.473000+00:00,@Chuekpoint,Wayne’s World,between_sets,0.0
7709.7,2026-10-06T07:20:10.671000+00:00,@ludwigd100,Renard,between_sets,0.0
7711.4,2026-10-06T07:20:12.431000+00:00,@Sereous313,bros in a Nirvana cover band,between_sets,0.0
7714.0,2026-10-06T07:20:14.963000+00:00,@Baconstrip69,nar from chicago? ,between_sets,0.0
7715.6,2026-10-06T07:20:16.647000+00:00,@384un,Uncle is even supporting the guy up now,between_sets,0.0
7719.0,2026-10-06T07:20:20.007000+00:00,@2s7a2m7,"haha, I'm glad you found that funny @jimbo lmao",between_sets,1.0
7719.8,2026-10-06T07:20:20.820000+00:00,@Donnieboy24,Patrick ,between_sets,0.0
7721.8,2026-10-06T07:20:22.848000+00:00,@OhSchrumpf,Uncle Akbar ,between_sets,0.0
7724.3,2026-10-06T07:20:25.288000+00:00,@JimboTheComic,Gnarrrrr,between_sets,0.0
7724.6,2026-10-06T07:20:25.621000+00:00,@S2P999,Machine gun Kelly in 10 yrs,between_sets,0.0
7726.0,2026-10-06T07:20:27.029000+00:00,@pijinFPS,snoochie boochies,between_sets,0.0
7726.1,2026-10-06T07:20:27.104000+00:00,@patrickglaser1560,Hehehe,between_sets,0.0
7730.0,2026-10-06T07:20:30.956000+00:00,@OhSchrumpf,The rehab floor,between_sets,0.0
7735.1,2026-10-06T07:20:36.143000+00:00,@AdamAdam-vu3qt,Dollar store version of jay from jay and silent bob. ,between_sets,0.0
7737.7,2026-10-06T07:20:38.694000+00:00,@OhSchrumpf,Gnarly bro,between_sets,0.0
7738.2,2026-10-06T07:20:39.172000+00:00,@JimboTheComic,S2p999 ily ,between_sets,0.0
7739.1,2026-10-06T07:20:40.076000+00:00,@Chuekpoint,Is he a Condor?,between_sets,0.0
7741.9,2026-10-06T07:20:42.865000+00:00,@Donnieboy24,cerry jantrell?,between_sets,0.0
7742.4,2026-10-06T07:20:43.384000+00:00,@pijinFPS,jay and absent bob,between_sets,0.0
7743.8,2026-10-06T07:20:44.811000+00:00,@alisonwayland6057,I came here for the comedy but im leaving with the thought of questioning all my life choices,between_sets,0.0
7745.9,2026-10-06T07:20:46.941000+00:00,@HanaArtsMaui,It’s open for all the aloha,between_sets,0.0
7759.4,2026-10-06T07:21:00.444000+00:00,@patrickglaser1560,Assert dominance!,between_sets,0.0
7759.5,2026-10-06T07:21:00.459000+00:00,@DanceySteveYNWA,Based,between_sets,1.0
7759.6,2026-10-06T07:21:00.613000+00:00,@Chuekpoint,His shirt says trash in Spanish,between_sets,-1.0
7760.8,2026-10-06T07:21:01.785000+00:00,@EricNelson1236,she was like I don't think gnarr,between_sets,0.0
7762.5,2026-10-06T07:21:03.505000+00:00,@HanaArtsMaui,PLENTY aloha ,between_sets,0.0
7770.8,2026-10-06T07:21:11.791000+00:00,@Slice2112,He’s the man outside of the box ,between_sets,0.0
7771.6,2026-10-06T07:21:12.617000+00:00,@pijinFPS,alison this could be you,between_sets,0.0
7780.1,2026-10-06T07:21:21.054000+00:00,@BootyJohnson1,I totally believe this story,between_sets,0.0
7782.4,2026-10-06T07:21:23.416000+00:00,@Baconstrip69,i see you pijin,between_sets,0.0
7782.5,2026-10-06T07:21:23.499000+00:00,@384un,You have to do this to get better as a comedian- it’s always tough at first but they get better,between_sets,0.0
7782.7,2026-10-06T07:21:23.656000+00:00,@Chuekpoint,God bless his soul,between_sets,0.0
7784.0,2026-10-06T07:21:24.955000+00:00,@HanaArtsMaui,Sometimes TOO MUCH aloha,between_sets,0.0
7784.6,2026-10-06T07:21:25.551000+00:00,@FutureMe-e3q,buried in his shit,between_sets,0.0
7786.0,2026-10-06T07:21:27.001000+00:00,@Donnieboy24,slice lmaoo,between_sets,1.0
7787.7,2026-10-06T07:21:28.683000+00:00,@EdtheDreadTV,wtf,between_sets,0.0
7788.1,2026-10-06T07:21:29.135000+00:00,@FutureMe-e3q,save him,between_sets,0.0
7790.1,2026-10-06T07:21:31.091000+00:00,@AdamAdam-vu3qt,I can’t believe I skipped my bestiality porn for this. ,between_sets,0.0
7790.3,2026-10-06T07:21:31.256000+00:00,@JimboTheComic,"While most beat teen pregnancy, he fought teen shoot shooter ",between_sets,0.0
7793.2,2026-10-06T07:21:34.233000+00:00,@ludwigd100,,between_sets,0.0
7795.0,2026-10-06T07:21:35.985000+00:00,@alisonwayland6057,lol,between_sets,1.0
7798.1,2026-10-06T07:21:39.113000+00:00,@rocjames1,Alice Cooper. nephew,between_sets,0.0
7798.7,2026-10-06T07:21:39.701000+00:00,@S2P999,Jay from silent bob,between_sets,0.0
7799.8,2026-10-06T07:21:40.782000+00:00,@DanceySteveYNWA,Cool story bro,between_sets,0.0
7803.9,2026-10-06T07:21:44.886000+00:00,@henryOP8749,Alison is way funny than these comedians,between_sets,1.0
7804.0,2026-10-06T07:21:44.987000+00:00,@JimboTheComic,And survived!! And thankfully so did everyone else ,between_sets,0.0
7811.4,2026-10-06T07:21:52.412000+00:00,@Slice2112,"Carry jantrell, chefs kiss ",between_sets,0.0
7815.4,2026-10-06T07:21:56.411000+00:00,@FutureMe-e3q,hisvwife must be likev,between_sets,0.0
7816.8,2026-10-06T07:21:57.761000+00:00,@Chuekpoint,His house is drive safe,between_sets,0.0
7821.6,2026-10-06T07:22:02.609000+00:00,@2s7a2m7,This is why Bob is silent,between_sets,0.0
7824.1,2026-10-06T07:22:05.149000+00:00,@danielbell4045,PSA don't drink while pregnant,between_sets,0.0
7825.3,2026-10-06T07:22:06.325000+00:00,@henryOP8749,She keeps us laughing Monday after Monday,between_sets,0.0
7826.5,2026-10-06T07:22:07.509000+00:00,@alisonwayland6057,awwww ty henry,between_sets,0.0
7828.2,2026-10-06T07:22:09.242000+00:00,@BootyJohnson1,comedians ? Good one !!,between_sets,0.0
7828.6,2026-10-06T07:22:09.584000+00:00,@384un,She’s not standing in front of an audience though ,between_sets,0.0
7830.8,2026-10-06T07:22:11.798000+00:00,@Baconstrip69,bluntman and tonic ,between_sets,0.0
7832.4,2026-10-06T07:22:13.391000+00:00,@patrickglaser1560,He parkoured his ass with a roundhouse off the turnbuckle,between_sets,0.0
7835.7,2026-10-06T07:22:16.722000+00:00,@Chuekpoint,His wife is his cousin,between_sets,0.0
7835.7,2026-10-06T07:22:16.733000+00:00,@henryOP8749, ,between_sets,0.0
7836.0,2026-10-06T07:22:16.952000+00:00,@JimboTheComic,PSA10 daniel *,between_sets,0.0
7836.0,2026-10-06T07:22:17.005000+00:00,@FutureMe-e3q,cantrell fo sho!,between_sets,0.0
7844.2,2026-10-06T07:22:25.236000+00:00,@MichaelBrogans-q3e,dude keeps touching his dick.,between_sets,0.0
7844.6,2026-10-06T07:22:25.572000+00:00,@DanceySteveYNWA,It was a mirror bro,between_sets,0.0
7848.9,2026-10-06T07:22:29.883000+00:00,@S2P999,he's from Chicago not Alabama,between_sets,0.0
7850.2,2026-10-06T07:22:31.228000+00:00,@FutureMe-e3q,He is AIC,between_sets,0.0
7870.9,2026-10-06T07:22:51.897000+00:00,@henryOP8749,I’ll forever back up chat I laugh every week because of yall  ,between_sets,0.0
7871.5,2026-10-06T07:22:52.472000+00:00,@Chuekpoint,"He doesn’t care, his cousin is hot",between_sets,0.0
7874.2,2026-10-06T07:22:55.182000+00:00,@rocjames1,Software is a little bit from terax,between_sets,0.0
7878.6,2026-10-06T07:22:59.567000+00:00,@JimboTheComic,Is that a bag of blow in his pocket or is he happy to be here ,between_sets,0.0
7885.9,2026-10-06T07:23:06.870000+00:00,@Donnieboy24,carry jantrell from the band Allison chaynes,between_sets,0.0
7889.0,2026-10-06T07:23:09.991000+00:00,@EricNelson1236,was in the zone with that faith no more track playing,between_sets,0.0
7890.6,2026-10-06T07:23:11.599000+00:00,@Sereous313,Bro looks like he smells like a returned hot topic thong.,between_sets,0.0
7892.5,2026-10-06T07:23:13.477000+00:00,@ludwigd100,,between_sets,0.0
7892.6,2026-10-06T07:23:13.608000+00:00,@S2P999,he's got blow dude don't be selfish,between_sets,0.0
7896.9,2026-10-06T07:23:17.939000+00:00,@BootyJohnson1,Definitely gave this guy $2 and a cigarette before,between_sets,0.0
7900.2,2026-10-06T07:23:21.235000+00:00,@patrickglaser1560,Here's to chino for letting us play backseat comedians,between_sets,0.0
7900.3,2026-10-06T07:23:21.317000+00:00,@Baconstrip69,who the fuck just steals a monkey?,between_sets,0.0
7901.8,2026-10-06T07:23:22.785000+00:00,@JimboTheComic,“Long story short” is my favorite line ,between_sets,0.0
7904.0,2026-10-06T07:23:25.016000+00:00,@AdamAdam-vu3qt,"This is what happens when you trade all your skill points in for delivery, but zero towards a punch",between_sets,0.0
7913.7,2026-10-06T07:23:34.741000+00:00,@Donnieboy24,short story long,between_sets,0.0
7918.8,2026-10-06T07:23:39.834000+00:00,@EdtheDreadTV,this guys married...we all got a chance,between_sets,0.0
7919.6,2026-10-06T07:23:40.568000+00:00,@rocjames1,thats your surprise gift chino,between_sets,0.0
7921.3,2026-10-06T07:23:42.317000+00:00,@pijinFPS,bro can transition in either direction,between_sets,0.0
7921.6,2026-10-06T07:23:42.567000+00:00,@JimboTheComic,Go to my god damn website. Jimbothecomic.com mfs ,between_sets,0.0
7923.1,2026-10-06T07:23:44.096000+00:00,@OhSchrumpf,Shut up hecklers thats our job,between_sets,0.0
7924.6,2026-10-06T07:23:45.597000+00:00,@2s7a2m7,he's a proponent of bringing back insane asylums,between_sets,1.0
7925.7,2026-10-06T07:23:46.684000+00:00,@henryOP8749,Donnie  ,between_sets,0.0
7930.5,2026-10-06T07:23:51.534000+00:00,@ludwigd100,lol,between_sets,1.0
7931.3,2026-10-06T07:23:52.302000+00:00,@HanaArtsMaui,He’s def medicated 10x,between_sets,0.0
7932.4,2026-10-06T07:23:53.395000+00:00,@S2P999,so you're saying there's a chance ?,between_sets,0.0
7935.8,2026-10-06T07:23:56.787000+00:00,@Chuekpoint,Smells like EBT spirit,between_sets,0.0
7944.4,2026-10-06T07:24:05.428000+00:00,@Slice2112,"Chicago?? Oh boy, redbar is watching cerry, you’re on fools notice ",between_sets,0.0
7947.1,2026-10-06T07:24:08.129000+00:00,@OhSchrumpf,Okay Gwar ,between_sets,0.0
7947.5,2026-10-06T07:24:08.461000+00:00,@DanceySteveYNWA,Amazing,between_sets,1.0
7952.0,2026-10-06T07:24:12.962000+00:00,@Hackofalltrades-mh5fq,haaaahaaa!,between_sets,0.0
7953.1,2026-10-06T07:24:14.109000+00:00,@bendayho419,His gayness is contagious,between_sets,0.0
7955.9,2026-10-06T07:24:16.890000+00:00,@S2P999,GNAR,between_sets,0.0
7956.1,2026-10-06T07:24:17.074000+00:00,@Donnieboy24,haha,between_sets,1.0
7958.9,2026-10-06T07:24:19.907000+00:00,@rocjames1,short story long,between_sets,0.0
7959.2,2026-10-06T07:24:20.242000+00:00,@EdtheDreadTV,did it all for Pops,between_sets,0.0
7962.8,2026-10-06T07:24:23.758000+00:00,@S2P999,THAT WAS GNAR LY,between_sets,0.0
7965.7,2026-10-06T07:24:26.709000+00:00,@Slice2112,Gnar gnar ,between_sets,0.0
7966.1,2026-10-06T07:24:27.065000+00:00,@OhSchrumpf,Ladies in gentlemen Purple Redban ,between_sets,0.0
7966.6,2026-10-06T07:24:27.623000+00:00,@EricNelson1236,"this ain't Boston with they're chowdah """,between_sets,0.0
7967.1,2026-10-06T07:24:28.111000+00:00,@BootyJohnson1,Gnarly Nar,between_sets,0.0
7968.2,2026-10-06T07:24:29.165000+00:00,@ludwigd100,hey Dad,between_sets,0.0
7968.5,2026-10-06T07:24:29.519000+00:00,@DanceySteveYNWA,"It's a comedy show,not AA meeting",between_sets,0.0
7974.9,2026-10-06T07:24:35.859000+00:00,@alisonwayland6057,we got through this alive everone,between_sets,0.0
7978.3,2026-10-06T07:24:39.296000+00:00,@henryOP8749,Worst part of the night when chat ends  ,between_sets,-1.0
7979.5,2026-10-06T07:24:40.521000+00:00,@rocjames1,mama so proud,between_sets,0.0
7987.0,2026-10-06T07:24:47.998000+00:00,@sandyhookfalseflag4760,Lame story  ,between_sets,-1.0
7990.2,2026-10-06T07:24:51.228000+00:00,@Baconstrip69,see you next monday chat,between_sets,0.0
7991.8,2026-10-06T07:24:52.840000+00:00,@Chuekpoint,Where’s the chair?,between_sets,0.0
7994.0,2026-10-06T07:24:55.005000+00:00,@pijinFPS,,between_sets,0.0
7998.8,2026-10-06T07:24:59.833000+00:00,@Sereous313,Chino looks like a labubu doll,between_sets,0.0
8001.8,2026-10-06T07:25:02.782000+00:00,@OhSchrumpf,Redban the Grape ladies and gentlemen,between_sets,0.0
8003.0,2026-10-06T07:25:03.995000+00:00,@HanaArtsMaui,Chino: damage control with all his fauxy commentary ,between_sets,0.0
8004.2,2026-10-06T07:25:05.215000+00:00,@FutureMe-e3q,Slice im sure you know Mad Season rigt?,between_sets,0.0
8004.6,2026-10-06T07:25:05.611000+00:00,@JimboTheComic,Best comments will be going over them after the show ,between_sets,0.0
8005.5,2026-10-06T07:25:06.479000+00:00,@bendayho419,he was a one eyed one horn purple people eater!!!,between_sets,0.0
8006.6,2026-10-06T07:25:07.571000+00:00,@patrickglaser1560,The road to hana is a long and twisted journey,between_sets,0.0
8011.8,2026-10-06T07:25:12.757000+00:00,@S2P999,I need the electric chair after this,between_sets,0.0
8013.0,2026-10-06T07:25:14.049000+00:00,@2s7a2m7,finally— I mean WOO!,between_sets,0.0
8014.0,2026-10-06T07:25:14.993000+00:00,@BootyJohnson1,seeing my parents naked was more traumatic than that story,between_sets,0.0
8014.2,2026-10-06T07:25:15.163000+00:00,@Donnieboy24,chino is if Bert Chrysler and luiz j gomez had a baby,between_sets,0.0
8018.6,2026-10-06T07:25:19.568000+00:00,@Slice2112,I sure do ,between_sets,0.0
8019.7,2026-10-06T07:25:20.720000+00:00,@OhSchrumpf,Happy Birthday purple kool aid,between_sets,0.0
8022.4,2026-10-06T07:25:23.380000+00:00,@AdamAdam-vu3qt,Another show another flaccid comedy hour,between_sets,0.0
8025.1,2026-10-06T07:25:26.113000+00:00,@rickshaw3397,Im telling my probation officer that watching this was my community service ,between_sets,0.0
8026.3,2026-10-06T07:25:27.291000+00:00,@pijinFPS,Chino shops at Lulu Grape,between_sets,0.0
8026.8,2026-10-06T07:25:27.802000+00:00,@henryOP8749,W Chat,between_sets,0.0
8029.0,2026-10-06T07:25:29.961000+00:00,@Chuekpoint,The chair,between_sets,0.0
8034.8,2026-10-06T07:25:35.824000+00:00,@HanaArtsMaui,I’ll take a twisted tea!,between_sets,0.0
8037.8,2026-10-06T07:25:38.814000+00:00,@FutureMe-e3q,kk i always have ti check old and new fans,between_sets,0.0
8038.1,2026-10-06T07:25:39.096000+00:00,@OhSchrumpf,Thanks Grape the ape,between_sets,0.0
8039.2,2026-10-06T07:25:40.195000+00:00,@rocjames1,purple haze,between_sets,0.0
8039.4,2026-10-06T07:25:40.365000+00:00,@alisonwayland6057,I hope everyone had a good night,between_sets,0.0
8047.4,2026-10-06T07:25:48.401000+00:00,@ludwigd100,W Chat ,between_sets,0.0
8048.3,2026-10-06T07:25:49.337000+00:00,@OhSchrumpf,Purple drink in da house,between_sets,0.0
8052.8,2026-10-06T07:25:53.763000+00:00,@henryOP8749,If you didn’t STFU  ,between_sets,0.0
8056.9,2026-10-06T07:25:57.903000+00:00,@OhSchrumpf,Okay Purple Kush,between_sets,0.0
8057.1,2026-10-06T07:25:58.064000+00:00,@BootyJohnson1,peace out weirdos,between_sets,0.0
8059.4,2026-10-06T07:26:00.400000+00:00,@HanaArtsMaui,Big tips for chino!!!,between_sets,0.0
8062.8,2026-10-06T07:26:03.751000+00:00,@S2P999,I'll take that t shirt off your back sir,between_sets,0.0
8064.6,2026-10-06T07:26:05.575000+00:00,@2s7a2m7,"oh, yeah? well I shit in a RECYCLING bin. top that.",between_sets,0.0
8067.0,2026-10-06T07:26:07.963000+00:00,@Chuekpoint,"Hey chat, good night, I love you guys",between_sets,1.0
8067.0,2026-10-06T07:26:08.040000+00:00,@Slice2112,"I’m 41, old…ish",between_sets,0.0
8071.6,2026-10-06T07:26:12.649000+00:00,@henryOP8749,I love com sim chat it’s my weekly highlight,between_sets,1.0
8074.7,2026-10-06T07:26:15.743000+00:00,@patrickglaser1560,good night yall good sets,between_sets,0.0
8075.0,2026-10-06T07:26:16.019000+00:00,@Baconstrip69,please dont have another birthday,between_sets,0.0
8079.4,2026-10-06T07:26:20.353000+00:00,@alisonwayland6057,53,between_sets,0.0
8080.3,2026-10-06T07:26:21.301000+00:00,@OhSchrumpf,Purple Haze ,between_sets,0.0
8085.0,2026-10-06T07:26:25.986000+00:00,@pijinFPS,GOOD SHOW BOYS,between_sets,0.0
8086.9,2026-10-06T07:26:27.864000+00:00,@Donnieboy24,Henry ,between_sets,0.0
8092.9,2026-10-06T07:26:33.871000+00:00,@OhSchrumpf,Shut up lady,between_sets,0.0
8095.0,2026-10-06T07:26:35.953000+00:00,@henryOP8749, ,between_sets,0.0
8095.9,2026-10-06T07:26:36.857000+00:00,@S2P999,allison 53 oh wow,between_sets,0.0
8096.7,2026-10-06T07:26:37.652000+00:00,@pijinFPS,CHAT YOU ARE SIGMAS ALPHAS AND CHADS,between_sets,0.0
8100.0,2026-10-06T07:26:40.996000+00:00,@Slice2112,Chino a looking like a nice cup of sizzzuuurrrp,between_sets,0.0
8100.1,2026-10-06T07:26:41.086000+00:00,@ludwigd100,,between_sets,0.0
8106.4,2026-10-06T07:26:47.380000+00:00,@Sereous313,"I just came to the chair, should probably have it tested.",between_sets,0.0
8112.7,2026-10-06T07:26:53.694000+00:00,@henryOP8749, ,between_sets,0.0
8117.1,2026-10-06T07:26:58.059000+00:00,@OhSchrumpf,Shes getting Chino'd tonight Im I right chat ???,between_sets,0.0
8119.5,2026-10-06T07:27:00.479000+00:00,@ludwigd100,lol,between_sets,1.0
8121.2,2026-10-06T07:27:02.229000+00:00,@S2P999,fight fight,between_sets,0.0
8124.5,2026-10-06T07:27:05.505000+00:00,@OhSchrumpf,She sounds fun ,between_sets,0.0
8128.2,2026-10-06T07:27:09.183000+00:00,@henryOP8749,We all came to support the chair facts  ,between_sets,0.0
8131.3,2026-10-06T07:27:12.335000+00:00,@Slice2112,Sick home alone ref brah ,between_sets,0.0
8137.2,2026-10-06T07:27:18.246000+00:00,@ludwigd100,,between_sets,0.0
8137.8,2026-10-06T07:27:18.808000+00:00,@henryOP8749,Some jerk just spilled a drink  ,between_sets,0.0
8141.2,2026-10-06T07:27:22.169000+00:00,@pijinFPS,HBD CHINO,between_sets,0.0
8144.2,2026-10-06T07:27:25.166000+00:00,@Slice2112,Get her up on stage ,between_sets,0.0
8146.9,2026-10-06T07:27:27.937000+00:00,@Baconstrip69,dammit tam. i blame me. was the funniest thing tonight ,between_sets,0.0
8149.6,2026-10-06T07:27:30.630000+00:00,@pijinFPS,shout out big jimbo,between_sets,0.0
8155.2,2026-10-06T07:27:36.183000+00:00,@S2P999,get Allison on stage,between_sets,0.0
8155.5,2026-10-06T07:27:36.503000+00:00,@OhSchrumpf,Back to the kitchen audience ,between_sets,0.0
8156.1,2026-10-06T07:27:37.096000+00:00,@2s7a2m7,"do I really have a chance at winning hot sauce, or is this just another shitty joke?",between_sets,0.0
8165.5,2026-10-06T07:27:46.523000+00:00,@alisonwayland6057,Happy Birthday Chino ,between_sets,0.0
8167.0,2026-10-06T07:27:47.970000+00:00,@Donnieboy24,"I love chair, chair loves me, there's no fu-nny in hawa-ii",between_sets,1.0
8171.4,2026-10-06T07:27:52.350000+00:00,@2s7a2m7,happy bday bro,between_sets,0.0
8172.5,2026-10-06T07:27:53.516000+00:00,@Baconstrip69,chair,between_sets,0.0
8175.3,2026-10-06T07:27:56.298000+00:00,@OhSchrumpf,Wheres purple redban oh there he is ,between_sets,0.0
8176.3,2026-10-06T07:27:57.346000+00:00,@Baconstrip69,chair,between_sets,0.0
8176.6,2026-10-06T07:27:57.575000+00:00,@born2bewild156,Happy B day Chino ,between_sets,0.0
8178.4,2026-10-06T07:27:59.358000+00:00,@Slice2112,HBD big dawg ,between_sets,0.0
8178.9,2026-10-06T07:27:59.887000+00:00,@EdtheDreadTV,big dog. love yah chino,between_sets,1.0
8180.1,2026-10-06T07:28:01.085000+00:00,@pijinFPS,,between_sets,0.0
8182.0,2026-10-06T07:28:03.010000+00:00,@henryOP8749,I’m the only one who doesn’t get hot sauce  roast to chino,between_sets,0.0
8183.0,2026-10-06T07:28:04.012000+00:00,@OhSchrumpf,Okay purple ice,between_sets,0.0
8183.2,2026-10-06T07:28:04.239000+00:00,@S2P999,smoke up,between_sets,0.0
8184.4,2026-10-06T07:28:05.358000+00:00,@Donnieboy24,happy bday chino you tha mf man,between_sets,0.0
8188.9,2026-10-06T07:28:09.950000+00:00,@ludwigd100,,between_sets,0.0
8191.2,2026-10-06T07:28:12.223000+00:00,@Sereous313,The lady behind you looks like a 90s sitcom dad,between_sets,0.0
8192.1,2026-10-06T07:28:13.065000+00:00,@pijinFPS,,between_sets,0.0
8192.1,2026-10-06T07:28:13.147000+00:00,@alisonwayland6057,did you get the email,between_sets,0.0
8192.5,2026-10-06T07:28:13.542000+00:00,@EdtheDreadTV,hau'oli lā hānau,between_sets,0.0
8196.5,2026-10-06T07:28:17.489000+00:00,@OhSchrumpf,Grimice ,between_sets,0.0
8197.2,2026-10-06T07:28:18.208000+00:00,@rocjames1,happy birthday ,between_sets,0.0
8200.4,2026-10-06T07:28:21.366000+00:00,@EricNelson1236,smoke up johnny,between_sets,0.0
8200.4,2026-10-06T07:28:21.442000+00:00,@pijinFPS,W chat,between_sets,0.0
8203.3,2026-10-06T07:28:24.266000+00:00,@Hackofalltrades-mh5fq,blow on these chino,between_sets,0.0
8205.1,2026-10-06T07:28:26.125000+00:00,@henryOP8749,I did ,between_sets,0.0
8212.6,2026-10-06T07:28:33.574000+00:00,@2s7a2m7,no way!,between_sets,0.0
8219.4,2026-10-06T07:28:40.367000+00:00,@rocjames1,have a great night,between_sets,0.0
8226.0,2026-10-06T07:28:47.029000+00:00,@OhSchrumpf,This guys drunk,between_sets,0.0
8227.6,2026-10-06T07:28:48.563000+00:00,@2s7a2m7,XD,between_sets,0.0
8228.5,2026-10-06T07:28:49.533000+00:00,@Slice2112,Jimbo gimme a smooch you sexy beast ,between_sets,0.0
8238.7,2026-10-06T07:28:59.722000+00:00,@ludwigd100,,between_sets,0.0
8240.7,2026-10-06T07:29:01.652000+00:00,@OhSchrumpf,Enjoy the purple kush ,between_sets,0.0
8247.4,2026-10-06T07:29:08.374000+00:00,@2s7a2m7,get a nice display case for it,between_sets,0.0
8256.4,2026-10-06T07:29:17.407000+00:00,@S2P999,that's me!,between_sets,0.0
8257.4,2026-10-06T07:29:18.412000+00:00,@Yoshi_saur_Munchakoopas,purple  is my favourite,between_sets,0.0
8259.3,2026-10-06T07:29:20.262000+00:00,@Sereous313,Check that toy for an airtag,between_sets,0.0
8262.9,2026-10-06T07:29:23.894000+00:00,@Donnieboy24,chino dripped out,between_sets,0.0
8278.0,2026-10-06T07:29:38.989000+00:00,@OhSchrumpf,Happy Birthday Purple Kool aid,between_sets,0.0
8281.8,2026-10-06T07:29:42.787000+00:00,@2s7a2m7,more likely to have a price tag,between_sets,0.0
8283.3,2026-10-06T07:29:44.282000+00:00,@henryOP8749,Jimbo got the boobs for you  ,between_sets,0.0
8284.6,2026-10-06T07:29:45.603000+00:00,@S2P999,can I get some sauce ,between_sets,0.0
8289.4,2026-10-06T07:29:50.386000+00:00,@Donnieboy24,did corky go on tonight? I got here late,between_sets,0.0
8289.9,2026-10-06T07:29:50.943000+00:00,@pijinFPS,WE IN THE PHOTO CHAT,between_sets,0.0
8294.8,2026-10-06T07:29:55.824000+00:00,@OhSchrumpf,Shut up B word,between_sets,0.0
8296.6,2026-10-06T07:29:57.647000+00:00,@Hackofalltrades-mh5fq,yeah Skyler,between_sets,0.0
8298.0,2026-10-06T07:29:58.989000+00:00,@S2P999,my chicken is plain without some sauce ,between_sets,0.0
8300.6,2026-10-06T07:30:01.619000+00:00,@Baconstrip69,only lesbian haircutts allowed ,between_sets,0.0
8302.7,2026-10-06T07:30:03.696000+00:00,@henryOP8749,These dudes just left chat hanging wtf  ,between_sets,0.0
8303.2,2026-10-06T07:30:04.202000+00:00,@Slice2112,"Chino has all the sauce, in the fit ",between_sets,0.0
8303.3,2026-10-06T07:30:04.295000+00:00,@OhSchrumpf,I bet she puts out,between_sets,0.0
8304.8,2026-10-06T07:30:05.770000+00:00,@rocjames1,did you receive your dd deldo,between_sets,0.0
8314.6,2026-10-06T07:30:15.588000+00:00,@alisonwayland6057,so this is what it like to be short and in the back of a photo,between_sets,0.0
8320.8,2026-10-06T07:30:21.755000+00:00,@2s7a2m7, ,between_sets,0.0
8327.2,2026-10-06T07:30:28.152000+00:00,@OhSchrumpf,Shut up beavis,between_sets,0.0
8331.0,2026-10-06T07:30:32.042000+00:00,@alisonwayland6057,Chino did you get the email,between_sets,0.0
8341.9,2026-10-06T07:30:42.892000+00:00,@Hackofalltrades-mh5fq,The chairy on top,between_sets,0.0
8352.5,2026-10-06T07:30:53.464000+00:00,@Capncrunch-1,where is this,between_sets,0.0
8352.8,2026-10-06T07:30:53.820000+00:00,@EricNelson1236,give the devil his due,between_sets,0.0
8358.0,2026-10-06T07:30:59.050000+00:00,@OhSchrumpf,Your not funny whore,between_sets,-1.0
8378.2,2026-10-06T07:31:19.243000+00:00,@OhSchrumpf,Okay back to purple redban,between_sets,0.0
8380.5,2026-10-06T07:31:21.515000+00:00,@alisonwayland6057,no worries,between_sets,0.0
8386.3,2026-10-06T07:31:27.320000+00:00,@danielbell4045,what about me,between_sets,0.0
8390.1,2026-10-06T07:31:31.137000+00:00,@henryOP8749, ,between_sets,0.0
8397.2,2026-10-06T07:31:38.203000+00:00,@OhSchrumpf,Purple redbans turning 30,between_sets,0.0
8399.1,2026-10-06T07:31:40.083000+00:00,@Slice2112,Good god man check the friggen email!!!,between_sets,0.0
8410.8,2026-10-06T07:31:51.822000+00:00,@henryOP8749,Oh yay looking forward to it,between_sets,0.0
8417.7,2026-10-06T07:31:58.708000+00:00,@ludwigd100,,between_sets,0.0
8421.6,2026-10-06T07:32:02.560000+00:00,@Hackofalltrades-mh5fq,wow,between_sets,0.0
8425.9,2026-10-06T07:32:06.913000+00:00,@OhSchrumpf,Tonights theme purple meth,between_sets,0.0
8448.8,2026-10-06T07:32:29.808000+00:00,@henryOP8749,Yes I will don’t worry,between_sets,1.0
8451.8,2026-10-06T07:32:32.793000+00:00,@OhSchrumpf,Happy B Day Purple Redban,between_sets,0.0
8459.9,2026-10-06T07:32:40.900000+00:00,@OhSchrumpf,Shut up Wong,between_sets,0.0
8460.0,2026-10-06T07:32:41.020000+00:00,@henryOP8749,I’m just roasting it’s all in good fun I swear,between_sets,0.0
8467.6,2026-10-06T07:32:48.608000+00:00,@alisonwayland6057,Continue to have a great night Chino and Happy 40th ,between_sets,0.0
8477.2,2026-10-06T07:32:58.179000+00:00,@S2P999,,between_sets,0.0
8482.1,2026-10-06T07:33:03.070000+00:00,@OhSchrumpf,The pants are sick,between_sets,0.0
8482.7,2026-10-06T07:33:03.671000+00:00,@henryOP8749,Happy birthday chino,between_sets,0.0
8500.4,2026-10-06T07:33:21.382000+00:00,@OhSchrumpf,Those pants are ,between_sets,0.0
8505.1,2026-10-06T07:33:26.126000+00:00,@ludwigd100,love to roast,between_sets,1.0
8510.8,2026-10-06T07:33:31.820000+00:00,@rocjames1,great for Crime scene.,between_sets,0.0
8521.0,2026-10-06T07:33:42.024000+00:00,@henryOP8749,You pay for them to leave  ,between_sets,0.0
8525.6,2026-10-06T07:33:46.600000+00:00,@Donnieboy24, to scream at them lmaooooo,between_sets,1.0
8527.5,2026-10-06T07:33:48.528000+00:00,@EricNelson1236,pay you just to be you,between_sets,0.0
8530.1,2026-10-06T07:33:51.121000+00:00,@OhSchrumpf,I thought you pay em to tell jokes too ,between_sets,0.0
8534.7,2026-10-06T07:33:55.682000+00:00,@rocjames1,Purple haze,between_sets,0.0
8539.7,2026-10-06T07:34:00.683000+00:00,@2s7a2m7,I know a gir who brings her own wig/wardrobe selection,between_sets,0.0
8549.9,2026-10-06T07:34:10.895000+00:00,@danielbell4045,I need to pay a prostitute to give me compliments,between_sets,0.0
8552.7,2026-10-06T07:34:13.734000+00:00,@alisonwayland6057,is jimbo your emmotional support animal,between_sets,0.0
8554.6,2026-10-06T07:34:15.649000+00:00,@OhSchrumpf,Thats my joke bruh,between_sets,0.0
8561.9,2026-10-06T07:34:22.925000+00:00,@S2P999,damn I don't have instant ,between_sets,0.0
8567.1,2026-10-06T07:34:28.121000+00:00,@henryOP8749,Alison  ,between_sets,0.0
8574.2,2026-10-06T07:34:35.204000+00:00,@S2P999,I don't have insta ,between_sets,0.0
8582.5,2026-10-06T07:34:43.527000+00:00,@OhSchrumpf,Rocjames steals jokes where's my meth,between_sets,0.0
8591.5,2026-10-06T07:34:52.465000+00:00,@rocjames1,Zits are back,between_sets,0.0
8598.0,2026-10-06T07:34:58.969000+00:00,@OGGOMichael,big ,between_sets,0.0
8603.8,2026-10-06T07:35:04.807000+00:00,@S2P999,got it,between_sets,0.0
8615.8,2026-10-06T07:35:16.795000+00:00,@OhSchrumpf,Meth hot sauce,between_sets,0.0
8628.2,2026-10-06T07:35:29.160000+00:00,@henryOP8749,Meth sauce,between_sets,0.0
8628.6,2026-10-06T07:35:29.576000+00:00,@OhSchrumpf,Good night purple redban ,between_sets,0.0
8631.4,2026-10-06T07:35:32.387000+00:00,@Hackofalltrades-mh5fq,W Chino,between_sets,0.0
8632.7,2026-10-06T07:35:33.695000+00:00,@ludwigd100,,between_sets,0.0
8637.6,2026-10-06T07:35:38.596000+00:00,@2s7a2m7,"of course my evil twin s2 and not me 2s, wins a bottle.",between_sets,0.0
8638.1,2026-10-06T07:35:39.066000+00:00,@OhSchrumpf,Joke theif ,between_sets,0.0
